data;horario;n_da_ocorrencia;tipo_de_ocorrencia;km;trecho;sentido;tipo_de_acidente;automovel;bicicleta;caminhao;moto;onibus;outros;tracao_animal;transporte_de_cargas_especiais;trator_maquinas;utilitarios;ilesos;levemente_feridos;moderadamente_feridos;gravemente_feridos;mortos
"27/02/2010";"11:45:00";"2133";"sem vítima";"116";"BR-116/PR";"Sul";"Saida de Pista";0;0;1;0;0;0;0;0;0;0;3;0;0;0;0
"27/02/2010";"01:15:00";"2142";"com vítima";"119";"BR-116/PR";"Sul";"Colisão Transversal";2;0;0;1;0;0;0;0;0;0;5;1;0;1;0
"27/02/2010";"07:52:00";"2160";"sem vítima";"145.5";"BR-116/PR";"Sul";"Atropelamento de Animal";1;0;0;0;0;0;0;0;0;0;3;0;0;0;0
"27/02/2010";"08:55:00";"2164";"com vítima";"210";"BR-116/PR";"Norte";"Colisão Transversal";1;0;0;1;0;0;0;0;0;0;1;1;0;0;0
"28/02/2010";"03:29:00";"2185";"com vítima";"151.5";"BR-116/SC";"Sul";"Colisão Traseira";1;0;1;0;0;0;0;0;0;0;2;1;0;1;0
"28/02/2010";"07:21:00";"2193";"sem vítima";"245.600";"BR-116/SC";"Sul";"Saida de Pista";1;0;0;0;0;0;0;0;0;0;3;0;0;0;0
"28/02/2010";"03:15:00";"2210";"com vítima";"197.5";"BR-116/PR";"Sul";"Saida de Pista";1;0;0;0;0;0;0;0;0;0;3;1;0;0;0
"28/02/2010";"04:58:00";"2220";"sem vítima";"128.199";"BR-116/PR";"Norte";"Saida de Pista";1;0;0;0;0;0;0;0;0;0;1;0;0;0;0
"28/02/2010";"06:43:00";"2243";"sem vítima";"117";"BR-116/PR";"Norte";"Choque - Veiculo parado na pista";1;0;0;1;0;0;0;0;0;0;3;0;0;0;0
"28/02/2010";"08:06:00";"2250";"sem vítima";"129.300";"BR-116/PR";"Sul";"Atropelamento de Animal";1;0;0;0;0;0;0;0;0;0;5;0;0;0;0
"01/03/2010";"07:35:00";"14";"sem vítima";"199.5";"BR-116/SC";"Norte";"Saida de Pista";1;0;0;0;0;0;0;0;0;0;1;0;0;0;0
"01/03/2010";"08:49:00";"19";"sem vítima";"245";"BR-116/SC";"Norte";"Colisão Transversal";1;0;0;0;1;0;0;0;0;0;3;0;0;0;0
"01/03/2010";"02:57:00";"37";"sem vítima";"185";"BR-116/PR";"Norte";"Queda de Moto";1;0;0;1;0;0;0;0;0;0;2;0;0;0;0
"01/03/2010";"07:08:00";"55";"com vítima";"29.1000";"BR-116/SC";"Sul";"Queda de Moto";0;0;0;1;0;0;0;0;0;0;0;1;0;0;0
"02/03/2010";"03:32:00";"82";"com vítima";"210.399";"BR-116/SC";"Sul";"Tombamento";0;0;1;0;0;0;0;0;0;0;0;1;0;0;0
"02/03/2010";"11:02:00";"111";"sem vítima";"118";"BR-116/PR";"Sul";"Colisão Traseira";0;0;2;0;0;0;0;0;0;0;3;0;0;0;0
"02/03/2010";"05:01:00";"134";"com vítima";"12.3000";"BR-116/SC";"Norte";"Colisão Transversal";2;0;0;0;0;0;0;0;0;0;2;1;0;0;0
"03/03/2010";"05:36:00";"200";"sem vítima";"231";"BR-116/SC";"Norte";"Choque - Outros";0;0;1;0;1;0;0;0;0;0;33;0;0;0;0
"04/03/2010";"03:43:00";"226";"sem vítima";"176.300";"BR-116/PR";"Sul";"Colisão Lateral";0;0;2;0;0;0;0;0;0;0;2;0;0;0;0
"04/03/2010";"07:15:00";"234";"com vítima";"134.300";"BR-116/PR";"Sul";"Atropelamento - Usuário";0;0;1;0;0;0;0;0;0;0;1;1;0;0;0
"04/03/2010";"09:50:00";"240";"sem vítima";"138.800";"BR-116/PR";"Sul";"Colisão Traseira";0;0;2;0;0;0;0;0;0;0;4;0;0;0;0
"04/03/2010";"10:38:00";"246";"sem vítima";"210.800";"BR-116/PR";"Sul";"Colisão Transversal";2;0;0;0;0;0;0;0;0;0;2;0;0;0;0
"04/03/2010";"03:28:00";"262";"sem vítima";"126";"BR-116/PR";"Sul";"Colisão Lateral";1;0;1;0;0;0;0;0;0;0;4;0;0;0;0
"04/03/2010";"05:19:00";"267";"sem vítima";"37.2000";"BR-116/SC";"Norte";"Colisão Traseira";0;0;2;0;0;0;0;0;0;0;2;0;0;0;0
"04/03/2010";"08:31:00";"281";"com vítima";"58";"BR-116/SC";"Norte";"Colisão Frontal";2;0;0;0;0;0;0;0;0;0;0;0;2;0;1
"04/03/2010";"10:23:00";"291";"sem vítima";"12";"BR-116/SC";"Norte";"Atropelamento de Animal";1;0;0;0;0;0;0;0;0;0;1;0;0;0;0
"04/03/2010";"11:51:00";"295";"sem vítima";"126";"BR-116/SC";"Sul";"Engavetamento";0;0;2;0;0;0;0;0;0;1;3;0;0;0;0
"05/03/2010";"01:29:00";"299";"sem vítima";"74";"BR-116/SC";"Sul";"Atropelamento de Animal";0;0;1;0;0;0;0;0;0;0;1;0;0;0;0
"05/03/2010";"02:20:00";"302";"com vítima";"183.100";"BR-116/SC";"Sul";"Saida de Pista";1;0;0;0;0;0;0;0;0;0;3;0;0;2;0
"05/03/2010";"08:14:00";"312";"com vítima";"120.900";"BR-116/PR";"Norte";"Colisão Traseira";1;0;0;1;0;0;0;0;0;0;1;1;0;0;0
"05/03/2010";"11:15:00";"322";"sem vítima";"179";"BR-116/SC";"Norte";"Colisão Traseira";1;0;0;0;0;0;0;0;0;1;3;0;0;0;0
"05/03/2010";"03:47:00";"337";"com vítima";"37";"BR-116/SC";"Norte";"Colisão Traseira";0;0;2;0;0;0;0;0;0;0;1;1;0;0;0
"05/03/2010";"04:16:00";"343";"sem vítima";"271.399";"BR-116/SC";"Norte";"Saida de Pista";1;0;0;0;0;0;0;0;0;0;1;0;0;0;0
"05/03/2010";"06:23:00";"353";"sem vítima";"180";"BR-116/PR";"Sul";"Colisão Lateral";1;0;1;0;0;0;0;0;0;0;4;0;0;0;0
"06/03/2010";"03:17:00";"388";"com vítima";"151";"BR-116/PR";"Norte";"Saida de Pista";1;0;0;0;0;0;0;0;0;0;0;3;0;0;0
"06/03/2010";"07:26:00";"443";"com vítima";"179.5";"BR-116/PR";"Sul";"Saida de Pista";1;0;0;0;0;0;0;0;0;0;1;1;0;0;0
"06/03/2010";"07:48:00";"447";"sem vítima";"133";"BR-116/PR";"Norte";"Colisão Lateral";2;0;0;0;0;0;0;0;0;0;3;0;0;0;0
"06/03/2010";"08:38:00";"457";"sem vítima";"237.5";"BR-116/SC";"Sul";"Colisão Lateral";0;0;1;0;0;0;0;0;0;1;3;0;0;0;0
"06/03/2010";"09:35:00";"462";"sem vítima";"138.300";"BR-116/PR";"Sul";"Saida de Pista";1;0;0;0;0;0;0;0;0;0;4;0;0;0;0
"07/03/2010";"06:59:00";"487";"sem vítima";"124";"BR-116/PR";"Norte";"Choque - Outros";1;0;0;0;0;0;0;0;0;0;1;0;0;0;0
"07/03/2010";"01:00:00";"511";"sem vítima";"262.700";"BR-116/SC";"Norte";"Saida de Pista";0;0;0;0;0;0;0;0;0;1;5;0;0;0;0
"07/03/2010";"03:12:00";"519";"sem vítima";"206.100";"BR-116/PR";"Sul";"Tombamento";0;0;1;0;0;0;0;0;0;0;1;0;0;0;0
"07/03/2010";"04:25:00";"526";"sem vítima";"190.899";"BR-116/PR";"Norte";"Colisão Traseira";2;0;0;0;0;0;0;0;0;0;4;0;0;0;0
"07/03/2010";"07:36:00";"546";"sem vítima";"139";"BR-116/PR";"Sul";"Atropelamento de Animal";1;0;0;0;0;0;0;0;0;0;1;0;0;0;0
"07/03/2010";"10:21:00";"554";"sem vítima";"209.800";"BR-116/PR";"Sul";"Colisão Traseira";0;0;0;2;0;0;0;0;0;0;2;0;0;0;0
"07/03/2010";"11:42:00";"559";"com vítima";"124.099";"BR-116/SC";"Sul";"Saida de Pista";0;0;0;1;0;0;0;0;0;0;0;1;0;0;0
"08/03/2010";"12:11:00";"562";"com vítima";"129.300";"BR-116/PR";"Sul";"Atropelamento - Morador";0;0;0;1;0;0;0;0;0;0;1;2;0;1;0
"08/03/2010";"08:35:00";"574";"sem vítima";"161.100";"BR-116/SC";"Norte";"Saida de Pista";1;0;0;0;0;0;0;0;0;0;2;0;0;0;0
"08/03/2010";"10:00:00";"579";"sem vítima";"221.199";"BR-116/SC";"Sul";"Objeto lançado contra veículo";1;0;0;0;0;0;0;0;0;0;1;0;0;0;0
"08/03/2010";"02:16:00";"587";"sem vítima";"112.599";"BR-116/SC";"Norte";"Objeto lançado contra veículo";1;0;0;0;0;0;0;0;0;0;4;0;0;0;0
"08/03/2010";"06:14:00";"599";"sem vítima";"195.5";"BR-116/PR";"Sul";"Saida de Pista";0;0;1;0;0;0;0;0;0;0;1;0;0;0;0
"08/03/2010";"08:43:00";"608";"com vítima";"152.600";"BR-116/PR";"Norte";"Colisão Transversal";1;0;1;0;0;0;0;0;0;0;1;2;0;0;0
"08/03/2010";"08:57:00";"611";"sem vítima";"14";"BR-116/SC";"Norte";"Colisão Traseira";1;0;0;1;0;0;0;0;0;0;3;0;0;0;0
"08/03/2010";"10:38:00";"616";"sem vítima";"211.399";"BR-116/PR";"Norte";"Colisão Traseira";0;0;2;0;0;0;0;0;0;0;3;0;0;0;0
"09/03/2010";"06:58:00";"630";"com vítima";"308.899";"BR-116/SC";"Sul";"Tombamento";0;0;1;0;0;0;0;0;0;0;0;1;0;0;0
"09/03/2010";"09:50:00";"638";"sem vítima";"184.300";"BR-116/SC";"Norte";"Colisão Transversal";2;0;0;0;0;0;0;0;0;0;3;0;0;0;0
"09/03/2010";"12:13:00";"652";"com vítima";"140.199";"BR-116/SC";"Norte";"Atropelamento - Morador";0;0;0;0;0;0;0;0;0;1;1;0;0;0;1
"09/03/2010";"01:14:00";"656";"sem vítima";"67.5";"BR-116/SC";"Sul";"Colisão Traseira";2;0;0;0;0;0;0;0;0;0;5;0;0;0;0
"09/03/2010";"07:26:00";"683";"com vítima";"145.5";"BR-116/SC";"Norte";"Colisão Transversal";1;0;1;0;0;0;0;0;0;0;2;1;0;0;0
"09/03/2010";"08:56:00";"686";"sem vítima";"174.5";"BR-116/SC";"Norte";"Choque - Defensa, barreira ou "submarino"";1;0;0;0;0;0;0;0;0;0;2;0;0;0;0
"10/03/2010";"08:07:00";"763";"sem vítima";"194";"BR-116/SC";"Sul";"Choque - Objeto sobre a pista";1;0;0;0;0;0;0;0;0;0;1;0;0;0;0
"10/03/2010";"09:54:00";"773";"sem vítima";"201.100";"BR-116/SC";"Sul";"Atropelamento de Animal";1;0;0;0;0;0;0;0;0;0;4;0;0;0;0
"11/03/2010";"04:19:00";"782";"sem vítima";"82";"BR-116/SC";"Norte";"Objeto lançado contra veículo";1;0;0;0;0;0;0;0;0;0;2;0;0;0;0
"11/03/2010";"07:15:00";"788";"sem vítima";"119.400";"BR-116/PR";"Sul";"Colisão Frontal";1;0;0;1;0;0;0;0;0;0;2;0;0;0;0
"11/03/2010";"09:00:00";"794";"sem vítima";"130.800";"BR-116/PR";"Sul";"Objeto lançado contra veículo";0;0;1;0;0;0;0;0;0;0;1;0;0;0;0
"11/03/2010";"10:56:00";"800";"com vítima";"184.300";"BR-116/SC";"Sul";"Colisão Transversal";0;0;1;0;1;0;0;0;0;0;8;3;0;0;0
"11/03/2010";"11:46:00";"808";"com vítima";"12";"BR-116/SC";"Sul";"Colisão Transversal";0;0;1;1;0;0;0;0;0;0;1;0;0;1;0
"11/03/2010";"12:10:00";"809";"com vítima";"116.900";"BR-116/PR";"Norte";"Colisão Lateral";1;0;0;1;0;0;0;0;0;0;1;1;0;0;0
"11/03/2010";"05:26:00";"830";"sem vítima";"204";"BR-116/SC";"Sul";"Choque - Objeto não identificado";0;0;1;0;0;0;0;0;0;0;1;0;0;0;0
"11/03/2010";"09:13:00";"847";"sem vítima";"119.800";"BR-116/PR";"Norte";"Colisão Lateral";2;0;0;0;0;0;0;0;0;0;2;0;0;0;0
"12/03/2010";"07:13:00";"862";"sem vítima";"119.400";"BR-116/PR";"Norte";"Colisão Lateral";0;0;1;0;0;0;0;0;0;1;2;0;0;0;0
"12/03/2010";"10:50:00";"877";"sem vítima";"209.5";"BR-116/SC";"Norte";"Colisão Transversal";2;0;0;0;0;0;0;0;0;0;2;0;0;0;0
"12/03/2010";"04:13:00";"893";"sem vítima";"125";"BR-116/PR";"Norte";"Colisão Traseira";0;0;2;0;0;0;0;0;0;0;2;0;0;0;0
"12/03/2010";"04:30:00";"894";"com vítima";"144.899";"BR-116/SC";"Sul";"Colisão Transversal";1;0;0;1;0;0;0;0;0;0;4;0;1;0;0
"12/03/2010";"04:31:00";"895";"sem vítima";"125.900";"BR-116/PR";"Sul";"Colisão Transversal";1;0;1;0;0;0;0;0;0;0;2;0;0;0;0
"12/03/2010";"04:53:00";"898";"sem vítima";"130";"BR-116/PR";"Norte";"Colisão Lateral";1;0;0;0;0;1;0;0;0;0;2;0;0;0;0
"12/03/2010";"07:26:00";"907";"com vítima";"107.800";"BR-116/SC";"Sul";"Saida de Pista";0;0;0;1;0;0;0;0;0;0;0;0;1;0;0
"12/03/2010";"08:07:00";"910";"sem vítima";"209";"BR-116/PR";"Norte";"Colisão Transversal";2;0;0;0;0;0;0;0;0;0;4;0;0;0;0
"12/03/2010";"08:26:00";"911";"com vítima";"167.699";"BR-116/SC";"Sul";"Colisão Transversal";2;0;0;0;0;0;0;0;0;0;1;5;2;0;0
"12/03/2010";"09:01:00";"912";"com vítima";"159.5";"BR-116/PR";"Sul";"Atropelamento - Ambulante";0;0;0;0;0;1;0;0;0;0;59;0;1;0;0
"13/03/2010";"01:40:00";"931";"sem vítima";"28";"BR-116/SC";"Norte";"Saida de Pista";1;0;0;0;0;0;0;0;0;0;4;0;0;0;0
"13/03/2010";"02:42:00";"932";"com vítima";"115.5";"BR-116/PR";"Sul";"Outros";0;1;0;0;0;0;0;0;0;0;0;1;0;0;0
"13/03/2010";"05:32:00";"937";"sem vítima";"179.899";"BR-116/PR";"Norte";"Outros";0;0;1;0;0;1;0;0;0;0;2;0;0;0;0
"13/03/2010";"02:03:00";"970";"com vítima";"133";"BR-116/SC";"Norte";"Colisão Transversal";2;0;0;0;0;0;0;0;0;0;2;1;0;0;0
"13/03/2010";"02:18:00";"971";"com vítima";"56.2000";"BR-116/SC";"Norte";"Saida de Pista";1;0;0;0;0;0;0;0;0;0;0;0;0;0;1
"13/03/2010";"09:09:00";"1004";"sem vítima";"105";"BR-116/SC";"Norte";"Saida de Pista";1;0;0;0;0;0;0;0;0;0;1;0;0;0;0
"14/03/2010";"02:00:00";"1029";"sem vítima";"217.699";"BR-116/SC";"Sul";"Colisão Lateral";2;0;0;0;0;0;0;0;0;0;3;0;0;0;0
"14/03/2010";"03:44:00";"1037";"sem vítima";"121.5";"BR-116/SC";"Sul";"Choque - Arvore";0;0;1;0;0;0;0;0;0;0;1;0;0;0;0
"14/03/2010";"10:07:00";"1056";"sem vítima";"143.899";"BR-116/SC";"Norte";"Saida de Pista";1;0;0;0;0;0;0;0;0;0;2;0;0;0;0
"14/03/2010";"03:40:00";"1078";"sem vítima";"4.90000";"BR-116/SC";"Sul";"Engavetamento";3;0;0;0;0;0;0;0;0;0;3;0;0;0;0
"14/03/2010";"05:39:00";"1088";"sem vítima";"118.199";"BR-116/PR";"Norte";"Engavetamento";3;0;0;0;0;0;0;0;0;0;8;0;0;0;0
"14/03/2010";"08:25:00";"1103";"com vítima";"79.8000";"BR-116/SC";"Sul";"Saida de Pista";1;0;0;0;0;0;0;0;0;0;5;1;0;0;0
"14/03/2010";"08:56:00";"1107";"sem vítima";"117.400";"BR-116/PR";"Norte";"Saida de Pista";1;0;0;0;0;0;0;0;0;0;5;0;0;0;0
"14/03/2010";"09:28:00";"1112";"com vítima";"126.199";"BR-116/PR";"Norte";"Colisão Transversal";0;0;1;0;0;0;0;0;0;1;4;1;0;0;0
"15/03/2010";"07:26:00";"1126";"sem vítima";"116.199";"BR-116/PR";"Norte";"Colisão Lateral";1;0;1;0;0;0;0;0;0;0;4;0;0;0;0
"15/03/2010";"08:54:00";"1135";"sem vítima";"116.099";"BR-116/PR";"Norte";"Colisão Traseira";3;0;0;0;0;0;0;0;0;0;3;0;0;0;0
"15/03/2010";"09:01:00";"1136";"sem vítima";"154";"BR-116/SC";"Norte";"Objeto lançado contra veículo";1;0;1;0;0;0;0;0;0;0;2;0;0;0;0
"15/03/2010";"10:36:00";"1144";"sem vítima";"182.699";"BR-116/PR";"Sul";"Saida de Pista";1;0;0;0;0;0;0;0;0;0;2;0;0;0;0
"15/03/2010";"03:46:00";"1168";"sem vítima";"206.100";"BR-116/SC";"Norte";"Colisão Lateral";1;0;1;0;0;0;0;0;0;0;6;0;0;0;0
"15/03/2010";"04:34:00";"1172";"sem vítima";"202";"BR-116/SC";"Norte";"Colisão Lateral";0;0;1;0;0;1;0;0;0;0;2;0;0;0;0
"16/03/2010";"08:56:00";"1218";"sem vítima";"42";"BR-116/SC";"Sul";"Objeto lançado contra veículo";0;0;1;0;0;0;0;0;0;0;1;0;0;0;0
"16/03/2010";"01:35:00";"1236";"com vítima";"153.5";"BR-116/PR";"Norte";"Colisão Transversal";1;1;0;0;0;0;0;0;0;0;1;0;0;0;1
"16/03/2010";"03:18:00";"1243";"sem vítima";"267";"BR-116/SC";"Sul";"Colisão Traseira";1;0;1;0;0;0;0;0;0;0;2;0;0;0;0
"16/03/2010";"04:52:00";"1248";"com vítima";"126";"BR-116/PR";"Norte";"Choque - Veiculo parado na pista";0;0;0;1;0;0;0;0;0;1;1;1;0;0;0
"16/03/2010";"10:52:00";"1273";"sem vítima";"83.5";"BR-116/SC";"Norte";"Colisão Lateral";1;0;0;1;0;0;0;0;0;0;2;0;0;0;0
"16/03/2010";"11:44:00";"1275";"sem vítima";"117.5";"BR-116/PR";"Sul";"Capotamento";1;0;0;0;0;0;0;0;0;0;1;0;0;0;0
"17/03/2010";"07:42:00";"1295";"sem vítima";"118.199";"BR-116/PR";"Sul";"Colisão Traseira";0;0;0;1;1;0;0;0;0;0;82;0;0;0;0
"17/03/2010";"10:25:00";"1303";"sem vítima";"305";"BR-116/SC";"Sul";"Colisão Lateral";1;0;1;0;0;0;0;0;0;0;4;0;0;0;0
"17/03/2010";"02:23:00";"1319";"com vítima";"120.699";"BR-116/PR";"Sul";"Colisão Frontal";1;0;0;1;0;0;0;0;0;0;1;1;0;0;0
"17/03/2010";"07:03:00";"1339";"com vítima";"5";"BR-116/SC";"Norte";"Colisão Lateral";1;0;0;1;0;0;0;0;0;0;1;2;0;0;0
"17/03/2010";"10:33:00";"1350";"com vítima";"119.400";"BR-116/PR";"Norte";"Queda de Moto";1;0;0;1;0;0;0;0;0;0;1;1;0;0;0
"17/03/2010";"11:20:00";"1356";"com vítima";"174.5";"BR-116/SC";"Norte";"Colisão Lateral";0;0;2;0;0;0;0;0;0;0;1;1;0;0;0
"18/03/2010";"02:34:00";"1360";"com vítima";"142";"BR-116/SC";"Sul";"Queda de Moto";0;0;0;1;0;0;0;0;0;0;0;1;0;0;0
"18/03/2010";"09:28:00";"1372";"sem vítima";"3.79999";"BR-116/SC";"Sul";"Objeto lançado contra veículo";0;0;1;0;0;0;0;0;0;0;1;0;0;0;0
"18/03/2010";"10:21:00";"1375";"sem vítima";"204";"BR-116/PR";"Norte";"Choque - Veiculo parado na pista";0;0;1;1;0;0;0;0;0;0;4;0;0;0;0
"18/03/2010";"12:50:00";"1379";"sem vítima";"117.800";"BR-116/PR";"Sul";"Colisão Traseira";1;0;1;0;0;0;0;0;0;0;4;0;0;0;0
"18/03/2010";"02:02:00";"1383";"sem vítima";"184.300";"BR-116/SC";"Sul";"Colisão Traseira";2;0;0;0;0;0;0;0;0;0;3;0;0;0;0
"18/03/2010";"02:51:00";"1389";"com vítima";"256.799";"BR-116/SC";"Sul";"Colisão Lateral";0;0;1;1;0;0;0;0;0;0;1;1;0;0;1
"19/03/2010";"11:31:00";"1441";"com vítima";"245";"BR-116/SC";"Sul";"Colisão Transversal";2;0;0;0;0;0;0;0;0;0;2;1;0;0;0
"19/03/2010";"01:31:00";"1448";"sem vítima";"118";"BR-116/PR";"Sul";"Colisão Transversal";1;0;0;0;0;0;0;0;0;1;2;0;0;0;0
"19/03/2010";"05:18:00";"1458";"sem vítima";"134.699";"BR-116/SC";"Norte";"Objeto lançado contra veículo";1;0;0;0;0;0;0;0;0;0;2;0;0;0;0
"19/03/2010";"05:18:00";"1459";"sem vítima";"134.699";"BR-116/SC";"Norte";"Objeto lançado contra veículo";1;0;0;0;0;0;0;0;0;0;1;0;0;0;0
"19/03/2010";"06:00:00";"1463";"com vítima";"209";"BR-116/PR";"Norte";"Colisão Transversal";1;0;0;1;0;0;0;0;0;0;1;1;0;0;0
"19/03/2010";"08:43:00";"1475";"sem vítima";"20";"BR-116/SC";"Sul";"Outros";1;0;1;0;0;0;0;0;0;0;2;0;0;0;0
"19/03/2010";"10:08:00";"1483";"sem vítima";"202";"BR-116/SC";"Sul";"Choque - Objeto sobre a pista";0;0;1;0;0;0;0;0;0;0;1;0;0;0;0
"20/03/2010";"11:42:00";"1517";"sem vítima";"176.699";"BR-116/SC";"Sul";"Colisão Lateral";1;0;1;0;0;0;0;0;0;0;5;0;0;0;0
"20/03/2010";"03:15:00";"1526";"sem vítima";"141.899";"BR-116/PR";"Norte";"Colisão Traseira";2;0;0;0;0;0;0;0;0;0;3;0;0;0;0
"20/03/2010";"03:19:00";"1527";"sem vítima";"2.79999";"BR-116/SC";"Norte";"Saida de Pista";2;0;0;0;0;0;0;0;0;0;4;0;0;0;0
"20/03/2010";"07:49:00";"1554";"com vítima";"125.900";"BR-116/PR";"Sul";"Choque - Veiculo parado na pista";3;0;0;0;0;0;0;0;0;0;6;2;0;0;0
"21/03/2010";"02:24:00";"1574";"sem vítima";"63.5";"BR-116/SC";"Norte";"Colisão Traseira";2;0;0;0;0;0;0;0;0;0;2;0;0;0;0
"21/03/2010";"06:17:00";"1580";"sem vítima";"126.300";"BR-116/PR";"Sul";"Colisão Traseira";2;0;0;0;0;0;0;0;0;0;5;0;0;0;0
"21/03/2010";"09:37:00";"1586";"sem vítima";"257";"BR-116/SC";"Sul";"Tombamento";0;0;1;0;0;0;0;0;0;0;1;0;0;0;0
"21/03/2010";"10:41:00";"1596";"sem vítima";"140.100";"BR-116/SC";"Norte";"Saida de Pista";1;0;0;0;0;0;0;0;0;0;1;0;0;0;0
"21/03/2010";"11:51:00";"1600";"sem vítima";"4.5";"BR-116/SC";"Norte";"Colisão Transversal";1;0;1;0;0;0;0;0;0;0;2;0;0;0;0
"21/03/2010";"11:30:00";"1649";"sem vítima";"292.100";"BR-116/SC";"Sul";"Atropelamento de Animal";1;0;0;0;0;0;0;0;0;0;1;0;0;0;0
"22/03/2010";"02:05:00";"1655";"sem vítima";"168.300";"BR-116/SC";"Sul";"Saida de Pista";0;0;1;0;0;0;0;0;0;0;2;0;0;0;0
"22/03/2010";"02:21:00";"1656";"com vítima";"211.5";"BR-116/PR";"Sul";"Saida de Pista";1;0;0;0;0;0;0;0;0;0;1;3;0;1;0
"22/03/2010";"03:24:00";"1658";"com vítima";"64.4000";"BR-116/SC";"Norte";"Colisão Frontal";1;0;0;1;0;0;0;0;0;0;1;1;0;0;0
"22/03/2010";"06:37:00";"1665";"sem vítima";"176.199";"BR-116/SC";"Sul";"Saida de Pista";0;0;1;0;0;0;0;0;0;0;1;0;0;0;0
"22/03/2010";"07:00:00";"1666";"com vítima";"51";"BR-116/SC";"Sul";"Saida de Pista";1;0;0;0;0;0;0;0;0;0;0;1;0;0;0
"22/03/2010";"08:13:00";"1671";"sem vítima";"120.699";"BR-116/PR";"Sul";"Colisão Traseira";2;0;0;0;0;0;0;0;0;1;4;0;0;0;0
"22/03/2010";"08:56:00";"1676";"sem vítima";"120.699";"BR-116/PR";"Sul";"Colisão Traseira";2;0;0;0;0;0;0;0;0;0;3;0;0;0;0
"22/03/2010";"01:16:00";"1688";"sem vítima";"198.399";"BR-116/SC";"Sul";"Saida de Pista";0;0;1;0;0;0;0;0;0;0;1;0;0;0;0
"22/03/2010";"02:28:00";"1694";"sem vítima";"54.2000";"BR-116/SC";"Sul";"Objeto lançado contra veículo";2;0;0;0;0;0;0;0;0;0;2;0;0;0;0
"22/03/2010";"09:41:00";"1722";"sem vítima";"187.5";"BR-116/SC";"Sul";"Choque - Objeto sobre a pista";1;0;0;0;0;0;0;0;0;0;2;0;0;0;0
"22/03/2010";"10:47:00";"1728";"sem vítima";"125.800";"BR-116/PR";"Norte";"Colisão Traseira";1;0;1;0;0;0;0;0;0;0;3;0;0;0;0
"23/03/2010";"07:12:00";"1747";"com vítima";"120.699";"BR-116/PR";"Norte";"Colisão Lateral";1;0;0;1;0;0;0;0;0;0;1;1;0;0;0
"23/03/2010";"11:25:00";"1767";"sem vítima";"205";"BR-116/SC";"Sul";"Colisão Traseira";1;0;0;0;0;0;0;0;1;0;2;0;0;0;0
"23/03/2010";"11:54:00";"1772";"sem vítima";"193.199";"BR-116/SC";"Norte";"Saida de Pista";1;0;0;0;0;0;0;0;0;0;1;0;0;0;0
"23/03/2010";"12:27:00";"1773";"sem vítima";"149.5";"BR-116/PR";"Norte";"Choque - Arvore";1;0;0;0;0;0;0;0;0;0;4;0;0;0;0
"23/03/2010";"01:45:00";"1776";"com vítima";"124.400";"BR-116/PR";"Norte";"Colisão Lateral";1;0;1;0;0;0;0;0;0;0;2;1;0;0;0
"23/03/2010";"08:34:00";"1803";"com vítima";"247";"BR-116/SC";"Sul";"Colisão Frontal";1;0;0;1;0;0;0;0;0;0;1;2;0;0;0
"24/03/2010";"11:05:00";"1835";"com vítima";"119.400";"BR-116/PR";"Norte";"Colisão Transversal";0;0;0;1;0;0;0;0;0;1;1;2;0;0;0
"24/03/2010";"12:11:00";"1840";"sem vítima";"131.699";"BR-116/PR";"Norte";"Choque - Outros";0;0;0;0;0;0;0;0;0;1;3;0;0;0;0
"24/03/2010";"12:57:00";"1859";"sem vítima";"199.649";"BR-116/PR";"Sul";"Saida de Pista";0;0;1;0;0;0;0;0;0;0;1;0;0;0;0
"24/03/2010";"12:57:00";"1846";"com vítima";"199.649";"BR-116/PR";"Norte";"Colisão Lateral";0;0;2;0;0;0;0;0;0;0;1;1;0;0;1
"24/03/2010";"12:57:00";"1858";"sem vítima";"199.649";"BR-116/PR";"Sul";"Saida de Pista";0;0;1;0;0;0;0;0;0;0;1;0;0;0;0
"24/03/2010";"02:20:00";"1852";"sem vítima";"131.800";"BR-116/PR";"Norte";"Colisão Traseira";1;0;0;0;0;1;0;0;0;0;2;0;0;0;0
"24/03/2010";"02:43:00";"1854";"sem vítima";"125.199";"BR-116/PR";"Norte";"Saida de Pista";1;0;1;0;1;0;0;0;0;0;62;0;0;0;0
"24/03/2010";"06:37:00";"1866";"sem vítima";"202";"BR-116/PR";"Sul";"Colisão Frontal";0;1;0;1;0;0;0;0;0;0;2;0;0;0;0
"24/03/2010";"07:05:00";"1870";"sem vítima";"134.399";"BR-116/PR";"Norte";"Colisão Traseira";1;0;0;1;0;0;0;0;0;0;5;0;0;0;0
"24/03/2010";"11:02:00";"1885";"sem vítima";"152";"BR-116/PR";"Sul";"Colisão Transversal";2;0;0;0;0;0;0;0;0;0;7;0;0;0;0
"25/03/2010";"01:59:00";"1897";"sem vítima";"242.899";"BR-116/SC";"Sul";"Saida de Pista";0;0;2;0;0;0;0;0;0;0;2;0;0;0;0