data;horario;n_da_ocorrencia;tipo_de_ocorrencia;km;trecho;sentido;tipo_de_acidente;automovel;bicicleta;caminhao;moto;onibus;outros;tracao_animal;transporte_de_cargas_especiais;trator_maquinas;utilitarios;ilesos;levemente_feridos;moderadamente_feridos;gravemente_feridos;mortos
"25/03/2010";"06:50:00";"1908";"sem vítima";"116.300";"BR-116/PR";"Norte";"Colisão Traseira";2;0;0;0;0;0;0;0;0;0;3;0;0;0;0
"25/03/2010";"06:51:00";"1907";"com vítima";"190.800";"BR-116/SC";"Norte";"Colisão Frontal";1;0;1;0;0;0;0;0;0;0;1;1;0;0;1
"25/03/2010";"08:21:00";"1912";"com vítima";"115.400";"BR-116/PR";"Sul";"Colisão Traseira";1;0;1;0;0;1;0;0;0;0;2;1;0;0;0
"25/03/2010";"12:09:00";"1926";"sem vítima";"283";"BR-116/SC";"Norte";"Objeto lançado contra veículo";0;0;0;0;0;0;0;0;0;1;3;0;0;0;0
"25/03/2010";"03:19:00";"1939";"sem vítima";"129.5";"BR-116/PR";"Norte";"Objeto lançado contra veículo";1;0;0;0;0;0;0;0;0;0;2;0;0;0;0
"26/03/2010";"06:59:00";"1990";"com vítima";"160.050";"BR-116/PR";"Sul";"Colisão Lateral";1;0;1;0;0;0;0;0;0;0;2;0;0;1;0
"26/03/2010";"07:13:00";"1991";"sem vítima";"168.300";"BR-116/SC";"Sul";"Choque - Elemento de Drenagem";1;0;0;0;0;0;0;0;0;0;1;0;0;0;0
"26/03/2010";"09:04:00";"1998";"sem vítima";"209.899";"BR-116/SC";"Sul";"Saida de Pista";1;0;0;0;0;0;0;0;0;0;1;0;0;0;0
"26/03/2010";"01:49:00";"2013";"com vítima";"55";"BR-116/SC";"Sul";"Colisão Traseira";0;0;1;0;1;0;0;0;0;0;3;1;0;0;0
"26/03/2010";"05:35:00";"2030";"sem vítima";"76";"BR-116/SC";"Sul";"Saida de Pista";1;0;0;0;0;0;0;0;0;0;2;0;0;0;0
"26/03/2010";"05:48:00";"2032";"com vítima";"236";"BR-116/SC";"Norte";"Saida de Pista";1;0;0;0;0;0;0;0;0;0;0;3;0;0;0
"26/03/2010";"10:51:00";"2055";"sem vítima";"115.900";"BR-116/PR";"Norte";"Colisão Transversal";2;0;0;0;0;0;0;0;0;0;2;0;0;0;0
"27/03/2010";"04:24:00";"2066";"sem vítima";"120.5";"BR-116/PR";"Sul";"Saida de Pista";0;0;0;1;0;0;0;0;0;0;1;0;0;0;0
"27/03/2010";"04:57:00";"2067";"sem vítima";"52.5";"BR-116/SC";"Sul";"Colisão Traseira";1;0;1;0;0;0;0;0;0;0;3;0;0;0;0
"27/03/2010";"05:20:00";"2101";"sem vítima";"43";"BR-116/SC";"Sul";"Saida de Pista";1;0;0;0;0;0;0;0;0;0;1;0;0;0;0
"27/03/2010";"06:06:00";"2104";"sem vítima";"54";"BR-116/SC";"Sul";"Colisão Traseira";1;0;0;0;0;0;0;0;0;0;1;0;0;0;0
"27/03/2010";"08:45:00";"2122";"com vítima";"183.399";"BR-116/SC";"Sul";"Colisão Frontal";1;0;1;0;0;0;0;0;0;0;1;1;0;1;1
"27/03/2010";"11:23:00";"2128";"sem vítima";"134.600";"BR-116/PR";"Norte";"Colisão Traseira";1;0;0;0;0;1;0;0;0;0;6;0;0;0;0
"28/03/2010";"04:28:00";"2137";"com vítima";"6.90000";"BR-116/SC";"Norte";"Colisão Frontal";1;0;0;1;0;0;0;0;0;0;0;3;0;0;0
"28/03/2010";"05:00:00";"2139";"sem vítima";"187";"BR-116/SC";"Sul";"Saida de Pista";1;0;0;0;0;0;0;0;0;0;3;0;0;0;0
"28/03/2010";"08:21:00";"2144";"sem vítima";"82";"BR-116/SC";"Norte";"Choque - Cancela de Pedagio";0;0;1;0;0;0;0;0;0;0;1;0;0;0;0
"28/03/2010";"10:43:00";"2153";"sem vítima";"2";"BR-116/SC";"Sul";"Choque - Defensa, barreira ou "submarino"";0;0;1;0;0;0;0;0;0;0;1;0;0;0;0
"28/03/2010";"02:25:00";"2162";"com vítima";"127.5";"BR-116/PR";"Norte";"Colisão Lateral";1;0;1;0;0;0;0;0;0;0;4;2;0;0;0
"28/03/2010";"03:05:00";"2165";"com vítima";"163.199";"BR-116/PR";"Norte";"Saida de Pista";1;0;0;0;0;0;0;0;0;0;2;2;0;0;0
"28/03/2010";"05:41:00";"2179";"sem vítima";"117.800";"BR-116/PR";"Norte";"Colisão Lateral";0;0;2;0;0;0;0;0;0;0;2;0;0;0;0
"28/03/2010";"10:49:00";"2205";"com vítima";"161.5";"BR-116/SC";"Sul";"Capotamento";1;0;0;0;0;0;0;0;0;0;0;2;0;0;0
"29/03/2010";"06:32:00";"2220";"sem vítima";"115";"BR-116/PR";"Norte";"Colisão Traseira";2;0;0;0;0;0;0;0;0;0;3;0;0;0;0
"29/03/2010";"07:59:00";"2226";"sem vítima";"183";"BR-116/PR";"Norte";"Atropelamento de Animal";1;0;0;0;0;0;0;0;0;0;1;0;0;0;0
"29/03/2010";"08:00:00";"2227";"sem vítima";"167.600";"BR-116/SC";"Sul";"Saida de Pista";1;0;0;0;0;0;0;0;0;0;1;0;0;0;0
"29/03/2010";"12:38:00";"2243";"sem vítima";"195";"BR-116/PR";"Norte";"Saida de Pista";1;0;0;0;0;0;0;0;0;0;5;0;0;0;0
"29/03/2010";"01:38:00";"2246";"sem vítima";"186.899";"BR-116/PR";"Norte";"Tombamento";0;0;1;0;0;0;0;0;0;0;1;0;0;0;0
"29/03/2010";"02:00:00";"2248";"sem vítima";"210.800";"BR-116/SC";"Norte";"Saida de Pista";1;0;0;0;0;0;0;0;0;0;1;0;0;0;0
"29/03/2010";"04:03:00";"2261";"com vítima";"85.6999";"BR-116/SC";"Norte";"Atropelamento - Usuário";0;0;0;0;0;1;0;0;0;0;1;0;1;0;0
"30/03/2010";"09:33:00";"2308";"sem vítima";"119.5";"BR-116/PR";"Sul";"Objeto lançado contra veículo";0;0;0;0;0;0;0;0;0;1;1;0;0;0;0
"30/03/2010";"10:36:00";"2313";"sem vítima";"153.300";"BR-116/PR";"Norte";"Colisão Transversal";2;0;0;0;0;0;0;0;0;0;3;0;0;0;0
"30/03/2010";"01:36:00";"2327";"sem vítima";"117";"BR-116/SC";"Norte";"Objeto lançado contra veículo";1;0;0;0;0;0;0;0;0;0;1;0;0;0;0
"30/03/2010";"01:51:00";"2328";"com vítima";"198.5";"BR-116/SC";"Norte";"Saida de Pista";1;0;0;0;0;0;0;0;0;0;2;1;0;0;0
"30/03/2010";"04:29:00";"2343";"com vítima";"12";"BR-116/SC";"Sul";"Colisão Transversal";1;0;1;0;0;0;0;0;0;0;1;1;0;0;0
"30/03/2010";"05:08:00";"2349";"com vítima";"149.300";"BR-116/SC";"Norte";"Queda de Moto";0;0;0;1;0;0;0;0;0;0;0;1;0;0;0
"31/03/2010";"01:01:00";"2377";"sem vítima";"105";"BR-116/SC";"Norte";"Saida de Pista";1;0;0;0;0;0;0;0;0;0;1;0;0;0;0
"31/03/2010";"04:47:00";"2389";"sem vítima";"142";"BR-116/PR";"Norte";"Choque - Veiculo parado no acostamento";0;0;2;0;0;0;0;0;0;0;2;0;0;0;0
"31/03/2010";"07:23:00";"2393";"com vítima";"0.20000";"BR-116/SC";"Norte";"Colisão Traseira";1;0;0;1;0;0;0;0;0;0;1;1;0;0;0
"31/03/2010";"09:57:00";"2403";"com vítima";"120.599";"BR-116/PR";"Sul";"Saida de Pista";0;0;0;1;0;0;0;0;0;0;0;1;0;0;0
"31/03/2010";"12:13:00";"2412";"com vítima";"127";"BR-116/PR";"Norte";"Colisão Transversal";0;0;0;1;0;1;0;0;0;0;1;1;0;0;0
"31/03/2010";"07:17:00";"2451";"com vítima";"9.19999";"BR-116/SC";"Sul";"Colisão Traseira";2;0;1;1;0;0;0;0;0;0;3;0;0;0;1
"31/03/2010";"08:47:00";"2457";"com vítima";"117.5";"BR-116/PR";"Sul";"Atropelamento - Usuário";0;0;0;0;0;1;0;0;0;0;1;0;1;0;0
"01/04/2010";"04:20:00";"17";"sem vítima";"208.800";"BR-116/SC";"Sul";"Choque - Veiculo parado na pista";0;0;2;0;0;0;0;0;0;0;2;0;0;0;0
"01/04/2010";"06:45:00";"25";"com vítima";"120.699";"BR-116/PR";"Norte";"Colisão Transversal";0;0;1;1;0;0;0;0;0;0;1;1;0;0;0
"01/04/2010";"07:43:00";"27";"sem vítima";"205.199";"BR-116/PR";"Sul";"Objeto lançado contra veículo";1;0;0;0;0;0;0;0;0;0;1;0;0;0;0
"01/04/2010";"08:41:00";"31";"sem vítima";"2.40000";"BR-116/SC";"Sul";"Colisão Lateral";0;0;1;0;0;0;0;0;0;0;1;0;0;0;0
"01/04/2010";"09:47:00";"42";"sem vítima";"206.199";"BR-116/PR";"Norte";"Colisão Transversal";1;0;1;0;0;0;0;0;0;0;3;0;0;0;0
"01/04/2010";"11:49:00";"51";"sem vítima";"120";"BR-116/SC";"Norte";"Colisão Traseira";1;0;1;0;0;0;0;0;0;0;2;0;0;0;0
"01/04/2010";"03:46:00";"71";"com vítima";"307.600";"BR-116/SC";"Norte";"Saida de Pista";0;0;0;0;0;0;0;0;0;1;0;5;0;0;0
"01/04/2010";"04:30:00";"76";"sem vítima";"119.400";"BR-116/PR";"Sul";"Tombamento";0;0;0;1;0;1;0;0;0;0;2;0;0;0;0
"01/04/2010";"04:56:00";"78";"sem vítima";"115.5";"BR-116/PR";"Sul";"Choque - Veiculo parado na pista";2;0;0;0;0;0;0;0;0;0;4;0;0;0;0
"01/04/2010";"05:55:00";"86";"sem vítima";"119.300";"BR-116/PR";"Norte";"Choque - Veiculo parado na pista";2;0;0;0;0;0;0;0;0;0;3;0;0;0;0
"01/04/2010";"06:20:00";"91";"sem vítima";"118.599";"BR-116/PR";"Norte";"Choque - Veiculo parado na pista";1;0;0;0;0;1;0;0;0;0;2;0;0;0;0
"01/04/2010";"07:49:00";"106";"sem vítima";"116.300";"BR-116/PR";"Sul";"Choque - Veiculo parado na pista";3;0;0;0;0;0;0;0;0;0;5;0;0;0;0
"02/04/2010";"04:20:00";"148";"sem vítima";"156.300";"BR-116/SC";"Sul";"Colisão Lateral";1;0;1;0;0;0;0;0;0;0;4;0;0;0;0
"02/04/2010";"05:58:00";"151";"com vítima";"125.099";"BR-116/PR";"Norte";"Queda de Moto";0;0;0;1;0;0;0;0;0;0;0;1;0;0;0
"02/04/2010";"07:09:00";"158";"sem vítima";"176.050";"BR-116/SC";"Sul";"Colisão Lateral";1;0;1;0;0;0;0;0;0;0;5;0;0;0;0
"02/04/2010";"09:00:00";"159";"sem vítima";"184.800";"BR-116/SC";"Sul";"Colisão Traseira";2;0;0;0;0;0;0;0;0;0;5;0;0;0;0
"02/04/2010";"10:42:00";"171";"com vítima";"267.200";"BR-116/SC";"Sul";"Colisão Traseira";1;0;0;0;0;0;0;0;0;1;3;4;0;1;0
"02/04/2010";"01:46:00";"182";"sem vítima";"204.100";"BR-116/PR";"Sul";"Colisão Lateral";1;0;1;0;0;0;0;0;0;0;7;0;0;0;0
"02/04/2010";"10:24:00";"206";"sem vítima";"233.100";"BR-116/SC";"Norte";"Choque - Cancela de Pedagio";0;0;1;0;0;0;0;0;0;0;1;0;0;0;0
"03/04/2010";"06:35:00";"231";"sem vítima";"55.7999";"BR-116/SC";"Sul";"Saida de Pista";1;0;0;0;0;0;0;0;0;0;1;0;0;0;0
"03/04/2010";"10:39:00";"242";"com vítima";"141.600";"BR-116/PR";"Sul";"Colisão Traseira";1;0;0;0;0;0;0;0;0;1;3;1;0;0;0
"03/04/2010";"04:09:00";"259";"sem vítima";"162.199";"BR-116/SC";"Sul";"Choque - Defensa, barreira ou "submarino"";0;0;0;0;0;0;0;0;0;1;4;0;0;0;0
"03/04/2010";"05:59:00";"263";"sem vítima";"153.5";"BR-116/PR";"Norte";"Colisão Transversal";1;0;1;0;0;0;0;0;0;0;5;0;0;0;0
"03/04/2010";"07:28:00";"274";"com vítima";"168.600";"BR-116/PR";"Sul";"Colisão Transversal";1;0;1;0;0;0;0;0;0;0;1;0;0;1;1
"03/04/2010";"08:10:00";"278";"sem vítima";"236";"BR-116/SC";"Sul";"Saida de Pista";1;0;0;0;0;0;0;0;0;0;1;0;0;0;0
"03/04/2010";"09:44:00";"285";"com vítima";"252";"BR-116/SC";"Sul";"Saida de Pista";1;0;0;0;0;0;0;0;0;0;0;0;0;1;0
"04/04/2010";"10:27:00";"306";"com vítima";"188";"BR-116/SC";"Sul";"Atropelamento de Animal";0;0;0;1;0;0;0;0;0;0;0;2;0;0;0
"04/04/2010";"03:34:00";"330";"sem vítima";"12.5";"BR-116/SC";"Sul";"Colisão Traseira";2;0;0;0;0;0;0;0;0;0;8;0;0;0;0
"04/04/2010";"03:53:00";"336";"sem vítima";"4.69999";"BR-116/SC";"Norte";"Colisão Traseira";2;0;0;0;0;0;0;0;0;0;6;0;0;0;0
"04/04/2010";"03:54:00";"337";"sem vítima";"4.5";"BR-116/SC";"Norte";"Colisão Traseira";2;0;0;0;0;0;0;0;0;0;3;0;0;0;0
"04/04/2010";"04:19:00";"345";"sem vítima";"4.80000";"BR-116/SC";"Norte";"Colisão Traseira";2;0;0;0;0;0;0;0;0;0;7;0;0;0;0
"04/04/2010";"04:46:00";"350";"com vítima";"184.5";"BR-116/SC";"Sul";"Colisão Transversal";2;0;0;0;0;0;0;0;0;0;3;2;0;0;0
"04/04/2010";"06:19:00";"363";"sem vítima";"125";"BR-116/PR";"Norte";"Colisão Traseira";0;0;0;0;0;1;0;0;0;1;2;0;0;0;0
"04/04/2010";"06:49:00";"369";"com vítima";"118";"BR-116/PR";"Norte";"Colisão Lateral";2;0;0;0;0;0;0;0;0;0;4;4;0;0;0
"04/04/2010";"07:02:00";"372";"com vítima";"116.5";"BR-116/PR";"Norte";"Colisão Transversal";1;0;0;1;0;0;0;0;0;0;3;1;0;0;0
"04/04/2010";"07:59:00";"380";"sem vítima";"159";"BR-116/SC";"Norte";"Colisão Traseira";2;0;0;0;0;0;0;0;0;0;9;0;0;0;0
"04/04/2010";"08:06:00";"383";"com vítima";"117.599";"BR-116/PR";"Sul";"Colisão Lateral";1;0;0;1;1;0;0;0;0;0;84;0;0;0;1
"04/04/2010";"10:40:00";"397";"sem vítima";"171";"BR-116/PR";"Norte";"Colisão Lateral";2;0;0;0;0;0;0;0;0;0;5;0;0;0;0
"04/04/2010";"11:58:00";"404";"sem vítima";"90";"BR-116/SC";"Norte";"Objeto lançado contra veículo";0;0;1;0;0;0;0;0;0;0;1;0;0;0;0
"05/04/2010";"03:23:00";"415";"sem vítima";"233";"BR-116/SC";"Sul";"Choque - Cancela de Pedagio";0;0;0;0;0;0;0;0;0;1;1;0;0;0;0
"05/04/2010";"10:17:00";"432";"com vítima";"83";"BR-116/SC";"Norte";"Choque - Objeto sobre a pista";1;0;0;0;0;0;0;0;0;0;5;0;0;1;0
"05/04/2010";"12:28:00";"438";"sem vítima";"203";"BR-116/SC";"Norte";"Saida de Pista";0;0;0;0;0;0;0;0;0;1;1;0;0;0;0
"05/04/2010";"04:23:00";"455";"sem vítima";"155.100";"BR-116/SC";"Sul";"Saida de Pista";1;0;0;0;0;0;0;0;0;0;3;0;0;0;0
"05/04/2010";"05:31:00";"461";"sem vítima";"124.900";"BR-116/PR";"Norte";"Saida de Pista";1;0;0;0;0;0;0;0;0;0;4;0;0;0;0
"05/04/2010";"07:36:00";"467";"com vítima";"220.5";"BR-116/SC";"Norte";"Atropelamento - Morador";0;0;1;0;0;0;0;0;0;0;1;1;0;0;0
"05/04/2010";"10:14:00";"481";"sem vítima";"114.5";"BR-116/SC";"Sul";"Choque - Defensa, barreira ou "submarino"";0;0;1;0;0;0;0;0;0;0;1;0;0;0;0
"06/04/2010";"11:00:00";"507";"com vítima";"126.199";"BR-116/PR";"Norte";"Saida de Pista";1;0;0;0;0;0;0;0;0;0;0;1;0;0;0
"06/04/2010";"09:03:00";"544";"sem vítima";"28.8999";"BR-116/SC";"Norte";"Colisão Lateral";0;0;2;0;0;0;0;0;0;0;2;0;0;0;0
"06/04/2010";"10:40:00";"549";"sem vítima";"283.5";"BR-116/SC";"Sul";"Colisão Transversal";2;0;0;0;0;0;0;0;0;0;2;0;0;0;0
"07/04/2010";"04:37:00";"560";"sem vítima";"235.899";"BR-116/SC";"Norte";"Objeto lançado contra veículo";0;0;2;0;0;0;0;0;0;0;2;0;0;0;0
"07/04/2010";"09:05:00";"607";"com vítima";"6.90000";"BR-116/SC";"Sul";"Colisão Transversal";1;0;0;0;0;0;0;0;0;1;1;6;0;0;0
"07/04/2010";"09:52:00";"609";"com vítima";"78.1999";"BR-116/SC";"Norte";"Colisão Transversal";1;0;0;0;0;1;0;0;0;0;4;2;0;0;0
"07/04/2010";"11:00:00";"566";"sem vítima";"0.20000";"BR-116/SC";"Sul";"Saida de Pista";1;0;0;0;0;0;0;0;0;0;1;0;0;0;0
"08/04/2010";"05:24:00";"619";"sem vítima";"196";"BR-116/SC";"Sul";"Saida de Pista";0;0;1;0;0;0;0;0;0;0;1;0;0;0;0
"08/04/2010";"10:56:00";"639";"sem vítima";"108";"BR-116/SC";"Sul";"Colisão Lateral";1;0;0;0;0;1;0;0;0;0;3;0;0;0;0
"08/04/2010";"12:08:00";"644";"sem vítima";"141.699";"BR-116/PR";"Norte";"Saida de Pista";1;0;0;0;0;0;0;0;0;0;2;0;0;0;0
"08/04/2010";"01:35:00";"650";"com vítima";"145.600";"BR-116/PR";"Sul";"Colisão Lateral";0;1;0;0;0;1;0;0;0;0;1;1;0;0;0
"08/04/2010";"03:28:00";"656";"com vítima";"253.800";"BR-116/SC";"Norte";"Colisão Lateral";1;0;1;0;0;0;0;0;0;0;3;1;0;0;0
"08/04/2010";"08:21:00";"676";"sem vítima";"204";"BR-116/PR";"Sul";"Choque - Objeto sobre a pista";1;0;0;0;0;0;0;0;0;0;2;0;0;0;0
"08/04/2010";"08:40:00";"678";"sem vítima";"244.699";"BR-116/SC";"Norte";"Saida de Pista";1;0;0;0;0;0;0;0;0;0;1;0;0;0;0
"09/04/2010";"09:14:00";"703";"sem vítima";"134.600";"BR-116/PR";"Norte";"Choque - Cancela de Pedagio";1;0;0;0;0;0;0;0;0;0;1;0;0;0;0
"09/04/2010";"10:24:00";"749";"sem vítima";"213.100";"BR-116/SC";"Sul";"Choque - Talude";1;0;0;0;0;0;0;0;0;0;3;0;0;0;0
"10/04/2010";"12:48:00";"756";"sem vítima";"146.899";"BR-116/SC";"Sul";"Colisão Lateral";1;0;3;0;0;0;0;0;0;0;6;0;0;0;0
"10/04/2010";"04:43:00";"761";"sem vítima";"118.5";"BR-116/SC";"Norte";"Atropelamento de Animal";1;0;0;0;0;0;0;0;0;0;3;0;0;0;0
"10/04/2010";"04:49:00";"762";"sem vítima";"47.7000";"BR-116/SC";"Sul";"Tombamento";0;0;1;0;0;0;0;0;0;0;1;0;0;0;0
"10/04/2010";"08:28:00";"773";"com vítima";"221.199";"BR-116/SC";"Norte";"Colisão Transversal";1;0;0;0;0;0;0;0;0;1;0;1;0;1;0
"10/04/2010";"09:42:00";"777";"com vítima";"132.300";"BR-116/PR";"Sul";"Colisão Lateral";0;0;0;1;0;1;0;0;0;0;2;1;0;0;0
"10/04/2010";"05:35:00";"802";"sem vítima";"125";"BR-116/PR";"Norte";"Colisão Lateral";0;0;0;1;0;1;0;0;0;0;2;0;0;0;0
"10/04/2010";"08:01:00";"812";"sem vítima";"42";"BR-116/SC";"Sul";"Atropelamento de Animal";0;0;1;0;0;0;0;0;0;0;1;0;0;0;0
"11/04/2010";"01:05:00";"832";"sem vítima";"191.5";"BR-116/SC";"Norte";"Choque - Elemento de Drenagem";1;0;0;0;0;0;0;0;0;0;1;0;0;0;0
"11/04/2010";"05:07:00";"841";"com vítima";"61.9000";"BR-116/SC";"Norte";"Colisão Frontal";1;0;1;0;0;0;0;0;0;0;2;0;0;1;0
"11/04/2010";"05:39:00";"843";"sem vítima";"136";"BR-116/SC";"Sul";"Colisão Transversal";2;0;0;0;0;0;0;0;0;0;6;0;0;0;0
"11/04/2010";"06:05:00";"845";"sem vítima";"141.699";"BR-116/PR";"Sul";"Saida de Pista";1;0;0;0;0;0;0;0;0;0;1;0;0;0;0
"11/04/2010";"06:12:00";"847";"com vítima";"124.400";"BR-116/PR";"Sul";"Saida de Pista";1;0;0;0;0;0;0;0;0;0;0;0;0;2;3
"11/04/2010";"02:53:00";"861";"com vítima";"309";"BR-116/SC";"Sul";"Tombamento";0;0;1;0;0;0;0;0;0;0;0;1;0;1;0
"11/04/2010";"06:10:00";"870";"com vítima";"155.100";"BR-116/PR";"Norte";"Colisão Lateral";2;0;0;0;0;0;0;0;0;0;4;2;0;0;0
"11/04/2010";"07:21:00";"875";"sem vítima";"24.6000";"BR-116/SC";"Sul";"Saida de Pista";1;0;0;0;0;0;0;0;0;0;3;0;0;0;0
"12/04/2010";"06:41:00";"893";"sem vítima";"142.399";"BR-116/PR";"Norte";"Choque - Outros";1;0;0;0;0;0;0;0;0;0;1;0;0;0;0
"12/04/2010";"05:04:00";"933";"sem vítima";"135.5";"BR-116/PR";"Norte";"Choque - Veiculo parado na pista";2;0;0;0;0;0;0;0;0;0;3;0;0;0;0
"12/04/2010";"05:07:00";"934";"sem vítima";"126.099";"BR-116/PR";"Norte";"Choque - Veiculo parado na pista";2;0;0;0;0;0;0;0;0;0;4;0;0;0;0
"13/04/2010";"05:00:00";"957";"sem vítima";"238.399";"BR-116/SC";"Sul";"Atropelamento de Animal";1;0;0;0;0;0;0;0;0;0;1;0;0;0;0
"13/04/2010";"07:12:00";"960";"com vítima";"117.900";"BR-116/PR";"Norte";"Atropelamento - Usuário";0;0;0;1;0;0;0;0;0;0;0;1;0;1;0
"13/04/2010";"12:10:00";"975";"com vítima";"126.949";"BR-116/PR";"Sul";"Atropelamento - Usuário";0;0;0;0;0;0;0;0;0;1;1;0;0;1;0
"13/04/2010";"01:14:00";"979";"sem vítima";"233";"BR-116/SC";"Sul";"Choque - Cancela de Pedagio";1;0;0;0;0;0;0;0;0;0;1;0;0;0;0
"13/04/2010";"02:45:00";"985";"com vítima";"116";"BR-116/PR";"Norte";"Colisão Traseira";0;0;1;0;1;0;0;0;0;0;25;1;0;0;0
"13/04/2010";"04:30:00";"992";"com vítima";"210.699";"BR-116/SC";"Norte";"Capotamento";0;0;1;0;0;0;0;0;0;0;0;1;0;0;0
"13/04/2010";"07:21:00";"1009";"sem vítima";"108";"BR-116/SC";"Norte";"Choque - Talude";0;0;1;0;0;0;0;0;0;0;2;0;0;0;0
"14/04/2010";"11:10:00";"1049";"sem vítima";"54";"BR-116/SC";"Sul";"Choque - Defensa, barreira ou "submarino"";1;0;0;0;0;0;0;0;0;0;1;0;0;0;0
"14/04/2010";"03:04:00";"1066";"com vítima";"104.800";"BR-116/SC";"Norte";"Colisão Transversal";0;0;1;0;0;0;0;0;1;0;1;1;0;0;0
"14/04/2010";"03:07:00";"1067";"sem vítima";"144";"BR-116/PR";"Norte";"Choque - Objeto sobre a pista";1;0;0;0;0;0;0;0;0;0;1;0;0;0;0
"14/04/2010";"03:48:00";"1072";"com vítima";"131.5";"BR-116/PR";"Norte";"Colisão Lateral";0;1;0;0;0;1;0;0;0;0;2;1;0;0;0
"14/04/2010";"05:04:00";"1078";"sem vítima";"54.7999";"BR-116/SC";"Norte";"Outros";0;0;1;0;0;0;0;0;0;0;1;0;0;0;0
"14/04/2010";"05:49:00";"1082";"com vítima";"199.699";"BR-116/PR";"Sul";"Saida de Pista";1;0;0;0;0;0;0;0;0;0;0;1;0;0;0
"14/04/2010";"06:42:00";"1086";"sem vítima";"209";"BR-116/PR";"Norte";"Colisão Lateral";0;0;2;0;0;0;0;0;0;0;2;0;0;0;0
"14/04/2010";"08:12:00";"1094";"sem vítima";"0.40000";"BR-116/SC";"Sul";"Colisão Traseira";2;0;0;0;0;0;0;0;0;0;3;0;0;0;0
"15/04/2010";"01:30:00";"1107";"sem vítima";"262.600";"BR-116/SC";"Norte";"Saida de Pista";1;0;0;0;0;0;0;0;0;0;1;0;0;0;0
"15/04/2010";"04:02:00";"1109";"com vítima";"154.899";"BR-116/PR";"Norte";"Saida de Pista";0;0;1;0;0;0;0;0;0;0;0;1;0;0;0
"15/04/2010";"07:48:00";"1118";"com vítima";"267";"BR-116/SC";"Norte";"Colisão Transversal";1;0;2;0;0;0;0;0;0;0;2;0;0;1;0
"15/04/2010";"05:23:00";"1150";"sem vítima";"112.5";"BR-116/SC";"Norte";"Atropelamento de Animal";1;0;0;0;0;0;0;0;0;0;2;0;0;0;0
"16/04/2010";"07:50:00";"1197";"sem vítima";"153.199";"BR-116/PR";"Sul";"Colisão Traseira";1;0;1;0;0;0;0;0;0;0;3;0;0;0;0
"16/04/2010";"12:07:00";"1214";"sem vítima";"204";"BR-116/PR";"Sul";"Choque - Cancela de Pedagio";0;0;1;0;0;0;0;0;0;0;1;0;0;0;0
"16/04/2010";"06:17:00";"1244";"sem vítima";"231.600";"BR-116/SC";"Sul";"Saida de Pista";1;0;0;0;0;0;0;0;0;0;2;0;0;0;0
"16/04/2010";"08:20:00";"1252";"com vítima";"129.5";"BR-116/PR";"Norte";"Colisão Lateral";0;2;0;1;0;0;0;0;0;0;1;3;0;0;0
"16/04/2010";"10:16:00";"1258";"sem vítima";"109.199";"BR-116/SC";"Norte";"Colisão Frontal";1;0;1;0;0;0;0;0;0;0;2;0;0;0;0
"17/04/2010";"03:55:00";"1305";"sem vítima";"165.399";"BR-116/PR";"Sul";"Outros";1;0;0;0;0;0;0;0;0;0;3;0;0;0;0
"17/04/2010";"06:23:00";"1316";"sem vítima";"115.699";"BR-116/PR";"Norte";"Choque - Veiculo parado na pista";3;0;0;0;0;0;0;0;0;0;7;0;0;0;0
"17/04/2010";"06:35:00";"1318";"com vítima";"115.300";"BR-116/PR";"Norte";"Atropelamento - Sem Informação";0;0;0;0;0;1;0;0;0;0;1;1;0;0;0
"17/04/2010";"11:14:00";"1340";"sem vítima";"63";"BR-116/SC";"Sul";"Choque - Objeto sobre a pista";1;0;0;0;0;0;0;0;0;0;1;0;0;0;0
"18/04/2010";"09:09:00";"1355";"sem vítima";"119";"BR-116/PR";"Sul";"Colisão Traseira";2;0;0;0;0;0;0;0;0;0;4;0;0;0;0
"18/04/2010";"10:41:00";"1362";"sem vítima";"122";"BR-116/PR";"Sul";"Outros";0;0;1;0;0;0;0;0;0;0;1;0;0;0;0
"18/04/2010";"10:56:00";"1363";"sem vítima";"107.099";"BR-116/SC";"Norte";"Tombamento";0;0;1;0;0;0;0;0;0;0;2;0;0;0;0
"18/04/2010";"03:47:00";"1381";"sem vítima";"115.900";"BR-116/PR";"Sul";"Colisão Lateral";1;0;0;1;0;0;0;0;0;0;3;0;0;0;0
"18/04/2010";"04:21:00";"1387";"sem vítima";"34.2000";"BR-116/SC";"Sul";"Outros - Sequência";1;0;1;0;0;0;0;0;0;0;3;0;0;0;0
"18/04/2010";"06:05:00";"1396";"sem vítima";"178.5";"BR-116/PR";"Norte";"Atropelamento de Animal";1;0;0;0;0;0;0;0;0;0;4;0;0;0;0
"18/04/2010";"06:35:00";"1399";"com vítima";"221.100";"BR-116/SC";"Norte";"Capotamento";1;0;0;0;0;0;0;0;0;0;0;1;0;0;0