data;horario;n_da_ocorrencia;tipo_de_ocorrencia;km;trecho;sentido;tipo_de_acidente;automovel;bicicleta;caminhao;moto;onibus;outros;tracao_animal;transporte_de_cargas_especiais;trator_maquinas;utilitarios;ilesos;levemente_feridos;moderadamente_feridos;gravemente_feridos;mortos
"25/07/2010";"06:23:00";"1885";"com vítima";"298.100";"BR-116/SC";"Norte";"Saida de Pista";1;0;0;0;0;0;0;0;0;0;0;1;0;0;0
"25/07/2010";"10:01:00";"1895";"com vítima";"18";"BR-116/SC";"Norte";"Saida de Pista";1;0;0;0;0;0;0;0;0;0;0;1;0;0;0
"25/07/2010";"05:26:00";"1924";"sem vítima";"184.199";"BR-116/PR";"Norte";"Tombamento";0;0;1;0;0;0;0;0;0;0;1;0;0;0;0
"25/07/2010";"08:53:00";"1938";"com vítima";"125.5";"BR-116/PR";"Sul";"Engavetamento";3;0;0;0;0;0;0;0;0;0;7;1;0;0;0
"25/07/2010";"09:06:00";"1940";"com vítima";"125.800";"BR-116/PR";"Sul";"Choque - Veiculo parado na pista";1;0;0;0;0;0;0;0;0;1;2;1;0;0;0
"26/07/2010";"11:18:00";"1977";"sem vítima";"245.5";"BR-116/SC";"Norte";"Colisão Lateral";1;0;0;0;0;0;0;0;0;1;2;0;0;0;0
"26/07/2010";"01:35:00";"1986";"sem vítima";"252.199";"BR-116/SC";"Sul";"Colisão Lateral";2;0;0;0;0;0;0;0;0;0;10;0;0;0;0
"26/07/2010";"05:47:00";"2005";"sem vítima";"1";"BR-116/SC";"Sul";"Colisão Lateral";1;0;1;0;0;0;0;0;0;0;3;0;0;0;0
"26/07/2010";"07:58:00";"2013";"com vítima";"5.80000";"BR-116/SC";"Norte";"Colisão Transversal";2;0;0;0;0;0;0;0;0;0;3;1;0;0;0
"26/07/2010";"09:54:00";"2021";"com vítima";"195.399";"BR-116/PR";"Sul";"Saida de Pista";0;0;1;0;0;0;0;0;0;0;0;2;0;0;0
"27/07/2010";"06:10:00";"2031";"sem vítima";"125.800";"BR-116/PR";"Norte";"Choque - Veiculo parado na pista";2;0;0;0;0;0;0;0;0;0;2;0;0;0;0
"27/07/2010";"08:23:00";"2036";"sem vítima";"119.050";"BR-116/PR";"Norte";"Colisão Traseira";1;0;0;1;0;0;0;0;0;0;3;0;0;0;0
"27/07/2010";"01:14:00";"2055";"sem vítima";"245.5";"BR-116/SC";"Sul";"Colisão Transversal";2;0;0;0;0;0;0;0;0;0;4;0;0;0;0
"27/07/2010";"06:54:00";"2078";"sem vítima";"141";"BR-116/SC";"Norte";"Saida de Pista";0;0;1;0;0;0;0;0;0;0;1;0;0;0;0
"28/07/2010";"06:40:00";"2100";"sem vítima";"36.5";"BR-116/SC";"Norte";"Colisão Lateral";0;0;1;0;0;1;0;0;0;0;2;0;0;0;0
"28/07/2010";"09:10:00";"2106";"sem vítima";"206.949";"BR-116/PR";"Norte";"Atropelamento de Animal";1;0;0;0;0;0;0;0;0;0;1;0;0;0;0
"28/07/2010";"09:20:00";"2109";"sem vítima";"175.5";"BR-116/PR";"Sul";"Atropelamento de Animal";1;0;0;0;0;0;0;0;0;0;1;0;0;0;0
"28/07/2010";"11:32:00";"2121";"sem vítima";"197";"BR-116/PR";"Norte";"Objeto lançado contra veículo";1;0;0;0;0;0;0;0;0;0;1;0;0;0;0
"28/07/2010";"11:40:00";"2124";"sem vítima";"120.800";"BR-116/PR";"Sul";"Colisão Traseira";1;0;1;0;0;0;0;0;0;0;2;0;0;0;0
"28/07/2010";"12:04:00";"2126";"sem vítima";"198";"BR-116/PR";"Sul";"Objeto lançado contra veículo";0;0;1;0;0;0;0;0;0;0;1;0;0;0;0
"28/07/2010";"01:42:00";"2136";"com vítima";"180";"BR-116/PR";"Norte";"Saida de Pista";2;0;0;0;0;0;0;0;0;0;1;1;0;0;0
"28/07/2010";"04:30:00";"2153";"sem vítima";"141";"BR-116/PR";"Norte";"Objeto lançado contra veículo";1;0;0;0;0;0;0;0;0;0;1;0;0;0;0
"28/07/2010";"04:41:00";"2156";"sem vítima";"141";"BR-116/PR";"Norte";"Objeto lançado contra veículo";0;0;1;0;0;0;0;0;0;0;1;0;0;0;0
"28/07/2010";"04:50:00";"2157";"sem vítima";"141";"BR-116/PR";"Norte";"Objeto lançado contra veículo";1;0;0;0;0;0;0;0;0;0;1;0;0;0;0
"28/07/2010";"05:17:00";"2162";"sem vítima";"141";"BR-116/PR";"Norte";"Objeto lançado contra veículo";0;0;0;0;0;0;0;0;0;1;3;0;0;0;0
"28/07/2010";"05:30:00";"2163";"sem vítima";"141";"BR-116/PR";"Norte";"Objeto lançado contra veículo";1;0;0;0;0;0;0;0;0;0;1;0;0;0;0
"28/07/2010";"06:17:00";"2171";"sem vítima";"81";"BR-116/SC";"Sul";"Choque - Cancela de Pedagio";1;0;0;0;0;0;0;0;0;0;2;0;0;0;0
"29/07/2010";"03:10:00";"2198";"sem vítima";"171.600";"BR-116/PR";"Norte";"Saida de Pista";0;0;1;0;0;0;0;0;0;0;2;0;0;0;0
"29/07/2010";"03:59:00";"2199";"sem vítima";"119";"BR-116/PR";"Norte";"Colisão Lateral";1;0;0;0;0;1;0;0;0;0;2;0;0;0;0
"29/07/2010";"07:52:00";"2213";"sem vítima";"56.7000";"BR-116/SC";"Sul";"Colisão Lateral";1;0;1;0;0;0;0;0;0;0;4;0;0;0;0
"29/07/2010";"09:06:00";"2222";"com vítima";"118.900";"BR-116/PR";"Norte";"Colisão Transversal";0;1;0;1;0;0;0;0;0;0;1;1;0;0;0
"29/07/2010";"02:27:00";"2244";"sem vítima";"128.100";"BR-116/PR";"Sul";"Choque - Veiculo parado na pista";2;0;1;0;0;0;0;0;0;0;4;0;0;0;0
"29/07/2010";"05:03:00";"2254";"sem vítima";"79.0999";"BR-116/SC";"Sul";"Choque - Objeto sobre a pista";1;0;0;0;0;0;0;0;0;0;1;0;0;0;0
"30/07/2010";"04:06:00";"2297";"sem vítima";"308.700";"BR-116/SC";"Sul";"Tombamento";0;0;1;0;0;0;0;0;0;0;1;0;0;0;0
"30/07/2010";"05:48:00";"2353";"sem vítima";"42.0999";"BR-116/SC";"Norte";"Saida de Pista";1;0;0;0;0;0;0;0;0;0;5;0;0;0;0
"31/07/2010";"06:40:00";"2382";"sem vítima";"178.300";"BR-116/PR";"Norte";"Tombamento";0;0;1;0;0;0;0;0;0;0;2;0;0;0;0
"31/07/2010";"02:31:00";"2410";"com vítima";"65";"BR-116/SC";"Norte";"Colisão Lateral";1;0;0;0;0;1;0;0;0;0;2;1;0;0;0
"31/07/2010";"04:56:00";"2426";"sem vítima";"184.5";"BR-116/PR";"Sul";"Queda de Moto";0;0;0;1;0;0;0;0;0;0;1;0;0;0;0
"31/07/2010";"08:48:00";"2448";"sem vítima";"136.699";"BR-116/PR";"Sul";"Saida de Pista";1;0;0;0;0;0;0;0;0;0;3;0;0;0;0
"01/08/2010";"12:34:00";"4";"com vítima";"151.5";"BR-116/PR";"Sul";"Saida de Pista";1;0;0;0;0;0;0;0;0;0;0;0;1;0;0
"01/08/2010";"05:09:00";"15";"sem vítima";"209";"BR-116/PR";"Sul";"Colisão Traseira";1;0;0;0;0;1;0;0;0;0;4;0;0;0;0
"01/08/2010";"08:30:00";"22";"sem vítima";"125.099";"BR-116/PR";"Norte";"Colisão Traseira";1;0;0;0;1;0;0;0;0;0;2;0;0;0;0
"01/08/2010";"09:49:00";"32";"sem vítima";"69.3000";"BR-116/SC";"Norte";"Choque - Outros";1;0;0;0;0;0;0;0;0;0;3;0;0;0;0
"01/08/2010";"09:51:00";"33";"sem vítima";"184.800";"BR-116/PR";"Norte";"Saida de Pista";1;0;0;0;0;0;0;0;0;0;1;0;0;0;0
"01/08/2010";"11:11:00";"36";"com vítima";"153.800";"BR-116/PR";"Sul";"Colisão Transversal";1;0;0;0;1;0;0;0;0;0;2;1;1;0;0
"01/08/2010";"12:11:00";"43";"sem vítima";"105.300";"BR-116/SC";"Norte";"Colisão Lateral";1;0;1;0;0;0;0;0;0;0;4;0;0;0;0
"01/08/2010";"05:22:00";"65";"sem vítima";"124";"BR-116/PR";"Norte";"Colisão Traseira";3;0;0;0;0;0;0;0;0;0;11;0;0;0;0
"02/08/2010";"04:27:00";"150";"sem vítima";"248.199";"BR-116/SC";"Norte";"Choque - Objeto sobre a pista";1;0;0;0;0;0;0;0;0;0;5;0;0;0;0
"03/08/2010";"10:52:00";"207";"sem vítima";"140";"BR-116/PR";"Norte";"Objeto lançado contra veículo";1;0;0;0;0;0;0;0;0;0;1;0;0;0;0
"03/08/2010";"10:56:00";"209";"sem vítima";"4.59999";"BR-116/SC";"Norte";"Colisão Traseira";0;0;2;0;0;0;0;0;0;0;2;0;0;0;0
"03/08/2010";"06:08:00";"238";"sem vítima";"233";"BR-116/SC";"Norte";"Choque - Cancela de Pedagio";0;0;0;0;0;0;0;0;0;1;10;0;0;0;0
"03/08/2010";"06:08:00";"237";"sem vítima";"124";"BR-116/PR";"Norte";"Colisão Traseira";2;0;1;0;0;0;0;0;0;0;8;0;0;0;0
"03/08/2010";"10:23:00";"254";"sem vítima";"153.300";"BR-116/PR";"Sul";"Saida de Pista";0;0;1;0;0;0;0;0;0;0;1;0;0;0;0
"04/08/2010";"12:17:00";"261";"sem vítima";"185.600";"BR-116/SC";"Norte";"Colisão Lateral";0;0;2;0;0;0;0;0;0;0;3;0;0;0;0
"04/08/2010";"12:53:00";"262";"com vítima";"47.4000";"BR-116/SC";"Norte";"Choque - Defensa, barreira ou "submarino"";0;0;1;0;0;0;0;0;0;0;0;1;0;0;0
"04/08/2010";"07:50:00";"274";"com vítima";"117.800";"BR-116/PR";"Sul";"Atropelamento - Usuário";1;0;0;0;0;0;0;0;0;0;1;1;0;0;0
"04/08/2010";"08:37:00";"277";"sem vítima";"115.699";"BR-116/PR";"Sul";"Choque - Veiculo parado na pista";1;0;0;0;0;0;0;0;0;1;2;0;0;0;0
"04/08/2010";"09:21:00";"282";"sem vítima";"168.899";"BR-116/SC";"Norte";"Saida de Pista";1;0;0;0;0;0;0;0;0;0;2;0;0;0;0
"04/08/2010";"09:37:00";"285";"sem vítima";"125.800";"BR-116/PR";"Sul";"Choque - Veiculo parado na pista";1;0;1;0;0;0;0;0;0;0;2;0;0;0;0
"04/08/2010";"12:03:00";"294";"com vítima";"1.79999";"BR-116/SC";"Sul";"Colisão Transversal";1;0;0;0;0;0;0;0;0;1;2;2;0;0;0
"04/08/2010";"10:22:00";"341";"sem vítima";"125.099";"BR-116/PR";"Norte";"Colisão Lateral";1;0;1;0;0;0;0;0;0;0;2;0;0;0;0
"05/08/2010";"06:52:00";"363";"sem vítima";"116";"BR-116/PR";"Sul";"Colisão Transversal";3;0;0;0;0;0;0;0;0;0;3;0;0;0;0
"05/08/2010";"08:47:00";"375";"sem vítima";"180";"BR-116/SC";"Norte";"Colisão Transversal";2;0;0;0;0;0;0;0;0;0;2;0;0;0;0
"05/08/2010";"10:22:00";"386";"sem vítima";"201";"BR-116/SC";"Norte";"Colisão Transversal";1;0;1;0;0;0;0;0;0;0;4;0;0;0;0
"05/08/2010";"07:01:00";"432";"com vítima";"169.899";"BR-116/SC";"Sul";"Choque - Objeto sobre a pista";0;0;0;1;0;0;0;0;0;0;0;1;0;0;0
"06/08/2010";"02:04:00";"458";"com vítima";"202.300";"BR-116/SC";"Sul";"Capotamento";1;0;0;0;0;0;0;0;0;0;0;2;0;0;0
"06/08/2010";"08:02:00";"469";"sem vítima";"116.5";"BR-116/PR";"Sul";"Engavetamento";3;0;0;0;0;0;0;0;0;0;4;0;0;0;0
"06/08/2010";"01:37:00";"507";"sem vítima";"133";"BR-116/SC";"Norte";"Choque - Objeto sobre a pista";0;0;1;0;0;0;0;0;0;0;1;0;0;0;0
"06/08/2010";"03:06:00";"520";"sem vítima";"184.800";"BR-116/SC";"Norte";"Colisão Transversal";1;0;1;0;0;0;0;0;0;0;2;0;0;0;0
"06/08/2010";"04:31:00";"527";"sem vítima";"99.0999";"BR-116/SC";"Sul";"Colisão Traseira";2;0;0;0;0;0;0;0;0;0;6;0;0;0;0
"06/08/2010";"06:50:00";"545";"sem vítima";"233";"BR-116/SC";"Norte";"Colisão Traseira";2;0;0;0;0;0;0;0;0;0;4;0;0;0;0
"06/08/2010";"06:53:00";"546";"com vítima";"117.400";"BR-116/SC";"Sul";"Choque - Objeto sobre a pista";0;0;0;0;1;0;0;0;0;0;49;1;0;0;0
"06/08/2010";"07:55:00";"555";"com vítima";"122";"BR-116/PR";"Sul";"Colisão Transversal";1;0;0;1;0;0;0;0;0;0;1;1;0;0;0
"07/08/2010";"04:36:00";"585";"com vítima";"137.119";"BR-116/SC";"Norte";"Saida de Pista";0;0;0;0;0;0;0;0;0;1;0;0;0;0;4
"07/08/2010";"11:21:00";"604";"sem vítima";"18";"BR-116/SC";"Norte";"Objeto lançado contra veículo";0;0;1;0;0;0;0;0;0;0;1;0;0;0;0
"07/08/2010";"12:50:00";"612";"sem vítima";"209.199";"BR-116/PR";"Sul";"Colisão Lateral";1;0;1;0;0;0;0;0;0;0;2;0;0;0;0
"07/08/2010";"12:52:00";"613";"com vítima";"123.699";"BR-116/SC";"Sul";"Saida de Pista";1;0;0;0;0;0;0;0;0;0;0;1;3;0;0
"07/08/2010";"04:20:00";"630";"sem vítima";"109.599";"BR-116/SC";"Norte";"Colisão Traseira";1;0;1;0;0;1;0;0;0;0;7;0;0;0;0
"07/08/2010";"04:55:00";"635";"sem vítima";"119";"BR-116/SC";"Norte";"Objeto lançado contra veículo";1;0;0;0;0;0;0;0;0;0;5;0;0;0;0
"08/08/2010";"12:34:00";"666";"sem vítima";"257.399";"BR-116/SC";"Norte";"Saida de Pista";1;0;0;0;0;0;0;0;0;0;1;0;0;0;0
"08/08/2010";"04:34:00";"674";"com vítima";"169.899";"BR-116/SC";"Sul";"Choque - Talude";1;0;0;0;0;0;0;0;0;0;1;1;0;0;0
"08/08/2010";"03:09:00";"714";"sem vítima";"12.3000";"BR-116/SC";"Norte";"Colisão Transversal";1;0;0;0;0;0;0;0;0;1;7;0;0;0;0
"08/08/2010";"05:10:00";"730";"sem vítima";"123.5";"BR-116/PR";"Sul";"Colisão Traseira";2;0;0;0;0;0;0;0;0;0;8;0;0;0;0
"08/08/2010";"05:47:00";"737";"sem vítima";"129.5";"BR-116/PR";"Norte";"Colisão Lateral";0;0;1;0;0;1;0;0;0;0;2;0;0;0;0
"08/08/2010";"06:56:00";"743";"sem vítima";"202.600";"BR-116/PR";"Norte";"Choque - Veiculo parado na pista";1;0;0;0;0;1;0;0;0;0;5;0;0;0;0
"09/08/2010";"07:00:00";"780";"sem vítima";"178.050";"BR-116/PR";"Norte";"Colisão Lateral";1;0;1;0;0;0;0;0;0;0;5;0;0;0;0
"09/08/2010";"10:07:00";"793";"sem vítima";"233";"BR-116/SC";"Sul";"Outros";0;0;1;0;0;0;0;0;0;0;1;0;0;0;0
"09/08/2010";"10:48:00";"794";"sem vítima";"130.600";"BR-116/PR";"Norte";"Colisão Traseira";1;0;0;0;0;0;0;0;0;1;4;0;0;0;0
"09/08/2010";"05:14:00";"815";"sem vítima";"121.5";"BR-116/PR";"Sul";"Objeto lançado contra veículo";0;0;0;0;0;0;0;0;0;1;1;0;0;0;0
"09/08/2010";"07:08:00";"829";"com vítima";"116.900";"BR-116/PR";"Sul";"Atropelamento - Morador";1;0;0;0;0;0;0;0;0;0;1;1;0;0;0
"10/08/2010";"06:57:00";"857";"sem vítima";"114.900";"BR-116/SC";"Norte";"Saida de Pista";1;0;0;0;0;0;0;0;0;0;1;0;0;0;0
"10/08/2010";"01:57:00";"883";"sem vítima";"211.300";"BR-116/SC";"Sul";"Saida de Pista";1;0;0;0;0;0;0;0;0;0;1;0;0;0;0
"10/08/2010";"05:04:00";"896";"sem vítima";"83";"BR-116/SC";"Sul";"Objeto lançado contra veículo";1;0;0;0;0;0;0;0;0;0;1;0;0;0;0
"10/08/2010";"06:57:00";"904";"sem vítima";"199";"BR-116/PR";"Sul";"Colisão Traseira";1;0;1;0;0;0;0;0;0;0;3;0;0;0;0
"10/08/2010";"07:56:00";"912";"com vítima";"119.5";"BR-116/PR";"Norte";"Colisão Transversal";0;0;1;0;0;0;0;0;0;1;4;2;0;0;0
"10/08/2010";"08:06:00";"914";"sem vítima";"33";"BR-116/SC";"Sul";"Saida de Pista";1;0;0;0;0;0;0;0;0;0;1;0;0;0;0
"10/08/2010";"10:08:00";"917";"sem vítima";"143.050";"BR-116/PR";"Sul";"Atropelamento de Animal";0;0;1;0;0;0;0;0;0;0;1;0;0;0;0
"11/08/2010";"07:16:00";"936";"com vítima";"144.5";"BR-116/PR";"Sul";"Saida de Pista";1;0;0;0;0;0;0;0;0;0;0;1;0;0;0
"11/08/2010";"08:09:00";"942";"sem vítima";"117.650";"BR-116/PR";"Sul";"Colisão Traseira";1;0;0;0;0;0;0;0;0;1;4;0;0;0;0
"11/08/2010";"08:10:00";"944";"sem vítima";"117.599";"BR-116/PR";"Sul";"Colisão Traseira";0;0;2;0;0;0;0;0;0;0;2;0;0;0;0
"11/08/2010";"08:13:00";"943";"sem vítima";"116.800";"BR-116/PR";"Norte";"Colisão Traseira";1;0;0;0;0;0;0;0;0;1;2;0;0;0;0
"11/08/2010";"09:30:00";"948";"sem vítima";"117.900";"BR-116/PR";"Norte";"Colisão Lateral";1;0;1;0;0;0;0;0;0;0;3;0;0;0;0
"11/08/2010";"10:52:00";"953";"sem vítima";"15";"BR-116/SC";"Sul";"Objeto lançado contra veículo";0;0;1;0;0;0;0;0;0;0;1;0;0;0;0
"11/08/2010";"11:52:00";"957";"sem vítima";"187.199";"BR-116/PR";"Sul";"Choque - Objeto sobre a pista";0;0;1;0;0;0;0;0;0;0;1;0;0;0;0
"11/08/2010";"03:13:00";"964";"sem vítima";"144.100";"BR-116/PR";"Norte";"Tombamento";0;0;1;0;0;0;0;0;0;0;1;0;0;0;0
"11/08/2010";"03:48:00";"971";"sem vítima";"121";"BR-116/PR";"Sul";"Colisão Lateral";1;0;2;0;0;0;0;0;0;0;3;0;0;0;0
"12/08/2010";"09:30:00";"1022";"sem vítima";"125";"BR-116/PR";"Sul";"Objeto lançado contra veículo";1;0;0;0;0;0;0;0;0;0;1;0;0;0;0
"12/08/2010";"11:35:00";"1027";"sem vítima";"204";"BR-116/PR";"Norte";"Choque - Cancela de Pedagio";0;0;1;0;0;0;0;0;0;0;1;0;0;0;0
"12/08/2010";"12:10:00";"1028";"sem vítima";"198.300";"BR-116/PR";"Norte";"Saida de Pista";0;0;1;0;0;0;0;0;0;0;1;0;0;0;0
"12/08/2010";"05:23:00";"1066";"sem vítima";"214.600";"BR-116/SC";"Sul";"Saida de Pista";1;0;0;0;0;0;0;0;0;0;1;0;0;0;0
"12/08/2010";"11:11:00";"1100";"sem vítima";"37.0999";"BR-116/SC";"Sul";"Atropelamento de Animal";0;0;1;0;0;0;0;0;0;0;1;0;0;0;0
"12/08/2010";"11:29:00";"1102";"sem vítima";"204";"BR-116/PR";"Sul";"Choque - Cancela de Pedagio";1;0;0;0;0;0;0;0;0;0;1;0;0;0;0
"13/08/2010";"07:12:00";"1115";"sem vítima";"217.5";"BR-116/SC";"Sul";"Colisão Transversal";0;0;2;0;0;0;0;0;0;0;2;0;0;0;0
"13/08/2010";"07:24:00";"1117";"sem vítima";"74.0999";"BR-116/SC";"Sul";"Choque - Arvore";0;0;1;0;0;0;0;0;0;0;1;0;0;0;0
"13/08/2010";"12:48:00";"1132";"sem vítima";"229";"BR-116/SC";"Sul";"Objeto lançado contra veículo";1;0;0;0;0;0;0;0;0;0;2;0;0;0;0
"13/08/2010";"06:04:00";"1157";"com vítima";"182.800";"BR-116/SC";"Norte";"Saida de Pista";1;0;0;0;0;0;0;0;0;0;1;2;0;0;0
"13/08/2010";"10:40:00";"1182";"com vítima";"85";"BR-116/SC";"Sul";"Colisão Traseira";1;0;0;1;0;0;0;0;0;0;2;1;0;0;0
"14/08/2010";"10:10:00";"1205";"sem vítima";"116";"BR-116/PR";"Norte";"Choque - Veiculo parado na pista";1;0;0;0;0;1;0;0;0;0;2;0;0;0;0
"14/08/2010";"11:43:00";"1213";"sem vítima";"204";"BR-116/PR";"Sul";"Objeto lançado contra veículo";1;0;0;0;0;0;0;0;0;0;2;0;0;0;0
"14/08/2010";"02:14:00";"1222";"sem vítima";"235.800";"BR-116/SC";"Norte";"Saida de Pista";1;0;0;0;0;0;0;0;0;0;1;0;0;0;0
"14/08/2010";"04:06:00";"1229";"sem vítima";"10";"BR-116/SC";"Sul";"Colisão Lateral";1;0;0;0;0;1;0;0;0;0;2;0;0;0;0
"14/08/2010";"09:05:00";"1246";"com vítima";"139.199";"BR-116/PR";"Norte";"Colisão Frontal";1;0;1;0;0;0;0;0;0;0;1;1;0;0;0
"15/08/2010";"12:03:00";"1252";"com vítima";"127.699";"BR-116/PR";"Norte";"Colisão Transversal";1;0;1;0;0;0;0;0;0;0;3;1;0;0;0
"15/08/2010";"09:13:00";"1279";"sem vítima";"120.5";"BR-116/SC";"Sul";"Objeto lançado contra veículo";1;0;0;0;0;0;0;0;0;0;3;0;0;0;0
"15/08/2010";"01:36:00";"1297";"com vítima";"129";"BR-116/PR";"Sul";"Colisão Transversal";1;0;0;1;0;0;0;0;0;0;2;0;1;0;0
"15/08/2010";"07:18:00";"1326";"com vítima";"131.800";"BR-116/PR";"Sul";"Colisão Frontal";1;0;0;1;0;0;0;0;0;0;2;0;1;0;0
"15/08/2010";"09:59:00";"1338";"sem vítima";"172.199";"BR-116/PR";"Sul";"Colisão Traseira";1;0;1;0;0;0;0;0;0;0;2;0;0;0;0
"15/08/2010";"10:05:00";"1339";"com vítima";"38.2999";"BR-116/SC";"Norte";"Colisão Frontal";1;0;1;0;0;0;0;0;0;0;1;0;0;0;1
"15/08/2010";"11:00:00";"1341";"com vítima";"173.449";"BR-116/PR";"Sul";"Colisão Frontal";2;0;0;0;0;0;0;0;0;0;0;2;1;0;1
"16/08/2010";"10:52:00";"1369";"com vítima";"197";"BR-116/PR";"Sul";"Saida de Pista";1;0;0;0;0;0;0;0;0;0;0;1;0;0;0
"16/08/2010";"11:58:00";"1376";"com vítima";"147.100";"BR-116/PR";"Norte";"Colisão Transversal";2;0;0;0;0;0;0;0;0;0;0;2;1;0;0
"16/08/2010";"02:38:00";"1386";"sem vítima";"132";"BR-116/PR";"Sul";"Objeto lançado contra veículo";1;0;0;0;0;0;0;0;0;0;1;0;0;0;0
"16/08/2010";"04:58:00";"1404";"sem vítima";"115.5";"BR-116/PR";"Sul";"Choque - Veiculo parado na pista";1;0;0;0;0;0;0;0;0;1;2;0;0;0;0
"16/08/2010";"05:36:00";"1408";"sem vítima";"124.050";"BR-116/PR";"Norte";"Saida de Pista";1;0;0;0;0;0;0;0;0;0;2;0;0;0;0
"16/08/2010";"06:47:00";"1411";"sem vítima";"211";"BR-116/SC";"Sul";"Atropelamento de Animal";1;0;0;0;0;0;0;0;0;0;2;0;0;0;0
"16/08/2010";"06:51:00";"1413";"sem vítima";"204";"BR-116/PR";"Sul";"Choque - Objeto sobre a pista";1;0;0;0;0;0;0;0;0;0;1;0;0;0;0
"16/08/2010";"07:38:00";"1419";"sem vítima";"308.600";"BR-116/SC";"Sul";"Outros";0;0;1;0;0;0;0;0;0;0;1;0;0;0;0
"17/08/2010";"08:08:00";"1442";"com vítima";"217.300";"BR-116/SC";"Sul";"Colisão Transversal";1;0;1;0;0;0;0;0;0;0;2;1;0;0;0
"17/08/2010";"05:21:00";"1483";"sem vítima";"91";"BR-116/SC";"Norte";"Objeto lançado contra veículo";1;0;0;0;0;0;0;0;0;0;1;0;0;0;0
"18/08/2010";"12:26:00";"1510";"sem vítima";"134";"BR-116/PR";"Norte";"Choque - Cancela de Pedagio";0;0;1;0;0;0;0;0;0;0;1;0;0;0;0
"18/08/2010";"03:33:00";"1546";"com vítima";"9.69999";"BR-116/SC";"Norte";"Colisão Lateral";0;0;3;0;0;0;0;0;0;0;3;1;0;0;0
"18/08/2010";"03:39:00";"1547";"sem vítima";"81.8000";"BR-116/SC";"Norte";"Colisão Lateral";1;0;1;0;0;0;0;0;0;0;2;0;0;0;0
"18/08/2010";"05:56:00";"1557";"sem vítima";"136";"BR-116/PR";"Norte";"Choque - Objeto sobre a pista";1;0;0;0;0;0;0;0;0;0;1;0;0;0;0
"18/08/2010";"07:32:00";"1562";"sem vítima";"82";"BR-116/SC";"Sul";"Choque - Objeto não identificado";1;0;0;0;0;0;0;0;0;0;1;0;0;0;0
"18/08/2010";"09:52:00";"1568";"sem vítima";"161.800";"BR-116/PR";"Norte";"Colisão Traseira";0;0;2;0;0;0;0;0;0;0;2;0;0;0;0
"19/08/2010";"09:12:00";"1594";"sem vítima";"127.699";"BR-116/PR";"Sul";"Colisão Traseira";0;0;0;0;0;0;0;0;0;2;7;0;0;0;0
"19/08/2010";"11:37:00";"1603";"sem vítima";"308.799";"BR-116/SC";"Sul";"Colisão Lateral";1;0;1;0;0;0;0;0;0;0;3;0;0;0;0
"19/08/2010";"01:31:00";"1609";"com vítima";"3.79999";"BR-116/SC";"Sul";"Choque - Talude";1;0;0;0;0;0;0;0;0;0;0;1;0;0;0
"19/08/2010";"03:52:00";"1615";"sem vítima";"19";"BR-116/SC";"Norte";"Colisão Transversal";1;0;1;0;0;0;0;0;0;0;2;0;0;0;0
"19/08/2010";"05:26:00";"1627";"com vítima";"115";"BR-116/PR";"Norte";"Colisão Lateral";1;0;0;1;0;0;0;0;0;1;6;1;0;0;0
"19/08/2010";"05:50:00";"1630";"sem vítima";"115";"BR-116/PR";"Norte";"Colisão Transversal";1;0;1;0;0;0;0;0;0;0;2;0;0;0;0
"20/08/2010";"05:18:00";"1703";"sem vítima";"133";"BR-116/SC";"Sul";"Saida de Pista";1;0;0;0;0;0;0;0;0;0;1;0;0;0;0
"20/08/2010";"08:39:00";"1727";"sem vítima";"233";"BR-116/SC";"Norte";"Choque - Veiculo parado na pista";1;0;1;0;0;0;0;0;0;0;3;0;0;0;0
"21/08/2010";"08:18:00";"1755";"com vítima";"92.5999";"BR-116/SC";"Norte";"Saida de Pista";1;0;0;0;0;0;0;0;0;0;5;1;0;0;0
"21/08/2010";"05:13:00";"1791";"com vítima";"235";"BR-116/SC";"Sul";"Colisão Frontal";0;0;1;0;1;0;0;0;0;0;1;3;2;0;1
"21/08/2010";"06:22:00";"1797";"com vítima";"135.5";"BR-116/PR";"Sul";"Colisão Transversal";0;0;0;2;0;0;0;0;0;0;0;2;1;0;0
"22/08/2010";"03:54:00";"1822";"com vítima";"160.100";"BR-116/SC";"Norte";"Colisão Frontal";1;0;1;0;0;0;0;0;0;0;1;0;0;0;1
"22/08/2010";"05:41:00";"1828";"com vítima";"122.5";"BR-116/PR";"Sul";"Colisão Frontal";2;0;0;0;0;0;0;0;0;0;4;3;0;0;0
"23/08/2010";"06:17:00";"1903";"sem vítima";"130.600";"BR-116/PR";"Norte";"Choque - Objeto sobre a pista";1;0;0;0;0;0;0;0;0;0;1;0;0;0;0
"23/08/2010";"06:20:00";"1905";"sem vítima";"130.600";"BR-116/PR";"Sul";"Choque - Objeto sobre a pista";1;0;0;0;0;0;0;0;0;0;1;0;0;0;0