data;horario;n_da_ocorrencia;tipo_de_ocorrencia;km;trecho;sentido;tipo_de_acidente;automovel;bicicleta;caminhao;moto;onibus;outros;tracao_animal;transporte_de_cargas_especiais;trator_maquinas;utilitarios;ilesos;levemente_feridos;moderadamente_feridos;gravemente_feridos;mortos
"11/10/2010";"09:43:00";"989";"sem vítima";"185";"BR-116/SC";"Sul";"Colisão Transversal";1;0;1;0;0;0;0;0;0;0;3;0;0;0;0
"11/10/2010";"11:36:00";"992";"sem vítima";"176.399";"BR-116/SC";"Sul";"Saida de Pista";1;0;0;0;0;0;0;0;0;0;4;0;0;0;0
"12/10/2010";"04:57:00";"1035";"sem vítima";"152";"BR-116/SC";"Norte";"Objeto lançado contra veículo";0;0;1;0;0;1;0;0;0;0;2;0;0;0;0
"12/10/2010";"05:35:00";"1037";"sem vítima";"130";"BR-116/SC";"Norte";"Colisão Traseira";1;0;1;0;0;0;0;0;0;0;5;0;0;0;0
"12/10/2010";"06:44:00";"1045";"sem vítima";"34";"BR-116/SC";"Sul";"Saida de Pista";0;0;1;0;0;0;0;0;0;0;1;0;0;0;0
"12/10/2010";"07:13:00";"1052";"sem vítima";"61.4000";"BR-116/SC";"Sul";"Colisão Lateral";2;0;0;0;0;0;0;0;0;0;9;0;0;0;0
"13/10/2010";"08:18:00";"1080";"sem vítima";"79.0999";"BR-116/SC";"Norte";"Tombamento";0;0;1;0;0;0;0;0;0;0;1;0;0;0;0
"13/10/2010";"09:12:00";"1083";"sem vítima";"73.5";"BR-116/SC";"Sul";"Saida de Pista";1;0;0;0;0;0;0;0;0;0;2;0;0;0;0
"14/10/2010";"09:15:00";"1169";"sem vítima";"81";"BR-116/SC";"Sul";"Objeto lançado contra veículo";0;0;0;0;0;0;0;0;0;1;2;0;0;0;0
"14/10/2010";"11:56:00";"1182";"sem vítima";"308";"BR-116/SC";"Norte";"Saida de Pista";1;0;0;0;0;0;0;0;0;0;3;0;0;0;0
"14/10/2010";"11:59:00";"1183";"sem vítima";"234.399";"BR-116/SC";"Norte";"Saida de Pista";1;0;0;0;0;0;0;0;0;0;1;0;0;0;0
"14/10/2010";"02:58:00";"1194";"sem vítima";"137";"BR-116/PR";"Norte";"Choque - Objeto sobre a pista";0;0;0;0;0;0;0;0;0;1;1;0;0;0;0
"14/10/2010";"03:11:00";"1196";"sem vítima";"62.7000";"BR-116/SC";"Sul";"Saida de Pista";0;0;1;0;0;0;0;0;0;0;1;0;0;0;0
"14/10/2010";"05:07:00";"1209";"sem vítima";"139";"BR-116/SC";"Norte";"Colisão Lateral";1;0;1;0;0;0;0;0;0;0;4;0;0;0;0
"14/10/2010";"05:29:00";"1211";"sem vítima";"159.5";"BR-116/PR";"Norte";"Saida de Pista";1;0;0;0;0;0;0;0;0;0;2;0;0;0;0
"15/10/2010";"06:22:00";"1256";"sem vítima";"125.900";"BR-116/PR";"Norte";"Saida de Pista";0;0;0;0;1;0;0;0;0;0;2;0;0;0;0
"15/10/2010";"10:25:00";"1277";"sem vítima";"126.099";"BR-116/PR";"Norte";"Colisão Traseira";2;0;0;0;0;0;0;0;0;0;2;0;0;0;0
"15/10/2010";"08:06:00";"1318";"sem vítima";"86";"BR-116/SC";"Norte";"Atropelamento de Animal";1;0;0;0;0;0;0;0;0;0;3;0;0;0;0
"16/10/2010";"02:15:00";"1336";"sem vítima";"178.600";"BR-116/PR";"Norte";"Saida de Pista";0;0;1;0;0;0;0;0;0;0;1;0;0;0;0
"16/10/2010";"02:56:00";"1337";"com vítima";"87.3000";"BR-116/SC";"Norte";"Saida de Pista";1;0;0;0;0;0;0;0;0;0;1;4;0;0;0
"16/10/2010";"08:57:00";"1353";"sem vítima";"130";"BR-116/PR";"Sul";"Colisão Traseira";0;0;2;0;0;0;0;0;0;0;2;0;0;0;0
"16/10/2010";"05:26:00";"1392";"com vítima";"119.400";"BR-116/PR";"Norte";"Colisão Lateral";1;0;0;1;0;0;0;0;0;0;4;1;0;0;0
"16/10/2010";"06:21:00";"1401";"sem vítima";"233";"BR-116/SC";"Norte";"Choque - Defensa, barreira ou "submarino"";0;0;0;0;1;0;0;0;0;0;1;0;0;0;0
"16/10/2010";"08:39:00";"1416";"com vítima";"172.300";"BR-116/SC";"Norte";"Saida de Pista";1;0;0;0;0;0;0;0;0;0;0;1;0;0;0
"16/10/2010";"11:07:00";"1423";"com vítima";"6.80000";"BR-116/SC";"Norte";"Colisão Traseira";1;0;1;0;0;0;0;0;0;0;1;0;0;0;1
"17/10/2010";"01:36:00";"1430";"sem vítima";"119";"BR-116/PR";"Norte";"Colisão Lateral";2;0;0;0;0;0;0;0;0;0;7;0;0;0;0
"17/10/2010";"05:36:00";"1439";"sem vítima";"2";"BR-116/SC";"Norte";"Choque - Defensa, barreira ou "submarino"";0;0;1;0;0;0;0;0;0;0;1;0;0;0;0
"17/10/2010";"08:10:00";"1447";"sem vítima";"8.39999";"BR-116/SC";"Sul";"Saida de Pista";1;0;0;0;0;0;0;0;0;0;1;0;0;0;0
"17/10/2010";"10:26:00";"1462";"sem vítima";"108";"BR-116/SC";"Sul";"Colisão Traseira";2;0;0;0;0;0;0;0;0;0;4;0;0;0;0
"17/10/2010";"12:22:00";"1477";"sem vítima";"82";"BR-116/SC";"Sul";"Choque - Objeto sobre a pista";0;0;1;0;0;0;0;0;0;0;1;0;0;0;0
"17/10/2010";"07:53:00";"1508";"com vítima";"117.5";"BR-116/PR";"Norte";"Colisão Transversal";1;1;0;0;0;0;0;0;0;0;1;0;0;1;0
"17/10/2010";"08:00:00";"1510";"sem vítima";"150.199";"BR-116/SC";"Norte";"Saida de Pista";1;0;0;0;0;0;0;0;0;0;4;0;0;0;0
"17/10/2010";"09:33:00";"1523";"sem vítima";"118.900";"BR-116/PR";"Norte";"Colisão Traseira";2;0;1;0;0;0;0;0;0;0;3;0;0;0;0
"17/10/2010";"11:07:00";"1535";"com vítima";"119.5";"BR-116/PR";"Norte";"Queda de Moto";0;0;0;1;0;0;0;0;0;0;0;1;0;0;0
"18/10/2010";"12:37:00";"1542";"com vítima";"122.949";"BR-116/PR";"Norte";"Colisão Frontal";1;0;1;0;0;0;0;0;0;0;2;0;0;0;1
"18/10/2010";"08:23:00";"1555";"sem vítima";"143";"BR-116/PR";"Norte";"Saida de Pista";1;0;0;0;0;0;0;0;0;0;2;0;0;0;0
"18/10/2010";"04:34:00";"1595";"sem vítima";"49.5";"BR-116/SC";"Norte";"Objeto lançado contra veículo";1;0;0;0;0;0;0;0;0;0;1;0;0;0;0
"18/10/2010";"06:09:00";"1609";"sem vítima";"170.600";"BR-116/SC";"Norte";"Saida de Pista";0;0;0;0;0;0;0;0;0;1;1;0;0;0;0
"18/10/2010";"11:53:00";"1634";"com vítima";"193.100";"BR-116/SC";"Norte";"Saida de Pista";0;0;1;0;0;0;0;0;0;0;0;2;0;0;0
"19/10/2010";"02:02:00";"1641";"sem vítima";"153";"BR-116/PR";"Sul";"Objeto lançado contra veículo";0;0;1;0;0;0;0;0;0;0;1;0;0;0;0
"19/10/2010";"04:57:00";"1648";"com vítima";"54.5";"BR-116/SC";"Sul";"Tombamento";0;0;1;0;0;0;0;0;0;0;1;1;0;0;0
"19/10/2010";"06:57:00";"1650";"sem vítima";"122.199";"BR-116/SC";"Norte";"Colisão Lateral";0;0;0;0;1;0;0;0;0;1;2;0;0;0;0
"19/10/2010";"03:58:00";"1695";"sem vítima";"73";"BR-116/SC";"Norte";"Choque - Objeto sobre a pista";0;0;1;0;0;0;0;0;0;0;1;0;0;0;0
"19/10/2010";"04:07:00";"1696";"sem vítima";"53.2999";"BR-116/SC";"Sul";"Choque - Veiculo parado na pista";2;0;0;0;0;0;0;0;0;0;6;0;0;0;0
"19/10/2010";"04:58:00";"1705";"sem vítima";"120";"BR-116/PR";"Norte";"Colisão Traseira";1;0;1;0;0;0;0;0;0;0;3;0;0;0;0
"19/10/2010";"06:53:00";"1720";"sem vítima";"272.5";"BR-116/SC";"Norte";"Choque - Veiculo parado no acostamento";1;0;1;0;0;0;0;0;0;0;2;0;0;0;0
"19/10/2010";"09:07:00";"1730";"com vítima";"139.399";"BR-116/PR";"Sul";"Colisão Transversal";1;1;0;0;0;0;0;0;0;0;3;0;1;0;0
"20/10/2010";"08:19:00";"1756";"sem vítima";"174.5";"BR-116/SC";"Sul";"Saida de Pista";1;0;0;0;0;0;0;0;0;0;1;0;0;0;0
"20/10/2010";"08:41:00";"1760";"com vítima";"170.100";"BR-116/PR";"Sul";"Queda de Moto";0;0;0;1;0;0;0;0;0;0;0;2;0;0;0
"20/10/2010";"08:42:00";"1761";"sem vítima";"2.40000";"BR-116/SC";"Sul";"Saida de Pista";1;0;0;0;0;0;0;0;0;0;1;0;0;0;0
"20/10/2010";"07:39:00";"1827";"sem vítima";"100";"BR-116/SC";"Norte";"Objeto lançado contra veículo";0;0;1;0;0;0;0;0;0;0;1;0;0;0;0
"20/10/2010";"08:41:00";"1832";"sem vítima";"11.5";"BR-116/SC";"Sul";"Colisão Traseira";2;0;0;0;0;0;0;0;0;0;2;0;0;0;0
"20/10/2010";"09:01:00";"1836";"com vítima";"122";"BR-116/PR";"Norte";"Colisão Transversal";1;0;0;1;0;0;0;0;0;0;1;1;0;0;0
"21/10/2010";"01:57:00";"1858";"sem vítima";"206.600";"BR-116/PR";"Norte";"Colisão Lateral";1;0;1;0;0;0;0;0;0;0;4;0;0;0;0
"21/10/2010";"07:52:00";"1867";"com vítima";"194.600";"BR-116/SC";"Norte";"Colisão Lateral";1;0;0;1;0;0;0;0;0;0;1;0;0;1;0
"21/10/2010";"08:12:00";"1873";"sem vítima";"148.399";"BR-116/PR";"Sul";"Choque - Outros";1;0;0;0;0;0;0;0;0;0;3;0;0;0;0
"21/10/2010";"10:04:00";"1882";"sem vítima";"167.5";"BR-116/PR";"Norte";"Colisão Traseira";0;0;2;0;0;0;0;0;0;0;2;0;0;0;0
"21/10/2010";"02:49:00";"1894";"sem vítima";"172";"BR-116/SC";"Norte";"Objeto lançado contra veículo";1;0;0;0;0;0;0;0;0;0;1;0;0;0;0
"22/10/2010";"09:19:00";"1953";"com vítima";"75.1399";"BR-116/SC";"Norte";"Colisão Traseira";1;0;0;0;0;0;0;0;0;1;3;2;0;0;0
"22/10/2010";"12:45:00";"1975";"sem vítima";"82";"BR-116/SC";"Norte";"Objeto lançado contra veículo";1;0;0;0;0;0;0;0;0;0;1;0;0;0;0
"22/10/2010";"01:29:00";"1979";"com vítima";"205";"BR-116/PR";"Sul";"Saida de Pista";1;0;0;0;0;0;0;0;0;0;1;1;0;0;0
"22/10/2010";"01:57:00";"1983";"sem vítima";"132.399";"BR-116/PR";"Sul";"Colisão Lateral";2;0;0;0;0;0;0;0;0;0;2;0;0;0;0
"22/10/2010";"02:46:00";"1989";"sem vítima";"182";"BR-116/SC";"Norte";"Objeto lançado contra veículo";1;0;0;0;0;0;0;0;0;0;1;0;0;0;0
"22/10/2010";"04:11:00";"1996";"com vítima";"209.399";"BR-116/SC";"Norte";"Saida de Pista";0;0;0;0;0;0;0;0;0;1;0;1;1;0;0
"23/10/2010";"04:55:00";"2042";"com vítima";"122.199";"BR-116/PR";"Norte";"Saida de Pista";1;0;0;0;0;0;0;0;0;0;0;1;0;0;0
"23/10/2010";"05:42:00";"2045";"sem vítima";"304.600";"BR-116/SC";"Sul";"Saida de Pista";0;0;1;0;0;0;0;0;0;0;1;0;0;0;0
"23/10/2010";"07:04:00";"2053";"com vítima";"74.5";"BR-116/SC";"Norte";"Engavetamento";0;0;3;0;0;0;0;0;0;0;2;2;0;0;0
"23/10/2010";"08:17:00";"2055";"com vítima";"262.799";"BR-116/SC";"Norte";"Saida de Pista";1;0;0;0;0;0;0;0;0;0;0;1;0;0;0
"23/10/2010";"01:58:00";"2069";"com vítima";"145.199";"BR-116/PR";"Norte";"Colisão Transversal";1;0;0;1;0;0;0;0;0;0;1;1;0;0;0
"23/10/2010";"04:41:00";"2081";"sem vítima";"196.600";"BR-116/SC";"Norte";"Colisão Traseira";2;0;0;0;0;0;0;0;0;0;2;0;0;0;0
"23/10/2010";"05:19:00";"2087";"sem vítima";"116";"BR-116/SC";"Norte";"Colisão Traseira";2;0;0;0;0;0;0;0;0;0;2;0;0;0;0
"23/10/2010";"06:49:00";"2097";"sem vítima";"115.400";"BR-116/PR";"Sul";"Colisão Lateral";2;0;0;0;0;0;0;0;0;0;3;0;0;0;0
"23/10/2010";"07:13:00";"2098";"sem vítima";"118.199";"BR-116/PR";"Sul";"Colisão Traseira";2;0;0;0;0;0;0;0;0;0;2;0;0;0;0
"24/10/2010";"12:28:00";"2119";"com vítima";"1.10000";"BR-116/SC";"Norte";"Choque - Defensa, barreira ou "submarino"";1;0;0;0;0;0;0;0;0;0;0;0;1;0;0
"24/10/2010";"03:36:00";"2128";"sem vítima";"131";"BR-116/PR";"Sul";"Colisão Lateral";2;0;0;0;0;0;0;0;0;0;2;0;0;0;0
"24/10/2010";"06:36:00";"2134";"sem vítima";"104";"BR-116/SC";"Norte";"Choque - Objeto sobre a pista";1;0;0;0;0;0;0;0;0;0;2;0;0;0;0
"24/10/2010";"07:46:00";"2200";"sem vítima";"140.5";"BR-116/SC";"Sul";"Choque - Objeto sobre a pista";1;0;0;0;0;0;0;0;0;0;2;0;0;0;0
"24/10/2010";"08:15:00";"2206";"sem vítima";"140.5";"BR-116/SC";"Sul";"Choque - Objeto sobre a pista";1;0;0;0;0;0;0;0;0;0;4;0;0;0;0
"24/10/2010";"09:51:00";"2215";"sem vítima";"100";"BR-116/SC";"Norte";"Objeto lançado contra veículo";1;0;0;0;0;0;0;0;0;0;1;0;0;0;0
"25/10/2010";"07:28:00";"2236";"com vítima";"119.400";"BR-116/PR";"Sul";"Colisão Transversal";1;0;0;1;0;0;0;0;0;0;1;1;0;0;0
"25/10/2010";"11:49:00";"2256";"sem vítima";"115.900";"BR-116/PR";"Norte";"Outros";0;0;1;0;0;0;0;0;0;0;1;0;0;0;0
"25/10/2010";"03:09:00";"2278";"sem vítima";"121.099";"BR-116/PR";"Norte";"Colisão Traseira";0;0;0;0;0;0;0;0;0;2;3;0;0;0;0
"25/10/2010";"05:24:00";"2288";"sem vítima";"53.2000";"BR-116/SC";"Sul";"Choque - Veiculo parado na pista";2;0;0;0;0;0;0;0;0;0;3;0;0;0;0
"26/10/2010";"06:43:00";"2322";"com vítima";"124.25";"BR-116/PR";"Norte";"Colisão Lateral";0;0;1;1;0;0;0;0;0;0;1;0;0;0;1
"26/10/2010";"08:26:00";"2326";"sem vítima";"240.050";"BR-116/SC";"Sul";"Objeto lançado contra veículo";0;0;1;0;0;0;0;0;1;0;2;0;0;0;0
"26/10/2010";"12:23:00";"2341";"com vítima";"12";"BR-116/SC";"Sul";"Colisão Transversal";0;0;2;0;0;0;0;0;0;0;2;2;0;0;0
"26/10/2010";"03:02:00";"2348";"sem vítima";"129.100";"BR-116/SC";"Norte";"Saida de Pista";1;0;0;0;0;0;0;0;0;0;2;0;0;0;0
"26/10/2010";"04:10:00";"2355";"sem vítima";"151.100";"BR-116/PR";"Norte";"Saida de Pista";1;0;0;0;0;0;0;0;0;0;1;0;0;0;0
"26/10/2010";"06:41:00";"2367";"com vítima";"173";"BR-116/SC";"Norte";"Colisão Lateral";0;1;1;0;0;0;0;0;0;0;1;0;1;0;0
"26/10/2010";"08:13:00";"2377";"sem vítima";"138.100";"BR-116/SC";"Sul";"Choque - Objeto sobre a pista";0;0;1;0;0;0;0;0;0;0;1;0;0;0;0
"27/10/2010";"06:17:00";"2395";"sem vítima";"127.5";"BR-116/PR";"Norte";"Colisão Traseira";1;0;0;0;1;0;0;0;0;0;3;0;0;0;0
"27/10/2010";"05:46:00";"2442";"sem vítima";"137.899";"BR-116/PR";"Sul";"Colisão Lateral";1;0;1;0;0;0;0;0;0;1;3;0;0;0;0
"27/10/2010";"06:31:00";"2444";"sem vítima";"129.100";"BR-116/PR";"Norte";"Choque - Objeto sobre a pista";1;0;0;0;0;0;0;0;0;0;2;0;0;0;0
"27/10/2010";"06:39:00";"2446";"sem vítima";"100.050";"BR-116/SC";"Sul";"Choque - Objeto sobre a pista";1;0;0;0;0;1;0;0;0;0;2;0;0;0;0
"27/10/2010";"08:45:00";"2454";"com vítima";"54.7999";"BR-116/SC";"Norte";"Colisão Transversal";1;0;1;0;0;0;0;0;0;0;2;1;0;0;0
"27/10/2010";"09:09:00";"2458";"com vítima";"200.199";"BR-116/PR";"Sul";"Colisão Frontal";2;0;0;0;0;0;0;0;0;0;0;4;0;0;0
"28/10/2010";"10:04:00";"2490";"sem vítima";"135.600";"BR-116/PR";"Norte";"Tombamento";0;0;1;0;0;0;0;0;0;0;1;0;0;0;0
"28/10/2010";"12:42:00";"2500";"sem vítima";"223.899";"BR-116/SC";"Norte";"Saida de Pista";1;0;0;0;0;0;0;0;0;0;1;0;0;0;0
"28/10/2010";"01:06:00";"2504";"sem vítima";"140.899";"BR-116/SC";"Sul";"Colisão Frontal";2;0;1;0;0;0;0;0;0;0;6;0;0;0;0
"28/10/2010";"01:52:00";"2506";"sem vítima";"140";"BR-116/PR";"Sul";"Objeto lançado contra veículo";1;0;0;0;0;0;0;0;0;0;1;0;0;0;0
"28/10/2010";"02:18:00";"2513";"com vítima";"125.900";"BR-116/PR";"Norte";"Colisão Traseira";2;0;1;0;0;0;0;0;0;0;5;2;0;0;0
"28/10/2010";"04:34:00";"2520";"sem vítima";"108.800";"BR-116/SC";"Norte";"Colisão Traseira";2;0;0;0;0;0;0;0;0;0;2;0;0;0;0
"29/10/2010";"11:06:00";"2587";"sem vítima";"54.2999";"BR-116/SC";"Sul";"Objeto lançado contra veículo";1;0;0;0;0;0;0;0;0;0;1;0;0;0;0
"29/10/2010";"11:10:00";"2589";"com vítima";"170.800";"BR-116/PR";"Sul";"Colisão Transversal";0;1;0;0;1;0;0;0;0;0;25;0;0;0;1
"29/10/2010";"02:49:00";"2607";"sem vítima";"81";"BR-116/SC";"Sul";"Objeto lançado contra veículo";1;0;0;0;0;0;0;0;0;0;1;0;0;0;0
"29/10/2010";"05:58:00";"2632";"sem vítima";"127";"BR-116/SC";"Norte";"Objeto lançado contra veículo";1;0;0;0;0;0;0;0;0;0;1;0;0;0;0
"29/10/2010";"06:42:00";"2640";"sem vítima";"121.949";"BR-116/PR";"Sul";"Colisão Transversal";1;0;0;1;0;0;0;0;0;0;2;0;0;0;0
"30/10/2010";"12:24:00";"2666";"sem vítima";"122.199";"BR-116/PR";"Sul";"Colisão Lateral";0;0;2;0;0;0;0;0;0;0;2;0;0;0;0
"30/10/2010";"01:06:00";"2667";"sem vítima";"211.199";"BR-116/SC";"Sul";"Saida de Pista";1;0;0;0;0;0;0;0;0;0;4;0;0;0;0
"30/10/2010";"07:35:00";"2675";"sem vítima";"200";"BR-116/PR";"Sul";"Choque - Defensa, barreira ou "submarino"";1;0;0;0;0;0;0;0;0;0;4;0;0;0;0
"30/10/2010";"08:43:00";"2680";"sem vítima";"107.75";"BR-116/SC";"Norte";"Choque - Defensa, barreira ou "submarino"";1;0;0;0;0;0;0;0;0;0;2;0;0;0;0
"30/10/2010";"01:30:00";"2702";"sem vítima";"1.10000";"BR-116/SC";"Sul";"Colisão Lateral";1;0;0;1;0;0;0;0;0;0;4;0;0;0;0
"30/10/2010";"02:45:00";"2707";"com vítima";"152.100";"BR-116/PR";"Norte";"Colisão Transversal";2;0;0;0;0;0;0;0;0;0;4;2;0;0;0
"30/10/2010";"04:21:00";"2722";"sem vítima";"83.5";"BR-116/SC";"Norte";"Colisão Lateral";1;0;2;0;0;0;0;0;0;0;5;0;0;0;0
"31/10/2010";"02:01:00";"2761";"com vítima";"122";"BR-116/PR";"Sul";"Colisão Transversal";2;0;0;0;0;0;0;0;0;0;4;1;0;0;0
"31/10/2010";"04:48:00";"2768";"sem vítima";"25.7999";"BR-116/SC";"Sul";"Saida de Pista";1;0;0;0;0;0;0;0;0;0;1;0;0;0;0
"31/10/2010";"01:36:00";"2789";"com vítima";"221.300";"BR-116/SC";"Sul";"Colisão Transversal";2;0;0;0;0;0;0;0;0;0;5;2;0;0;0
"31/10/2010";"03:32:00";"2796";"sem vítima";"155.5";"BR-116/PR";"Sul";"Saida de Pista";1;0;0;0;0;0;0;0;0;0;1;0;0;0;0
"31/10/2010";"05:10:00";"2808";"sem vítima";"85.5999";"BR-116/SC";"Norte";"Saida de Pista";1;0;0;0;0;0;0;0;0;0;1;0;0;0;0
"31/10/2010";"06:49:00";"2818";"sem vítima";"134.399";"BR-116/PR";"Sul";"Colisão Lateral";2;0;0;0;0;0;0;0;0;0;6;0;0;0;0
"31/10/2010";"09:00:00";"2832";"sem vítima";"200.699";"BR-116/SC";"Sul";"Atropelamento de Animal";1;0;0;0;0;0;0;0;0;0;2;0;0;0;0
"01/11/2010";"12:26:00";"1";"sem vítima";"125.800";"BR-116/PR";"Norte";"Colisão Traseira";1;0;0;0;0;1;0;0;0;0;2;0;0;0;0
"01/11/2010";"12:36:00";"21";"com vítima";"12.3000";"BR-116/SC";"Sul";"Colisão Transversal";1;0;0;0;0;0;0;0;0;1;2;3;0;0;0
"01/11/2010";"06:08:00";"50";"sem vítima";"21.2000";"BR-116/SC";"Norte";"Atropelamento de Animal";1;0;0;0;0;0;0;0;0;0;3;0;0;0;0
"02/11/2010";"06:43:00";"73";"com vítima";"116";"BR-116/PR";"Norte";"Atropelamento - Sem Informação";0;0;0;0;0;1;0;0;0;0;1;0;0;1;0
"02/11/2010";"03:24:00";"108";"sem vítima";"132";"BR-116/PR";"Sul";"Objeto lançado contra veículo";1;0;0;0;0;0;0;0;0;0;1;0;0;0;0
"02/11/2010";"03:59:00";"113";"sem vítima";"92";"BR-116/SC";"Sul";"Saida de Pista";1;0;0;0;0;0;0;0;0;0;2;0;0;0;0
"02/11/2010";"04:37:00";"116";"sem vítima";"45";"BR-116/SC";"Norte";"Colisão Traseira";0;0;2;0;0;0;0;0;0;0;2;0;0;0;0
"02/11/2010";"05:51:00";"124";"com vítima";"128.399";"BR-116/PR";"Sul";"Saida de Pista";1;0;0;0;0;0;0;0;0;0;0;2;0;0;0
"02/11/2010";"05:57:00";"126";"sem vítima";"162.5";"BR-116/SC";"Sul";"Choque - Objeto sobre a pista";1;0;0;0;0;0;0;0;0;0;1;0;0;0;0
"02/11/2010";"08:03:00";"140";"sem vítima";"134";"BR-116/SC";"Norte";"Colisão Lateral";1;0;1;0;0;0;0;0;0;0;2;0;0;0;0
"02/11/2010";"09:47:00";"149";"sem vítima";"129.199";"BR-116/PR";"Sul";"Colisão Transversal";3;0;0;0;0;0;0;0;0;0;6;0;0;0;0
"03/11/2010";"10:11:00";"170";"com vítima";"140.600";"BR-116/SC";"Sul";"Saida de Pista";1;0;0;0;0;0;0;0;0;0;0;2;0;0;0
"03/11/2010";"12:00:00";"180";"com vítima";"12.3000";"BR-116/SC";"Sul";"Colisão Transversal";1;0;1;0;0;0;0;0;0;0;3;2;0;0;0
"03/11/2010";"12:43:00";"183";"com vítima";"250.399";"BR-116/SC";"Sul";"Capotamento";0;0;0;0;0;0;0;0;0;1;0;1;0;0;0
"03/11/2010";"07:48:00";"221";"com vítima";"4.5";"BR-116/SC";"Sul";"Outros";2;0;0;0;0;0;0;0;0;0;1;1;0;0;0
"04/11/2010";"12:01:00";"268";"sem vítima";"152.5";"BR-116/PR";"Norte";"Colisão Transversal";2;0;0;0;0;0;0;0;0;0;3;0;0;0;0
"04/11/2010";"03:15:00";"283";"sem vítima";"204";"BR-116/PR";"Sul";"Objeto lançado contra veículo";1;0;0;0;0;0;0;0;0;0;1;0;0;0;0
"04/11/2010";"08:31:00";"299";"com vítima";"32.7999";"BR-116/SC";"Sul";"Saida de Pista";1;0;0;0;0;0;0;0;0;0;0;1;0;0;0
"04/11/2010";"09:21:00";"300";"com vítima";"135.100";"BR-116/PR";"Norte";"Colisão Traseira";1;0;1;0;0;0;0;0;0;0;2;1;0;0;0
"05/11/2010";"02:45:00";"314";"sem vítima";"117.699";"BR-116/PR";"Sul";"Colisão Traseira";2;0;0;0;0;0;0;0;0;0;5;0;0;0;0
"05/11/2010";"09:51:00";"332";"sem vítima";"98.9000";"BR-116/SC";"Sul";"Saida de Pista";1;0;1;0;0;0;0;0;0;0;2;0;0;0;0
"05/11/2010";"11:29:00";"342";"com vítima";"122.300";"BR-116/PR";"Sul";"Colisão Frontal";0;0;0;1;0;0;0;0;0;1;2;1;0;0;0
"05/11/2010";"12:25:00";"347";"sem vítima";"33.7000";"BR-116/SC";"Sul";"Objeto lançado contra veículo";1;0;0;0;0;0;0;0;0;0;2;0;0;0;0
"05/11/2010";"03:12:00";"358";"sem vítima";"235";"BR-116/SC";"Norte";"Saida de Pista";1;0;0;0;0;0;0;0;0;0;3;0;0;0;0
"05/11/2010";"03:48:00";"359";"com vítima";"115";"BR-116/SC";"Norte";"Queda de Moto";0;0;0;1;0;0;0;0;0;0;0;0;1;0;0
"05/11/2010";"05:42:00";"373";"sem vítima";"117.400";"BR-116/PR";"Sul";"Colisão Traseira";1;0;1;0;0;0;0;0;0;0;4;0;0;0;0
"05/11/2010";"09:50:00";"394";"com vítima";"120.699";"BR-116/PR";"Sul";"Atropelamento - Morador";1;0;0;0;0;0;0;0;0;0;1;1;0;0;0
"05/11/2010";"11:30:00";"400";"sem vítima";"189";"BR-116/PR";"Norte";"Saida de Pista";1;0;0;0;0;0;0;0;0;0;2;0;0;0;0
"06/11/2010";"08:41:00";"419";"com vítima";"129.5";"BR-116/PR";"Norte";"Capotamento";1;0;0;0;0;0;0;0;0;0;0;1;0;0;0
"06/11/2010";"10:36:00";"427";"sem vítima";"118.300";"BR-116/PR";"Norte";"Colisão Traseira";1;0;0;0;0;1;0;0;0;0;2;0;0;0;0
"06/11/2010";"10:39:00";"428";"com vítima";"145.699";"BR-116/PR";"Sul";"Colisão Lateral";0;0;1;0;0;0;0;0;0;1;1;1;0;0;0
"06/11/2010";"01:14:00";"431";"sem vítima";"119.699";"BR-116/PR";"Norte";"Colisão Traseira";1;0;0;1;0;0;0;0;0;0;3;0;0;0;0
"06/11/2010";"03:30:00";"444";"com vítima";"149.899";"BR-116/PR";"Sul";"Queda de Moto";0;0;0;1;0;0;0;0;0;0;1;1;0;0;0
"06/11/2010";"04:25:00";"450";"sem vítima";"71.5";"BR-116/SC";"Sul";"Colisão Lateral";0;0;2;0;0;0;0;0;0;0;2;0;0;0;0
"06/11/2010";"04:27:00";"451";"sem vítima";"122.099";"BR-116/PR";"Norte";"Colisão Traseira";2;0;0;0;0;0;0;0;0;0;4;0;0;0;0
"06/11/2010";"08:57:00";"474";"sem vítima";"116";"BR-116/PR";"Sul";"Colisão Lateral";2;0;0;0;0;0;0;0;0;0;2;0;0;0;0
"06/11/2010";"10:09:00";"482";"com vítima";"116.800";"BR-116/PR";"Norte";"Saida de Pista";1;0;0;0;0;0;0;0;0;0;0;1;0;0;0
"06/11/2010";"11:08:00";"486";"com vítima";"200.600";"BR-116/PR";"Sul";"Saida de Pista";0;0;0;1;0;0;0;0;0;0;0;1;0;0;0
"07/11/2010";"01:13:00";"494";"sem vítima";"210.899";"BR-116/SC";"Sul";"Saida de Pista";1;0;0;0;0;0;0;0;0;0;3;0;0;0;0
"07/11/2010";"02:39:00";"499";"sem vítima";"183.899";"BR-116/PR";"Norte";"Saida de Pista";0;0;1;0;0;0;0;0;0;0;1;0;0;0;0