data;horario;n_da_ocorrencia;tipo_de_ocorrencia;km;trecho;sentido;tipo_de_acidente;automovel;bicicleta;caminhao;moto;onibus;outros;tracao_animal;transporte_de_cargas_especiais;trator_maquinas;utilitarios;ilesos;levemente_feridos;moderadamente_feridos;gravemente_feridos;mortos
"01/01/2011";"04:39:00";"14";"com vítima";"259";"BR-116/SC";"Norte";"Saida de Pista";1;0;0;0;0;0;0;0;0;0;0;1;0;0;0
"01/01/2011";"07:40:00";"18";"com vítima";"124.599";"BR-116/PR";"Norte";"Colisão Frontal";2;0;0;0;0;0;0;0;0;0;0;3;0;0;0
"01/01/2011";"05:35:00";"48";"com vítima";"179.300";"BR-116/SC";"Norte";"Outros";0;1;0;0;0;0;0;0;0;0;0;1;0;0;0
"01/01/2011";"08:36:00";"61";"com vítima";"198.699";"BR-116/PR";"Sul";"Saida de Pista";1;0;0;0;0;1;0;0;0;0;1;2;0;1;0
"02/01/2011";"03:39:00";"123";"sem vítima";"205.699";"BR-116/PR";"Norte";"Colisão Transversal";1;0;0;0;0;0;0;0;0;1;3;0;0;0;0
"02/01/2011";"03:47:00";"127";"sem vítima";"158.600";"BR-116/PR";"Sul";"Saida de Pista";0;0;1;0;0;0;0;0;0;0;1;0;0;0;0
"03/01/2011";"09:06:00";"196";"sem vítima";"204.800";"BR-116/PR";"Sul";"Atropelamento de Animal";1;0;0;0;0;0;0;0;0;0;3;0;0;0;0
"03/01/2011";"03:04:00";"228";"sem vítima";"140.399";"BR-116/SC";"Norte";"Colisão Traseira";1;0;0;0;0;0;0;0;0;1;2;0;0;0;0
"03/01/2011";"03:21:00";"230";"sem vítima";"271";"BR-116/SC";"Norte";"Colisão Traseira";2;0;0;0;0;0;0;0;0;0;3;0;0;0;0
"03/01/2011";"10:16:00";"266";"com vítima";"118.099";"BR-116/PR";"Norte";"Colisão Frontal";0;1;0;1;0;0;0;0;0;0;0;0;0;1;1
"04/01/2011";"04:40:00";"331";"sem vítima";"133.100";"BR-116/PR";"Norte";"Saida de Pista";1;0;0;0;0;0;0;0;0;0;1;0;0;0;0
"05/01/2011";"07:07:00";"376";"sem vítima";"204";"BR-116/PR";"Sul";"Choque - Cancela de Pedagio";0;0;1;0;0;0;0;0;0;0;1;0;0;0;0
"05/01/2011";"08:10:00";"382";"com vítima";"229";"BR-116/SC";"Sul";"Colisão Lateral";1;0;1;0;0;0;0;0;0;0;1;2;0;0;0
"05/01/2011";"03:42:00";"418";"com vítima";"193.899";"BR-116/SC";"Sul";"Saida de Pista";1;0;0;0;0;0;0;0;0;0;1;1;0;0;0
"05/01/2011";"03:52:00";"420";"sem vítima";"211.899";"BR-116/SC";"Norte";"Saida de Pista";0;0;1;0;0;0;0;0;0;0;1;0;0;0;0
"05/01/2011";"06:46:00";"430";"sem vítima";"1.14999";"BR-116/SC";"Sul";"Choque - Defensa, barreira ou "submarino"";1;0;0;0;0;0;0;0;0;0;1;0;0;0;0
"05/01/2011";"08:49:00";"440";"com vítima";"121.900";"BR-116/PR";"Sul";"Colisão Transversal";1;0;0;0;1;0;0;0;0;0;6;0;1;0;0
"06/01/2011";"10:37:00";"479";"com vítima";"45.7999";"BR-116/SC";"Norte";"Saida de Pista";0;0;0;0;0;0;0;0;0;1;1;1;0;0;0
"07/01/2011";"11:33:00";"562";"sem vítima";"173.399";"BR-116/PR";"Sul";"Colisão Traseira";1;0;1;0;0;0;0;0;0;0;2;0;0;0;0
"08/01/2011";"09:36:00";"647";"sem vítima";"118";"BR-116/PR";"Norte";"Colisão Traseira";1;0;0;0;1;0;0;0;0;0;3;0;0;0;0
"08/01/2011";"03:14:00";"664";"com vítima";"116";"BR-116/PR";"Norte";"Queda de Moto";0;0;0;1;0;0;0;0;0;0;0;1;0;0;0
"08/01/2011";"05:46:00";"684";"sem vítima";"245.600";"BR-116/SC";"Norte";"Colisão Transversal";1;0;0;0;1;0;0;0;0;0;2;0;0;0;0
"08/01/2011";"06:48:00";"690";"sem vítima";"12";"BR-116/SC";"Sul";"Colisão Transversal";2;0;0;0;0;0;0;0;0;0;7;0;0;0;0
"08/01/2011";"08:05:00";"699";"com vítima";"202.399";"BR-116/SC";"Sul";"Saida de Pista";0;0;1;0;0;0;0;0;0;0;0;1;0;0;0
"08/01/2011";"11:33:00";"714";"sem vítima";"308.799";"BR-116/SC";"Sul";"Tombamento";0;0;1;0;0;0;0;0;0;0;1;0;0;0;0
"09/01/2011";"02:13:00";"727";"com vítima";"183.600";"BR-116/PR";"Sul";"Saida de Pista";1;0;0;0;0;0;0;0;0;0;0;0;3;0;0
"09/01/2011";"04:07:00";"732";"com vítima";"115.099";"BR-116/PR";"Sul";"Colisão Traseira";2;0;0;0;0;0;0;0;0;0;2;0;1;0;0
"09/01/2011";"08:47:00";"743";"sem vítima";"184";"BR-116/PR";"Sul";"Objeto lançado contra veículo";1;0;0;0;0;0;0;0;0;0;1;0;0;0;0
"09/01/2011";"05:05:00";"794";"sem vítima";"10.1999";"BR-116/SC";"Norte";"Colisão Traseira";2;0;0;0;1;0;0;0;0;0;46;0;0;0;0
"10/01/2011";"01:20:00";"836";"sem vítima";"122";"BR-116/PR";"Sul";"Colisão Traseira";2;0;0;0;0;0;0;0;0;0;3;0;0;0;0
"10/01/2011";"05:10:00";"839";"com vítima";"302";"BR-116/SC";"Sul";"Saida de Pista";1;0;0;0;0;0;0;0;0;0;0;1;0;0;0
"10/01/2011";"08:35:00";"898";"sem vítima";"209";"BR-116/PR";"Sul";"Queda de Moto";0;0;0;1;0;0;0;0;0;0;1;0;0;0;0
"11/01/2011";"02:03:00";"909";"com vítima";"132.800";"BR-116/PR";"Sul";"Colisão Lateral";1;0;1;0;0;0;0;0;0;0;5;0;1;0;0
"11/01/2011";"07:21:00";"918";"com vítima";"130.800";"BR-116/PR";"Norte";"Queda de Moto";0;0;0;1;0;0;0;0;0;0;1;1;0;0;0
"11/01/2011";"07:57:00";"920";"com vítima";"2.29999";"BR-116/SC";"Sul";"Colisão Traseira";1;0;0;1;0;0;0;0;0;0;1;1;0;0;0
"11/01/2011";"10:15:00";"934";"com vítima";"181.5";"BR-116/SC";"Norte";"Tombamento";0;0;1;0;0;0;0;0;0;0;0;3;0;0;0
"11/01/2011";"01:38:00";"948";"sem vítima";"167.600";"BR-116/PR";"Norte";"Saida de Pista";1;0;0;0;0;0;0;0;0;0;1;0;0;0;0
"11/01/2011";"09:30:00";"984";"com vítima";"192";"BR-116/SC";"Sul";"Colisão Traseira";1;0;1;0;0;0;0;0;0;0;4;1;0;0;0
"11/01/2011";"10:16:00";"990";"com vítima";"153.199";"BR-116/PR";"Sul";"Colisão Frontal";2;0;0;0;0;0;0;0;0;0;1;1;0;0;0
"12/01/2011";"07:26:00";"1017";"sem vítima";"204";"BR-116/PR";"Norte";"Choque - Suporte de Sinalização";0;0;1;0;0;0;0;0;0;0;1;0;0;0;0
"12/01/2011";"10:50:00";"1033";"com vítima";"221.199";"BR-116/SC";"Sul";"Colisão Lateral";1;0;0;1;0;0;0;0;0;0;1;1;0;0;0
"12/01/2011";"03:35:00";"1054";"sem vítima";"230.5";"BR-116/SC";"Norte";"Saida de Pista";0;0;1;0;0;0;0;0;0;0;1;0;0;0;0
"12/01/2011";"05:24:00";"1064";"com vítima";"8.19999";"BR-116/SC";"Norte";"Saida de Pista";1;0;0;0;0;0;0;0;0;0;1;1;0;0;0
"12/01/2011";"06:12:00";"1069";"sem vítima";"9";"BR-116/SC";"Norte";"Choque - Outros";2;0;0;0;0;0;0;0;0;0;2;0;0;0;0
"12/01/2011";"09:40:00";"1086";"com vítima";"129.5";"BR-116/PR";"Sul";"Atropelamento - Morador";1;0;0;0;0;0;0;0;0;0;1;0;1;0;0
"13/01/2011";"05:58:00";"1105";"com vítima";"120.5";"BR-116/PR";"Sul";"Atropelamento - Usuário";1;0;0;1;0;0;0;0;0;0;2;0;0;0;1
"13/01/2011";"07:22:00";"1109";"com vítima";"122.400";"BR-116/PR";"Sul";"Colisão Frontal";1;0;0;1;0;0;0;0;0;0;1;0;1;0;0
"13/01/2011";"08:54:00";"1114";"sem vítima";"59.9000";"BR-116/SC";"Sul";"Choque - Veiculo parado na pista";0;0;2;0;0;0;0;0;0;0;3;0;0;0;0
"13/01/2011";"11:21:00";"1190";"com vítima";"85.3000";"BR-116/SC";"Sul";"Queda de Moto";0;0;0;1;0;0;0;0;0;0;0;0;1;0;0
"14/01/2011";"07:57:00";"1208";"com vítima";"211.100";"BR-116/SC";"Sul";"Tombamento";0;0;1;0;0;0;0;0;0;0;0;0;1;0;0
"14/01/2011";"02:26:00";"1241";"sem vítima";"130";"BR-116/PR";"Sul";"Objeto lançado contra veículo";1;0;0;0;0;0;0;0;0;0;3;0;0;0;0
"14/01/2011";"05:11:00";"1260";"sem vítima";"206.5";"BR-116/PR";"Norte";"Colisão Traseira";0;0;3;0;0;0;0;0;0;0;3;0;0;0;0
"14/01/2011";"06:05:00";"1265";"com vítima";"175.100";"BR-116/PR";"Sul";"Saida de Pista";1;0;0;0;0;0;0;0;0;0;3;1;0;0;0
"14/01/2011";"07:57:00";"1277";"sem vítima";"126";"BR-116/PR";"Norte";"Saida de Pista";0;0;0;1;0;0;0;0;0;0;1;0;0;0;0
"15/01/2011";"07:02:00";"1309";"sem vítima";"177.800";"BR-116/SC";"Norte";"Colisão Traseira";1;0;0;0;0;1;0;0;0;0;2;0;0;0;0
"15/01/2011";"09:56:00";"1318";"sem vítima";"259.600";"BR-116/SC";"Norte";"Colisão Lateral";1;0;1;0;0;0;0;0;0;0;2;0;0;0;0
"15/01/2011";"10:11:00";"1321";"sem vítima";"150.699";"BR-116/PR";"Sul";"Colisão Traseira";2;0;0;0;0;0;0;0;0;0;2;0;0;0;0
"15/01/2011";"10:34:00";"1323";"sem vítima";"59.5";"BR-116/SC";"Sul";"Saida de Pista";0;0;1;0;0;0;0;0;0;0;2;0;0;0;0
"15/01/2011";"11:29:00";"1328";"sem vítima";"168.5";"BR-116/PR";"Norte";"Colisão Transversal";1;0;0;0;0;0;0;0;0;1;2;0;0;0;0
"15/01/2011";"03:44:00";"1347";"sem vítima";"199.600";"BR-116/PR";"Sul";"Colisão Lateral";1;0;0;0;0;1;0;0;0;0;3;0;0;0;0
"15/01/2011";"03:54:00";"1348";"com vítima";"287";"BR-116/SC";"Sul";"Colisão Lateral";0;0;1;1;0;0;0;0;0;0;1;0;2;0;0
"15/01/2011";"04:38:00";"1352";"sem vítima";"153.199";"BR-116/PR";"Sul";"Colisão Traseira";1;0;1;0;0;0;0;0;0;0;5;0;0;0;0
"15/01/2011";"06:00:00";"1362";"com vítima";"84.3000";"BR-116/SC";"Sul";"Saida de Pista";0;0;1;0;0;0;0;0;0;0;0;0;1;0;0
"15/01/2011";"06:39:00";"1366";"sem vítima";"167.399";"BR-116/PR";"Norte";"Saida de Pista";0;0;1;0;0;0;0;0;0;0;1;0;0;0;0
"15/01/2011";"11:20:00";"1410";"com vítima";"124.699";"BR-116/PR";"Sul";"Colisão Frontal";2;0;0;1;0;0;0;0;0;0;0;5;0;0;0
"16/01/2011";"05:40:00";"1431";"com vítima";"126.300";"BR-116/PR";"Sul";"Colisão Traseira";2;0;0;0;0;0;0;0;0;0;2;1;0;0;0
"16/01/2011";"09:08:00";"1522";"sem vítima";"47";"BR-116/SC";"Sul";"Colisão Traseira";2;0;0;0;0;0;0;0;0;0;7;0;0;0;0
"16/01/2011";"11:58:00";"1532";"sem vítima";"130.699";"BR-116/SC";"Sul";"Saida de Pista";1;0;0;0;0;0;0;0;0;0;1;0;0;0;0
"17/01/2011";"05:15:00";"1540";"sem vítima";"105";"BR-116/SC";"Norte";"Saida de Pista";1;0;0;0;0;0;0;0;0;0;2;0;0;0;0
"17/01/2011";"06:20:00";"1543";"com vítima";"54";"BR-116/SC";"Norte";"Colisão Transversal";0;0;0;1;1;0;0;0;0;0;2;0;0;0;1
"17/01/2011";"07:58:00";"1548";"com vítima";"12.3000";"BR-116/SC";"Sul";"Colisão Transversal";1;0;0;1;0;0;0;0;0;1;7;1;0;1;0
"17/01/2011";"10:51:00";"1558";"sem vítima";"119.900";"BR-116/PR";"Norte";"Colisão Traseira";2;0;0;0;0;0;0;0;0;0;4;0;0;0;0
"17/01/2011";"02:35:00";"1582";"com vítima";"158.300";"BR-116/SC";"Norte";"Saida de Pista";1;0;0;0;0;0;0;0;0;0;1;2;0;0;0
"17/01/2011";"02:36:00";"1583";"sem vítima";"118";"BR-116/PR";"Norte";"Colisão Lateral";0;0;0;1;0;0;0;0;0;1;2;0;0;0;0
"17/01/2011";"05:55:00";"1597";"com vítima";"214.199";"BR-116/SC";"Norte";"Saida de Pista";1;0;1;0;0;0;0;0;0;0;1;2;2;0;0
"17/01/2011";"06:05:00";"1599";"sem vítima";"212";"BR-116/SC";"Sul";"Saida de Pista";0;0;0;0;0;0;0;0;0;1;3;0;0;0;0
"17/01/2011";"09:18:00";"1619";"sem vítima";"11.6000";"BR-116/SC";"Norte";"Colisão Traseira";1;0;0;1;0;0;0;0;0;0;3;0;0;0;0
"18/01/2011";"12:38:00";"1630";"com vítima";"125.599";"BR-116/PR";"Norte";"Colisão Traseira";1;0;1;0;0;1;0;0;0;0;7;2;0;0;0
"18/01/2011";"10:12:00";"1657";"sem vítima";"126.050";"BR-116/PR";"Sul";"Colisão Lateral";0;0;1;0;0;0;0;0;0;1;2;0;0;0;0
"18/01/2011";"01:52:00";"1683";"com vítima";"202.699";"BR-116/SC";"Sul";"Colisão Transversal";1;0;1;0;0;0;0;0;0;0;1;1;1;0;0
"18/01/2011";"04:36:00";"1692";"sem vítima";"144";"BR-116/PR";"Sul";"Objeto lançado contra veículo";1;0;0;0;0;0;0;0;0;1;8;0;0;0;0
"19/01/2011";"06:55:00";"1733";"sem vítima";"116.099";"BR-116/PR";"Sul";"Colisão Traseira";1;0;1;0;0;0;0;0;0;1;3;0;0;0;0
"19/01/2011";"06:04:00";"1778";"sem vítima";"129.5";"BR-116/PR";"Sul";"Colisão Transversal";1;0;0;0;1;0;0;0;0;0;66;0;0;0;0
"20/01/2011";"12:35:00";"1851";"com vítima";"184.300";"BR-116/SC";"Norte";"Colisão Transversal";0;0;0;1;0;0;0;0;0;1;2;2;0;0;0
"20/01/2011";"03:43:00";"1873";"sem vítima";"85.1999";"BR-116/SC";"Norte";"Colisão Traseira";1;0;1;0;0;0;0;0;0;0;5;0;0;0;0
"20/01/2011";"05:57:00";"1884";"sem vítima";"204";"BR-116/PR";"Sul";"Colisão Traseira";0;0;1;0;0;0;0;0;0;1;6;0;0;0;0
"20/01/2011";"11:50:00";"1919";"sem vítima";"115.5";"BR-116/PR";"Sul";"Colisão Frontal";2;0;0;0;0;0;0;0;0;0;3;0;0;0;0
"21/01/2011";"09:35:00";"1958";"com vítima";"139.699";"BR-116/PR";"Norte";"Colisão Transversal";1;0;0;1;0;0;0;0;0;0;1;1;0;0;0
"21/01/2011";"04:15:00";"1985";"sem vítima";"144";"BR-116/SC";"Sul";"Saida de Pista";1;0;0;0;0;0;0;0;0;0;1;0;0;0;0
"21/01/2011";"06:23:00";"1991";"sem vítima";"205.199";"BR-116/SC";"Sul";"Saida de Pista";0;0;1;0;0;0;0;0;0;0;1;0;0;0;0
"21/01/2011";"07:21:00";"2000";"com vítima";"122";"BR-116/PR";"Norte";"Atropelamento - Morador";1;0;0;0;0;0;0;0;0;0;1;1;0;0;0
"21/01/2011";"07:55:00";"2004";"sem vítima";"104.300";"BR-116/SC";"Norte";"Saida de Pista";1;0;0;0;0;0;0;0;0;0;1;0;0;0;0
"22/01/2011";"07:46:00";"2038";"sem vítima";"124.300";"BR-116/PR";"Sul";"Colisão Traseira";2;0;0;0;0;0;0;0;0;0;2;0;0;0;0
"22/01/2011";"11:56:00";"2059";"com vítima";"170.5";"BR-116/PR";"Sul";"Colisão Lateral";1;0;0;1;0;0;0;0;0;0;4;1;0;0;0
"22/01/2011";"12:03:00";"2063";"com vítima";"245";"BR-116/SC";"Sul";"Colisão Transversal";1;0;1;0;0;0;0;0;0;0;2;1;0;0;0
"22/01/2011";"04:10:00";"2088";"com vítima";"126.199";"BR-116/PR";"Sul";"Colisão Traseira";2;0;0;0;0;0;0;0;0;0;9;1;0;0;0
"22/01/2011";"05:26:00";"2096";"sem vítima";"107.699";"BR-116/SC";"Sul";"Colisão Lateral";0;0;1;0;0;1;0;0;0;0;2;0;0;0;0
"22/01/2011";"09:17:00";"2123";"sem vítima";"126";"BR-116/PR";"Sul";"Choque - Veiculo parado na pista";1;0;0;0;0;1;0;0;0;0;4;0;0;0;0
"23/01/2011";"12:05:00";"2136";"com vítima";"54";"BR-116/SC";"Sul";"Queda de Moto";0;0;0;1;0;0;0;0;0;0;1;1;0;0;0
"23/01/2011";"01:48:00";"2147";"com vítima";"123.800";"BR-116/PR";"Norte";"Colisão Lateral";3;0;0;0;0;0;0;0;0;0;4;3;1;0;0
"23/01/2011";"01:38:00";"2181";"sem vítima";"1.20000";"BR-116/SC";"Sul";"Choque - Defensa, barreira ou "submarino"";1;0;0;0;0;0;0;0;0;1;2;0;0;0;0
"23/01/2011";"02:18:00";"2184";"sem vítima";"17.1000";"BR-116/SC";"Norte";"Saida de Pista";1;0;0;0;0;0;0;0;0;0;4;0;0;0;0
"23/01/2011";"02:39:00";"2192";"sem vítima";"12";"BR-116/SC";"Sul";"Colisão Transversal";1;0;0;0;1;0;0;0;0;0;17;0;0;0;0
"23/01/2011";"03:18:00";"2195";"sem vítima";"218.300";"BR-116/SC";"Sul";"Saida de Pista";1;0;0;0;0;0;0;0;0;0;1;0;0;0;0
"23/01/2011";"05:52:00";"2224";"sem vítima";"184.199";"BR-116/SC";"Norte";"Colisão Traseira";1;0;1;0;0;0;0;0;0;0;8;0;0;0;0
"23/01/2011";"06:06:00";"2226";"sem vítima";"152.399";"BR-116/PR";"Sul";"Colisão Transversal";0;0;0;1;0;0;0;0;0;1;5;0;0;0;0
"23/01/2011";"07:31:00";"2238";"sem vítima";"149.100";"BR-116/PR";"Sul";"Atropelamento de Animal";1;0;0;0;0;0;0;0;0;0;2;0;0;0;0
"23/01/2011";"09:06:00";"2252";"sem vítima";"209.5";"BR-116/PR";"Sul";"Colisão Transversal";2;0;0;0;0;0;0;0;0;0;2;0;0;0;0
"23/01/2011";"09:39:00";"2261";"com vítima";"165.5";"BR-116/PR";"Sul";"Colisão Frontal";2;0;0;0;0;0;0;0;0;0;0;4;1;0;0
"24/01/2011";"06:51:00";"2288";"com vítima";"168.399";"BR-116/SC";"Sul";"Saida de Pista";0;0;0;1;0;0;0;0;0;0;0;0;0;0;1
"24/01/2011";"04:11:00";"2337";"sem vítima";"191.5";"BR-116/PR";"Sul";"Saida de Pista";1;0;0;0;0;0;0;0;0;0;1;0;0;0;0
"25/01/2011";"06:26:00";"2456";"com vítima";"164";"BR-116/PR";"Sul";"Saida de Pista";1;0;0;0;0;0;0;0;0;0;4;1;0;0;0
"25/01/2011";"09:01:00";"2474";"sem vítima";"124.099";"BR-116/PR";"Sul";"Colisão Traseira";2;0;0;0;0;0;0;0;0;0;2;0;0;0;0
"27/01/2011";"12:08:00";"2627";"com vítima";"180.800";"BR-116/SC";"Norte";"Saida de Pista";0;0;1;0;0;0;0;0;0;0;0;0;0;1;0
"27/01/2011";"07:19:00";"2652";"sem vítima";"204";"BR-116/PR";"Norte";"Choque - Cancela de Pedagio";0;0;1;0;0;0;0;0;0;0;1;0;0;0;0
"27/01/2011";"02:46:00";"2691";"sem vítima";"128.699";"BR-116/PR";"Norte";"Choque - Veiculo parado na pista";2;0;0;0;0;0;0;0;0;0;2;0;0;0;0
"27/01/2011";"07:36:00";"2723";"com vítima";"116.800";"BR-116/PR";"Sul";"Queda de Moto";0;0;0;1;0;0;0;0;0;0;0;2;0;0;0
"28/01/2011";"03:21:00";"2794";"sem vítima";"12.5";"BR-116/SC";"Norte";"Colisão Transversal";1;0;0;0;0;0;0;0;0;1;3;0;0;0;0
"28/01/2011";"04:54:00";"2800";"sem vítima";"58";"BR-116/SC";"Norte";"Saida de Pista";1;0;0;0;0;0;0;0;0;0;1;0;0;0;0
"28/01/2011";"05:30:00";"2810";"com vítima";"12.3000";"BR-116/SC";"Sul";"Colisão Transversal";1;0;1;0;0;0;0;0;0;0;3;1;0;0;0
"28/01/2011";"05:44:00";"2811";"sem vítima";"144";"BR-116/PR";"Norte";"Colisão Transversal";0;0;1;0;0;0;0;0;0;1;2;0;0;0;0
"28/01/2011";"06:13:00";"2815";"sem vítima";"115.099";"BR-116/PR";"Norte";;3;0;0;0;0;0;0;0;0;0;3;0;0;0;0
"28/01/2011";"06:35:00";"2817";"com vítima";"118";"BR-116/PR";"Sul";"Colisão Lateral";1;0;0;1;0;0;0;0;0;0;2;1;0;0;0
"28/01/2011";"07:03:00";"2819";"sem vítima";"210";"BR-116/SC";"Sul";"Saida de Pista";1;0;0;0;0;0;0;0;0;0;1;0;0;0;0
"29/01/2011";"01:02:00";"2856";"sem vítima";"106.199";"BR-116/SC";"Norte";"Tombamento";1;0;1;0;0;0;0;0;0;0;4;0;0;0;0
"29/01/2011";"04:18:00";"2872";"com vítima";"125.800";"BR-116/PR";"Sul";"Colisão Transversal";2;0;0;0;0;0;0;0;0;0;3;0;2;0;0
"29/01/2011";"06:57:00";"2885";"com vítima";"117.199";"BR-116/PR";"Norte";"Choque - Defensa, barreira ou "submarino"";1;0;0;0;0;0;0;0;0;0;3;2;0;0;0
"29/01/2011";"07:21:00";"2886";"com vítima";"29";"BR-116/SC";"Norte";"Colisão Lateral";1;0;1;0;0;0;0;0;0;0;2;1;0;0;0
"29/01/2011";"07:38:00";"2889";"sem vítima";"195.600";"BR-116/SC";"Norte";"Colisão Lateral";1;0;1;0;0;0;0;0;0;0;3;0;0;0;0
"29/01/2011";"11:50:00";"2908";"sem vítima";"119.5";"BR-116/PR";"Norte";"Colisão Traseira";3;0;0;0;0;0;0;0;0;0;8;0;0;0;0
"29/01/2011";"04:40:00";"2948";"com vítima";"122.199";"BR-116/PR";"Norte";"Colisão Lateral";0;0;0;1;0;1;0;0;0;0;2;1;0;0;0
"29/01/2011";"08:06:00";"2970";"sem vítima";"245.600";"BR-116/SC";"Sul";"Colisão Transversal";2;0;0;0;0;0;0;0;0;0;3;0;0;0;0
"29/01/2011";"11:49:00";"2990";"sem vítima";"27.8999";"BR-116/SC";"Sul";"Colisão Traseira";0;0;2;0;0;0;0;0;0;0;2;0;0;0;0
"30/01/2011";"02:53:00";"2993";"com vítima";"158.199";"BR-116/PR";"Norte";"Saida de Pista";1;0;0;0;0;0;0;0;0;0;0;4;0;0;0
"30/01/2011";"02:54:00";"2994";"sem vítima";"0.20000";"BR-116/SC";"Norte";"Choque - Defensa, barreira ou "submarino"";1;0;0;0;0;0;0;0;0;0;1;0;0;0;0
"30/01/2011";"07:17:00";"3010";"sem vítima";"134";"BR-116/SC";"Sul";"Colisão Traseira";0;0;2;0;0;0;0;0;0;0;2;0;0;0;0
"30/01/2011";"10:40:00";"3018";"com vítima";"16.8999";"BR-116/SC";"Sul";"Queda de Moto";0;0;0;1;0;0;0;0;0;0;0;2;0;0;0
"30/01/2011";"06:15:00";"3066";"sem vítima";"191.300";"BR-116/PR";"Norte";"Colisão Traseira";0;0;1;0;0;0;0;0;0;1;6;0;0;0;0
"31/01/2011";"12:08:00";"3108";"sem vítima";"4.5";"BR-116/SC";"Norte";"Saida de Pista";1;0;0;0;0;0;0;0;0;0;1;0;0;0;0
"31/01/2011";"03:22:00";"3125";"com vítima";"294.100";"BR-116/SC";"Norte";"Colisão Lateral";0;0;2;0;0;0;0;0;0;0;1;1;0;0;0
"31/01/2011";"06:37:00";"3137";"com vítima";"124";"BR-116/PR";"Norte";"Colisão Traseira";2;0;0;0;1;0;0;0;0;0;3;1;0;0;0
"31/01/2011";"09:57:00";"3156";"sem vítima";"117.050";"BR-116/SC";"Sul";"Colisão Transversal";2;0;0;0;0;0;0;0;0;0;2;0;0;0;0
"31/01/2011";"11:46:00";"3167";"com vítima";"180";"BR-116/SC";"Norte";"Colisão Transversal";1;0;0;1;0;0;0;0;0;0;1;2;0;0;0
"31/01/2011";"09:00:00";"3223";"sem vítima";"184.300";"BR-116/SC";"Norte";"Choque - Poste";1;0;0;0;0;0;0;0;0;0;1;0;0;0;0
"01/02/2011";"10:30:00";"30";"com vítima";"223.5";"BR-116/SC";"Norte";"Saida de Pista";0;0;1;0;0;0;0;0;0;0;0;1;0;0;0
"01/02/2011";"11:30:00";"35";"sem vítima";"162";"BR-116/SC";"Sul";"Choque - Veiculo parado na pista";1;0;1;0;0;0;0;0;0;0;2;0;0;0;0
"01/02/2011";"03:41:00";"65";"sem vítima";"220.5";"BR-116/SC";"Norte";"Colisão Transversal";1;0;0;0;0;0;0;0;0;1;2;0;0;0;0
"01/02/2011";"04:07:00";"68";"sem vítima";"237.300";"BR-116/SC";"Sul";"Saida de Pista";1;0;0;0;0;0;0;0;0;0;1;0;0;0;0
"01/02/2011";"06:47:00";"81";"sem vítima";"37";"BR-116/SC";"Norte";"Saida de Pista";1;0;1;0;0;0;0;0;0;0;2;0;0;0;0
"02/02/2011";"03:06:00";"122";"com vítima";"124";"BR-116/SC";"Sul";"Saida de Pista";1;0;0;0;0;0;0;0;0;0;0;2;1;0;0
"02/02/2011";"08:59:00";"140";"sem vítima";"116";"BR-116/PR";"Sul";"Choque - Suporte de Sinalização";1;0;0;0;0;0;0;0;0;0;2;0;0;0;0
"02/02/2011";"01:15:00";"155";"sem vítima";"115";"BR-116/PR";"Norte";"Colisão Lateral";1;0;1;0;0;0;0;0;0;0;2;0;0;0;0
"02/02/2011";"04:43:00";"170";"sem vítima";"279.899";"BR-116/SC";"Sul";"Saida de Pista";0;0;0;0;0;0;0;0;0;1;2;0;0;0;0
"02/02/2011";"07:05:00";"191";"sem vítima";"247";"BR-116/SC";"Norte";"Colisão Traseira";2;0;0;0;0;0;0;0;0;0;5;0;0;0;0
"02/02/2011";"09:44:00";"209";"sem vítima";"130.899";"BR-116/PR";"Sul";"Colisão Lateral";1;0;1;0;0;0;0;0;0;0;3;0;0;0;0
"02/02/2011";"09:52:00";"211";"sem vítima";"234.5";"BR-116/SC";"Norte";"Choque - Objeto sobre a pista";1;0;0;0;0;0;0;0;0;0;1;0;0;0;0
"02/02/2011";"09:58:00";"213";"sem vítima";"234.5";"BR-116/SC";"Norte";"Choque - Objeto sobre a pista";0;0;1;0;0;0;0;0;0;0;1;0;0;0;0
"03/02/2011";"11:04:00";"243";"com vítima";"166.199";"BR-116/PR";"Norte";"Colisão Transversal";0;1;0;0;0;1;0;0;0;0;1;0;0;1;0
"04/02/2011";"03:11:00";"359";"sem vítima";"126.5";"BR-116/PR";"Norte";"Colisão Transversal";1;0;0;0;0;0;0;0;0;1;2;0;0;0;0
"04/02/2011";"06:52:00";"376";"sem vítima";"128.5";"BR-116/PR";"Sul";"Colisão Traseira";1;0;1;0;0;0;0;0;0;0;2;0;0;0;0
"04/02/2011";"07:31:00";"386";"sem vítima";"220.5";"BR-116/SC";"Norte";"Colisão Transversal";2;0;0;0;0;0;0;0;0;0;2;0;0;0;0
"04/02/2011";"10:08:00";"401";"com vítima";"234.5";"BR-116/SC";"Norte";"Saida de Pista";0;0;1;0;0;0;0;0;0;0;0;1;0;0;0
"04/02/2011";"10:10:00";"402";"sem vítima";"116.5";"BR-116/PR";"Sul";"Colisão Traseira";2;0;0;0;0;0;0;0;0;0;2;0;0;0;0