data;horario;n_da_ocorrencia;tipo_de_ocorrencia;km;trecho;sentido;tipo_de_acidente;automovel;bicicleta;caminhao;moto;onibus;outros;tracao_animal;transporte_de_cargas_especiais;trator_maquinas;utilitarios;ilesos;levemente_feridos;moderadamente_feridos;gravemente_feridos;mortos
"08/04/2011";"10:09:00";"814";"sem vítima";"0.60000";"BR-116/SC";"Sul";"Colisão Lateral";0;0;2;0;0;0;0;0;0;0;2;0;0;0;0
"09/04/2011";"02:52:00";"872";"com vítima";"123.400";"BR-116/PR";"Sul";"Colisão Traseira";3;0;0;0;0;0;0;0;0;0;4;1;0;0;0
"09/04/2011";"03:06:00";"874";"com vítima";"211.300";"BR-116/SC";"Sul";"Colisão Lateral";0;0;3;0;0;0;0;0;0;0;2;0;2;1;0
"09/04/2011";"04:09:00";"882";"sem vítima";"120.300";"BR-116/PR";"Norte";"Colisão Transversal";2;0;0;0;0;0;0;0;0;0;2;0;0;0;0
"09/04/2011";"04:12:00";"883";"com vítima";"152.399";"BR-116/PR";"Norte";"Colisão Transversal";1;0;0;1;0;0;0;0;0;0;1;1;0;0;0
"09/04/2011";"06:24:00";"898";"sem vítima";"115";"BR-116/PR";"Sul";"Colisão Lateral";1;0;0;0;1;0;0;0;0;0;2;0;0;0;0
"09/04/2011";"06:50:00";"900";"sem vítima";"118.800";"BR-116/PR";"Norte";"Colisão Traseira";3;0;0;0;0;0;0;0;0;0;3;0;0;0;0
"09/04/2011";"07:41:00";"908";"com vítima";"210.800";"BR-116/PR";"Sul";"Colisão Lateral";2;0;0;0;0;0;0;0;0;0;1;3;0;0;0
"09/04/2011";"10:06:00";"920";"com vítima";"24.7999";"BR-116/SC";"Sul";"Tombamento";0;0;1;0;0;0;0;0;0;0;0;1;0;0;0
"09/04/2011";"10:33:00";"923";"sem vítima";"209";"BR-116/PR";"Sul";"Choque - Defensa, barreira ou "submarino"";1;0;0;0;0;0;0;0;0;0;3;0;0;0;0
"10/04/2011";"04:15:00";"937";"com vítima";"168.899";"BR-116/SC";"Sul";"Colisão Frontal";2;0;0;0;0;0;0;0;0;0;0;2;0;2;1
"10/04/2011";"04:31:00";"986";"sem vítima";"145.399";"BR-116/PR";"Norte";"Saida de Pista";1;0;0;0;0;0;0;0;0;0;2;0;0;0;0
"11/04/2011";"01:07:00";"1032";"sem vítima";"190";"BR-116/SC";"Norte";"Saida de Pista";0;0;1;0;0;0;0;0;0;0;1;0;0;0;0
"11/04/2011";"01:49:00";"1083";"sem vítima";"127.5";"BR-116/PR";"Norte";"Choque - Veiculo parado na pista";1;0;1;0;0;0;0;0;0;0;5;0;0;0;0
"11/04/2011";"02:51:00";"1087";"com vítima";"6.59999";"BR-116/SC";"Norte";"Colisão Traseira";1;0;0;1;0;0;0;0;0;0;1;1;0;0;0
"11/04/2011";"03:44:00";"1090";"com vítima";"120";"BR-116/PR";"Sul";"Colisão Transversal";0;0;1;1;0;0;0;0;0;0;1;1;0;0;0
"11/04/2011";"06:59:00";"1107";"sem vítima";"115";"BR-116/PR";"Norte";"Colisão Traseira";1;0;1;0;0;0;0;0;0;0;2;0;0;0;0
"11/04/2011";"07:23:00";"1109";"sem vítima";"155.5";"BR-116/PR";"Sul";"Saida de Pista";1;0;0;0;0;0;0;0;0;0;1;0;0;0;0
"11/04/2011";"08:05:00";"1111";"com vítima";"86";"BR-116/SC";"Norte";"Saida de Pista";1;0;0;0;0;0;0;0;0;0;0;0;0;0;1
"12/04/2011";"12:06:00";"1127";"sem vítima";"125";"BR-116/PR";"Norte";"Colisão Lateral";0;0;2;0;0;0;0;0;0;0;2;0;0;0;0
"12/04/2011";"12:59:00";"1129";"com vítima";"137.399";"BR-116/SC";"Sul";"Choque - Talude";1;0;0;0;0;0;0;0;0;0;0;2;0;0;0
"12/04/2011";"06:53:00";"1138";"com vítima";"116.199";"BR-116/PR";"Norte";"Colisão Traseira";2;0;0;1;0;0;0;0;0;0;2;0;1;0;0
"12/04/2011";"06:59:00";"1139";"com vítima";"180";"BR-116/PR";"Sul";"Colisão Lateral";0;0;2;0;0;0;0;0;0;0;0;2;0;0;0
"12/04/2011";"07:33:00";"1141";"com vítima";"135.300";"BR-116/PR";"Norte";"Saida de Pista";0;0;1;0;0;0;0;0;0;0;0;1;0;0;0
"12/04/2011";"11:45:00";"1156";"sem vítima";"4.5";"BR-116/SC";"Sul";"Colisão Transversal";1;0;1;0;0;0;0;0;0;0;4;0;0;0;0
"12/04/2011";"12:21:00";"1164";"com vítima";"145.100";"BR-116/PR";"Norte";"Colisão Lateral";0;0;0;2;0;0;0;0;0;0;1;1;0;0;0
"12/04/2011";"12:43:00";"1167";"sem vítima";"153.300";"BR-116/SC";"Norte";"Colisão Lateral";1;0;1;0;0;0;0;0;0;0;3;0;0;0;0
"12/04/2011";"05:57:00";"1195";"com vítima";"117.199";"BR-116/PR";"Sul";"Colisão Transversal";1;0;0;1;0;0;0;0;0;0;1;1;0;0;0
"12/04/2011";"06:58:00";"1202";"sem vítima";"117.400";"BR-116/PR";"Sul";"Colisão Lateral";1;0;1;0;0;0;0;0;0;0;2;0;0;0;0
"13/04/2011";"05:44:00";"1245";"sem vítima";"107.800";"BR-116/SC";"Norte";"Saida de Pista";0;0;0;0;0;0;0;0;0;1;1;0;0;0;0
"13/04/2011";"10:41:00";"1268";"sem vítima";"203.300";"BR-116/SC";"Norte";"Saida de Pista";0;0;1;0;0;0;0;0;0;0;1;0;0;0;0
"13/04/2011";"02:01:00";"1280";"sem vítima";"134.800";"BR-116/PR";"Sul";"Choque - Veiculo parado na pista";1;0;1;0;0;0;0;0;0;0;2;0;0;0;0
"13/04/2011";"03:03:00";"1289";"com vítima";"126.300";"BR-116/PR";"Norte";"Colisão Transversal";1;0;0;0;0;0;0;0;0;1;1;1;0;0;0
"13/04/2011";"03:13:00";"1290";"com vítima";"195.300";"BR-116/PR";"Sul";"Colisão Lateral";1;0;1;0;0;0;0;0;0;0;2;1;0;0;0
"13/04/2011";"05:49:00";"1300";"sem vítima";"77.3000";"BR-116/SC";"Sul";"Saida de Pista";1;0;0;0;0;0;0;0;0;0;1;0;0;0;0
"13/04/2011";"07:32:00";"1311";"sem vítima";"116.300";"BR-116/PR";"Sul";"Colisão Traseira";2;0;2;0;0;0;0;0;0;0;4;0;0;0;0
"13/04/2011";"07:56:00";"1314";"sem vítima";"116";"BR-116/PR";"Sul";"Choque - Veiculo parado na pista";1;0;1;0;2;0;0;0;0;0;4;0;0;0;0
"14/04/2011";"01:30:00";"1331";"sem vítima";"306.200";"BR-116/SC";"Norte";"Saida de Pista";0;0;1;0;0;0;0;0;0;0;1;0;0;0;0
"14/04/2011";"05:23:00";"1338";"sem vítima";"61";"BR-116/SC";"Norte";"Saida de Pista";0;0;1;0;0;0;0;0;0;0;1;0;0;0;0
"14/04/2011";"01:40:00";"1369";"sem vítima";"235.800";"BR-116/SC";"Norte";"Saida de Pista";1;0;0;0;0;0;0;0;0;0;2;0;0;0;0
"14/04/2011";"02:04:00";"1372";"sem vítima";"119.5";"BR-116/PR";"Sul";"Colisão Transversal";1;0;1;0;0;0;0;0;0;0;2;0;0;0;0
"14/04/2011";"02:47:00";"1376";"sem vítima";"247";"BR-116/SC";"Norte";"Colisão Lateral";2;0;0;0;0;0;0;0;0;0;2;0;0;0;0
"14/04/2011";"02:49:00";"1377";"sem vítima";"204";"BR-116/PR";"Norte";"Queda de Moto";0;0;0;1;0;0;0;0;0;0;1;0;0;0;0
"14/04/2011";"05:14:00";"1391";"sem vítima";"278.100";"BR-116/SC";"Sul";"Saida de Pista";0;0;1;0;0;0;0;0;0;0;1;0;0;0;0
"14/04/2011";"06:58:00";"1405";"com vítima";"234.800";"BR-116/SC";"Sul";"Colisão Frontal";2;0;0;0;0;0;0;0;0;0;0;1;4;0;1
"14/04/2011";"08:51:00";"1413";"sem vítima";"210.199";"BR-116/SC";"Norte";"Saida de Pista";1;0;0;0;0;0;0;0;0;0;1;0;0;0;0
"15/04/2011";"01:04:00";"1424";"sem vítima";"8";"BR-116/SC";"Sul";"Saida de Pista";0;0;0;0;0;0;0;0;0;1;1;0;0;0;0
"15/04/2011";"01:07:00";"1425";"sem vítima";"121.300";"BR-116/PR";"Sul";"Queda de Moto";0;0;0;1;0;0;0;0;0;0;1;0;0;0;0
"15/04/2011";"02:11:00";"1461";"sem vítima";"306.100";"BR-116/SC";"Sul";"Colisão Traseira";0;0;2;0;0;0;0;0;0;0;2;0;0;0;0
"15/04/2011";"02:13:00";"1462";"com vítima";"101.900";"BR-116/SC";"Norte";"Saida de Pista";1;0;0;0;0;0;0;0;0;0;0;0;1;0;0
"15/04/2011";"03:15:00";"1467";"com vítima";"120.900";"BR-116/PR";"Norte";"Colisão Transversal";1;0;0;1;0;0;0;0;0;0;1;0;1;0;0
"15/04/2011";"06:35:00";"1491";"sem vítima";"117.699";"BR-116/PR";"Sul";"Colisão Lateral";1;0;1;0;0;0;0;0;0;0;2;0;0;0;0
"15/04/2011";"07:14:00";"1497";"sem vítima";"133";"BR-116/PR";"Norte";"Saida de Pista";1;0;0;0;0;0;0;0;0;0;1;0;0;0;0
"15/04/2011";"10:19:00";"1520";"com vítima";"110.099";"BR-116/SC";"Norte";"Colisão Lateral";0;0;1;1;0;0;0;0;0;0;1;1;0;1;0
"15/04/2011";"10:59:00";"1523";"sem vítima";"247.899";"BR-116/SC";"Norte";"Colisão Transversal";2;0;1;0;0;0;0;0;0;0;4;0;0;0;0
"16/04/2011";"12:00:00";"1526";"com vítima";"115.5";"BR-116/PR";"Sul";"Atropelamento - Morador";0;0;0;0;0;1;0;0;0;0;1;0;0;0;1
"16/04/2011";"07:08:00";"1543";"sem vítima";"145.600";"BR-116/SC";"Norte";"Tombamento";0;0;1;0;0;0;0;0;0;0;1;0;0;0;0
"16/04/2011";"10:45:00";"1550";"sem vítima";"116.199";"BR-116/PR";"Sul";"Colisão Transversal";0;0;2;0;0;0;0;0;0;0;2;0;0;0;0
"16/04/2011";"09:09:00";"1609";"sem vítima";"125.800";"BR-116/PR";"Sul";"Choque - Veiculo parado na pista";3;0;0;0;0;0;0;0;0;0;4;0;0;0;0
"16/04/2011";"09:17:00";"1611";"com vítima";"206.100";"BR-116/SC";"Norte";"Colisão Transversal";2;0;0;0;0;0;0;0;0;0;4;4;1;0;0
"17/04/2011";"10:37:00";"1646";"sem vítima";"143.199";"BR-116/PR";"Norte";"Saida de Pista";1;0;0;0;0;0;0;0;0;0;1;0;0;0;0
"17/04/2011";"05:27:00";"1676";"sem vítima";"1.60000";"BR-116/SC";"Norte";"Atropelamento - Morador";1;0;0;0;0;0;0;0;0;0;4;0;0;0;0
"18/04/2011";"12:33:00";"1691";"com vítima";"202.100";"BR-116/SC";"Norte";"Colisão Frontal";0;0;2;0;0;0;0;0;0;0;0;2;1;0;0
"18/04/2011";"06:21:00";"1701";"sem vítima";"72.3000";"BR-116/SC";"Sul";"Colisão Lateral";1;0;1;0;0;0;0;0;0;0;2;0;0;0;0
"18/04/2011";"06:51:00";"1704";"com vítima";"219.199";"BR-116/SC";"Norte";"Choque - Poste";1;0;0;0;0;0;0;0;0;0;0;1;0;0;0
"18/04/2011";"07:17:00";"1706";"sem vítima";"82";"BR-116/SC";"Norte";"Queda de Moto";0;0;0;1;0;0;0;0;0;0;1;0;0;0;0
"18/04/2011";"07:30:00";"1708";"com vítima";"138.600";"BR-116/SC";"Sul";"Colisão Transversal";0;0;1;1;0;0;0;0;0;0;0;1;0;0;1
"18/04/2011";"10:59:00";"1731";"com vítima";"262";"BR-116/SC";"Sul";"Colisão Frontal";1;0;1;0;0;0;0;0;0;0;1;1;0;0;0
"18/04/2011";"11:43:00";"1735";"sem vítima";"145.899";"BR-116/PR";"Norte";"Choque - Veiculo parado no acostamento";2;0;1;0;0;0;0;0;0;0;4;0;0;0;0
"19/04/2011";"06:22:00";"1796";"sem vítima";"245.600";"BR-116/SC";"Sul";"Colisão Transversal";1;0;1;0;0;0;0;0;0;0;2;0;0;0;0
"20/04/2011";"02:30:00";"1923";"sem vítima";"184";"BR-116/SC";"Norte";"Choque - Veiculo parado na pista";2;0;0;0;0;0;0;0;0;0;7;0;0;0;0
"20/04/2011";"02:39:00";"1925";"com vítima";"209";"BR-116/PR";"Norte";"Queda de Moto";0;0;0;1;0;0;0;0;0;0;1;1;0;0;0
"20/04/2011";"04:40:00";"1945";"sem vítima";"5.69999";"BR-116/SC";"Sul";"Colisão Traseira";2;0;0;0;0;0;0;0;0;0;6;0;0;0;0
"20/04/2011";"05:08:00";"1950";"sem vítima";"166.100";"BR-116/PR";"Norte";"Colisão Transversal";1;0;0;0;0;0;0;0;0;1;2;0;0;0;0
"20/04/2011";"06:46:00";"1963";"com vítima";"70.5";"BR-116/SC";"Sul";"Atropelamento - Usuário";1;0;0;0;0;0;0;0;0;0;1;0;0;0;1
"20/04/2011";"07:38:00";"1970";"sem vítima";"201.100";"BR-116/SC";"Norte";"Colisão Lateral";0;0;2;0;0;0;0;0;0;0;2;0;0;0;0
"20/04/2011";"07:50:00";"1973";"sem vítima";"156.800";"BR-116/PR";"Sul";"Colisão Transversal";0;0;2;0;0;0;0;0;0;0;3;0;0;0;0
"20/04/2011";"07:52:00";"1974";"com vítima";"58.9000";"BR-116/SC";"Norte";"Colisão Lateral";0;0;1;1;0;0;0;0;0;0;2;0;0;0;1
"20/04/2011";"09:24:00";"1989";"sem vítima";"115.5";"BR-116/SC";"Sul";"Colisão Lateral";1;0;0;0;0;1;0;0;0;1;7;0;0;0;0
"20/04/2011";"11:03:00";"1995";"sem vítima";"122.300";"BR-116/PR";"Sul";"Colisão Traseira";1;0;0;0;0;1;0;0;0;0;2;0;0;0;0
"21/04/2011";"08:33:00";"2048";"sem vítima";"4.19999";"BR-116/SC";"Sul";"Colisão Traseira";2;0;0;0;0;0;0;0;0;0;2;0;0;0;0
"21/04/2011";"08:57:00";"2050";"sem vítima";"134";"BR-116/PR";"Sul";"Colisão Traseira";1;0;1;0;0;0;0;0;0;0;2;0;0;0;0
"21/04/2011";"10:22:00";"2058";"com vítima";"196";"BR-116/PR";"Norte";"Colisão Frontal";2;0;0;0;0;0;0;0;0;0;0;2;0;1;0
"21/04/2011";"12:54:00";"2069";"com vítima";"42.2000";"BR-116/SC";"Norte";"Saida de Pista";1;0;0;0;0;0;0;0;0;0;0;3;0;0;0
"21/04/2011";"02:46:00";"2081";"sem vítima";"121";"BR-116/PR";"Sul";"Colisão Traseira";2;0;0;0;0;0;0;0;0;0;3;0;0;0;0
"21/04/2011";"04:00:00";"2094";"com vítima";"142.199";"BR-116/PR";"Sul";"Colisão Transversal";1;1;0;0;0;0;0;0;0;0;3;0;0;1;0
"21/04/2011";"07:00:00";"2112";"sem vítima";"131.800";"BR-116/PR";"Sul";"Colisão Frontal";2;0;0;0;0;0;0;0;0;0;8;0;0;0;0
"22/04/2011";"12:38:00";"2136";"sem vítima";"169.800";"BR-116/SC";"Sul";"Saida de Pista";0;0;1;0;0;0;0;0;0;0;1;0;0;0;0
"22/04/2011";"03:21:00";"2175";"sem vítima";"1.39999";"BR-116/SC";"Sul";"Saida de Pista";0;0;1;0;0;0;0;0;0;0;1;0;0;0;0
"22/04/2011";"03:47:00";"2178";"com vítima";"164.600";"BR-116/PR";"Sul";"Colisão Transversal";1;0;0;1;0;0;0;0;0;0;1;0;0;0;1
"23/04/2011";"04:11:00";"2212";"com vítima";"5.19999";"BR-116/SC";"Norte";"Colisão Traseira";0;0;1;0;1;0;0;0;0;0;12;15;0;0;1
"23/04/2011";"08:16:00";"2219";"sem vítima";"203";"BR-116/PR";"Sul";"Queda de Moto";0;0;0;1;0;0;0;0;0;0;1;0;0;0;0
"23/04/2011";"09:33:00";"2225";"com vítima";"127.400";"BR-116/PR";"Sul";"Colisão Lateral";1;0;1;0;0;0;0;0;0;0;5;1;0;0;0
"23/04/2011";"10:54:00";"2233";"sem vítima";"188.899";"BR-116/SC";"Sul";"Saida de Pista";0;0;1;0;0;0;0;0;0;0;1;0;0;0;0
"23/04/2011";"01:16:00";"2242";"com vítima";"209.5";"BR-116/PR";"Sul";"Colisão Transversal";0;0;0;1;0;1;0;0;0;0;2;0;1;0;0
"23/04/2011";"06:41:00";"2280";"sem vítima";"226";"BR-116/SC";"Norte";"Colisão Traseira";1;0;0;0;0;1;0;0;0;0;2;0;0;0;0
"23/04/2011";"11:06:00";"2304";"sem vítima";"1";"BR-116/SC";"Sul";"Saida de Pista";1;0;0;0;0;0;0;0;0;0;1;0;0;0;0
"24/04/2011";"12:26:00";"2308";"sem vítima";"118";"BR-116/PR";"Norte";"Queda de Moto";0;0;0;1;0;0;0;0;0;0;1;0;0;0;0
"24/04/2011";"09:21:00";"2327";"sem vítima";"306.299";"BR-116/SC";"Sul";"Saida de Pista";1;0;0;0;0;0;0;0;0;0;1;0;0;0;0
"24/04/2011";"11:13:00";"2337";"com vítima";"9";"BR-116/SC";"Sul";"Colisão Lateral";3;0;1;0;0;0;0;0;0;0;6;4;0;0;0
"24/04/2011";"01:05:00";"2351";"sem vítima";"295";"BR-116/SC";"Norte";"Atropelamento de Animal";1;0;0;0;0;0;0;0;0;0;1;0;0;0;0
"24/04/2011";"01:36:00";"2353";"com vítima";"6.90000";"BR-116/SC";"Sul";"Colisão Transversal";2;0;0;0;0;0;0;0;0;0;0;4;4;0;0
"24/04/2011";"04:36:00";"2371";"sem vítima";"122";"BR-116/PR";"Sul";"Colisão Transversal";2;0;0;0;0;0;0;0;0;0;4;0;0;0;0
"24/04/2011";"05:20:00";"2380";"com vítima";"140.5";"BR-116/PR";"Norte";"Colisão Traseira";2;0;0;0;0;0;0;0;0;0;3;1;0;0;0
"24/04/2011";"05:40:00";"2385";"sem vítima";"81";"BR-116/SC";"Norte";"Choque - Veiculo parado na pista";2;0;0;0;0;0;0;0;0;0;9;0;0;0;0
"24/04/2011";"08:38:00";"2418";"sem vítima";"308.399";"BR-116/SC";"Sul";"Saida de Pista";1;0;0;0;0;0;0;0;0;0;1;0;0;0;0
"24/04/2011";"09:05:00";"2424";"sem vítima";"134.100";"BR-116/PR";"Norte";"Colisão Lateral";1;0;1;0;0;0;0;0;0;0;2;0;0;0;0
"24/04/2011";"10:49:00";"2431";"com vítima";"246.899";"BR-116/SC";"Norte";"Saida de Pista";1;0;0;0;0;0;0;0;0;0;1;0;1;0;0
"25/04/2011";"06:20:00";"2449";"sem vítima";"115.400";"BR-116/PR";"Sul";"Colisão Lateral";1;0;1;0;0;0;0;0;0;0;2;0;0;0;0
"25/04/2011";"10:15:00";"2469";"sem vítima";"206";"BR-116/PR";"Sul";"Colisão Lateral";1;0;1;0;0;0;0;0;0;0;2;0;0;0;0
"25/04/2011";"01:01:00";"2485";"sem vítima";"119";"BR-116/PR";"Norte";"Colisão Traseira";3;0;0;0;0;0;0;0;0;0;3;0;0;0;0
"25/04/2011";"07:43:00";"2522";"com vítima";"302";"BR-116/SC";"Norte";"Atropelamento - Usuário";1;0;0;0;0;0;0;0;0;0;1;0;0;0;1
"26/04/2011";"08:41:00";"2555";"sem vítima";"202";"BR-116/PR";"Norte";"Tombamento";0;0;1;0;0;0;0;0;0;0;1;0;0;0;0
"26/04/2011";"09:13:00";"2560";"com vítima";"199.199";"BR-116/PR";"Sul";"Colisão Lateral";0;0;1;0;0;0;0;0;0;1;1;1;0;0;0
"26/04/2011";"05:26:00";"2607";"sem vítima";"2.90000";"BR-116/SC";"Sul";"Colisão Traseira";1;0;2;0;0;0;0;0;0;0;3;0;0;0;0
"26/04/2011";"07:42:00";"2621";"sem vítima";"185";"BR-116/SC";"Sul";"Colisão Traseira";2;0;0;0;0;0;0;0;0;0;2;0;0;0;0
"26/04/2011";"09:06:00";"2628";"sem vítima";"125.800";"BR-116/PR";"Norte";"Colisão Transversal";1;0;1;0;0;0;0;0;0;0;2;0;0;0;0
"27/04/2011";"06:17:00";"2644";"sem vítima";"245.600";"BR-116/SC";"Norte";"Colisão Lateral";1;0;1;0;0;0;0;0;0;0;2;0;0;0;0
"27/04/2011";"08:24:00";"2648";"sem vítima";"204";"BR-116/PR";"Sul";"Choque - Veiculo parado na pista";1;0;1;0;0;0;0;0;0;0;2;0;0;0;0
"27/04/2011";"02:13:00";"2682";"sem vítima";"58.5";"BR-116/SC";"Sul";"Colisão Lateral";0;0;3;0;0;0;0;0;0;0;3;0;0;0;0
"27/04/2011";"06:18:00";"2713";"sem vítima";"184.5";"BR-116/SC";"Sul";"Colisão Lateral";0;0;2;0;0;0;0;0;0;0;4;0;0;0;0
"28/04/2011";"06:03:00";"2793";"com vítima";"122";"BR-116/PR";"Norte";"Colisão Transversal";1;0;0;1;0;0;0;0;0;0;1;1;0;0;0
"28/04/2011";"06:27:00";"2795";"sem vítima";"117.800";"BR-116/PR";"Sul";"Engavetamento";1;0;3;0;0;0;0;0;0;0;6;0;0;0;0
"28/04/2011";"07:09:00";"2797";"sem vítima";"138.199";"BR-116/SC";"Norte";"Choque - Veiculo parado na pista";1;0;0;1;0;0;0;0;0;0;2;0;0;0;0
"30/04/2011";"08:24:00";"2925";"sem vítima";"152";"BR-116/SC";"Sul";"Choque - Veiculo parado na pista";1;0;1;0;0;0;0;0;0;0;4;0;0;0;0
"30/04/2011";"11:23:00";"2939";"com vítima";"171";"BR-116/SC";"Norte";"Colisão Lateral";1;0;0;1;0;0;0;0;0;0;4;0;0;1;1
"30/04/2011";"11:36:00";"2940";"sem vítima";"117";"BR-116/SC";"Norte";"Saida de Pista";0;0;1;0;0;0;0;0;0;0;1;0;0;0;0
"30/04/2011";"05:49:00";"2963";"sem vítima";"233";"BR-116/SC";"Norte";"Colisão Traseira";1;0;1;0;0;0;0;0;0;0;3;0;0;0;0
"30/04/2011";"06:40:00";"2968";"sem vítima";"119.400";"BR-116/PR";"Sul";"Colisão Traseira";2;0;0;0;0;0;0;0;0;0;2;0;0;0;0
"30/04/2011";"07:04:00";"2971";"sem vítima";"120.800";"BR-116/PR";"Norte";"Colisão Lateral";1;0;0;1;0;0;0;0;0;0;2;0;0;0;0
"30/04/2011";"07:37:00";"2975";"com vítima";"163.899";"BR-116/SC";"Sul";"Saida de Pista";1;0;0;0;0;0;0;0;0;0;0;1;0;0;0
"01/05/2011";"01:23:00";"3";"sem vítima";"222";"BR-116/SC";"Sul";"Saida de Pista";1;0;0;0;0;0;0;0;0;0;2;0;0;0;0
"01/05/2011";"03:33:00";"6";"com vítima";"145.300";"BR-116/PR";"Norte";"Saida de Pista";1;0;0;0;0;0;0;0;0;0;0;1;0;0;0
"01/05/2011";"12:27:00";"30";"sem vítima";"113";"BR-116/SC";"Norte";"Saida de Pista";0;0;0;0;0;0;0;0;0;1;1;0;0;0;0
"01/05/2011";"02:51:00";"41";"sem vítima";"102.400";"BR-116/SC";"Sul";"Saida de Pista";1;0;0;0;0;0;0;0;0;0;4;0;0;0;0
"01/05/2011";"03:34:00";"47";"sem vítima";"118.800";"BR-116/PR";"Norte";"Colisão Transversal";1;0;0;1;0;0;0;0;0;0;2;0;0;0;0
"01/05/2011";"06:57:00";"68";"sem vítima";"158.800";"BR-116/PR";"Norte";"Colisão Lateral";2;0;0;0;0;0;0;0;0;0;2;0;0;0;0
"02/05/2011";"11:24:00";"120";"com vítima";"202.5";"BR-116/SC";"Norte";"Saida de Pista";0;0;1;0;0;0;0;0;0;0;0;1;0;0;0
"02/05/2011";"11:40:00";"122";"com vítima";"18.5";"BR-116/SC";"Norte";"Choque - Veiculo parado na pista";1;0;1;0;0;0;0;0;0;0;1;2;0;0;0
"02/05/2011";"02:16:00";"128";"com vítima";"49";"BR-116/SC";"Sul";"Colisão Traseira";2;0;0;0;0;0;0;0;0;0;2;1;0;0;0
"02/05/2011";"03:40:00";"133";"sem vítima";"88.5999";"BR-116/SC";"Norte";"Saida de Pista";1;0;0;0;0;0;0;0;0;0;1;0;0;0;0
"02/05/2011";"05:29:00";"144";"com vítima";"115.199";"BR-116/PR";"Sul";"Choque - Veiculo parado na pista";1;0;1;0;0;0;0;0;0;0;2;1;0;0;0
"02/05/2011";"10:40:00";"161";"sem vítima";"117.199";"BR-116/PR";"Sul";"Choque - Outros";1;0;1;0;0;0;0;0;0;0;6;0;0;0;0
"03/05/2011";"09:09:00";"183";"sem vítima";"211.399";"BR-116/PR";"Sul";"Saida de Pista";1;0;0;0;0;0;0;0;0;0;1;0;0;0;0
"03/05/2011";"11:10:00";"196";"sem vítima";"204";"BR-116/PR";"Norte";"Atropelamento de Animal";0;0;1;0;0;0;0;0;0;0;1;0;0;0;0
"03/05/2011";"12:00:00";"205";"sem vítima";"8";"BR-116/SC";"Norte";"Colisão Lateral";1;0;0;0;0;0;0;0;0;1;3;0;0;0;0
"03/05/2011";"06:14:00";"235";"com vítima";"210.399";"BR-116/PR";"Sul";"Colisão Transversal";2;0;0;0;0;0;0;0;0;0;1;2;0;0;0
"03/05/2011";"07:29:00";"241";"com vítima";"168.5";"BR-116/PR";"Sul";"Colisão Transversal";0;0;0;1;0;0;0;0;0;1;1;2;0;0;0
"03/05/2011";"08:23:00";"248";"sem vítima";"118";"BR-116/PR";"Sul";"Colisão Traseira";2;0;0;0;0;0;0;0;0;0;2;0;0;0;0
"03/05/2011";"10:29:00";"260";"com vítima";"67.5999";"BR-116/SC";"Norte";"Colisão Traseira";1;0;1;0;0;0;0;0;0;0;1;0;1;0;1
"04/05/2011";"12:44:00";"305";"sem vítima";"125.800";"BR-116/PR";"Norte";"Colisão Traseira";2;0;1;0;0;0;0;0;0;0;4;0;0;0;0
"04/05/2011";"06:23:00";"338";"com vítima";"118";"BR-116/PR";"Sul";"Choque - Veiculo parado no acostamento";0;1;0;1;0;0;0;0;0;0;0;2;0;0;0
"04/05/2011";"10:16:00";"360";"sem vítima";"36.5";"BR-116/SC";"Sul";"Colisão Frontal";1;0;1;0;0;0;0;0;0;0;2;0;0;0;0
"05/05/2011";"01:45:00";"421";"sem vítima";"145.300";"BR-116/PR";"Sul";"Colisão Lateral";1;0;1;0;0;0;0;0;0;0;3;0;0;0;0
"05/05/2011";"03:50:00";"433";"sem vítima";"119.5";"BR-116/PR";"Sul";"Colisão Transversal";2;0;0;0;0;0;0;0;0;0;2;0;0;0;0
"05/05/2011";"04:29:00";"439";"sem vítima";"118.900";"BR-116/PR";"Sul";"Choque - Veiculo parado na pista";2;0;0;0;0;0;0;0;0;0;4;0;0;0;0
"05/05/2011";"05:30:00";"446";"com vítima";"118.900";"BR-116/PR";"Sul";"Colisão Traseira";2;0;0;0;0;0;0;0;0;0;2;1;0;0;0
"05/05/2011";"05:55:00";"448";"com vítima";"124.300";"BR-116/PR";"Norte";"Colisão Lateral";1;0;1;1;0;0;0;0;0;1;2;0;1;1;0
"05/05/2011";"06:57:00";"457";"sem vítima";"1";"BR-116/SC";"Norte";"Colisão Traseira";1;0;0;0;0;0;0;0;0;1;2;0;0;0;0
"05/05/2011";"08:50:00";"467";"sem vítima";"117";"BR-116/PR";"Sul";"Colisão Lateral";0;0;1;0;1;0;0;0;0;0;62;0;0;0;0
"05/05/2011";"08:52:00";"468";"sem vítima";"168.5";"BR-116/PR";"Norte";"Colisão Transversal";2;0;0;0;0;0;0;0;0;0;3;0;0;0;0
"05/05/2011";"09:14:00";"470";"com vítima";"129.5";"BR-116/PR";"Norte";"Atropelamento - Morador";0;0;0;0;0;1;0;0;0;0;1;1;0;0;0