data;horario;n_da_ocorrencia;tipo_de_ocorrencia;km;trecho;sentido;tipo_de_acidente;automovel;bicicleta;caminhao;moto;onibus;outros;tracao_animal;transporte_de_cargas_especiais;trator_maquinas;utilitarios;ilesos;levemente_feridos;moderadamente_feridos;gravemente_feridos;mortos
"30/06/2011";"03:41:00";"2762";"sem vítima";"153.199";"BR-116/PR";"Norte";"Colisão Traseira";2;0;0;0;0;0;0;0;0;0;2;0;0;0;0
"30/06/2011";"06:27:00";"2779";"sem vítima";"7";"BR-116/SC";"Sul";"Colisão Transversal";2;0;0;0;0;0;0;0;0;0;4;0;0;0;0
"30/06/2011";"07:54:00";"2788";"sem vítima";"182";"BR-116/PR";"Norte";"Saida de Pista";1;0;0;0;0;0;0;0;0;0;1;0;0;0;0
"30/06/2011";"08:43:00";"2790";"sem vítima";"124.400";"BR-116/PR";"Norte";"Saida de Pista";1;0;0;0;0;0;0;0;0;0;1;0;0;0;0
"30/06/2011";"08:46:00";"2791";"sem vítima";"72";"BR-116/SC";"Sul";"Saida de Pista";0;0;1;0;0;0;0;0;0;0;1;0;0;0;0
"01/07/2011";"07:50:00";"22";"sem vítima";"119.400";"BR-116/PR";"Norte";"Colisão Traseira";1;0;1;0;0;0;0;0;0;0;4;0;0;0;0
"01/07/2011";"09:24:00";"29";"sem vítima";"184.300";"BR-116/SC";"Norte";"Colisão Lateral";2;0;0;0;0;0;0;0;0;0;4;0;0;0;0
"01/07/2011";"04:24:00";"65";"com vítima";"129.199";"BR-116/PR";"Sul";"Colisão Transversal";2;0;0;0;0;0;0;0;0;0;2;1;0;0;0
"01/07/2011";"05:05:00";"68";"com vítima";"157.5";"BR-116/PR";"Sul";"Colisão Transversal";1;0;0;0;0;0;0;0;0;1;4;0;1;0;0
"01/07/2011";"07:12:00";"83";"com vítima";"119";"BR-116/PR";"Sul";"Engavetamento";2;0;1;0;0;0;0;0;0;0;4;1;0;0;0
"01/07/2011";"08:32:00";"89";"com vítima";"146.100";"BR-116/SC";"Sul";"Colisão Frontal";2;0;0;0;0;0;0;0;0;0;0;5;2;0;0
"01/07/2011";"10:21:00";"96";"sem vítima";"210.899";"BR-116/PR";"Norte";"Colisão Transversal";2;0;0;0;0;0;0;0;0;0;2;0;0;0;0
"02/07/2011";"01:16:00";"130";"sem vítima";"157.800";"BR-116/PR";"Sul";"Colisão Transversal";1;0;1;0;0;0;0;0;0;0;2;0;0;0;0
"02/07/2011";"06:44:00";"156";"sem vítima";"139.199";"BR-116/SC";"Sul";"Colisão Transversal";2;0;0;0;0;0;0;0;0;0;5;0;0;0;0
"02/07/2011";"07:17:00";"159";"com vítima";"46.9500";"BR-116/SC";"Sul";"Colisão Frontal";2;0;0;0;0;0;0;0;0;0;1;4;2;0;0
"02/07/2011";"10:00:00";"174";"com vítima";"130.199";"BR-116/SC";"Norte";"Choque - Veiculo parado no acostamento";0;0;2;0;0;0;0;0;0;0;1;1;0;0;0
"03/07/2011";"03:10:00";"185";"sem vítima";"205.5";"BR-116/PR";"Sul";"Saida de Pista";1;0;0;0;0;0;0;0;0;0;2;0;0;0;0
"03/07/2011";"05:03:00";"190";"com vítima";"33.5999";"BR-116/SC";"Sul";"Saida de Pista";1;0;0;0;0;0;0;0;0;0;2;2;1;0;0
"03/07/2011";"12:15:00";"209";"sem vítima";"135.699";"BR-116/SC";"Norte";"Saida de Pista";1;0;0;0;0;0;0;0;0;0;1;0;0;0;0
"03/07/2011";"01:21:00";"212";"com vítima";"149.899";"BR-116/PR";"Norte";"Colisão Transversal";2;0;0;0;0;0;0;0;0;0;0;2;0;1;0
"04/07/2011";"11:08:00";"298";"sem vítima";"113";"BR-116/SC";"Sul";"Tombamento";0;0;1;0;0;0;0;0;0;0;1;0;0;0;0
"04/07/2011";"03:59:00";"326";"sem vítima";"190";"BR-116/PR";"Sul";"Choque - Veiculo parado na pista";2;0;0;0;0;0;0;0;0;0;2;0;0;0;0
"04/07/2011";"06:43:00";"353";"com vítima";"211.5";"BR-116/SC";"Sul";"Choque - Veiculo parado na pista";1;0;1;0;0;0;0;0;0;0;2;4;0;0;0
"04/07/2011";"06:43:00";"342";"sem vítima";"211.5";"BR-116/SC";"Norte";"Saida de Pista";1;0;1;0;0;0;0;0;0;0;4;0;0;0;0
"04/07/2011";"06:43:00";"339";"sem vítima";"211.5";"BR-116/SC";"Norte";"Tombamento";0;0;1;0;0;0;0;0;0;0;2;0;0;0;0
"05/07/2011";"02:26:00";"369";"sem vítima";"187.5";"BR-116/SC";"Norte";"Saida de Pista";0;0;1;0;0;0;0;0;0;0;1;0;0;0;0
"05/07/2011";"02:30:00";"406";"com vítima";"131.800";"BR-116/PR";"Sul";"Colisão Transversal";1;0;0;0;1;0;0;0;0;0;45;2;0;0;0
"05/07/2011";"03:21:00";"411";"sem vítima";"116";"BR-116/PR";"Norte";"Colisão Traseira";1;0;1;0;0;0;0;0;0;0;2;0;0;0;0
"05/07/2011";"05:02:00";"420";"com vítima";"5.5";"BR-116/SC";"Sul";"Queda de Moto";0;0;0;1;0;0;0;0;0;0;0;1;0;0;0
"06/07/2011";"02:18:00";"491";"com vítima";"0";"BR-116/SC";"Norte";"Choque - Defensa, barreira ou "submarino"";1;0;0;0;0;0;0;0;0;0;0;1;0;0;0
"06/07/2011";"11:03:00";"545";"sem vítima";"125.900";"BR-116/PR";"Norte";"Colisão Traseira";1;0;1;0;0;0;0;0;0;0;2;0;0;0;0
"07/07/2011";"08:21:00";"574";"com vítima";"120.5";"BR-116/PR";"Norte";"Colisão Lateral";0;0;0;1;0;0;0;0;0;1;6;1;0;0;0
"07/07/2011";"10:00:00";"587";"com vítima";"265.600";"BR-116/SC";"Sul";"Colisão Lateral";0;0;1;0;0;0;0;0;0;1;1;1;0;0;0
"07/07/2011";"12:54:00";"602";"sem vítima";"302";"BR-116/SC";"Norte";"Colisão Frontal";2;0;0;0;0;0;0;0;0;0;2;0;0;0;0
"07/07/2011";"06:39:00";"624";"sem vítima";"241.100";"BR-116/SC";"Sul";"Saida de Pista";1;0;0;0;0;0;0;0;0;0;1;0;0;0;0
"07/07/2011";"06:52:00";"627";"sem vítima";"115";"BR-116/SC";"Norte";"Objeto lançado contra veículo";1;0;0;0;0;1;0;0;0;0;2;0;0;0;0
"07/07/2011";"09:09:00";"641";"com vítima";"129.300";"BR-116/PR";"Sul";"Colisão Transversal";2;0;0;0;0;0;0;0;0;0;3;0;1;0;0
"08/07/2011";"04:48:00";"652";"sem vítima";"123.5";"BR-116/PR";"Sul";;0;0;0;1;0;0;0;0;0;0;1;0;0;0;0
"08/07/2011";"05:48:00";"654";"sem vítima";"189.699";"BR-116/PR";"Sul";"Saida de Pista";0;0;1;0;0;0;0;0;0;0;2;0;0;0;0
"08/07/2011";"11:16:00";"687";"com vítima";"193.100";"BR-116/SC";"Norte";"Tombamento";0;0;1;0;0;0;0;0;0;0;1;1;0;0;0
"08/07/2011";"12:13:00";"695";"sem vítima";"3.70000";"BR-116/SC";"Sul";"Colisão Traseira";0;0;0;1;0;0;0;0;0;1;2;0;0;0;0
"08/07/2011";"06:34:00";"728";"com vítima";"150.5";"BR-116/PR";"Norte";"Colisão Transversal";1;0;1;0;0;0;0;0;0;0;1;0;2;0;0
"08/07/2011";"07:31:00";"729";"com vítima";"1.60000";"BR-116/SC";"Sul";"Colisão Traseira";1;0;1;0;0;0;0;0;0;0;1;0;1;0;0
"08/07/2011";"08:33:00";"736";"com vítima";"8.80000";"BR-116/SC";"Sul";"Colisão Traseira";1;0;1;0;0;0;0;0;0;0;3;1;1;0;0
"08/07/2011";"08:45:00";"738";"sem vítima";"9.80000";"BR-116/SC";"Sul";"Atropelamento de Animal";1;0;0;0;0;0;0;0;0;0;2;0;0;0;0
"08/07/2011";"08:54:00";"739";"sem vítima";"9.80000";"BR-116/SC";"Sul";"Atropelamento de Animal";1;0;0;0;0;0;0;0;0;0;3;0;0;0;0
"09/07/2011";"03:19:00";"760";"sem vítima";"134";"BR-116/PR";"Norte";"Colisão Lateral";1;0;1;0;0;0;0;0;0;0;3;0;0;0;0
"09/07/2011";"06:15:00";"765";"sem vítima";"1";"BR-116/SC";"Norte";"Choque - Defensa, barreira ou "submarino"";0;0;0;0;0;0;0;0;0;1;1;0;0;0;0
"09/07/2011";"07:53:00";"768";"sem vítima";"6";"BR-116/SC";"Sul";"Colisão Transversal";2;0;0;0;0;0;0;0;0;0;2;0;0;0;0
"09/07/2011";"10:44:00";"776";"com vítima";"220.300";"BR-116/SC";"Norte";"Atropelamento - Usuário";1;0;0;0;0;0;0;0;0;0;1;1;0;0;0
"09/07/2011";"01:30:00";"787";"sem vítima";"145.699";"BR-116/PR";"Sul";"Colisão Traseira";2;0;0;0;0;0;0;0;0;0;2;0;0;0;0
"09/07/2011";"01:47:00";"789";"com vítima";"142.600";"BR-116/PR";"Norte";"Colisão Traseira";1;0;0;1;0;0;0;0;0;0;1;0;1;0;0
"09/07/2011";"02:44:00";"798";"com vítima";"221.199";"BR-116/SC";"Sul";"Colisão Traseira";1;0;0;1;0;0;0;0;0;0;2;1;0;0;0
"09/07/2011";"05:37:00";"820";"com vítima";"202.800";"BR-116/PR";"Norte";"Colisão Transversal";1;1;0;0;0;0;0;0;0;0;1;1;0;0;0
"10/07/2011";"06:44:00";"888";"sem vítima";"146.5";"BR-116/PR";"Norte";"Colisão Lateral";1;0;1;0;0;0;0;0;0;0;2;0;0;0;0
"10/07/2011";"10:13:00";"898";"sem vítima";"175.899";"BR-116/SC";"Sul";"Colisão Lateral";0;0;3;0;0;0;0;0;0;0;3;0;0;0;0
"10/07/2011";"11:09:00";"903";"com vítima";"132";"BR-116/PR";"Norte";"Colisão Traseira";2;0;2;0;0;0;0;0;0;0;8;0;1;0;0
"10/07/2011";"06:21:00";"938";"com vítima";"251.199";"BR-116/SC";"Norte";"Colisão Lateral";0;0;1;1;0;0;0;0;0;0;1;0;0;0;1
"10/07/2011";"06:22:00";"939";"sem vítima";"131.5";"BR-116/PR";"Norte";"Colisão Traseira";1;0;0;1;0;0;0;0;0;0;2;0;0;0;0
"10/07/2011";"07:39:00";"949";"sem vítima";"126.199";"BR-116/PR";"Norte";"Engavetamento";3;0;0;0;0;0;0;0;0;0;5;0;0;0;0
"10/07/2011";"08:20:00";"952";"com vítima";"68";"BR-116/SC";"Norte";"Colisão Traseira";1;0;0;0;0;1;0;0;0;0;2;1;0;0;0
"10/07/2011";"11:25:00";"963";"com vítima";"164.399";"BR-116/PR";"Norte";"Saida de Pista";1;0;0;0;0;0;0;0;0;0;1;1;0;0;0
"11/07/2011";"11:40:00";"994";"com vítima";"145.449";"BR-116/PR";"Norte";"Colisão Frontal";0;0;2;0;0;0;0;0;0;0;0;1;1;0;1
"11/07/2011";"03:28:00";"1010";"com vítima";"117.300";"BR-116/PR";"Sul";"Tombamento";0;1;0;0;0;0;0;0;0;0;0;1;0;0;0
"11/07/2011";"09:32:00";"1041";"sem vítima";"305.700";"BR-116/SC";"Sul";"Saida de Pista";0;0;1;0;0;0;0;0;0;0;1;0;0;0;0
"12/07/2011";"04:37:00";"1097";"sem vítima";"121";"BR-116/PR";"Norte";"Choque - Veiculo parado na pista";0;0;1;0;1;0;0;0;0;0;2;0;0;0;0
"12/07/2011";"04:37:00";"1096";"com vítima";"215.199";"BR-116/SC";"Norte";"Colisão Frontal";2;0;0;0;0;0;0;0;0;0;0;2;3;0;1
"12/07/2011";"06:12:00";"1105";"com vítima";"147";"BR-116/PR";"Norte";"Choque - Objeto sobre a pista";0;0;0;1;0;0;0;0;0;0;0;1;0;0;0
"12/07/2011";"07:09:00";"1114";"sem vítima";"301.5";"BR-116/SC";"Norte";"Colisão Lateral";0;0;2;0;0;0;0;0;0;0;2;0;0;0;0
"12/07/2011";"08:29:00";"1124";"sem vítima";"108";"BR-116/SC";"Norte";"Tombamento";0;0;1;0;0;0;0;0;0;0;1;0;0;0;0
"12/07/2011";"11:41:00";"1133";"sem vítima";"234";"BR-116/SC";"Sul";"Colisão Lateral";1;0;0;0;1;0;0;0;0;0;17;0;0;0;0
"13/07/2011";"05:11:00";"1149";"sem vítima";"183";"BR-116/PR";"Sul";"Saida de Pista";0;0;1;0;0;0;0;0;0;0;1;0;0;0;0
"13/07/2011";"07:11:00";"1155";"sem vítima";"195.899";"BR-116/PR";"Sul";"Saida de Pista";0;0;1;0;0;0;0;0;0;0;1;0;0;0;0
"13/07/2011";"10:15:00";"1172";"com vítima";"120.599";"BR-116/PR";"Norte";"Colisão Transversal";1;0;1;0;0;0;0;0;0;0;2;0;1;0;0
"13/07/2011";"12:04:00";"1179";"sem vítima";"204";"BR-116/PR";"Norte";"Colisão Traseira";1;0;1;0;0;0;0;0;0;0;2;0;0;0;0
"13/07/2011";"01:30:00";"1183";"sem vítima";"233";"BR-116/SC";"Norte";"Colisão Lateral";1;0;1;0;0;0;0;0;0;0;2;0;0;0;0
"13/07/2011";"02:13:00";"1189";"com vítima";"177.5";"BR-116/PR";"Norte";"Capotamento";1;0;0;0;0;0;0;0;0;0;0;1;0;0;0
"13/07/2011";"05:22:00";"1203";"sem vítima";"180.050";"BR-116/SC";"Sul";"Colisão Transversal";2;0;0;0;0;0;0;0;0;0;3;0;0;0;0
"13/07/2011";"07:18:00";"1213";"sem vítima";"135";"BR-116/PR";"Sul";"Colisão Lateral";1;0;0;0;0;0;0;0;0;1;6;0;0;0;0
"13/07/2011";"07:56:00";"1220";"sem vítima";"120.800";"BR-116/PR";"Norte";"Colisão Traseira";1;0;1;0;0;0;0;0;0;0;2;0;0;0;0
"13/07/2011";"09:22:00";"1232";"com vítima";"23.5";"BR-116/SC";"Sul";"Saida de Pista";1;0;0;0;0;0;0;0;0;0;0;0;1;0;0
"14/07/2011";"06:41:00";"1249";"sem vítima";"184.5";"BR-116/SC";"Norte";"Colisão Transversal";0;0;2;0;0;0;0;0;0;0;2;0;0;0;0
"14/07/2011";"07:13:00";"1250";"sem vítima";"126.300";"BR-116/PR";"Norte";"Colisão Transversal";2;0;0;0;0;0;0;0;0;0;2;0;0;0;0
"14/07/2011";"11:52:00";"1270";"sem vítima";"134";"BR-116/PR";"Sul";"Colisão Lateral";1;0;0;0;0;1;0;0;0;0;2;0;0;0;0
"14/07/2011";"01:45:00";"1280";"sem vítima";"19.2000";"BR-116/SC";"Norte";"Choque - Veiculo parado na pista";1;0;1;0;0;0;0;0;0;0;3;0;0;0;0
"14/07/2011";"04:39:00";"1301";"sem vítima";"107.199";"BR-116/SC";"Norte";"Colisão Traseira";0;0;2;0;0;0;0;0;0;0;3;0;0;0;0
"14/07/2011";"07:17:00";"1318";"com vítima";"125.800";"BR-116/PR";"Norte";"Choque - Veiculo parado na pista";2;0;0;0;0;0;0;0;0;0;2;1;0;0;0
"14/07/2011";"07:26:00";"1319";"sem vítima";"117.300";"BR-116/PR";"Sul";"Choque - Veiculo parado na pista";3;0;0;0;0;0;0;0;0;0;3;0;0;0;0
"15/07/2011";"09:05:00";"1355";"sem vítima";"126.400";"BR-116/PR";"Sul";"Choque - Veiculo parado na pista";0;0;2;0;0;0;0;0;0;0;4;0;0;0;0
"15/07/2011";"10:27:00";"1361";"com vítima";"166.100";"BR-116/PR";"Sul";"Colisão Transversal";1;1;0;0;0;0;0;0;0;0;1;1;0;0;0
"15/07/2011";"11:31:00";"1367";"com vítima";"141.100";"BR-116/PR";"Norte";"Colisão Transversal";1;0;0;1;0;0;0;0;0;0;1;1;0;0;0
"15/07/2011";"12:27:00";"1371";"sem vítima";"117";"BR-116/PR";"Norte";"Colisão Lateral";0;0;1;0;0;0;0;0;0;1;6;0;0;0;0
"15/07/2011";"02:22:00";"1380";"sem vítima";"175.5";"BR-116/PR";"Sul";"Choque - Veiculo parado na pista";0;0;0;0;0;0;0;0;0;2;3;0;0;0;0
"15/07/2011";"06:55:00";"1405";"sem vítima";"262.899";"BR-116/SC";"Norte";"Saida de Pista";1;0;0;0;0;0;0;0;0;0;2;0;0;0;0
"16/07/2011";"04:45:00";"1445";"sem vítima";"245.600";"BR-116/SC";"Norte";"Choque - Suporte de Sinalização";0;0;0;0;0;0;0;0;0;1;1;0;0;0;0
"16/07/2011";"05:04:00";"1446";"sem vítima";"122.400";"BR-116/PR";"Norte";"Colisão Lateral";1;0;1;0;0;0;0;0;0;0;2;0;0;0;0
"16/07/2011";"05:13:00";"1447";"sem vítima";"144";"BR-116/PR";"Sul";"Saida de Pista";1;0;0;0;0;0;0;0;0;0;1;0;0;0;0
"16/07/2011";"07:17:00";"1450";"sem vítima";"193.5";"BR-116/PR";"Norte";"Colisão Lateral";2;0;0;0;0;0;0;0;0;0;5;0;0;0;0
"16/07/2011";"08:30:00";"1454";"sem vítima";"116.099";"BR-116/PR";"Norte";"Colisão Lateral";1;0;1;0;0;0;0;0;0;0;2;0;0;0;0
"16/07/2011";"11:38:00";"1467";"com vítima";"116.199";"BR-116/PR";"Sul";"Colisão Lateral";1;0;0;1;0;0;0;0;0;0;1;1;0;0;0
"16/07/2011";"11:58:00";"1471";"sem vítima";"245.600";"BR-116/SC";"Sul";"Colisão Transversal";1;0;1;0;0;0;0;0;0;0;4;0;0;0;0
"16/07/2011";"02:49:00";"1489";"sem vítima";"119.5";"BR-116/PR";"Sul";"Engavetamento";3;0;0;0;0;0;0;0;0;0;7;0;0;0;0
"16/07/2011";"09:35:00";"1514";"sem vítima";"210.5";"BR-116/PR";"Norte";"Colisão Lateral";1;0;0;1;0;0;0;0;0;0;6;0;0;0;0
"16/07/2011";"10:38:00";"1516";"com vítima";"152.399";"BR-116/PR";"Sul";"Colisão Transversal";0;0;0;1;0;1;0;0;0;0;1;0;1;0;0
"17/07/2011";"04:23:00";"1529";"sem vítima";"209.600";"BR-116/SC";"Sul";"Saida de Pista";1;0;0;0;0;0;0;0;0;0;3;0;0;0;0
"17/07/2011";"04:45:00";"1531";"sem vítima";"50.5";"BR-116/SC";"Norte";"Saida de Pista";1;0;0;0;0;0;0;0;0;0;1;0;0;0;0
"17/07/2011";"12:01:00";"1554";"sem vítima";"262.299";"BR-116/SC";"Sul";"Saida de Pista";1;0;0;0;0;0;0;0;0;0;1;0;0;0;0
"17/07/2011";"03:44:00";"1574";"sem vítima";"33.0999";"BR-116/SC";"Sul";"Saida de Pista";0;0;1;0;0;0;0;0;0;0;1;0;0;0;0
"17/07/2011";"03:54:00";"1575";"sem vítima";"265.649";"BR-116/SC";"Norte";"Colisão Traseira";1;0;1;0;0;0;0;0;0;0;4;0;0;0;0
"17/07/2011";"07:27:00";"1589";"com vítima";"152.399";"BR-116/PR";"Sul";"Colisão Transversal";2;0;0;0;0;0;0;0;0;0;1;1;0;0;0
"17/07/2011";"09:04:00";"1603";"com vítima";"102.5";"BR-116/SC";"Norte";"Saida de Pista";1;0;0;0;0;0;0;0;0;0;0;2;0;0;0
"17/07/2011";"09:43:00";"1606";"com vítima";"211.5";"BR-116/PR";"Norte";"Colisão Lateral";1;0;1;0;0;0;0;0;0;0;1;1;0;0;0
"18/07/2011";"08:01:00";"1685";"sem vítima";"152.399";"BR-116/PR";"Norte";"Colisão Transversal";1;0;1;0;0;0;0;0;0;0;2;0;0;0;0
"18/07/2011";"09:11:00";"1688";"com vítima";"247.800";"BR-116/SC";"Sul";"Colisão Lateral";1;0;0;1;0;0;0;0;0;0;2;1;0;0;0
"19/07/2011";"03:38:00";"1711";"sem vítima";"1.20000";"BR-116/SC";"Sul";"Tombamento";0;0;1;0;0;0;0;0;0;0;1;0;0;0;0
"19/07/2011";"07:32:00";"1723";"sem vítima";"23.5";"BR-116/SC";"Sul";"Colisão Transversal";2;0;0;0;0;0;0;0;0;0;4;0;0;0;0
"19/07/2011";"08:09:00";"1727";"sem vítima";"124.5";"BR-116/SC";"Sul";"Saida de Pista";0;0;1;0;0;0;0;0;0;0;1;0;0;0;0
"19/07/2011";"08:43:00";"1729";"sem vítima";"245.5";"BR-116/SC";"Sul";"Colisão Lateral";1;0;1;0;0;0;0;0;0;0;3;0;0;0;0
"19/07/2011";"06:15:00";"1779";"sem vítima";"14.3999";"BR-116/SC";"Norte";"Engavetamento";0;0;3;0;0;0;0;0;0;0;3;0;0;0;0
"20/07/2011";"07:48:00";"1811";"sem vítima";"120.800";"BR-116/PR";"Sul";"Colisão Lateral";0;0;0;1;1;0;0;0;0;0;71;0;0;0;0
"20/07/2011";"07:06:00";"1864";"sem vítima";"72.3000";"BR-116/SC";"Sul";"Choque - Talude";1;0;0;0;0;0;0;0;0;0;1;0;0;0;0
"20/07/2011";"08:17:00";"1874";"sem vítima";"119.5";"BR-116/PR";"Norte";"Colisão Traseira";0;0;1;1;0;0;0;0;0;0;2;0;0;0;0
"21/07/2011";"05:30:00";"1900";"sem vítima";"5.69999";"BR-116/SC";"Norte";"Saida de Pista";1;0;0;0;0;0;0;0;0;0;5;0;0;0;0
"21/07/2011";"05:40:00";"1901";"sem vítima";"208.899";"BR-116/SC";"Norte";"Saida de Pista";0;0;1;0;0;0;0;0;0;0;1;0;0;0;0
"21/07/2011";"09:39:00";"1914";"com vítima";"51.5";"BR-116/SC";"Sul";"Saida de Pista";1;0;0;0;0;0;0;0;0;0;0;4;0;0;0
"21/07/2011";"12:35:00";"1927";"sem vítima";"147.005";"BR-116/PR";"Sul";"Colisão Transversal";2;0;0;0;0;0;0;0;0;0;3;0;0;0;0
"21/07/2011";"04:04:00";"1939";"sem vítima";"149.399";"BR-116/SC";"Sul";"Saida de Pista";1;0;0;0;0;0;0;0;0;0;1;0;0;0;0
"22/07/2011";"11:30:00";"1993";"com vítima";"210.800";"BR-116/SC";"Norte";"Saida de Pista";0;0;1;0;0;0;0;0;0;0;0;1;0;0;0
"22/07/2011";"02:59:00";"2012";"com vítima";"166";"BR-116/SC";"Norte";"Colisão Transversal";2;0;0;0;0;0;0;0;0;0;2;1;0;0;0
"22/07/2011";"08:22:00";"2042";"com vítima";"173";"BR-116/SC";"Sul";"Tombamento";0;1;0;0;0;0;0;0;0;0;0;1;0;0;0
"23/07/2011";"04:01:00";"2070";"sem vítima";"120";"BR-116/PR";"Norte";;1;0;0;1;0;0;0;0;0;0;2;0;0;0;0
"23/07/2011";"04:57:00";"2072";"com vítima";"0.20000";"BR-116/SC";"Sul";"Queda de Moto";0;0;0;1;0;0;0;0;0;0;0;0;1;0;0
"23/07/2011";"06:09:00";"2075";"sem vítima";"245.699";"BR-116/SC";"Sul";"Saida de Pista";1;0;0;0;0;0;0;0;0;0;1;0;0;0;0
"23/07/2011";"12:10:00";"2100";"sem vítima";"113.5";"BR-116/SC";"Sul";"Engavetamento";3;0;0;0;0;0;0;0;0;0;10;0;0;0;0
"23/07/2011";"06:25:00";"2129";"sem vítima";"120";"BR-116/PR";"Norte";"Colisão Traseira";1;0;0;0;0;1;0;0;0;0;2;0;0;0;0
"23/07/2011";"06:32:00";"2131";"com vítima";"151.800";"BR-116/PR";"Norte";"Colisão Lateral";0;1;0;0;0;1;0;0;0;0;1;0;0;0;1
"23/07/2011";"06:36:00";"2132";"com vítima";"123.5";"BR-116/PR";"Norte";"Colisão Frontal";0;0;0;1;1;0;0;0;0;0;42;0;0;0;1
"23/07/2011";"06:57:00";"2136";"sem vítima";"124";"BR-116/PR";"Norte";"Colisão Traseira";2;0;0;0;1;0;0;0;0;0;3;0;0;0;0
"23/07/2011";"07:59:00";"2140";"com vítima";"118.900";"BR-116/PR";"Sul";"Engavetamento";3;0;0;0;0;0;0;0;0;0;3;1;0;0;0
"23/07/2011";"09:46:00";"2148";"sem vítima";"117.599";"BR-116/PR";"Norte";"Colisão Traseira";4;0;0;0;0;0;0;0;0;0;6;0;0;0;0
"24/07/2011";"02:58:00";"2162";"sem vítima";"143";"BR-116/SC";"Norte";"Saida de Pista";1;0;0;0;0;0;0;0;0;0;2;0;0;0;0
"24/07/2011";"05:36:00";"2168";"com vítima";"221.5";"BR-116/SC";"Norte";"Atropelamento - Usuário";0;0;0;0;0;1;0;0;0;0;1;0;0;0;1
"24/07/2011";"02:46:00";"2197";"sem vítima";"135";"BR-116/SC";"Sul";"Saida de Pista";0;0;1;0;0;0;0;0;0;0;1;0;0;0;0
"24/07/2011";"03:57:00";"2203";"sem vítima";"124.5";"BR-116/PR";"Norte";"Engavetamento";2;0;0;0;0;1;0;0;0;0;3;0;0;0;0
"24/07/2011";"04:04:00";"2204";"com vítima";"119.5";"BR-116/PR";"Sul";"Colisão Transversal";2;0;0;0;0;0;0;0;0;0;4;3;0;0;0
"24/07/2011";"04:45:00";"2207";"sem vítima";"125";"BR-116/PR";"Norte";"Colisão Lateral";1;0;1;0;0;0;0;0;0;0;4;0;0;0;0
"24/07/2011";"04:55:00";"2209";"sem vítima";"128.199";"BR-116/PR";"Norte";"Choque - Veiculo parado na pista";2;0;0;0;0;0;0;0;0;0;2;0;0;0;0
"24/07/2011";"06:15:00";"2217";"sem vítima";"147";"BR-116/PR";"Norte";"Colisão Traseira";0;0;2;0;0;0;0;0;0;0;2;0;0;0;0
"24/07/2011";"06:25:00";"2222";"sem vítima";"166.800";"BR-116/PR";"Norte";"Colisão Transversal";2;0;0;0;0;0;0;0;0;0;6;0;0;0;0
"24/07/2011";"07:09:00";"2228";"com vítima";"166.899";"BR-116/PR";"Sul";"Colisão Transversal";1;0;0;1;0;0;0;0;0;0;2;0;1;0;0
"24/07/2011";"07:44:00";"2232";"sem vítima";"125";"BR-116/PR";"Sul";"Colisão Traseira";2;0;0;0;0;0;0;0;0;0;7;0;0;0;0
"24/07/2011";"09:50:00";"2242";"com vítima";"115";"BR-116/SC";"Norte";"Saida de Pista";0;0;1;0;0;0;0;0;0;0;0;0;0;1;1
"25/07/2011";"12:31:00";"2248";"sem vítima";"117.599";"BR-116/PR";"Norte";"Colisão Traseira";2;0;0;0;0;0;0;0;0;0;2;0;0;0;0
"25/07/2011";"06:17:00";"2308";"com vítima";"119";"BR-116/PR";"Norte";"Colisão Traseira";0;0;0;1;0;0;0;0;0;0;0;1;0;0;0
"25/07/2011";"11:51:00";"2323";"com vítima";"211.399";"BR-116/PR";"Norte";"Queda de Moto";0;0;0;1;0;0;0;0;0;0;0;1;0;0;0
"26/07/2011";"06:25:00";"2331";"sem vítima";"122";"BR-116/PR";"Norte";"Colisão Lateral";2;0;0;0;0;0;0;0;0;0;3;0;0;0;0
"26/07/2011";"06:39:00";"2332";"sem vítima";"118.199";"BR-116/PR";"Norte";"Colisão Traseira";1;0;0;1;0;0;0;0;0;0;2;0;0;0;0
"26/07/2011";"09:31:00";"2340";"sem vítima";"118.199";"BR-116/PR";"Sul";"Colisão Transversal";2;0;0;0;0;0;0;0;0;0;2;0;0;0;0
"26/07/2011";"07:16:00";"2392";"sem vítima";"125.099";"BR-116/PR";"Sul";"Saida de Pista";1;0;0;0;0;0;0;0;0;0;1;0;0;0;0
"26/07/2011";"10:04:00";"2411";"com vítima";"127.699";"BR-116/PR";"Sul";"Colisão Transversal";1;0;0;1;0;0;0;0;0;0;2;1;0;0;0
"28/07/2011";"12:27:00";"2496";"sem vítima";"209.800";"BR-116/PR";"Sul";"Saida de Pista";1;0;0;0;0;0;0;0;0;0;1;0;0;0;0
"28/07/2011";"10:29:00";"2514";"sem vítima";"111.400";"BR-116/SC";"Norte";"Colisão Lateral";0;0;1;0;0;0;0;0;0;1;3;0;0;0;0
"28/07/2011";"12:03:00";"2520";"sem vítima";"245.600";"BR-116/SC";"Sul";"Colisão Transversal";2;0;0;0;0;0;0;0;0;0;2;0;0;0;0