data;horario;n_da_ocorrencia;tipo_de_ocorrencia;km;trecho;sentido;tipo_de_acidente;automovel;bicicleta;caminhao;moto;onibus;outros;tracao_animal;transporte_de_cargas_especiais;trator_maquinas;utilitarios;ilesos;levemente_feridos;moderadamente_feridos;gravemente_feridos;mortos
"26/10/2011";"10:39:00";"2238";"sem vítima";"259";"BR-116/SC";"Norte";"Colisão Lateral";0;0;1;0;0;1;0;0;0;0;2;0;0;0;0
"27/10/2011";"06:35:00";"2303";"sem vítima";"245.5";"BR-116/SC";"Sul";"Colisão Transversal";2;0;0;0;0;0;0;0;0;0;2;0;0;0;0
"28/10/2011";"01:50:00";"2370";"com vítima";"244.1";"BR-116/SC";"Norte";"Queda de Moto";0;0;0;1;0;0;0;0;0;0;0;1;0;0;0
"28/10/2011";"05:08:00";"2384";"com vítima";"119.4";"BR-116/PR";"Sul";"Colisão Transversal";1;0;0;1;0;0;0;0;0;0;1;1;0;0;0
"28/10/2011";"07:16:00";"2399";"sem vítima";"123.7";"BR-116/PR";"Sul";"Choque - Veiculo parado na pista";3;0;0;0;0;0;0;0;0;0;6;0;0;0;0
"28/10/2011";"08:44:00";"2415";"sem vítima";"120.9";"BR-116/PR";"Sul";"Atropelamento - Morador";1;0;0;0;0;0;0;0;0;0;2;0;0;0;0
"29/10/2011";"12:38:00";"2431";"sem vítima";"53";"BR-116/SC";"Sul";"Saida de Pista";1;0;0;0;0;0;0;0;0;0;1;0;0;0;0
"29/10/2011";"05:02:00";"2434";"sem vítima";"234.4";"BR-116/SC";"Norte";"Choque - Suporte de Sinalização";1;0;0;0;0;0;0;0;0;0;1;0;0;0;0
"29/10/2011";"11:19:00";"2451";"sem vítima";"1.2";"BR-116/SC";"Sul";"Saida de Pista";0;0;1;0;0;0;0;0;0;0;6;0;0;0;0
"29/10/2011";"02:42:00";"2472";"sem vítima";"125.8";"BR-116/PR";"Norte";"Colisão Traseira";2;0;0;0;0;0;0;0;0;0;2;0;0;0;0
"29/10/2011";"03:17:00";"2477";"sem vítima";"266.7";"BR-116/SC";"Sul";"Colisão Frontal";1;0;1;0;0;0;0;0;0;0;3;0;0;0;0
"29/10/2011";"05:18:00";"2483";"sem vítima";"146";"BR-116/PR";"Norte";"Colisão Lateral";2;0;1;0;0;0;0;0;0;0;6;0;0;0;0
"30/10/2011";"09:21:00";"2520";"sem vítima";"210";"BR-116/SC";"Sul";"Saida de Pista";1;0;0;0;0;0;0;0;0;0;5;0;0;0;0
"30/10/2011";"03:32:00";"2537";"sem vítima";"126.3";"BR-116/PR";"Sul";"Choque - Veiculo parado na pista";2;0;0;0;0;0;0;0;0;0;4;0;0;0;0
"30/10/2011";"03:48:00";"2539";"sem vítima";"201.4";"BR-116/PR";"Norte";"Colisão Lateral";2;0;0;0;0;0;0;0;0;0;6;0;0;0;0
"30/10/2011";"05:18:00";"2544";"sem vítima";"121.5";"BR-116/PR";"Norte";"Choque - Veiculo parado na pista";2;0;0;0;0;0;0;0;0;0;2;0;0;0;0
"31/10/2011";"01:30:00";"2584";"com vítima";"178.8";"BR-116/PR";"Norte";"Saida de Pista";1;0;0;0;0;0;0;0;0;0;2;2;0;0;0
"31/10/2011";"06:40:00";"2591";"com vítima";"263.7";"BR-116/SC";"Sul";"Saida de Pista";1;0;0;0;0;0;0;0;0;0;1;2;0;0;0
"31/10/2011";"07:43:00";"2597";"sem vítima";"153.8";"BR-116/PR";"Norte";"Colisão Transversal";2;0;0;0;0;0;0;0;0;0;2;0;0;0;0
"31/10/2011";"09:34:00";"2604";"sem vítima";"118.1";"BR-116/PR";"Sul";"Choque - Veiculo parado na pista";0;0;2;0;0;0;0;0;0;2;6;0;0;0;0
"31/10/2011";"09:42:00";"2605";"sem vítima";"146.3";"BR-116/PR";"Norte";"Choque - Talude";1;0;1;0;0;0;0;0;0;0;7;0;0;0;0
"31/10/2011";"10:29:00";"2609";"sem vítima";"120.5";"BR-116/PR";"Norte";"Objeto lançado contra veículo";1;0;1;0;0;0;0;0;0;0;3;0;0;0;0
"31/10/2011";"01:44:00";"2618";"sem vítima";"131.8";"BR-116/PR";"Sul";"Colisão Lateral";1;0;0;0;0;1;0;0;0;0;3;0;0;0;0
"01/11/2011";"06:36:00";"12";"sem vítima";"118.1";"BR-116/PR";"Norte";"Colisão Transversal";2;0;0;0;0;1;0;0;0;0;5;0;0;0;0
"01/11/2011";"08:50:00";"18";"com vítima";"117.5";"BR-116/PR";"Norte";"Queda de Moto";0;0;0;1;0;0;0;0;0;0;0;1;0;0;0
"01/11/2011";"12:43:00";"27";"sem vítima";"126.3";"BR-116/PR";"Sul";"Colisão Lateral";1;0;1;0;0;0;0;0;0;0;2;0;0;0;0
"01/11/2011";"04:52:00";"46";"sem vítima";"219.3";"BR-116/SC";"Sul";"Colisão Transversal";0;0;2;0;0;0;0;0;0;0;2;0;0;0;0
"01/11/2011";"05:10:00";"48";"com vítima";"4.5";"BR-116/SC";"Sul";"Colisão Transversal";1;0;0;1;0;0;0;0;0;0;1;1;0;0;0
"01/11/2011";"05:33:00";"50";"sem vítima";"124.5";"BR-116/PR";"Norte";"Colisão Traseira";0;0;1;0;0;1;0;0;0;0;2;0;0;0;0
"01/11/2011";"09:37:00";"62";"sem vítima";"3.5";"BR-116/SC";"Norte";"Engavetamento";1;0;2;0;0;0;0;0;0;1;4;0;0;0;0
"02/11/2011";"07:41:00";"75";"sem vítima";"175";"BR-116/PR";"Norte";"Colisão Lateral";0;0;2;0;0;0;0;0;0;0;2;0;0;0;0
"02/11/2011";"12:30:00";"95";"com vítima";"245.6";"BR-116/SC";"Sul";"Colisão Lateral";1;0;1;0;0;0;0;0;0;0;2;0;1;0;0
"02/11/2011";"10:27:00";"128";"sem vítima";"119.9";"BR-116/PR";"Sul";"Colisão Transversal";2;0;0;0;0;0;0;0;0;0;2;0;0;0;0
"03/11/2011";"07:57:00";"142";"com vítima";"125.8";"BR-116/PR";"Norte";"Atropelamento de Animal";0;0;0;1;0;0;0;0;0;0;0;1;0;0;0
"03/11/2011";"09:21:00";"145";"com vítima";"308.5";"BR-116/SC";"Norte";"Saida de Pista";0;0;0;1;0;0;0;0;0;0;0;1;0;0;0
"03/11/2011";"11:18:00";"149";"com vítima";"229.8";"BR-116/SC";"Norte";"Saida de Pista";1;0;0;0;0;0;0;0;0;0;0;0;1;0;0
"03/11/2011";"08:39:00";"182";"com vítima";"146.3";"BR-116/PR";"Norte";"Atropelamento - Outros";1;0;0;0;0;0;0;0;0;0;2;0;0;1;0
"04/11/2011";"02:59:00";"190";"com vítima";"154.4";"BR-116/PR";"Norte";"Saida de Pista";0;0;1;0;0;0;0;0;0;0;0;0;1;0;0
"04/11/2011";"08:52:00";"201";"com vítima";"115";"BR-116/PR";"Sul";"Atropelamento - Morador";0;0;0;1;0;0;0;0;0;0;1;1;0;0;0
"04/11/2011";"02:03:00";"224";"sem vítima";"145.2";"BR-116/SC";"Norte";"Colisão Traseira";0;0;2;0;0;0;0;0;0;0;3;0;0;0;0
"04/11/2011";"06:28:00";"245";"com vítima";"308.8";"BR-116/SC";"Norte";"Tombamento";0;0;1;0;0;0;0;0;0;0;0;1;0;0;0
"04/11/2011";"10:42:00";"263";"com vítima";"112.9";"BR-116/SC";"Norte";"Colisão Lateral";1;0;2;0;0;0;0;0;0;0;3;1;0;0;0
"05/11/2011";"05:51:00";"278";"com vítima";"211.5";"BR-116/PR";"Norte";"Choque - Arvore";1;0;0;0;0;0;0;0;0;0;0;1;0;0;0
"05/11/2011";"07:40:00";"283";"com vítima";"209.3";"BR-116/PR";"Sul";"Colisão Transversal";1;0;0;1;0;0;0;0;0;0;1;1;0;0;0
"05/11/2011";"11:22:00";"298";"sem vítima";"53.9";"BR-116/SC";"Norte";"Engavetamento";3;0;0;0;0;0;0;0;0;0;5;0;0;0;0
"05/11/2011";"04:26:00";"323";"sem vítima";"219.3";"BR-116/SC";"Norte";"Colisão Transversal";2;0;0;0;0;0;0;0;0;0;3;0;0;0;0
"06/11/2011";"05:32:00";"356";"com vítima";"127.7";"BR-116/PR";"Sul";"Queda de Moto";0;0;0;1;0;0;0;0;0;0;0;1;0;0;0
"06/11/2011";"10:35:00";"367";"sem vítima";"210.5";"BR-116/PR";"Sul";"Colisão Lateral";1;0;1;0;0;0;0;0;0;0;2;0;0;0;0
"06/11/2011";"08:43:00";"408";"sem vítima";"145.6";"BR-116/PR";"Sul";"Colisão Lateral";2;0;0;0;0;0;0;0;0;0;3;0;0;0;0
"07/11/2011";"07:11:00";"425";"sem vítima";"124.9";"BR-116/PR";"Norte";"Colisão Traseira";1;0;1;0;0;0;0;0;0;0;2;0;0;0;0
"07/11/2011";"10:14:00";"441";"sem vítima";"168.5";"BR-116/PR";"Norte";"Colisão Transversal";2;0;0;0;0;0;0;0;0;0;2;0;0;0;0
"07/11/2011";"09:06:00";"492";"sem vítima";"299.5";"BR-116/SC";"Norte";"Saida de Pista";1;0;0;0;0;0;0;0;0;0;1;0;0;0;0
"07/11/2011";"11:30:00";"504";"sem vítima";"130.2";"BR-116/PR";"Sul";"Colisão Transversal";1;0;1;0;0;0;0;0;0;0;2;0;0;0;0
"08/11/2011";"06:24:00";"516";"sem vítima";"201.1";"BR-116/SC";"Norte";"Saida de Pista";0;0;1;0;0;0;0;0;0;0;2;0;0;0;0
"08/11/2011";"07:34:00";"519";"sem vítima";"166";"BR-116/PR";"Norte";"Colisão Transversal";1;0;0;0;1;0;0;0;0;0;3;0;0;0;0
"08/11/2011";"04:12:00";"556";"sem vítima";"145.9";"BR-116/PR";"Norte";"Queda de Moto";0;0;0;1;0;0;0;0;0;0;1;0;0;0;0
"09/11/2011";"04:41:00";"629";"sem vítima";"209";"BR-116/PR";"Sul";"Colisão Traseira";1;0;0;0;0;1;0;0;0;0;4;0;0;0;0
"09/11/2011";"05:01:00";"631";"com vítima";"210.8";"BR-116/PR";"Sul";"Colisão Transversal";0;0;1;1;0;0;0;0;0;0;1;1;0;0;0
"10/11/2011";"07:44:00";"710";"sem vítima";"72.2";"BR-116/SC";"Norte";"Saida de Pista";1;0;0;0;0;0;0;0;0;0;1;0;0;0;0
"10/11/2011";"11:25:00";"723";"sem vítima";"247.8";"BR-116/SC";"Norte";"Colisão Transversal";1;0;0;0;0;1;0;0;0;0;2;0;0;0;0
"10/11/2011";"11:53:00";"724";"com vítima";"124.5";"BR-116/PR";"Sul";"Queda de Moto";0;0;0;1;0;0;0;0;0;0;1;1;0;0;0
"11/11/2011";"06:54:00";"733";"com vítima";"123.6";"BR-116/PR";"Norte";"Queda de Moto";0;0;0;1;0;0;0;0;0;0;0;1;1;0;0
"11/11/2011";"08:02:00";"735";"sem vítima";"115.5";"BR-116/PR";"Norte";"Colisão Lateral";0;0;1;1;0;0;0;0;0;0;2;0;0;0;0
"11/11/2011";"11:59:00";"751";"com vítima";"119.4";"BR-116/PR";"Sul";"Colisão Transversal";1;0;0;1;0;0;0;0;0;0;1;0;1;0;0
"11/11/2011";"01:02:00";"753";"sem vítima";"286";"BR-116/SC";"Norte";"Saida de Pista";1;0;0;0;0;0;0;0;0;0;2;0;0;0;0
"11/11/2011";"01:45:00";"758";"com vítima";"50.5";"BR-116/SC";"Norte";"Colisão Transversal";2;0;0;0;0;0;0;0;0;0;0;2;1;0;1
"11/11/2011";"02:48:00";"761";"com vítima";"12";"BR-116/SC";"Norte";"Colisão Transversal";0;0;1;1;0;0;0;0;0;0;1;0;1;0;0
"11/11/2011";"06:23:00";"783";"com vítima";"152.4";"BR-116/PR";"Norte";"Colisão Transversal";1;0;0;1;0;0;0;0;0;0;1;2;0;0;0
"12/11/2011";"12:35:00";"815";"sem vítima";"128.2";"BR-116/PR";"Sul";"Colisão Transversal";1;0;0;0;0;1;0;0;0;0;2;0;0;0;0
"12/11/2011";"06:50:00";"828";"sem vítima";"203.8";"BR-116/PR";"Sul";"Colisão Traseira";2;0;0;0;0;0;0;0;0;0;3;0;0;0;0
"12/11/2011";"08:49:00";"835";"sem vítima";"251.4";"BR-116/SC";"Norte";"Colisão Transversal";1;0;1;0;0;0;0;0;0;0;5;0;0;0;0
"12/11/2011";"11:30:00";"847";"sem vítima";"101.4";"BR-116/SC";"Sul";"Saida de Pista";1;0;0;0;0;0;0;0;0;0;1;0;0;0;0
"12/11/2011";"04:48:00";"866";"com vítima";"4";"BR-116/SC";"Norte";"Colisão Lateral";0;1;1;0;0;0;0;0;0;0;1;1;0;0;0
"12/11/2011";"06:56:00";"876";"com vítima";"130.7";"BR-116/PR";"Norte";"Colisão Transversal";0;1;0;1;0;0;0;0;0;0;0;1;1;0;0
"13/11/2011";"02:41:00";"899";"sem vítima";"214.1";"BR-116/SC";"Sul";"Choque - Defensa, barreira ou "submarino"";1;0;0;0;0;0;0;0;0;0;1;0;0;0;0
"13/11/2011";"05:08:00";"902";"sem vítima";"161.5";"BR-116/SC";"Sul";"Choque - Suporte de Sinalização";1;0;0;0;0;0;0;0;0;0;2;0;0;0;0
"13/11/2011";"06:48:00";"910";"sem vítima";"118.7";"BR-116/PR";"Sul";"Saida de Pista";1;0;0;0;0;0;0;0;0;0;1;0;0;0;0
"13/11/2011";"11:08:00";"923";"sem vítima";"99.5";"BR-116/SC";"Sul";"Colisão Traseira";0;0;3;0;0;0;0;0;0;0;3;0;0;0;0
"13/11/2011";"12:22:00";"931";"sem vítima";"160.3";"BR-116/PR";"Norte";"Saida de Pista";0;0;1;0;0;0;0;0;0;0;1;0;0;0;0
"13/11/2011";"03:02:00";"939";"sem vítima";"140.3";"BR-116/SC";"Norte";"Choque - Veiculo parado na pista";1;0;1;0;0;0;0;0;0;0;3;0;0;0;0
"13/11/2011";"07:57:00";"955";"com vítima";"197.8";"BR-116/SC";"Sul";"Saida de Pista";1;0;0;0;0;0;0;0;0;0;0;2;0;0;0
"13/11/2011";"10:06:00";"967";"com vítima";"138";"BR-116/PR";"Norte";"Atropelamento de Animal";0;0;0;1;0;0;0;0;0;0;0;2;0;0;0
"13/11/2011";"10:07:00";"968";"sem vítima";"160.1";"BR-116/PR";"Sul";"Queda de Moto";0;0;0;1;0;0;0;0;0;0;1;0;0;0;0
"13/11/2011";"10:47:00";"970";"sem vítima";"160.1";"BR-116/PR";"Sul";"Colisão Traseira";2;0;0;0;0;0;0;0;0;0;10;0;0;0;0
"13/11/2011";"11:43:00";"973";"com vítima";"233";"BR-116/SC";"Sul";"Engavetamento";1;0;1;0;0;0;0;0;0;1;6;0;1;0;0
"14/11/2011";"03:39:00";"1004";"sem vítima";"6.9";"BR-116/SC";"Sul";"Colisão Transversal";2;0;0;0;0;0;0;0;0;0;2;0;0;0;0
"14/11/2011";"06:18:00";"1012";"com vítima";"117.3";"BR-116/PR";"Sul";"Colisão Traseira";2;0;0;0;0;0;0;0;0;0;7;1;0;0;0
"15/11/2011";"02:13:00";"1050";"com vítima";"166.9";"BR-116/PR";"Sul";"Colisão Traseira";1;0;1;0;0;0;0;0;0;0;5;1;0;0;0
"15/11/2011";"04:01:00";"1057";"com vítima";"124.9";"BR-116/PR";"Norte";"Colisão Traseira";1;0;1;0;0;0;0;0;0;0;3;1;0;0;0
"15/11/2011";"05:00:00";"1060";"sem vítima";"126.3";"BR-116/PR";"Sul";"Colisão Traseira";0;0;2;0;0;0;0;0;0;0;2;0;0;0;0
"15/11/2011";"05:09:00";"1061";"sem vítima";"245.6";"BR-116/SC";"Norte";"Colisão Traseira";1;0;0;0;0;0;0;0;0;1;5;0;0;0;0
"15/11/2011";"05:33:00";"1063";"sem vítima";"41.5";"BR-116/SC";"Sul";"Engavetamento";1;0;0;0;0;2;0;0;0;0;3;0;0;0;0
"16/11/2011";"09:32:00";"1107";"sem vítima";"138.4";"BR-116/PR";"Sul";"Colisão Lateral";1;0;1;0;0;0;0;0;0;0;3;0;0;0;0
"16/11/2011";"02:03:00";"1116";"sem vítima";"105.2";"BR-116/SC";"Norte";"Saida de Pista";0;0;2;0;0;0;0;0;0;0;2;0;0;0;0
"16/11/2011";"03:51:00";"1123";"sem vítima";"1.5";"BR-116/SC";"Sul";"Colisão Transversal";2;0;0;0;0;0;0;0;0;0;2;0;0;0;0
"16/11/2011";"05:14:00";"1128";"com vítima";"152.4";"BR-116/PR";"Sul";"Colisão Transversal";1;0;1;0;0;0;0;0;0;0;1;2;0;0;0
"16/11/2011";"08:02:00";"1137";"com vítima";"139.5";"BR-116/SC";"Sul";"Colisão Transversal";1;0;1;0;0;0;0;0;0;0;1;1;0;0;0
"16/11/2011";"09:01:00";"1142";"sem vítima";"134.9";"BR-116/PR";"Sul";"Colisão Lateral";0;0;0;0;1;1;0;0;0;0;37;0;0;0;0
"16/11/2011";"11:58:00";"1147";"sem vítima";"125.1";"BR-116/PR";"Sul";"Colisão Traseira";2;0;0;0;0;0;0;0;0;0;3;0;0;0;0
"17/11/2011";"06:29:00";"1199";"sem vítima";"122.4";"BR-116/PR";"Sul";"Colisão Transversal";2;0;0;0;0;0;0;0;0;0;3;0;0;0;0
"18/11/2011";"05:55:00";"1224";"com vítima";"119.4";"BR-116/PR";"Sul";"Colisão Frontal";1;0;0;0;1;0;0;0;0;0;1;0;0;1;0
"18/11/2011";"08:49:00";"1231";"sem vítima";"143.6";"BR-116/PR";"Norte";"Engavetamento";1;0;2;0;0;0;0;0;0;0;5;0;0;0;0
"18/11/2011";"05:58:00";"1268";"sem vítima";"72";"BR-116/SC";"Sul";"Queda de Moto";0;0;0;1;0;0;0;0;0;0;2;0;0;0;0
"18/11/2011";"10:16:00";"1288";"sem vítima";"161.3";"BR-116/PR";"Norte";"Saida de Pista";1;0;0;0;0;0;0;0;0;0;1;0;0;0;0
"19/11/2011";"12:58:00";"1294";"com vítima";"68.1";"BR-116/SC";"Sul";"Atropelamento - Sem Informação";0;0;0;0;0;1;0;0;0;0;1;0;0;0;1
"19/11/2011";"05:23:00";"1301";"com vítima";"206";"BR-116/PR";"Sul";"Saida de Pista";1;0;0;0;0;0;0;0;0;0;0;1;0;0;0
"19/11/2011";"06:54:00";"1304";"sem vítima";"117.7";"BR-116/PR";"Sul";"Colisão Lateral";2;0;0;0;1;0;0;0;0;0;14;0;0;0;0
"19/11/2011";"01:59:00";"1324";"com vítima";"127";"BR-116/PR";"Sul";"Atropelamento - Outros";0;0;0;0;0;0;0;0;0;1;1;0;1;0;0
"19/11/2011";"05:05:00";"1337";"sem vítima";"4";"BR-116/SC";"Sul";"Choque - Outros";1;0;0;0;0;0;0;0;0;0;4;0;0;0;0
"19/11/2011";"06:37:00";"1344";"sem vítima";"138.3";"BR-116/SC";"Norte";"Tombamento";1;0;0;0;0;0;0;0;0;0;1;0;0;0;0
"19/11/2011";"10:06:00";"1365";"sem vítima";"142";"BR-116/PR";"Sul";"Saida de Pista";1;0;0;0;0;0;0;0;0;0;1;0;0;0;0
"20/11/2011";"01:34:00";"1374";"com vítima";"140.05";"BR-116/SC";"Sul";"Atropelamento - Usuário";0;0;0;0;0;1;0;0;0;0;1;0;1;0;0
"20/11/2011";"05:58:00";"1385";"com vítima";"120.7";"BR-116/PR";"Norte";"Colisão Frontal";1;0;0;2;0;0;0;0;0;0;3;0;0;1;1
"20/11/2011";"06:34:00";"1388";"com vítima";"71.2";"BR-116/SC";"Norte";"Saida de Pista";1;0;0;0;0;0;0;0;0;0;0;1;0;0;0
"20/11/2011";"09:13:00";"1393";"sem vítima";"139";"BR-116/SC";"Norte";"Colisão Traseira";2;0;0;0;0;0;0;0;0;0;2;0;0;0;0
"20/11/2011";"05:57:00";"1423";"sem vítima";"187.1";"BR-116/SC";"Norte";"Saida de Pista";1;0;0;0;0;0;0;0;0;0;3;0;0;0;0
"20/11/2011";"08:46:00";"1440";"com vítima";"15.3";"BR-116/SC";"Sul";"Colisão Lateral";2;0;0;0;0;0;0;0;0;0;2;2;0;0;0
"21/11/2011";"04:32:00";"1502";"com vítima";"158.3";"BR-116/PR";"Sul";"Queda de Moto";0;0;0;1;0;0;0;0;0;0;0;1;0;0;0
"21/11/2011";"05:38:00";"1505";"sem vítima";"239.3";"BR-116/SC";"Norte";"Saida de Pista";0;0;0;0;0;0;0;0;0;1;1;0;0;0;0
"21/11/2011";"07:25:00";"1510";"com vítima";"202.4";"BR-116/SC";"Norte";"Saida de Pista";0;0;1;0;0;0;0;0;0;0;0;1;0;0;0
"21/11/2011";"07:59:00";"1513";"sem vítima";"22.2";"BR-116/SC";"Sul";"Colisão Lateral";0;0;3;0;0;0;0;0;0;0;3;0;0;0;0
"21/11/2011";"09:43:00";"1518";"com vítima";"122.2";"BR-116/PR";"Norte";"Colisão Frontal";2;0;0;0;0;0;0;0;0;0;1;3;1;0;0
"22/11/2011";"03:23:00";"1529";"com vítima";"206";"BR-116/PR";"Norte";"Tombamento";0;0;1;0;0;0;0;0;0;0;0;1;0;0;0
"22/11/2011";"03:04:00";"1562";"com vítima";"116.1";"BR-116/PR";"Norte";"Colisão Lateral";1;0;0;1;0;0;0;0;0;0;1;2;0;0;0
"22/11/2011";"04:39:00";"1567";"sem vítima";"125.9";"BR-116/PR";"Norte";"Choque - Veiculo parado na pista";0;0;2;0;0;0;0;0;0;0;3;0;0;0;0
"22/11/2011";"06:10:00";"1574";"com vítima";"66.9";"BR-116/SC";"Sul";"Atropelamento - Funcionário";0;0;1;0;0;0;0;0;0;0;1;1;0;0;0
"22/11/2011";"06:48:00";"1577";"sem vítima";"115.9";"BR-116/PR";"Norte";"Colisão Transversal";1;0;0;0;0;0;0;0;0;1;2;0;0;0;0
"22/11/2011";"07:26:00";"1579";"sem vítima";"115.1";"BR-116/PR";"Norte";"Engavetamento";2;0;2;0;0;0;0;0;0;0;4;0;0;0;0
"23/11/2011";"11:14:00";"1618";"sem vítima";"117.3";"BR-116/PR";"Sul";"Colisão Transversal";1;0;1;0;0;0;0;0;0;0;2;0;0;0;0
"23/11/2011";"01:12:00";"1625";"sem vítima";"107";"BR-116/SC";"Norte";"Saida de Pista";0;0;1;0;0;0;0;0;0;0;1;0;0;0;0
"23/11/2011";"05:33:00";"1646";"sem vítima";"94.5";"BR-116/SC";"Norte";"Colisão Lateral";1;0;2;0;0;0;0;0;0;0;3;0;0;0;0
"24/11/2011";"12:44:00";"1673";"sem vítima";"5.7";"BR-116/SC";"Norte";"Colisão Transversal";1;0;1;0;0;0;0;0;0;0;3;0;0;0;0
"24/11/2011";"10:35:00";"1700";"sem vítima";"15";"BR-116/SC";"Sul";"Colisão Lateral";1;0;2;0;0;0;0;0;0;0;3;0;0;0;0
"24/11/2011";"10:50:00";"1702";"sem vítima";"225.1";"BR-116/SC";"Sul";"Colisão Traseira";1;0;1;0;0;0;0;0;0;0;3;0;0;0;0
"24/11/2011";"10:56:00";"1703";"sem vítima";"150.3";"BR-116/PR";"Sul";"Objeto lançado contra veículo";0;0;1;0;0;0;0;0;0;1;4;0;0;0;0
"24/11/2011";"01:39:00";"1709";"com vítima";"195.5";"BR-116/PR";"Norte";"Saida de Pista";1;0;0;0;0;0;0;0;0;0;0;1;0;0;0
"24/11/2011";"07:37:00";"1738";"com vítima";"122";"BR-116/PR";"Sul";"Colisão Transversal";1;0;0;1;0;0;0;0;0;0;1;1;0;0;0
"24/11/2011";"07:45:00";"1739";"sem vítima";"107.9";"BR-116/SC";"Sul";"Colisão Traseira";1;0;0;0;0;0;0;0;0;1;2;0;0;0;0
"25/11/2011";"07:17:00";"1769";"com vítima";"124.6";"BR-116/PR";"Norte";"Colisão Transversal";0;0;1;1;0;0;0;0;0;0;1;0;2;0;0
"25/11/2011";"09:44:00";"1777";"sem vítima";"245.6";"BR-116/SC";"Sul";"Colisão Transversal";1;0;1;0;0;0;0;0;0;0;4;0;0;0;0
"25/11/2011";"07:17:00";"1811";"sem vítima";"155.3";"BR-116/PR";"Norte";"Saida de Pista";1;0;0;0;0;0;0;0;0;0;1;0;0;0;0
"25/11/2011";"07:21:00";"1813";"sem vítima";"121";"BR-116/PR";"Norte";"Queda de Moto";0;0;0;1;0;0;0;0;0;0;1;0;0;0;0
"25/11/2011";"11:18:00";"1836";"sem vítima";"59.6";"BR-116/SC";"Sul";"Saida de Pista";1;0;0;0;0;0;0;0;0;0;2;0;0;0;0
"26/11/2011";"02:05:00";"1873";"com vítima";"261.8";"BR-116/SC";"Norte";"Saida de Pista";1;0;0;0;0;0;0;0;0;0;1;0;1;0;0
"26/11/2011";"03:41:00";"1877";"com vítima";"120";"BR-116/PR";"Norte";"Colisão Traseira";2;0;0;0;0;0;0;0;0;0;1;1;0;0;0
"26/11/2011";"03:46:00";"1878";"sem vítima";"163.7";"BR-116/PR";"Norte";"Colisão Traseira";2;0;0;0;0;0;0;0;0;0;2;0;0;0;0
"26/11/2011";"03:59:00";"1879";"sem vítima";"119.9";"BR-116/PR";"Sul";"Colisão Traseira";2;0;1;0;0;0;0;0;0;0;5;0;0;0;0
"26/11/2011";"07:34:00";"1902";"sem vítima";"164.4";"BR-116/PR";"Sul";"Colisão Transversal";1;0;1;0;0;0;0;0;0;0;2;0;0;0;0
"26/11/2011";"09:44:00";"1916";"com vítima";"125.6";"BR-116/PR";"Sul";"Colisão Traseira";1;0;0;1;0;0;0;0;0;0;2;1;0;0;0
"26/11/2011";"10:33:00";"1917";"com vítima";"171.3";"BR-116/PR";"Norte";"Queda de Moto";0;0;0;1;0;0;0;0;0;0;0;0;1;1;0
"27/11/2011";"02:01:00";"1924";"com vítima";"49.5";"BR-116/SC";"Norte";"Colisão Transversal";1;0;1;0;0;0;0;0;0;0;1;1;0;0;0
"27/11/2011";"08:47:00";"1941";"com vítima";"210.7";"BR-116/PR";"Sul";"Colisão Transversal";0;0;0;1;0;1;0;0;0;0;1;0;0;1;0
"27/11/2011";"09:24:00";"1945";"sem vítima";"129.1";"BR-116/PR";"Sul";"Colisão Lateral";1;0;1;0;0;0;0;0;0;0;2;0;0;0;0
"27/11/2011";"01:05:00";"1958";"sem vítima";"85";"BR-116/SC";"Norte";"Saida de Pista";1;0;0;0;0;0;0;0;0;0;1;0;0;0;0
"27/11/2011";"05:24:00";"1970";"com vítima";"145.9";"BR-116/PR";"Norte";"Colisão Traseira";1;0;0;1;0;0;0;0;0;0;3;1;0;0;0
"27/11/2011";"05:30:00";"1974";"sem vítima";"1";"BR-116/SC";"Sul";"Tombamento";0;0;1;0;0;0;0;0;0;0;1;0;0;0;0
"27/11/2011";"10:39:00";"1996";"com vítima";"130";"BR-116/SC";"Norte";"Queda de Moto";0;0;0;1;0;0;0;0;0;0;0;1;0;0;0
"28/11/2011";"02:36:00";"2004";"sem vítima";"26.1";"BR-116/SC";"Norte";"Colisão Traseira";1;0;1;0;0;0;0;0;0;0;2;0;0;0;0
"28/11/2011";"07:06:00";"2011";"com vítima";"129.7";"BR-116/PR";"Norte";"Colisão Transversal";1;0;0;1;0;0;0;0;0;0;1;1;0;0;0
"28/11/2011";"11:59:00";"2036";"sem vítima";"287.2";"BR-116/SC";"Norte";"Colisão Traseira";1;0;1;0;0;0;0;0;0;0;2;0;0;0;0
"28/11/2011";"05:57:00";"2058";"sem vítima";"116.2";"BR-116/PR";"Norte";"Saida de Pista";0;0;1;0;0;0;0;0;0;0;1;0;0;0;0
"29/11/2011";"09:27:00";"2096";"com vítima";"117.5";"BR-116/PR";"Sul";"Engavetamento";0;0;4;0;0;0;0;0;0;0;4;2;0;0;0
"29/11/2011";"10:48:00";"2099";"com vítima";"116.3";"BR-116/PR";"Sul";"Colisão Transversal";1;0;1;1;0;0;0;0;0;0;5;1;0;0;0
"29/11/2011";"11:45:00";"2104";"com vítima";"120.6";"BR-116/PR";"Norte";"Colisão Transversal";1;1;0;0;0;0;0;0;0;0;1;1;0;0;0