data;horario;n_da_ocorrencia;tipo_de_ocorrencia;km;trecho;sentido;tipo_de_acidente;automovel;bicicleta;caminhao;moto;onibus;outros;tracao_animal;transporte_de_cargas_especiais;trator_maquinas;utilitarios;ilesos;levemente_feridos;moderadamente_feridos;gravemente_feridos;mortos
"30/12/2011";"06:33:00";"2305";"sem vítima";"204";"BR-116/SC";"Sul";"Saida de Pista";1;0;0;0;0;0;0;0;0;0;2;0;0;0;0
"30/12/2011";"07:46:00";"2311";"com vítima";"9";"BR-116/SC";"Sul";"Colisão Lateral";2;0;1;0;0;0;0;0;0;0;4;3;1;1;1
"30/12/2011";"09:21:00";"2322";"sem vítima";"197.3";"BR-116/PR";"Sul";"Saida de Pista";1;0;0;0;0;0;0;0;0;0;1;0;0;0;0
"30/12/2011";"09:31:00";"2323";"com vítima";"1.8";"BR-116/SC";"Sul";"Colisão Transversal";2;0;0;0;0;0;0;0;0;0;4;1;0;0;0
"31/12/2011";"01:26:00";"2329";"sem vítima";"105.4";"BR-116/SC";"Norte";"Saida de Pista";0;0;1;0;0;0;0;0;0;0;1;0;0;0;0
"31/12/2011";"01:55:00";"2331";"sem vítima";"206.3";"BR-116/PR";"Norte";"Saida de Pista";1;0;0;0;0;0;0;0;0;0;3;0;0;0;0
"31/12/2011";"05:57:00";"2340";"sem vítima";"9.7";"BR-116/SC";"Sul";"Saida de Pista";1;0;0;0;0;0;0;0;0;0;1;0;0;0;0
"31/12/2011";"06:46:00";"2342";"sem vítima";"235.5";"BR-116/SC";"Norte";"Saida de Pista";1;0;0;0;0;0;0;0;0;0;4;0;0;0;0
"31/12/2011";"02:07:00";"2355";"com vítima";"202.4";"BR-116/PR";"Sul";"Saida de Pista";1;0;0;0;0;0;0;0;0;0;0;2;0;0;0
"31/12/2011";"03:08:00";"2357";"sem vítima";"290";"BR-116/SC";"Norte";"Choque - Talude";1;0;0;0;0;0;0;0;0;0;3;0;0;0;0
"31/12/2011";"06:09:00";"2368";"com vítima";"164.05";"BR-116/PR";"Norte";"Colisão Lateral";2;0;0;0;0;0;0;0;0;0;4;1;0;1;1
"31/12/2011";"11:20:00";"2380";"com vítima";"119.4";"BR-116/PR";"Sul";"Colisão Transversal";2;0;0;0;0;0;0;0;0;0;2;1;0;0;0
"01/01/2012";"06:06:00";"8";"sem vítima";"1.2";"BR-116/SC";"Sul";"Saida de Pista";1;0;0;0;0;0;0;0;0;0;1;0;0;0;0
"01/01/2012";"02:25:00";"23";"com vítima";"123.8";"BR-116/PR";"Norte";"Colisão Transversal";2;0;0;0;0;0;0;0;0;0;6;1;0;0;0
"01/01/2012";"09:39:00";"64";"com vítima";"210.7";"BR-116/PR";"Norte";"Colisão Transversal";2;0;0;0;0;0;0;0;0;0;3;1;0;0;0
"02/01/2012";"07:49:00";"76";"sem vítima";"214.4";"BR-116/SC";"Sul";"Colisão Lateral";2;0;0;0;0;0;0;0;0;0;4;0;0;0;0
"02/01/2012";"09:19:00";"83";"sem vítima";"93.2";"BR-116/SC";"Norte";"Saida de Pista";1;0;0;0;0;0;0;0;0;0;4;0;0;0;0
"02/01/2012";"01:39:00";"103";"com vítima";"126";"BR-116/PR";"Norte";"Colisão Transversal";2;0;0;0;0;0;0;0;0;0;3;5;0;0;0
"03/01/2012";"07:29:00";"152";"sem vítima";"105.3";"BR-116/SC";"Norte";"Saida de Pista";0;0;1;0;0;0;0;0;0;0;1;0;0;0;0
"03/01/2012";"08:58:00";"158";"sem vítima";"233.2";"BR-116/SC";"Sul";"Choque - Outros";0;0;1;0;0;0;0;0;0;0;1;0;0;0;0
"03/01/2012";"11:49:00";"166";"com vítima";"123.4";"BR-116/PR";"Norte";"Colisão Traseira";1;0;1;0;0;0;0;0;0;0;2;1;0;0;0
"03/01/2012";"01:54:00";"171";"sem vítima";"140.8";"BR-116/SC";"Norte";"Colisão Traseira";2;0;0;0;0;0;0;0;0;0;2;0;0;0;0
"03/01/2012";"03:52:00";"184";"sem vítima";"247";"BR-116/SC";"Norte";"Choque - Veiculo parado no acostamento";1;0;0;0;0;1;0;0;0;0;3;0;0;0;0
"04/01/2012";"01:34:00";"217";"sem vítima";"2.4";"BR-116/SC";"Sul";"Saida de Pista";1;0;0;0;0;0;0;0;0;0;1;0;0;0;0
"04/01/2012";"04:05:00";"219";"com vítima";"189";"BR-116/PR";"Norte";"Saida de Pista";0;0;1;0;0;0;0;0;0;0;1;1;0;0;0
"04/01/2012";"12:57:00";"249";"sem vítima";"115.8";"BR-116/PR";"Norte";"Colisão Traseira";2;0;0;0;0;0;0;0;0;0;2;0;0;0;0
"04/01/2012";"09:00:00";"269";"sem vítima";"129.4";"BR-116/PR";"Sul";"Atropelamento de Animal";1;0;0;0;0;0;0;0;0;0;1;0;0;0;0
"05/01/2012";"05:11:00";"285";"com vítima";"123.6";"BR-116/SC";"Sul";"Colisão Lateral";1;0;1;0;0;0;0;0;0;0;1;1;0;0;0
"05/01/2012";"11:54:00";"307";"sem vítima";"36.2";"BR-116/SC";"Sul";"Choque - Outros";0;0;0;0;0;0;0;0;0;1;1;0;0;0;0
"05/01/2012";"04:55:00";"320";"com vítima";"1.5";"BR-116/SC";"Sul";"Colisão Transversal";1;0;0;1;0;0;0;0;0;0;1;0;1;0;0
"05/01/2012";"05:07:00";"323";"sem vítima";"119.5";"BR-116/PR";"Sul";"Colisão Transversal";1;0;1;0;0;0;0;0;0;0;4;0;0;0;0
"05/01/2012";"11:50:00";"344";"sem vítima";"35.5";"BR-116/SC";"Sul";"Saida de Pista";1;0;0;0;0;0;0;0;0;0;1;0;0;0;0
"06/01/2012";"02:10:00";"346";"sem vítima";"57.7";"BR-116/SC";"Norte";"Saida de Pista";1;0;0;0;0;0;0;0;0;0;1;0;0;0;0
"06/01/2012";"08:26:00";"354";"sem vítima";"117.8";"BR-116/PR";"Sul";"Colisão Traseira";0;0;2;0;0;0;0;0;0;0;2;0;0;0;0
"06/01/2012";"11:38:00";"367";"com vítima";"129.5";"BR-116/PR";"Norte";"Atropelamento - Morador";1;0;0;0;0;0;0;0;0;0;1;0;0;1;0
"06/01/2012";"06:13:00";"393";"sem vítima";"116.9";"BR-116/PR";"Sul";"Colisão Traseira";2;0;0;0;0;0;0;0;0;0;2;0;0;0;0
"07/01/2012";"05:54:00";"430";"sem vítima";"140.8";"BR-116/PR";"Norte";"Colisão Lateral";0;0;1;0;0;0;0;0;0;1;2;0;0;0;0
"07/01/2012";"07:04:00";"435";"com vítima";"138.5";"BR-116/PR";"Norte";"Queda de Moto";0;0;0;1;0;0;0;0;0;0;0;1;0;0;0
"07/01/2012";"09:14:00";"444";"com vítima";"222.9";"BR-116/SC";"Sul";"Queda de Moto";0;0;1;1;0;0;0;0;0;0;1;1;0;0;0
"07/01/2012";"05:46:00";"478";"sem vítima";"117.2";"BR-116/PR";"Sul";"Saida de Pista";1;0;0;0;0;0;0;0;0;0;1;0;0;0;0
"07/01/2012";"09:04:00";"495";"com vítima";"140.85";"BR-116/PR";"Norte";"Atropelamento - Morador";1;0;0;0;0;0;0;0;0;0;2;0;0;0;1
"07/01/2012";"10:57:00";"503";"sem vítima";"162.4";"BR-116/PR";"Norte";"Colisão Traseira";2;0;0;0;0;0;0;0;0;0;4;0;0;0;0
"07/01/2012";"11:52:00";"506";"sem vítima";"149.1";"BR-116/PR";"Sul";"Choque - Objeto sobre a pista";1;0;0;0;0;0;0;0;0;0;1;0;0;0;0
"07/01/2012";"11:52:00";"507";"sem vítima";"149.1";"BR-116/PR";"Sul";"Choque - Objeto sobre a pista";1;0;0;0;0;0;0;0;0;0;1;0;0;0;0
"08/01/2012";"12:11:00";"510";"com vítima";"143.9";"BR-116/SC";"Sul";"Capotamento";0;0;1;0;0;0;0;0;0;0;0;0;1;0;0
"08/01/2012";"12:21:00";"512";"sem vítima";"139.2";"BR-116/SC";"Norte";"Colisão Transversal";2;0;0;0;0;0;0;0;0;0;2;0;0;0;0
"08/01/2012";"08:38:00";"526";"sem vítima";"206.5";"BR-116/PR";"Sul";"Colisão Traseira";1;0;1;0;0;0;0;0;0;0;2;0;0;0;0
"08/01/2012";"09:43:00";"528";"sem vítima";"266.2";"BR-116/SC";"Sul";"Colisão Traseira";2;0;0;0;0;0;0;0;0;0;6;0;0;0;0
"09/01/2012";"04:50:00";"591";"sem vítima";"159.7";"BR-116/SC";"Norte";"Saida de Pista";1;0;0;0;0;0;0;0;0;0;4;0;0;0;0
"09/01/2012";"06:27:00";"593";"sem vítima";"233.8";"BR-116/SC";"Sul";"Saida de Pista";1;0;0;0;0;0;0;0;0;0;1;0;0;0;0
"09/01/2012";"06:58:00";"595";"com vítima";"32.4";"BR-116/SC";"Sul";"Atropelamento - Morador";0;0;0;0;0;1;0;0;0;0;1;0;0;0;1
"09/01/2012";"09:21:00";"606";"sem vítima";"145.9";"BR-116/PR";"Norte";"Colisão Lateral";1;0;1;0;0;0;0;0;0;0;3;0;0;0;0
"09/01/2012";"02:46:00";"629";"sem vítima";"116.3";"BR-116/PR";"Norte";"Colisão Traseira";2;0;0;0;0;0;0;0;0;0;2;0;0;0;0
"09/01/2012";"10:24:00";"649";"sem vítima";"168.8";"BR-116/SC";"Norte";"Queda de Moto";0;0;0;1;0;0;0;0;0;0;1;0;0;0;0
"10/01/2012";"08:35:00";"667";"sem vítima";"245.4";"BR-116/SC";"Sul";"Colisão Transversal";2;0;0;0;0;0;0;0;0;0;6;0;0;0;0
"10/01/2012";"03:43:00";"692";"sem vítima";"148";"BR-116/PR";"Norte";"Saida de Pista";0;0;1;0;0;0;0;0;0;0;1;0;0;0;0
"10/01/2012";"05:07:00";"696";"sem vítima";"132.7";"BR-116/PR";"Norte";"Saida de Pista";0;0;1;0;0;0;0;0;0;0;2;0;0;0;0
"10/01/2012";"05:37:00";"699";"sem vítima";"128.7";"BR-116/PR";"Norte";"Colisão Traseira";1;0;1;0;0;0;0;0;0;0;2;0;0;0;0
"10/01/2012";"06:11:00";"702";"sem vítima";"4.5";"BR-116/SC";"Norte";"Saida de Pista";0;0;1;0;0;0;0;0;0;0;2;0;0;0;0
"10/01/2012";"06:16:00";"704";"sem vítima";"115.1";"BR-116/PR";"Norte";"Colisão Lateral";1;0;1;0;0;0;0;0;0;0;2;0;0;0;0
"10/01/2012";"06:27:00";"706";"com vítima";"206";"BR-116/PR";"Norte";"Saida de Pista";1;0;0;0;0;0;0;0;0;0;0;1;0;0;0
"10/01/2012";"06:56:00";"707";"sem vítima";"141.6";"BR-116/PR";"Sul";"Colisão Traseira";2;0;0;0;0;0;0;0;0;0;4;0;0;0;0
"10/01/2012";"09:35:00";"721";"sem vítima";"206";"BR-116/SC";"Norte";"Colisão Transversal";2;0;0;0;0;0;0;0;0;0;4;0;0;0;0
"10/01/2012";"10:32:00";"723";"com vítima";"142";"BR-116/SC";"Sul";"Colisão Frontal";1;0;0;1;0;0;0;0;0;0;1;1;0;0;0
"11/01/2012";"12:26:00";"763";"com vítima";"130";"BR-116/PR";"Sul";"Colisão Lateral";1;0;0;1;0;0;0;0;0;1;2;1;0;0;0
"11/01/2012";"07:00:00";"808";"sem vítima";"115.4";"BR-116/PR";"Sul";"Colisão Traseira";1;0;0;0;0;0;0;0;0;1;2;0;0;0;0
"12/01/2012";"08:06:00";"835";"sem vítima";"8.2";"BR-116/SC";"Norte";"Colisão Traseira";1;0;0;0;0;1;0;0;0;0;2;0;0;0;0
"12/01/2012";"11:36:00";"846";"com vítima";"139";"BR-116/SC";"Norte";"Outros";0;1;0;0;0;0;0;0;0;0;0;0;1;0;0
"12/01/2012";"01:22:00";"852";"com vítima";"53";"BR-116/SC";"Norte";"Colisão Traseira";1;0;0;1;0;0;0;0;0;0;1;1;0;0;0
"12/01/2012";"05:37:00";"872";"com vítima";"246.1";"BR-116/SC";"Norte";"Colisão Lateral";1;0;0;1;0;0;0;0;0;0;2;1;0;0;0
"13/01/2012";"10:23:00";"908";"com vítima";"115.7";"BR-116/PR";"Sul";"Colisão Traseira";0;0;1;1;0;0;0;0;0;0;1;1;0;0;0
"13/01/2012";"11:53:00";"912";"com vítima";"153.5";"BR-116/PR";"Norte";"Colisão Frontal";2;0;0;0;0;0;0;0;0;0;1;2;0;0;0
"13/01/2012";"12:38:00";"915";"sem vítima";"235.2";"BR-116/SC";"Sul";"Saida de Pista";1;0;0;0;0;0;0;0;0;0;1;0;0;0;0
"13/01/2012";"03:15:00";"923";"sem vítima";"217.5";"BR-116/SC";"Norte";"Colisão Traseira";1;0;1;0;0;0;0;0;0;0;3;0;0;0;0
"13/01/2012";"08:56:00";"947";"sem vítima";"123.3";"BR-116/PR";"Norte";"Colisão Frontal";2;0;0;0;0;0;0;0;0;0;2;0;0;0;0
"14/01/2012";"07:04:00";"1037";"com vítima";"219.2";"BR-116/SC";"Norte";"Colisão Transversal";2;0;0;0;0;0;0;0;0;0;5;2;0;0;0
"14/01/2012";"09:28:00";"1045";"sem vítima";"166";"BR-116/PR";"Norte";"Colisão Lateral";1;0;0;0;0;0;0;0;0;1;2;0;0;0;0
"15/01/2012";"01:18:00";"1057";"sem vítima";"119.2";"BR-116/PR";"Norte";"Colisão Lateral";2;0;0;0;0;0;0;0;0;0;2;0;0;0;0
"15/01/2012";"08:39:00";"1074";"com vítima";"168.5";"BR-116/SC";"Sul";"Saida de Pista";1;0;0;0;0;0;0;0;0;0;4;1;0;0;0
"15/01/2012";"09:00:00";"1075";"sem vítima";"141.8";"BR-116/SC";"Sul";"Colisão Traseira";2;0;0;0;0;0;0;0;0;0;2;0;0;0;0
"15/01/2012";"04:11:00";"1104";"sem vítima";"1.8";"BR-116/SC";"Sul";"Colisão Transversal";2;0;0;0;0;0;0;0;0;0;4;0;0;0;0
"15/01/2012";"04:18:00";"1105";"sem vítima";"190.7";"BR-116/PR";"Norte";"Saida de Pista";1;0;0;0;0;0;0;0;0;0;1;0;0;0;0
"15/01/2012";"05:28:00";"1113";"sem vítima";"123";"BR-116/PR";"Norte";"Colisão Traseira";2;0;0;0;0;0;0;0;0;0;5;0;0;0;0
"15/01/2012";"06:19:00";"1117";"sem vítima";"150.5";"BR-116/PR";"Norte";"Colisão Traseira";0;0;2;0;0;0;0;0;0;0;3;0;0;0;0
"15/01/2012";"08:12:00";"1124";"sem vítima";"194.5";"BR-116/PR";"Sul";"Objeto lançado contra veículo";0;0;2;0;0;0;0;0;0;0;2;0;0;0;0
"15/01/2012";"10:01:00";"1130";"sem vítima";"244";"BR-116/SC";"Sul";"Saida de Pista";1;0;0;0;0;0;0;0;0;0;1;0;0;0;0
"16/01/2012";"04:18:00";"1147";"sem vítima";"276.3";"BR-116/SC";"Sul";"Colisão Lateral";0;0;2;0;0;0;0;0;0;0;2;0;0;0;0
"16/01/2012";"07:08:00";"1154";"sem vítima";"8";"BR-116/SC";"Norte";"Choque - Objeto sobre a pista";2;0;0;0;0;0;0;0;0;0;2;0;0;0;0
"16/01/2012";"12:16:00";"1181";"sem vítima";"59.9";"BR-116/SC";"Sul";"Saida de Pista";0;0;1;0;0;0;0;0;0;0;2;0;0;0;0
"16/01/2012";"01:11:00";"1189";"sem vítima";"191.1";"BR-116/PR";"Norte";"Colisão Transversal";1;0;1;0;0;0;0;0;0;0;2;0;0;0;0
"16/01/2012";"03:24:00";"1198";"com vítima";"1.2";"BR-116/SC";"Sul";"Colisão Transversal";2;0;0;0;0;0;0;0;0;0;1;1;0;0;0
"16/01/2012";"05:12:00";"1204";"sem vítima";"98.9";"BR-116/SC";"Norte";"Colisão Lateral";1;0;0;0;0;0;0;0;0;1;2;0;0;0;0
"16/01/2012";"08:09:00";"1213";"com vítima";"256.5";"BR-116/SC";"Sul";"Colisão Traseira";2;0;0;0;0;0;0;0;0;1;6;1;0;0;0
"16/01/2012";"11:57:00";"1227";"sem vítima";"98.4";"BR-116/SC";"Norte";"Colisão Traseira";1;0;1;0;0;0;0;0;0;0;2;0;0;0;0
"17/01/2012";"03:17:00";"1236";"sem vítima";"209";"BR-116/PR";"Norte";"Colisão Lateral";1;0;0;0;0;1;0;0;0;0;2;0;0;0;0
"17/01/2012";"07:09:00";"1245";"sem vítima";"123.5";"BR-116/PR";"Norte";"Colisão Traseira";2;0;0;0;0;0;0;0;0;0;4;0;0;0;0
"17/01/2012";"07:22:00";"1247";"com vítima";"122.95";"BR-116/PR";"Norte";"Atropelamento - Morador";0;0;0;1;0;0;0;0;0;0;2;1;0;0;0
"17/01/2012";"08:11:00";"1250";"sem vítima";"276.5";"BR-116/SC";"Norte";"Saida de Pista";1;0;0;0;0;0;0;0;0;0;3;0;0;0;0
"17/01/2012";"10:04:00";"1256";"sem vítima";"125.8";"BR-116/PR";"Sul";"Colisão Transversal";1;0;1;0;0;0;0;0;0;0;2;0;0;0;0
"17/01/2012";"04:26:00";"1281";"com vítima";"127.4";"BR-116/PR";"Sul";"Colisão Transversal";0;0;1;1;0;0;0;0;0;0;2;1;0;0;0
"17/01/2012";"06:28:00";"1289";"sem vítima";"241";"BR-116/SC";"Norte";"Saida de Pista";0;0;0;0;0;0;0;0;0;1;5;0;0;0;0
"17/01/2012";"06:41:00";"1290";"com vítima";"258.9";"BR-116/SC";"Norte";"Saida de Pista";0;0;0;0;0;0;0;0;0;1;0;2;0;0;0
"17/01/2012";"09:50:00";"1302";"sem vítima";"223";"BR-116/SC";"Sul";"Colisão Traseira";0;0;2;0;0;0;0;0;0;0;2;0;0;0;0
"18/01/2012";"12:32:00";"1316";"sem vítima";"122.5";"BR-116/PR";"Norte";"Queda de Moto";0;0;0;1;0;0;0;0;0;0;1;0;0;0;0
"18/01/2012";"10:46:00";"1344";"sem vítima";"133";"BR-116/PR";"Sul";"Choque - Veiculo parado na pista";1;0;0;0;1;0;0;0;0;0;61;0;0;0;0
"18/01/2012";"04:05:00";"1362";"sem vítima";"9";"BR-116/SC";"Sul";"Colisão Lateral";1;0;1;0;0;0;0;0;0;0;2;0;0;0;0
"19/01/2012";"07:45:00";"1403";"com vítima";"116.2";"BR-116/PR";"Norte";"Colisão Transversal";1;0;0;1;0;0;0;0;0;0;2;1;0;0;0
"19/01/2012";"08:39:00";"1408";"sem vítima";"261.1";"BR-116/SC";"Norte";"Colisão Lateral";1;0;0;0;0;0;0;0;0;1;5;0;0;0;0
"19/01/2012";"04:22:00";"1442";"com vítima";"157.5";"BR-116/PR";"Sul";"Colisão Frontal";2;0;0;0;0;0;0;0;0;0;0;3;0;0;0
"19/01/2012";"04:43:00";"1443";"com vítima";"99";"BR-116/SC";"Sul";"Queda de Moto";0;0;0;1;0;0;0;0;0;0;0;1;0;0;0
"19/01/2012";"10:11:00";"1466";"com vítima";"133";"BR-116/PR";"Norte";"Colisão Traseira";0;0;2;0;0;0;0;0;0;0;2;1;0;0;0
"19/01/2012";"11:33:00";"1470";"sem vítima";"279";"BR-116/SC";"Sul";"Saida de Pista";0;0;1;0;0;0;0;0;0;0;1;0;0;0;0
"20/01/2012";"02:01:00";"1519";"com vítima";"139.7";"BR-116/PR";"Norte";"Colisão Transversal";2;0;0;0;0;0;0;0;0;0;3;4;2;0;0
"20/01/2012";"04:56:00";"1535";"com vítima";"210.7";"BR-116/PR";"Sul";"Colisão Transversal";1;0;0;1;0;0;0;0;0;0;1;0;0;1;0
"20/01/2012";"05:10:00";"1538";"sem vítima";"135";"BR-116/SC";"Norte";"Colisão Traseira";1;0;1;0;0;0;0;0;0;0;4;0;0;0;0
"20/01/2012";"05:59:00";"1542";"sem vítima";"116.6";"BR-116/PR";"Sul";"Choque - Veiculo parado na pista";1;0;2;0;0;0;0;0;0;0;3;0;0;0;0
"20/01/2012";"07:26:00";"1556";"com vítima";"194.5";"BR-116/PR";"Norte";"Saida de Pista";0;0;1;0;0;0;0;0;0;0;0;1;0;0;0
"20/01/2012";"09:52:00";"1573";"sem vítima";"147.4";"BR-116/PR";"Norte";"Saida de Pista";1;0;0;0;0;0;0;0;0;0;1;0;0;0;0
"20/01/2012";"11:26:00";"1580";"sem vítima";"115.4";"BR-116/PR";"Norte";"Colisão Traseira";1;0;1;0;0;0;0;0;0;0;2;0;0;0;0
"21/01/2012";"05:58:00";"1594";"sem vítima";"148.3";"BR-116/SC";"Sul";"Choque - Talude";0;0;1;0;0;0;0;0;0;0;1;0;0;0;0
"21/01/2012";"08:57:00";"1609";"sem vítima";"98";"BR-116/SC";"Norte";"Saida de Pista";1;0;0;0;0;0;0;0;0;0;3;0;0;0;0
"21/01/2012";"11:08:00";"1618";"sem vítima";"126";"BR-116/PR";"Sul";"Colisão Transversal";0;0;2;0;0;0;0;0;0;0;2;0;0;0;0
"21/01/2012";"01:09:00";"1626";"sem vítima";"245.6";"BR-116/SC";"Sul";"Colisão Transversal";2;0;0;0;0;0;0;0;0;0;6;0;0;0;0
"21/01/2012";"01:37:00";"1627";"sem vítima";"190.9";"BR-116/SC";"Sul";"Saida de Pista";1;0;0;0;0;0;0;0;0;0;1;0;0;0;0
"21/01/2012";"07:11:00";"1650";"sem vítima";"124";"BR-116/PR";"Norte";"Colisão Traseira";2;0;0;0;0;0;0;0;0;0;5;0;0;0;0
"21/01/2012";"07:13:00";"1651";"com vítima";"117.4";"BR-116/PR";"Sul";"Choque - Veiculo parado na pista";2;0;0;0;0;0;0;0;0;1;3;1;0;0;0
"22/01/2012";"02:56:00";"1675";"com vítima";"155.2";"BR-116/SC";"Sul";"Saida de Pista";1;0;0;0;0;0;0;0;0;0;1;1;0;0;0
"22/01/2012";"04:24:00";"1716";"sem vítima";"124.2";"BR-116/PR";"Norte";"Colisão Traseira";2;0;0;0;0;0;0;0;0;0;5;0;0;0;0
"22/01/2012";"05:00:00";"1720";"sem vítima";"1.2";"BR-116/SC";"Sul";"Choque - Defensa, barreira ou "submarino"";1;0;0;0;0;0;0;0;0;0;2;0;0;0;0
"22/01/2012";"06:03:00";"1723";"com vítima";"139";"BR-116/PR";"Norte";"Engavetamento";3;0;0;0;0;0;0;0;0;0;3;2;0;0;0
"22/01/2012";"07:08:00";"1728";"sem vítima";"166.8";"BR-116/PR";"Norte";"Colisão Transversal";2;0;0;0;0;0;0;0;0;0;2;0;0;0;0
"22/01/2012";"07:27:00";"1730";"sem vítima";"204";"BR-116/PR";"Norte";"Choque - Veiculo parado na pista";2;0;0;0;0;0;0;0;0;0;2;0;0;0;0
"22/01/2012";"10:31:00";"1749";"com vítima";"84.4";"BR-116/SC";"Norte";"Colisão Lateral";1;0;1;1;0;0;0;0;0;0;2;0;0;2;0
"22/01/2012";"10:50:00";"1753";"com vítima";"119.4";"BR-116/PR";"Sul";"Colisão Transversal";3;0;0;0;0;0;0;0;0;0;3;1;0;0;0
"23/01/2012";"12:23:00";"1757";"com vítima";"124.1";"BR-116/SC";"Sul";"Saida de Pista";1;0;0;0;0;0;0;0;0;0;0;2;0;0;0
"23/01/2012";"02:33:00";"1803";"sem vítima";"8";"BR-116/SC";"Norte";"Saida de Pista";0;0;1;0;0;0;0;0;0;0;1;0;0;0;0
"24/01/2012";"02:17:00";"1843";"com vítima";"48.2";"BR-116/SC";"Norte";"Colisão Frontal";0;0;1;0;0;0;0;0;0;1;0;0;1;0;4
"24/01/2012";"06:08:00";"1845";"sem vítima";"128.1";"BR-116/PR";"Norte";"Colisão Traseira";1;0;0;0;0;1;0;0;0;0;2;0;0;0;0
"24/01/2012";"11:17:00";"1866";"sem vítima";"232";"BR-116/SC";"Sul";"Atropelamento de Animal";1;0;0;0;0;0;0;0;0;0;1;0;0;0;0
"24/01/2012";"01:16:00";"1877";"sem vítima";"129.4";"BR-116/PR";"Norte";"Colisão Transversal";1;0;0;1;0;0;0;0;0;0;6;0;0;0;0
"24/01/2012";"07:02:00";"1907";"sem vítima";"245.6";"BR-116/SC";"Sul";"Colisão Lateral";1;0;1;0;0;0;0;0;0;0;2;0;0;0;0
"24/01/2012";"08:01:00";"1916";"sem vítima";"6.5";"BR-116/SC";"Sul";"Colisão Transversal";1;0;1;0;0;0;0;0;0;0;4;0;0;0;0
"24/01/2012";"09:50:00";"1923";"com vítima";"194.3";"BR-116/SC";"Norte";"Atropelamento - Funcionário";0;0;0;0;0;1;0;0;0;0;1;0;0;0;1
"25/01/2012";"07:36:00";"1946";"com vítima";"116.4";"BR-116/PR";"Norte";"Colisão Traseira";1;0;0;1;0;0;0;0;0;0;2;1;0;0;0
"25/01/2012";"09:09:00";"1953";"com vítima";"152.2";"BR-116/PR";"Sul";"Colisão Transversal";1;0;1;0;0;0;0;0;0;0;1;0;0;1;0
"25/01/2012";"04:54:00";"1993";"com vítima";"51.4";"BR-116/SC";"Norte";"Saida de Pista";1;0;0;0;0;0;0;0;0;0;2;2;0;0;0
"26/01/2012";"01:50:00";"2024";"sem vítima";"151";"BR-116/PR";"Norte";"Choque - Veiculo parado na pista";1;0;1;0;0;0;0;0;0;0;2;0;0;0;0
"26/01/2012";"06:31:00";"2030";"com vítima";"1.1";"BR-116/SC";"Sul";"Colisão Traseira";0;1;0;0;0;1;0;0;0;0;1;0;0;0;1
"26/01/2012";"11:08:00";"2111";"sem vítima";"5";"BR-116/SC";"Norte";"Choque - Defensa, barreira ou "submarino"";1;0;0;0;0;0;0;0;0;0;1;0;0;0;0
"27/01/2012";"03:05:00";"2117";"com vítima";"308.8";"BR-116/SC";"Sul";"Choque - Defensa, barreira ou "submarino"";0;0;1;0;0;0;0;0;0;0;0;1;0;0;0
"27/01/2012";"06:08:00";"2123";"com vítima";"248.1";"BR-116/SC";"Sul";"Saida de Pista";0;0;1;0;0;0;0;0;0;0;0;1;0;0;0
"27/01/2012";"06:23:00";"2125";"com vítima";"181.3";"BR-116/SC";"Norte";"Saida de Pista";0;0;0;0;0;0;0;0;0;1;0;1;0;0;0
"27/01/2012";"06:33:00";"2127";"sem vítima";"134.8";"BR-116/SC";"Sul";"Choque - Veiculo parado na pista";0;0;2;0;0;0;0;0;0;0;2;0;0;0;0
"27/01/2012";"11:24:00";"2152";"sem vítima";"37.5";"BR-116/SC";"Norte";"Choque - Objeto sobre a pista";1;0;1;0;0;0;0;0;0;0;3;0;0;0;0
"27/01/2012";"02:22:00";"2167";"sem vítima";"195.7";"BR-116/PR";"Sul";"Saida de Pista";0;0;1;0;0;0;0;0;0;0;1;0;0;0;0
"27/01/2012";"07:28:00";"2203";"sem vítima";"207.4";"BR-116/SC";"Sul";"Colisão Traseira";0;0;0;2;0;0;0;0;0;0;2;0;0;0;0
"28/01/2012";"02:49:00";"2230";"sem vítima";"204.6";"BR-116/PR";"Norte";"Colisão Lateral";1;0;1;0;0;0;0;0;0;0;2;0;0;0;0
"28/01/2012";"04:35:00";"2232";"com vítima";"19.075";"BR-116/SC";"Norte";"Colisão Frontal";1;0;1;0;0;0;0;0;0;0;1;0;0;0;1
"28/01/2012";"04:53:00";"2233";"com vítima";"151.4";"BR-116/PR";"Sul";"Saida de Pista";1;0;0;0;0;0;0;0;0;0;1;1;0;0;0
"28/01/2012";"05:25:00";"2235";"sem vítima";"2.9";"BR-116/SC";"Norte";"Saida de Pista";1;0;0;0;0;0;0;0;0;0;1;0;0;0;0
"28/01/2012";"07:35:00";"2238";"com vítima";"122";"BR-116/PR";"Sul";"Colisão Transversal";2;0;0;0;0;0;0;0;0;0;2;1;0;0;0
"28/01/2012";"09:33:00";"2248";"sem vítima";"4.5";"BR-116/SC";"Sul";"Colisão Transversal";2;0;0;0;0;0;0;0;0;0;2;0;0;0;0
"28/01/2012";"01:12:00";"2268";"com vítima";"129.5";"BR-116/PR";"Sul";"Colisão Transversal";0;0;0;1;0;1;0;0;0;0;1;1;0;0;0
"28/01/2012";"04:12:00";"2283";"com vítima";"230.8";"BR-116/SC";"Sul";"Saida de Pista";1;0;0;0;0;0;0;0;0;0;0;2;0;0;1