data;horario;n_da_ocorrencia;tipo_de_ocorrencia;km;trecho;sentido;tipo_de_acidente;automovel;bicicleta;caminhao;moto;onibus;outros;tracao_animal;transporte_de_cargas_especiais;trator_maquinas;utilitarios;ilesos;levemente_feridos;moderadamente_feridos;gravemente_feridos;mortos
"23/03/2012";"11:53:00";"2080";"com vítima";"163.3";"BR-116/PR";"Norte";"Colisão Lateral";1;1;0;0;0;0;0;0;0;0;1;1;0;0;0
"24/03/2012";"03:29:00";"2082";"com vítima";"6.7";"BR-116/SC";"Norte";"Colisão Traseira";1;0;1;0;0;0;0;0;0;0;2;1;0;0;0
"24/03/2012";"06:26:00";"2086";"sem vítima";"116.1";"BR-116/PR";"Norte";"Colisão Traseira";3;0;0;0;0;0;0;0;0;0;4;0;0;0;0
"24/03/2012";"08:39:00";"2091";"sem vítima";"128.2";"BR-116/SC";"Norte";"Choque - Veiculo parado na pista";2;0;1;0;1;0;0;0;0;0;33;0;0;0;0
"24/03/2012";"12:30:00";"2110";"com vítima";"128.7";"BR-116/PR";"Norte";"Colisão Frontal";0;0;2;0;0;0;0;0;0;0;0;2;0;0;0
"24/03/2012";"12:32:00";"2111";"sem vítima";"198";"BR-116/SC";"Norte";"Capotamento";1;0;0;0;0;0;0;0;0;0;1;0;0;0;0
"24/03/2012";"07:40:00";"2143";"sem vítima";"128.7";"BR-116/PR";"Sul";"Engavetamento";4;0;0;0;0;0;0;0;0;0;4;0;0;0;0
"24/03/2012";"07:43:00";"2146";"sem vítima";"141.1";"BR-116/PR";"Sul";"Colisão Traseira";1;0;1;0;0;0;0;0;0;0;2;0;0;0;0
"25/03/2012";"01:01:00";"2161";"sem vítima";"116";"BR-116/PR";"Norte";"Choque - Veiculo parado na pista";3;0;0;0;0;0;0;0;0;0;8;0;0;0;0
"25/03/2012";"01:56:00";"2164";"com vítima";"52.6";"BR-116/SC";"Sul";"Queda de Moto";0;0;0;1;0;0;0;0;0;0;0;1;0;0;0
"25/03/2012";"10:03:00";"2173";"sem vítima";"204";"BR-116/PR";"Sul";"Choque - Defensa, barreira ou "submarino"";0;0;1;0;0;0;0;0;0;0;2;0;0;0;0
"25/03/2012";"01:03:00";"2178";"com vítima";"120";"BR-116/PR";"Norte";"Colisão Traseira";3;0;0;0;0;0;0;0;0;0;5;2;0;0;0
"25/03/2012";"03:25:00";"2182";"sem vítima";"140.8";"BR-116/PR";"Norte";"Colisão Transversal";1;0;0;1;0;0;0;0;0;0;4;0;0;0;0
"25/03/2012";"05:21:00";"2191";"sem vítima";"119";"BR-116/SC";"Sul";"Objeto lançado contra veículo";1;0;0;0;0;0;0;0;0;1;2;0;0;0;0
"25/03/2012";"08:33:00";"2211";"com vítima";"150.3";"BR-116/PR";"Sul";"Atropelamento - Usuário";0;0;0;0;0;1;0;0;0;0;1;0;0;0;1
"25/03/2012";"09:07:00";"2214";"sem vítima";"150.5";"BR-116/PR";"Norte";"Colisão Traseira";1;0;0;0;0;1;0;0;0;0;3;0;0;0;0
"25/03/2012";"10:22:00";"2218";"com vítima";"120.6";"BR-116/PR";"Sul";"Colisão Frontal";2;0;0;0;0;0;0;0;0;0;4;1;1;2;0
"26/03/2012";"07:33:00";"2235";"com vítima";"130.4";"BR-116/PR";"Norte";"Saida de Pista";1;0;0;0;0;0;0;0;0;0;0;0;1;0;0
"26/03/2012";"09:26:00";"2246";"sem vítima";"134";"BR-116/PR";"Norte";"Objeto lançado contra veículo";1;0;0;0;0;0;0;0;0;0;1;0;0;0;0
"26/03/2012";"10:18:00";"2255";"sem vítima";"128";"BR-116/PR";"Norte";"Choque - Defensa, barreira ou "submarino"";0;0;1;0;0;0;0;0;0;0;1;0;0;0;0
"26/03/2012";"11:15:00";"2257";"com vítima";"193.6";"BR-116/PR";"Sul";"Saida de Pista";0;0;0;1;0;0;0;0;0;0;0;0;1;0;0
"26/03/2012";"11:21:00";"2258";"sem vítima";"193";"BR-116/PR";"Sul";"Choque - Objeto não identificado";1;0;0;0;0;0;0;0;0;0;3;0;0;0;0
"26/03/2012";"08:42:00";"2297";"sem vítima";"141.8";"BR-116/SC";"Sul";"Choque - Objeto sobre a pista";1;0;0;0;0;0;0;0;0;0;4;0;0;0;0
"27/03/2012";"09:59:00";"2335";"com vítima";"105.4";"BR-116/SC";"Norte";"Saida de Pista";0;0;1;0;0;0;0;0;0;0;1;1;0;0;0
"27/03/2012";"10:40:00";"2342";"sem vítima";"245.6";"BR-116/SC";"Sul";"Colisão Lateral";1;0;0;0;0;0;0;0;0;1;2;0;0;0;0
"27/03/2012";"01:02:00";"2352";"sem vítima";"206.5";"BR-116/PR";"Sul";"Colisão Lateral";1;0;0;0;1;0;0;0;0;0;5;0;0;0;0
"27/03/2012";"02:02:00";"2355";"sem vítima";"199";"BR-116/SC";"Norte";"Colisão Lateral";1;0;1;0;0;0;0;0;0;0;2;0;0;0;0
"28/03/2012";"12:19:00";"2450";"sem vítima";"141.7";"BR-116/PR";"Norte";"Colisão Lateral";1;0;1;0;0;0;0;0;0;0;3;0;0;0;0
"28/03/2012";"02:52:00";"2461";"sem vítima";"204";"BR-116/PR";"Norte";"Objeto lançado contra veículo";1;0;0;0;0;0;0;0;0;0;1;0;0;0;0
"28/03/2012";"07:05:00";"2485";"sem vítima";"132.4";"BR-116/PR";"Sul";"Colisão Lateral";2;0;0;0;0;0;0;0;0;0;2;0;0;0;0
"29/03/2012";"07:39:00";"2521";"sem vítima";"117";"BR-116/PR";"Sul";"Colisão Traseira";0;0;2;0;0;0;0;0;0;0;2;0;0;0;0
"29/03/2012";"06:21:00";"2576";"sem vítima";"204.5";"BR-116/PR";"Norte";"Saida de Pista";0;0;0;0;1;0;0;0;0;0;15;0;0;0;0
"29/03/2012";"10:48:00";"2593";"sem vítima";"139.9";"BR-116/SC";"Sul";"Saida de Pista";1;0;0;0;0;0;0;0;0;0;2;0;0;0;0
"30/03/2012";"10:58:00";"2620";"sem vítima";"210.8";"BR-116/PR";"Norte";"Colisão Transversal";2;0;0;0;0;0;0;0;0;0;2;0;0;0;0
"30/03/2012";"03:25:00";"2652";"sem vítima";"233";"BR-116/SC";"Sul";"Choque - Objeto sobre a pista";1;0;0;0;0;0;0;0;0;0;1;0;0;0;0
"30/03/2012";"07:07:00";"2673";"com vítima";"118.5";"BR-116/PR";"Norte";"Colisão Traseira";2;0;0;0;0;0;0;0;0;0;4;1;0;0;0
"30/03/2012";"07:08:00";"2674";"sem vítima";"276";"BR-116/SC";"Sul";"Choque - Objeto sobre a pista";1;0;0;0;0;0;0;0;0;0;1;0;0;0;0
"30/03/2012";"08:17:00";"2678";"sem vítima";"115.2";"BR-116/PR";"Norte";"Engavetamento";3;0;0;0;0;1;0;0;0;0;4;0;0;0;0
"30/03/2012";"08:34:00";"2679";"sem vítima";"117";"BR-116/PR";"Norte";"Colisão Lateral";0;0;1;0;0;0;0;0;0;1;2;0;0;0;0
"30/03/2012";"10:33:00";"2687";"sem vítima";"130";"BR-116/PR";"Sul";"Objeto lançado contra veículo";0;0;1;0;0;0;0;0;0;0;1;0;0;0;0
"30/03/2012";"10:38:00";"2688";"com vítima";"19";"BR-116/SC";"Norte";"Colisão Lateral";1;0;1;0;0;0;0;0;0;0;1;1;0;0;0
"30/03/2012";"11:38:00";"2692";"com vítima";"125.8";"BR-116/PR";"Norte";"Colisão Transversal";1;0;1;0;0;0;0;0;0;0;1;0;0;1;0
"31/03/2012";"12:06:00";"2693";"sem vítima";"183";"BR-116/SC";"Sul";"Saida de Pista";1;0;0;0;0;0;0;0;0;0;1;0;0;0;0
"31/03/2012";"10:11:00";"2717";"com vítima";"115.8";"BR-116/PR";"Norte";"Colisão Traseira";2;0;0;0;0;0;0;0;0;0;2;2;0;0;0
"31/03/2012";"11:41:00";"2721";"com vítima";"147.9";"BR-116/PR";"Norte";"Saida de Pista";0;0;1;0;0;0;0;0;0;0;0;1;0;0;0
"31/03/2012";"01:21:00";"2726";"sem vítima";"204";"BR-116/PR";"Sul";"Colisão Traseira";1;0;1;0;0;0;0;0;0;0;2;0;0;0;0
"31/03/2012";"05:07:00";"2743";"sem vítima";"124";"BR-116/PR";"Norte";"Engavetamento";4;0;0;0;0;0;0;0;0;0;4;0;0;0;0
"31/03/2012";"05:44:00";"2748";"sem vítima";"200.7";"BR-116/PR";"Sul";"Saida de Pista";1;0;0;0;0;0;0;0;0;0;1;0;0;0;0
"31/03/2012";"06:31:00";"2751";"sem vítima";"294.5";"BR-116/SC";"Norte";"Tombamento";1;0;0;0;0;0;0;0;0;0;2;0;0;0;0
"31/03/2012";"06:50:00";"2752";"sem vítima";"135";"BR-116/SC";"Norte";"Colisão Traseira";2;0;0;0;0;0;0;0;0;0;6;0;0;0;0
"31/03/2012";"08:02:00";"2758";"sem vítima";"126";"BR-116/PR";"Sul";"Colisão Traseira";3;0;0;0;0;0;0;0;0;0;3;0;0;0;0
"31/03/2012";"08:54:00";"2769";"sem vítima";"117.5";"BR-116/PR";"Sul";"Colisão Traseira";2;0;0;0;0;0;0;0;0;0;2;0;0;0;0
"01/04/2012";"01:04:00";"5";"com vítima";"132";"BR-116/PR";"Sul";"Colisão Lateral";2;0;0;0;0;0;0;0;0;0;2;1;0;0;0
"01/04/2012";"05:18:00";"15";"sem vítima";"117.5";"BR-116/PR";"Sul";"Tombamento";0;0;1;0;0;0;0;0;0;0;1;0;0;0;0
"01/04/2012";"06:43:00";"20";"sem vítima";"124.1";"BR-116/PR";"Norte";"Saida de Pista";1;0;0;0;0;0;0;0;0;0;1;0;0;0;0
"01/04/2012";"07:36:00";"23";"sem vítima";"133";"BR-116/PR";"Sul";"Choque - Objeto sobre a pista";1;0;0;0;0;0;0;0;0;0;3;0;0;0;0
"01/04/2012";"06:46:00";"61";"sem vítima";"134.4";"BR-116/PR";"Norte";"Colisão Lateral";1;0;1;0;0;0;0;0;0;0;4;0;0;0;0
"01/04/2012";"07:17:00";"63";"com vítima";"57.7";"BR-116/SC";"Sul";"Colisão Transversal";0;0;0;1;0;0;0;0;0;1;1;0;0;0;1
"01/04/2012";"10:38:00";"84";"com vítima";"66.8";"BR-116/SC";"Sul";"Colisão Frontal";2;0;1;0;0;0;0;0;0;0;2;2;1;0;0
"02/04/2012";"12:14:00";"93";"sem vítima";"280.2";"BR-116/SC";"Norte";"Choque - Objeto sobre a pista";1;0;0;0;0;0;0;0;0;0;3;0;0;0;0
"02/04/2012";"09:50:00";"118";"sem vítima";"144";"BR-116/SC";"Norte";"Saida de Pista";1;0;0;0;0;0;0;0;0;0;1;0;0;0;0
"02/04/2012";"12:48:00";"127";"sem vítima";"205";"BR-116/PR";"Norte";"Saida de Pista";0;0;2;0;0;0;0;0;0;0;2;0;0;0;0
"02/04/2012";"03:59:00";"148";"sem vítima";"237";"BR-116/SC";"Norte";"Objeto lançado contra veículo";1;0;0;0;0;0;0;0;0;0;1;0;0;0;0
"02/04/2012";"05:31:00";"157";"com vítima";"130";"BR-116/PR";"Sul";"Queda de Moto";0;0;0;1;0;0;0;0;0;0;0;1;0;0;0
"03/04/2012";"02:46:00";"185";"com vítima";"117.6";"BR-116/PR";"Norte";"Queda de Moto";0;0;0;1;0;0;0;0;0;0;0;0;1;0;0
"03/04/2012";"01:41:00";"224";"sem vítima";"120.9";"BR-116/PR";"Sul";"Saida de Pista";0;0;1;0;0;0;0;0;0;0;1;0;0;0;0
"03/04/2012";"04:52:00";"245";"sem vítima";"137";"BR-116/PR";"Norte";"Objeto lançado contra veículo";1;0;0;0;0;0;0;0;0;0;1;0;0;0;0
"04/04/2012";"08:48:00";"293";"sem vítima";"121";"BR-116/PR";"Norte";"Colisão Traseira";1;0;1;0;0;0;0;0;0;0;2;0;0;0;0
"04/04/2012";"02:22:00";"325";"sem vítima";"130.1";"BR-116/PR";"Sul";"Colisão Traseira";0;0;0;1;0;0;0;0;0;1;2;0;0;0;0
"04/04/2012";"04:42:00";"344";"sem vítima";"162";"BR-116/SC";"Norte";"Tombamento";0;0;1;0;0;0;0;0;0;0;1;0;0;0;0
"04/04/2012";"05:56:00";"355";"sem vítima";"59.5";"BR-116/SC";"Sul";"Objeto lançado contra veículo";1;0;0;0;0;0;0;0;0;0;1;0;0;0;0
"04/04/2012";"09:13:00";"373";"sem vítima";"115";"BR-116/PR";"Sul";"Choque - Objeto sobre a pista";1;0;0;0;0;0;0;0;0;0;1;0;0;0;0
"04/04/2012";"09:15:00";"374";"sem vítima";"141";"BR-116/PR";"Norte";"Colisão Lateral";0;0;1;0;1;0;0;0;0;0;2;0;0;0;0
"05/04/2012";"06:10:00";"395";"com vítima";"235.8";"BR-116/SC";"Norte";"Saida de Pista";1;0;0;0;0;0;0;0;0;0;0;0;0;1;0
"05/04/2012";"07:09:00";"396";"com vítima";"124";"BR-116/PR";"Norte";"Colisão Transversal";0;0;0;1;0;0;0;0;0;1;1;1;0;0;0
"05/04/2012";"07:14:00";"397";"com vítima";"120.5";"BR-116/PR";"Norte";"Colisão Transversal";1;0;0;1;0;0;0;0;0;0;1;2;0;0;0
"05/04/2012";"10:26:00";"409";"sem vítima";"290";"BR-116/SC";"Norte";"Colisão Lateral";1;0;0;0;0;0;0;0;0;1;5;0;0;0;0
"05/04/2012";"11:56:00";"420";"sem vítima";"4.5";"BR-116/SC";"Norte";"Colisão Transversal";2;0;0;0;0;0;0;0;0;0;2;0;0;0;0
"05/04/2012";"12:19:00";"423";"com vítima";"290.8";"BR-116/SC";"Norte";"Colisão Lateral";2;0;2;0;0;0;0;0;0;1;5;4;2;0;0
"05/04/2012";"01:31:00";"427";"com vítima";"19.5";"BR-116/SC";"Sul";"Saida de Pista";1;0;0;0;0;0;0;0;0;0;0;0;1;0;0
"05/04/2012";"01:35:00";"429";"sem vítima";"193.8";"BR-116/SC";"Sul";"Saida de Pista";0;0;0;0;0;0;0;0;0;1;2;0;0;0;0
"05/04/2012";"01:54:00";"431";"sem vítima";"186.5";"BR-116/SC";"Sul";"Choque - Objeto sobre a pista";1;0;0;0;0;0;0;0;0;0;2;0;0;0;0
"05/04/2012";"04:24:00";"445";"com vítima";"12";"BR-116/SC";"Sul";"Colisão Transversal";0;0;1;1;0;0;0;0;0;0;1;1;0;0;0
"05/04/2012";"05:41:00";"456";"sem vítima";"118.4";"BR-116/PR";"Sul";"Colisão Traseira";2;0;0;0;0;0;0;0;0;0;2;0;0;0;0
"05/04/2012";"07:38:00";"473";"sem vítima";"117";"BR-116/PR";"Norte";"Colisão Lateral";1;0;1;0;0;0;0;0;0;0;3;0;0;0;0
"05/04/2012";"08:34:00";"480";"sem vítima";"1.2";"BR-116/SC";"Sul";"Colisão Traseira";2;0;0;0;0;0;0;0;0;0;2;0;0;0;0
"05/04/2012";"09:35:00";"485";"sem vítima";"296.4";"BR-116/SC";"Sul";"Saida de Pista";1;0;0;0;0;0;0;0;0;0;4;0;0;0;0
"06/04/2012";"03:18:00";"507";"sem vítima";"297.8";"BR-116/SC";"Norte";"Atropelamento de Animal";1;0;0;0;0;0;0;0;0;0;1;0;0;0;0
"06/04/2012";"04:07:00";"510";"sem vítima";"309.1";"BR-116/SC";"Sul";"Atropelamento de Animal";1;0;0;0;0;0;0;0;0;0;5;0;0;0;0
"06/04/2012";"08:10:00";"521";"com vítima";"125.8";"BR-116/PR";"Sul";"Engavetamento";2;0;0;0;0;1;0;0;0;0;2;1;0;0;0
"06/04/2012";"09:11:00";"526";"com vítima";"125.8";"BR-116/PR";"Sul";"Colisão Lateral";0;0;1;1;0;0;0;0;0;0;1;1;0;0;0
"06/04/2012";"11:21:00";"544";"sem vítima";"4.9";"BR-116/SC";"Sul";"Engavetamento";5;0;0;0;0;0;0;0;0;0;6;0;0;0;0
"06/04/2012";"11:26:00";"545";"sem vítima";"132.3";"BR-116/SC";"Sul";"Colisão Traseira";1;0;1;0;0;0;0;0;0;0;2;0;0;0;0
"07/04/2012";"05:56:00";"609";"sem vítima";"225.35";"BR-116/SC";"Norte";"Saida de Pista";1;0;0;0;0;0;0;0;0;0;3;0;0;0;0
"07/04/2012";"09:08:00";"618";"com vítima";"308.7";"BR-116/SC";"Norte";"Saida de Pista";0;0;1;0;0;0;0;0;0;0;0;1;0;0;0
"07/04/2012";"12:52:00";"626";"sem vítima";"131.7";"BR-116/PR";"Sul";"Capotamento";1;0;0;0;0;0;0;0;0;0;2;0;0;0;0
"07/04/2012";"04:57:00";"646";"sem vítima";"0.3";"BR-116/SC";"Norte";"Saida de Pista";1;0;0;0;0;0;0;0;0;0;1;0;0;0;0
"07/04/2012";"07:32:00";"657";"sem vítima";"125.2";"BR-116/PR";"Norte";"Saida de Pista";1;0;0;0;0;0;0;0;0;0;1;0;0;0;0
"07/04/2012";"10:27:00";"665";"sem vítima";"219.3";"BR-116/SC";"Norte";"Choque - Poste";1;0;0;0;0;0;0;0;0;0;1;0;0;0;0
"08/04/2012";"12:41:00";"669";"sem vítima";"123.7";"BR-116/PR";"Norte";"Saida de Pista";1;0;0;0;0;0;0;0;0;0;1;0;0;0;0
"08/04/2012";"08:38:00";"678";"com vítima";"211";"BR-116/SC";"Norte";"Tombamento";0;0;1;0;0;0;0;0;0;0;0;1;0;0;0
"08/04/2012";"02:21:00";"701";"sem vítima";"122";"BR-116/PR";"Norte";"Colisão Traseira";2;0;0;0;0;0;0;0;0;0;3;0;0;0;0
"08/04/2012";"05:51:00";"727";"com vítima";"7";"BR-116/SC";"Sul";"Colisão Transversal";0;0;0;1;1;0;0;0;0;0;1;0;0;1;0
"08/04/2012";"06:02:00";"729";"com vítima";"152";"BR-116/PR";"Norte";"Colisão Transversal";3;0;0;0;0;0;0;0;0;0;6;1;0;0;0
"08/04/2012";"06:26:00";"736";"sem vítima";"25.5";"BR-116/SC";"Norte";"Saida de Pista";0;0;0;1;0;0;0;0;0;0;1;0;0;0;0
"08/04/2012";"07:38:00";"746";"sem vítima";"5";"BR-116/SC";"Norte";"Colisão Traseira";1;0;0;1;0;0;0;0;0;0;2;0;0;0;0
"08/04/2012";"11:25:00";"777";"sem vítima";"177.4";"BR-116/PR";"Norte";"Choque - Veiculo parado no acostamento";1;0;0;0;0;1;0;0;0;0;5;0;0;0;0
"09/04/2012";"07:06:00";"800";"sem vítima";"129.9";"BR-116/PR";"Norte";"Colisão Lateral";1;0;0;0;0;0;0;0;0;1;2;0;0;0;0
"09/04/2012";"12:53:00";"825";"com vítima";"201.1";"BR-116/SC";"Norte";"Saida de Pista";1;0;0;0;0;0;0;0;0;0;0;1;0;0;0
"09/04/2012";"04:11:00";"842";"sem vítima";"203";"BR-116/SC";"Norte";"Objeto lançado contra veículo";1;0;0;0;0;0;0;0;0;0;1;0;0;0;0
"09/04/2012";"08:27:00";"867";"sem vítima";"12.3";"BR-116/SC";"Norte";"Colisão Transversal";2;0;0;0;0;0;0;0;0;0;2;0;0;0;0
"09/04/2012";"09:05:00";"870";"sem vítima";"163";"BR-116/SC";"Norte";"Choque - Objeto sobre a pista";0;0;1;0;0;0;0;0;0;0;1;0;0;0;0
"09/04/2012";"11:47:00";"883";"com vítima";"124.6";"BR-116/PR";"Sul";"Choque - Defensa, barreira ou "submarino"";0;0;0;1;0;0;0;0;0;0;0;1;0;0;0
"10/04/2012";"09:10:00";"915";"sem vítima";"246.3";"BR-116/SC";"Sul";"Colisão Transversal";2;0;0;0;0;0;0;0;0;0;2;0;0;0;0
"10/04/2012";"09:30:00";"916";"sem vítima";"134.7";"BR-116/SC";"Sul";"Objeto lançado contra veículo";0;0;1;0;0;0;0;0;0;0;1;0;0;0;0
"10/04/2012";"01:43:00";"928";"sem vítima";"130";"BR-116/PR";"Norte";"Choque - Objeto sobre a pista";0;0;1;0;0;0;0;0;0;0;2;0;0;0;0
"10/04/2012";"03:33:00";"939";"sem vítima";"152";"BR-116/SC";"Norte";"Colisão Lateral";0;0;2;0;0;0;0;0;0;0;2;0;0;0;0
"10/04/2012";"04:16:00";"942";"sem vítima";"175.5";"BR-116/PR";"Norte";"Objeto lançado contra veículo";0;0;1;0;0;0;0;0;0;0;1;0;0;0;0
"10/04/2012";"05:52:00";"947";"sem vítima";"134";"BR-116/PR";"Norte";"Choque - Cancela de Pedagio";1;0;0;0;0;0;0;0;0;0;1;0;0;0;0
"10/04/2012";"10:04:00";"952";"com vítima";"163.9";"BR-116/SC";"Norte";"Choque - Suporte de Sinalização";1;0;0;0;0;0;0;0;0;0;1;2;0;0;0
"11/04/2012";"04:47:00";"962";"com vítima";"186.4";"BR-116/PR";"Norte";"Saida de Pista";0;0;1;0;0;0;0;0;0;0;0;1;0;0;0
"11/04/2012";"07:41:00";"970";"com vítima";"69.2";"BR-116/SC";"Norte";"Atropelamento - Morador";1;0;0;0;0;0;0;0;0;0;1;1;0;0;0
"11/04/2012";"10:22:00";"981";"sem vítima";"134";"BR-116/PR";"Norte";"Objeto lançado contra veículo";1;0;0;0;0;0;0;0;0;0;1;0;0;0;0
"11/04/2012";"11:14:00";"987";"sem vítima";"160.9";"BR-116/PR";"Norte";"Colisão Lateral";3;0;0;0;0;0;0;0;0;0;6;0;0;0;0
"11/04/2012";"11:57:00";"991";"com vítima";"173.3";"BR-116/SC";"Norte";"Capotamento";1;0;0;0;0;0;0;0;0;0;0;2;0;0;0
"11/04/2012";"02:11:00";"1001";"sem vítima";"294";"BR-116/SC";"Sul";"Objeto lançado contra veículo";0;0;2;0;0;0;0;0;0;0;2;0;0;0;0
"11/04/2012";"03:31:00";"1008";"sem vítima";"150";"BR-116/PR";"Sul";"Colisão Traseira";1;0;0;0;0;1;0;0;0;0;2;0;0;0;0
"11/04/2012";"04:10:00";"1012";"sem vítima";"164";"BR-116/PR";"Sul";"Objeto lançado contra veículo";1;0;0;0;0;0;0;0;0;0;1;0;0;0;0
"12/04/2012";"03:54:00";"1055";"com vítima";"145.7";"BR-116/SC";"Norte";"Tombamento";0;0;1;0;0;0;0;0;0;0;0;0;1;0;0
"12/04/2012";"06:39:00";"1060";"com vítima";"124.3";"BR-116/PR";"Sul";"Colisão Lateral";0;1;1;0;0;0;0;0;0;0;1;1;0;0;0
"12/04/2012";"09:32:00";"1069";"sem vítima";"98";"BR-116/SC";"Sul";"Choque - Veiculo parado na pista";2;0;0;0;0;0;0;0;0;0;2;0;0;0;0
"12/04/2012";"01:36:00";"1094";"sem vítima";"167";"BR-116/PR";"Norte";"Objeto lançado contra veículo";0;0;0;0;0;0;0;0;0;1;3;0;0;0;0
"12/04/2012";"03:29:00";"1106";"sem vítima";"79";"BR-116/SC";"Sul";"Objeto lançado contra veículo";1;0;0;0;0;0;0;0;0;0;1;0;0;0;0
"12/04/2012";"05:04:00";"1115";"sem vítima";"127.5";"BR-116/PR";"Sul";"Colisão Transversal";2;0;0;0;0;0;0;0;0;0;2;0;0;0;0
"12/04/2012";"06:39:00";"1123";"sem vítima";"227";"BR-116/SC";"Sul";"Capotamento";1;0;0;0;0;0;0;0;0;0;1;0;0;0;0
"13/04/2012";"12:54:00";"1143";"com vítima";"247.8";"BR-116/SC";"Sul";"Colisão Lateral";1;0;1;0;0;0;0;0;0;0;3;1;0;0;0
"13/04/2012";"06:16:00";"1222";"sem vítima";"309.1";"BR-116/SC";"Norte";"Choque - Objeto sobre a pista";1;0;0;0;0;0;0;0;0;0;1;0;0;0;0
"13/04/2012";"06:34:00";"1225";"sem vítima";"125.1";"BR-116/PR";"Norte";"Colisão Lateral";0;0;0;0;0;0;0;0;0;2;2;0;0;0;0
"13/04/2012";"06:49:00";"1227";"sem vítima";"309.1";"BR-116/SC";"Norte";"Choque - Objeto sobre a pista";0;0;0;0;1;0;0;0;0;0;46;0;0;0;0
"13/04/2012";"06:59:00";"1230";"sem vítima";"117.3";"BR-116/PR";"Norte";"Colisão Traseira";1;0;1;0;0;0;0;0;0;0;2;0;0;0;0
"13/04/2012";"07:00:00";"1231";"sem vítima";"124";"BR-116/PR";"Norte";"Saida de Pista";1;0;0;0;0;0;0;0;0;0;1;0;0;0;0
"13/04/2012";"07:41:00";"1237";"sem vítima";"197.3";"BR-116/PR";"Norte";"Choque - Talude";1;0;0;0;0;0;0;0;0;0;1;0;0;0;0
"13/04/2012";"08:13:00";"1239";"sem vítima";"197";"BR-116/PR";"Norte";"Colisão Traseira";2;0;0;0;0;0;0;0;0;0;2;0;0;0;0
"13/04/2012";"11:10:00";"1260";"com vítima";"305.3";"BR-116/SC";"Sul";"Tombamento";0;0;1;0;0;0;0;0;0;0;0;1;0;0;0
"13/04/2012";"11:24:00";"1261";"com vítima";"135.5";"BR-116/SC";"Norte";"Colisão Traseira";1;0;1;0;0;0;0;0;0;0;2;1;0;0;0
"14/04/2012";"02:56:00";"1269";"sem vítima";"219.9";"BR-116/SC";"Sul";"Saida de Pista";1;0;0;0;0;0;0;0;0;0;1;0;0;0;0
"14/04/2012";"04:03:00";"1274";"com vítima";"308.6";"BR-116/SC";"Sul";"Saida de Pista";1;0;0;0;0;0;0;0;0;0;0;1;0;0;0
"14/04/2012";"06:18:00";"1284";"sem vítima";"258.4";"BR-116/SC";"Norte";"Saida de Pista";1;0;0;0;0;0;0;0;0;0;1;0;0;0;0
"14/04/2012";"09:30:00";"1296";"sem vítima";"178";"BR-116/SC";"Sul";"Colisão Lateral";0;0;1;0;0;0;0;0;0;1;4;0;0;0;0
"14/04/2012";"09:56:00";"1298";"com vítima";"152";"BR-116/PR";"Norte";"Colisão Transversal";2;0;0;0;0;0;0;0;0;0;1;0;1;0;0
"14/04/2012";"10:30:00";"1300";"sem vítima";"181.4";"BR-116/SC";"Sul";"Saida de Pista";1;0;0;0;0;0;0;0;0;0;1;0;0;0;0
"14/04/2012";"10:34:00";"1302";"sem vítima";"131.9";"BR-116/PR";"Sul";"Colisão Traseira";2;0;0;0;0;0;0;0;0;0;5;0;0;0;0
"14/04/2012";"11:53:00";"1306";"com vítima";"131.9";"BR-116/PR";"Norte";"Colisão Transversal";1;0;0;1;0;0;0;0;0;0;2;1;0;0;0
"14/04/2012";"12:31:00";"1308";"com vítima";"9";"BR-116/SC";"Norte";"Colisão Transversal";1;0;0;1;0;0;0;0;0;0;1;0;1;0;0
"14/04/2012";"04:41:00";"1322";"com vítima";"120.6";"BR-116/PR";"Norte";"Queda de Moto";0;0;0;1;0;0;0;0;0;0;1;1;0;0;0
"14/04/2012";"07:54:00";"1345";"com vítima";"115.9";"BR-116/PR";"Norte";"Engavetamento";3;0;0;0;0;0;0;0;0;0;3;2;0;1;0
"14/04/2012";"08:11:00";"1347";"sem vítima";"117";"BR-116/PR";"Norte";"Colisão Traseira";1;0;0;0;0;1;0;0;0;0;4;0;0;0;0
"15/04/2012";"12:50:00";"1360";"sem vítima";"203";"BR-116/SC";"Sul";"Choque - Objeto sobre a pista";0;0;1;0;0;0;0;0;0;0;1;0;0;0;0
"15/04/2012";"02:13:00";"1362";"sem vítima";"209.8";"BR-116/PR";"Norte";"Saida de Pista";1;0;0;0;0;0;0;0;0;0;1;0;0;0;0
"15/04/2012";"03:05:00";"1363";"com vítima";"116";"BR-116/PR";"Sul";"Queda de Moto";0;0;0;1;0;0;0;0;0;0;0;1;0;0;0
"15/04/2012";"04:09:00";"1366";"sem vítima";"61.4";"BR-116/SC";"Sul";"Atropelamento de Animal";1;0;0;0;0;0;0;0;0;0;1;0;0;0;0
"15/04/2012";"04:13:00";"1367";"com vítima";"206";"BR-116/PR";"Sul";"Colisão Frontal";3;0;0;0;0;0;0;0;0;0;1;5;0;1;0
"15/04/2012";"05:16:00";"1376";"com vítima";"117.6";"BR-116/PR";"Norte";"Queda de Moto";0;0;0;1;0;0;0;0;0;0;1;0;1;0;0