data;horario;n_da_ocorrencia;tipo_de_ocorrencia;km;trecho;sentido;tipo_de_acidente;automovel;bicicleta;caminhao;moto;onibus;outros;tracao_animal;transporte_de_cargas_especiais;trator_maquinas;utilitarios;ilesos;levemente_feridos;moderadamente_feridos;gravemente_feridos;mortos
"31/07/2012";"12:46:00";"3370";"sem vítima";"195";"BR-116/SC";"Norte";"Capotamento";1;0;0;0;0;0;0;0;0;0;2;0;0;0;0
"31/07/2012";"03:50:00";"3377";"sem vítima";"79";"BR-116/SC";"Norte";"Colisão Lateral";0;0;1;0;0;1;0;0;0;0;2;0;0;0;0
"31/07/2012";"04:04:00";"3378";"com vítima";"119.4";"BR-116/PR";"Sul";"Colisão Transversal";1;0;0;1;0;0;0;0;0;0;1;1;0;0;0
"31/07/2012";"06:16:00";"3391";"sem vítima";"246.1";"BR-116/SC";"Sul";"Colisão Lateral";2;0;0;0;0;0;0;0;0;0;2;0;0;0;0
"01/08/2012";"02:32:00";"3";"sem vítima";"237.8";"BR-116/SC";"Sul";"Atropelamento de Animal";1;0;0;0;0;0;0;0;0;0;1;0;0;0;0
"01/08/2012";"11:29:00";"27";"sem vítima";"192";"BR-116/PR";"Norte";"Saida de Pista";1;0;0;0;0;0;0;0;0;0;1;0;0;0;0
"01/08/2012";"01:01:00";"15";"com vítima";"210.8";"BR-116/PR";"Norte";"Colisão Transversal";1;0;0;1;0;0;0;0;0;0;1;1;0;0;0
"01/08/2012";"01:44:00";"30";"sem vítima";"196";"BR-116/PR";"Sul";"Objeto lançado contra veículo";1;0;0;0;0;0;0;0;0;0;2;0;0;0;0
"01/08/2012";"03:00:00";"38";"sem vítima";"57";"BR-116/SC";"Norte";"Objeto lançado contra veículo";1;0;0;0;0;0;0;0;0;0;1;0;0;0;0
"01/08/2012";"05:11:00";"65";"sem vítima";"120";"BR-116/PR";"Sul";"Objeto lançado contra veículo";1;0;0;0;0;0;0;0;0;0;1;0;0;0;0
"02/08/2012";"04:50:00";"103";"sem vítima";"199";"BR-116/PR";"Sul";"Atropelamento de Animal";0;0;1;0;0;0;0;0;0;0;1;0;0;0;0
"02/08/2012";"10:15:00";"140";"sem vítima";"147.1";"BR-116/PR";"Norte";"Colisão Traseira";2;0;0;0;0;0;0;0;0;0;3;0;0;0;0
"02/08/2012";"12:17:00";"154";"com vítima";"121.3";"BR-116/PR";"Sul";"Colisão Transversal";0;0;0;1;0;0;0;0;0;1;1;0;1;0;0
"02/08/2012";"12:41:00";"158";"com vítima";"225.8";"BR-116/SC";"Sul";"Saida de Pista";2;0;0;0;0;0;0;0;0;0;2;1;0;0;0
"02/08/2012";"12:43:00";"159";"sem vítima";"117.2";"BR-116/PR";"Norte";"Tombamento";0;0;1;0;0;0;0;0;0;0;1;0;0;0;0
"02/08/2012";"02:28:00";"166";"sem vítima";"122.2";"BR-116/PR";"Sul";"Engavetamento";1;0;2;0;0;0;0;0;0;0;3;0;0;0;0
"02/08/2012";"06:37:00";"182";"com vítima";"115.8";"BR-116/PR";"Sul";"Colisão Traseira";5;0;0;0;0;0;0;0;0;0;9;1;0;0;0
"02/08/2012";"06:54:00";"184";"com vítima";"118.4";"BR-116/PR";"Sul";"Colisão Transversal";1;0;0;1;0;0;0;0;0;0;1;0;1;0;0
"03/08/2012";"10:31:00";"249";"sem vítima";"208";"BR-116/SC";"Norte";"Choque - Veiculo parado na pista";0;0;1;0;0;0;0;0;0;0;1;0;0;0;0
"03/08/2012";"12:54:00";"266";"com vítima";"5.2";"BR-116/SC";"Norte";"Colisão Frontal";1;0;1;0;0;0;0;0;0;0;1;0;0;0;1
"03/08/2012";"01:14:00";"268";"sem vítima";"183.1";"BR-116/SC";"Sul";"Saida de Pista";0;0;1;0;0;0;0;0;0;0;1;0;0;0;0
"03/08/2012";"05:52:00";"303";"com vítima";"118.4";"BR-116/PR";"Sul";"Colisão Transversal";1;0;0;1;0;0;0;0;0;0;3;1;0;0;0
"03/08/2012";"06:53:00";"311";"sem vítima";"220.2";"BR-116/SC";"Norte";"Choque - Outros";1;0;0;0;0;0;0;0;0;0;1;0;0;0;0
"03/08/2012";"07:45:00";"316";"com vítima";"92.1";"BR-116/SC";"Sul";"Colisão Lateral";2;0;4;0;0;0;0;0;0;0;10;1;1;0;1
"03/08/2012";"09:47:00";"326";"com vítima";"116.2";"BR-116/PR";"Sul";"Colisão Traseira";1;0;0;1;0;0;0;0;0;0;3;1;0;0;0
"04/08/2012";"01:14:00";"354";"com vítima";"165.8";"BR-116/PR";"Sul";"Atropelamento - Morador";0;0;0;0;0;0;0;0;0;1;8;0;0;0;1
"04/08/2012";"08:25:00";"374";"sem vítima";"245";"BR-116/SC";"Norte";"Colisão Transversal";1;0;1;0;0;0;0;0;0;0;5;0;0;0;0
"04/08/2012";"08:49:00";"380";"sem vítima";"115.5";"BR-116/PR";"Norte";"Colisão Traseira";1;0;1;0;0;0;0;0;0;0;2;0;0;0;0
"04/08/2012";"12:45:00";"401";"sem vítima";"144";"BR-116/PR";"Norte";"Colisão Lateral";1;0;0;0;0;0;0;0;0;1;7;0;0;0;0
"04/08/2012";"02:03:00";"409";"sem vítima";"205";"BR-116/PR";"Norte";"Objeto lançado contra veículo";0;0;1;0;0;0;0;0;0;0;1;0;0;0;0
"04/08/2012";"03:30:00";"424";"com vítima";"77.1";"BR-116/SC";"Sul";"Saida de Pista";1;0;0;0;0;0;0;0;0;0;4;1;0;0;0
"04/08/2012";"04:32:00";"436";"sem vítima";"153.3";"BR-116/PR";"Norte";"Colisão Traseira";2;0;0;0;0;0;0;0;0;0;4;0;0;0;0
"04/08/2012";"10:14:00";"469";"sem vítima";"126";"BR-116/PR";"Sul";"Colisão Traseira";1;0;2;0;0;0;0;0;0;0;6;0;0;0;0
"05/08/2012";"01:37:00";"474";"sem vítima";"135.2";"BR-116/PR";"Sul";"Colisão Traseira";0;0;0;1;0;1;0;0;0;0;3;0;0;0;0
"05/08/2012";"04:10:00";"479";"sem vítima";"140.4";"BR-116/PR";"Sul";"Saida de Pista";1;0;0;0;0;0;0;0;0;0;1;0;0;0;0
"05/08/2012";"04:22:00";"516";"com vítima";"121.3";"BR-116/PR";"Sul";"Colisão Traseira";2;0;0;0;0;0;0;0;0;0;4;1;0;0;0
"05/08/2012";"05:06:00";"523";"sem vítima";"71.2";"BR-116/SC";"Norte";"Saida de Pista";0;0;0;0;0;0;0;0;1;0;2;0;0;0;0
"05/08/2012";"05:16:00";"526";"com vítima";"201.8";"BR-116/PR";"Sul";"Queda de Moto";0;0;0;1;0;0;0;0;0;0;1;1;0;0;0
"06/08/2012";"06:24:00";"555";"sem vítima";"159";"BR-116/SC";"Norte";"Colisão Transversal";1;0;1;0;0;0;0;0;0;0;2;0;0;0;0
"06/08/2012";"08:18:00";"567";"sem vítima";"115.4";"BR-116/PR";"Norte";"Saida de Pista";1;0;0;0;0;1;0;0;0;0;2;0;0;0;0
"06/08/2012";"09:09:00";"574";"sem vítima";"117";"BR-116/PR";"Sul";"Choque - Veiculo parado na pista";0;0;1;1;0;0;0;0;0;0;2;0;0;0;0
"06/08/2012";"10:17:00";"585";"sem vítima";"165.9";"BR-116/PR";"Norte";"Saida de Pista";1;0;0;0;0;0;0;0;0;0;2;0;0;0;0
"06/08/2012";"10:19:00";"586";"sem vítima";"275.5";"BR-116/SC";"Sul";"Colisão Transversal";0;0;2;0;0;0;0;0;0;0;2;0;0;0;0
"06/08/2012";"06:20:00";"625";"sem vítima";"74";"BR-116/SC";"Sul";"Colisão Traseira";1;0;1;0;0;0;0;0;0;0;2;0;0;0;0
"06/08/2012";"06:52:00";"628";"sem vítima";"194.4";"BR-116/SC";"Sul";"Colisão Traseira";1;0;1;0;0;0;0;0;0;0;5;0;0;0;0
"06/08/2012";"07:06:00";"631";"sem vítima";"126.2";"BR-116/PR";"Sul";"Choque - Veiculo parado na pista";3;0;0;0;0;0;0;0;0;0;4;0;0;0;0
"06/08/2012";"11:09:00";"644";"sem vítima";"149.6";"BR-116/SC";"Sul";"Colisão Lateral";0;0;2;0;0;0;0;0;0;0;2;0;0;0;0
"07/08/2012";"07:31:00";"668";"sem vítima";"245.4";"BR-116/SC";"Norte";"Colisão Transversal";1;0;0;0;0;0;0;0;0;1;2;0;0;0;0
"07/08/2012";"10:58:00";"687";"com vítima";"193";"BR-116/PR";"Norte";"Colisão Frontal";1;0;1;0;0;0;0;0;0;0;1;0;1;0;0
"07/08/2012";"01:44:00";"699";"sem vítima";"127.5";"BR-116/PR";"Sul";"Colisão Transversal";2;0;0;0;0;0;0;0;0;0;2;0;0;0;0
"07/08/2012";"07:49:00";"739";"sem vítima";"19";"BR-116/SC";"Sul";"Choque - Objeto sobre a pista";0;0;2;0;0;0;0;0;0;0;2;0;0;0;0
"07/08/2012";"11:07:00";"751";"sem vítima";"284.5";"BR-116/SC";"Sul";"Atropelamento de Animal";1;0;0;0;0;0;0;0;0;0;3;0;0;0;0
"08/08/2012";"08:46:00";"782";"sem vítima";"209";"BR-116/PR";"Norte";"Colisão Frontal";1;0;1;0;0;0;0;0;0;0;2;0;0;0;0
"08/08/2012";"10:42:00";"794";"sem vítima";"155.4";"BR-116/SC";"Norte";"Saida de Pista";1;0;0;0;0;0;0;0;0;0;1;0;0;0;0
"08/08/2012";"12:33:00";"806";"com vítima";"127";"BR-116/PR";"Sul";"Colisão Lateral";0;0;1;1;0;0;0;0;0;0;1;1;0;0;0
"08/08/2012";"01:15:00";"808";"sem vítima";"121.5";"BR-116/SC";"Norte";"Colisão Traseira";1;0;1;0;0;0;0;0;0;0;2;0;0;0;0
"08/08/2012";"05:28:00";"834";"com vítima";"146.9";"BR-116/PR";"Sul";"Queda de Moto";0;0;0;1;0;0;0;0;0;0;1;0;1;0;0
"08/08/2012";"11:10:00";"855";"com vítima";"127.7";"BR-116/PR";"Sul";"Colisão Transversal";1;0;0;1;0;0;0;0;0;0;1;0;0;1;0
"09/08/2012";"03:31:00";"860";"sem vítima";"151.2";"BR-116/PR";"Norte";"Saida de Pista";1;0;0;0;0;0;0;0;0;0;2;0;0;0;0
"09/08/2012";"06:18:00";"864";"com vítima";"105";"BR-116/SC";"Sul";"Tombamento";0;0;1;0;0;0;0;0;0;0;0;1;0;0;0
"09/08/2012";"07:46:00";"867";"sem vítima";"120.9";"BR-116/PR";"Norte";"Colisão Traseira";1;0;1;0;0;0;0;0;0;0;2;0;0;0;0
"09/08/2012";"08:18:00";"869";"com vítima";"194.5";"BR-116/PR";"Sul";"Saida de Pista";0;0;1;0;0;0;0;0;0;0;0;1;0;0;0
"09/08/2012";"11:18:00";"886";"sem vítima";"172.6";"BR-116/SC";"Sul";"Colisão Traseira";0;0;2;0;0;0;0;0;0;0;3;0;0;0;0
"09/08/2012";"06:06:00";"931";"sem vítima";"155.5";"BR-116/SC";"Norte";"Capotamento";1;0;0;0;0;0;0;0;0;1;3;0;0;0;0
"09/08/2012";"10:05:00";"952";"sem vítima";"109.8";"BR-116/SC";"Norte";"Saida de Pista";1;0;0;0;0;0;0;0;0;0;1;0;0;0;0
"10/08/2012";"02:38:00";"963";"sem vítima";"199.2";"BR-116/SC";"Sul";"Capotamento";1;0;0;0;0;0;0;0;0;0;1;0;0;0;0
"10/08/2012";"08:35:00";"978";"sem vítima";"124.4";"BR-116/PR";"Norte";"Engavetamento";1;0;2;0;0;0;0;0;0;0;3;0;0;0;0
"10/08/2012";"11:56:00";"1007";"sem vítima";"144";"BR-116/PR";"Norte";"Choque - Objeto sobre a pista";1;0;0;0;0;0;0;0;0;0;2;0;0;0;0
"10/08/2012";"01:01:00";"1014";"com vítima";"139.8";"BR-116/SC";"Sul";"Atropelamento - Morador";1;0;0;0;0;0;0;0;0;0;1;1;0;0;0
"10/08/2012";"02:16:00";"1024";"sem vítima";"81.6";"BR-116/SC";"Norte";"Choque - Objeto sobre a pista";0;0;0;0;0;0;0;0;0;1;1;0;0;0;0
"10/08/2012";"02:57:00";"1029";"sem vítima";"9.7";"BR-116/SC";"Norte";"Colisão Traseira";3;0;0;0;0;0;0;0;0;0;8;0;0;0;0
"10/08/2012";"03:21:00";"1033";"com vítima";"121.4";"BR-116/PR";"Norte";"Queda de Moto";0;0;0;1;0;0;0;0;0;0;0;0;1;0;0
"10/08/2012";"04:07:00";"1040";"sem vítima";"23.5";"BR-116/SC";"Norte";"Tombamento";0;0;1;0;0;0;0;0;0;0;1;0;0;0;0
"10/08/2012";"04:40:00";"1046";"sem vítima";"23";"BR-116/SC";"Sul";"Objeto lançado contra veículo";1;0;0;0;0;0;0;0;0;0;1;0;0;0;0
"10/08/2012";"06:41:00";"1064";"sem vítima";"126.3";"BR-116/PR";"Sul";"Choque - Veiculo parado na pista";1;0;0;0;0;1;0;0;0;0;6;0;0;0;0
"10/08/2012";"09:46:00";"1077";"sem vítima";"195.5";"BR-116/PR";"Sul";"Saida de Pista";0;0;1;0;0;0;0;0;0;0;1;0;0;0;0
"11/08/2012";"12:32:00";"1084";"com vítima";"149.5";"BR-116/PR";"Norte";"Colisão Transversal";2;0;0;0;0;0;0;0;0;0;2;1;1;1;0
"11/08/2012";"02:48:00";"1090";"sem vítima";"207.5";"BR-116/PR";"Norte";"Saida de Pista";1;0;0;0;0;0;0;0;0;0;1;0;0;0;0
"11/08/2012";"06:03:00";"1098";"com vítima";"128";"BR-116/PR";"Sul";"Colisão Transversal";0;0;0;1;0;1;0;0;0;0;1;0;1;0;0
"11/08/2012";"06:43:00";"1103";"sem vítima";"193.9";"BR-116/PR";"Norte";"Saida de Pista";1;0;0;0;0;0;0;0;0;0;1;0;0;0;0
"11/08/2012";"08:57:00";"1115";"sem vítima";"206";"BR-116/PR";"Sul";"Atropelamento de Animal";1;0;0;0;0;0;0;0;0;0;5;0;0;0;0
"11/08/2012";"09:31:00";"1121";"sem vítima";"191.1";"BR-116/SC";"Norte";"Colisão Traseira";2;0;0;0;0;0;0;0;0;0;3;0;0;0;0
"11/08/2012";"12:37:00";"1142";"sem vítima";"121.9";"BR-116/PR";"Sul";"Colisão Traseira";1;0;1;0;0;0;0;0;0;0;2;0;0;0;0
"11/08/2012";"02:23:00";"1152";"sem vítima";"263";"BR-116/SC";"Sul";;0;0;0;1;0;0;0;0;0;0;1;0;0;0;0
"11/08/2012";"02:52:00";"1157";"sem vítima";"133";"BR-116/PR";"Norte";"Objeto lançado contra veículo";1;0;0;0;0;0;0;0;0;0;2;0;0;0;0
"11/08/2012";"03:01:00";"1159";"sem vítima";"81";"BR-116/SC";"Norte";"Colisão Lateral";1;0;1;0;0;0;0;0;0;0;3;0;0;0;0
"11/08/2012";"03:31:00";"1163";"com vítima";"122.52";"BR-116/PR";"Sul";"Colisão Lateral";0;0;1;2;0;0;0;0;0;0;2;0;0;0;1
"11/08/2012";"08:09:00";"1203";"sem vítima";"220.5";"BR-116/SC";"Sul";"Choque - Suporte de Sinalização";1;0;0;1;0;0;0;0;0;0;3;0;0;0;0
"12/08/2012";"01:40:00";"1222";"sem vítima";"2.5";"BR-116/SC";"Sul";"Choque - Defensa, barreira ou "submarino"";1;0;0;0;0;0;0;0;0;0;1;0;0;0;0
"12/08/2012";"04:39:00";"1228";"com vítima";"128.2";"BR-116/PR";"Sul";"Saida de Pista";2;0;0;0;0;0;0;0;0;0;2;1;0;1;0
"12/08/2012";"04:43:00";"1229";"com vítima";"137.2";"BR-116/SC";"Sul";"Colisão Transversal";2;0;0;0;0;0;0;0;0;0;4;0;2;0;0
"12/08/2012";"10:48:00";"1255";"sem vítima";"123.8";"BR-116/PR";"Sul";"Colisão Traseira";2;0;0;0;0;0;0;0;0;0;4;0;0;0;0
"12/08/2012";"11:03:00";"1258";"sem vítima";"120.9";"BR-116/PR";"Sul";"Colisão Traseira";1;0;1;0;0;0;0;0;0;0;2;0;0;0;0
"12/08/2012";"03:35:00";"1285";"sem vítima";"153.2";"BR-116/PR";"Sul";"Colisão Traseira";2;0;0;0;0;0;0;0;0;0;4;0;0;0;0
"12/08/2012";"06:21:00";"1309";"sem vítima";"118.3";"BR-116/PR";"Sul";"Engavetamento";3;0;0;0;0;0;0;0;0;0;3;0;0;0;0
"12/08/2012";"06:26:00";"1310";"sem vítima";"134.5";"BR-116/PR";"Norte";"Colisão Lateral";1;0;1;0;0;0;0;0;0;0;6;0;0;0;0
"12/08/2012";"06:52:00";"1313";"sem vítima";"78";"BR-116/SC";"Sul";"Saida de Pista";1;0;0;0;0;0;0;0;0;0;1;0;0;0;0
"12/08/2012";"07:36:00";"1317";"sem vítima";"134.8";"BR-116/PR";"Norte";"Colisão Lateral";1;0;1;0;0;0;0;0;0;0;2;0;0;0;0
"12/08/2012";"11:03:00";"1330";"sem vítima";"115";"BR-116/PR";"Sul";"Colisão Traseira";2;0;0;0;0;0;0;0;0;0;3;0;0;0;0
"13/08/2012";"12:06:00";"1333";"sem vítima";"127.3";"BR-116/PR";"Sul";"Saida de Pista";1;0;0;0;0;0;0;0;0;0;1;0;0;0;0
"13/08/2012";"08:37:00";"1354";"sem vítima";"191";"BR-116/SC";"Norte";"Colisão Traseira";0;0;2;0;0;0;0;0;0;0;5;0;0;0;0
"13/08/2012";"10:00:00";"1360";"sem vítima";"139";"BR-116/PR";"Sul";"Choque - Objeto sobre a pista";1;0;0;0;0;0;0;0;0;0;1;0;0;0;0
"13/08/2012";"12:18:00";"1374";"sem vítima";"125.8";"BR-116/PR";"Norte";"Colisão Transversal";2;0;0;0;0;0;0;0;0;0;2;0;0;0;0
"13/08/2012";"02:19:00";"1384";"sem vítima";"10";"BR-116/SC";"Norte";"Choque - Objeto sobre a pista";1;0;0;0;0;0;0;0;0;0;3;0;0;0;0
"13/08/2012";"05:00:00";"1410";"sem vítima";"202.2";"BR-116/PR";"Sul";"Colisão Transversal";2;0;0;0;0;0;0;0;0;0;5;0;0;0;0
"13/08/2012";"05:17:00";"1412";"sem vítima";"193.8";"BR-116/PR";"Sul";"Colisão Traseira";1;0;0;0;0;1;0;0;0;1;3;0;0;0;0
"13/08/2012";"05:32:00";"1413";"sem vítima";"13.1";"BR-116/SC";"Norte";"Colisão Traseira";3;0;0;0;0;0;0;0;0;1;4;0;0;0;0
"13/08/2012";"09:25:00";"1427";"sem vítima";"19";"BR-116/SC";"Norte";"Saida de Pista";1;0;0;0;0;0;0;0;0;0;1;0;0;0;0
"14/08/2012";"06:51:00";"1456";"sem vítima";"102.8";"BR-116/SC";"Sul";"Choque - Objeto sobre a pista";1;0;0;0;0;0;0;0;0;0;1;0;0;0;0
"14/08/2012";"07:55:00";"1466";"com vítima";"78";"BR-116/SC";"Norte";"Tombamento";0;0;0;1;0;0;0;0;0;0;0;1;0;0;0
"14/08/2012";"10:11:00";"1488";"sem vítima";"40";"BR-116/SC";"Norte";"Objeto lançado contra veículo";1;0;0;0;0;0;0;0;0;0;1;0;0;0;0
"14/08/2012";"12:35:00";"1510";"sem vítima";"310";"BR-116/SC";"Sul";"Tombamento";0;0;1;0;0;0;0;0;0;0;1;0;0;0;0
"14/08/2012";"03:29:00";"1522";"com vítima";"118.5";"BR-116/PR";"Norte";"Colisão Transversal";0;0;3;0;0;0;0;0;0;0;3;1;0;0;0
"14/08/2012";"05:54:00";"1537";"com vítima";"155.5";"BR-116/PR";"Sul";"Colisão Lateral";1;0;1;0;0;0;0;0;0;0;2;1;0;0;0
"14/08/2012";"08:34:00";"1550";"com vítima";"121.5";"BR-116/PR";"Sul";"Colisão Transversal";0;0;1;1;0;0;0;0;0;0;1;0;1;1;0
"14/08/2012";"09:50:00";"1560";"com vítima";"2.3";"BR-116/SC";"Norte";"Atropelamento de Animal";0;0;0;1;0;0;0;0;0;0;0;0;0;1;0
"15/08/2012";"06:03:00";"1588";"com vítima";"161.45";"BR-116/SC";"Sul";"Saida de Pista";1;0;0;0;0;0;0;0;0;0;0;2;0;0;1
"15/08/2012";"07:44:00";"1667";"sem vítima";"136.5";"BR-116/PR";"Norte";"Colisão Transversal";2;0;0;0;0;0;0;0;0;0;3;0;0;0;0
"15/08/2012";"11:52:00";"1681";"com vítima";"125.8";"BR-116/PR";"Sul";"Choque - Veiculo parado na pista";1;0;1;0;0;0;0;0;0;0;1;0;1;0;0
"16/08/2012";"04:48:00";"1689";"sem vítima";"195.5";"BR-116/PR";"Sul";"Saida de Pista";0;0;1;0;0;0;0;0;0;0;2;0;0;0;0
"16/08/2012";"10:44:00";"1719";"sem vítima";"211";"BR-116/PR";"Sul";"Choque - Objeto sobre a pista";0;0;0;0;0;0;0;0;0;1;1;0;0;0;0
"16/08/2012";"01:50:00";"1737";"sem vítima";"132";"BR-116/PR";"Norte";"Colisão Traseira";2;0;0;0;0;0;0;0;0;0;3;0;0;0;0
"16/08/2012";"02:05:00";"1738";"sem vítima";"131.5";"BR-116/PR";"Norte";"Colisão Traseira";3;0;0;0;0;0;0;0;0;0;3;0;0;0;0
"16/08/2012";"02:11:00";"1740";"sem vítima";"131.5";"BR-116/PR";"Norte";;2;0;0;0;0;0;0;0;0;0;2;0;0;0;0
"16/08/2012";"08:03:00";"1782";"sem vítima";"214";"BR-116/SC";"Sul";"Colisão Lateral";1;0;1;0;0;1;0;0;0;0;4;0;0;0;0
"17/08/2012";"12:33:00";"1797";"com vítima";"119.4";"BR-116/PR";"Norte";"Colisão Transversal";1;0;0;1;0;0;0;0;0;0;3;1;0;0;0
"17/08/2012";"05:02:00";"1808";"sem vítima";"154.5";"BR-116/PR";"Sul";"Atropelamento de Animal";0;0;1;0;0;0;0;0;0;0;1;0;0;0;0
"17/08/2012";"01:33:00";"1853";"sem vítima";"138";"BR-116/PR";"Sul";"Objeto lançado contra veículo";1;0;0;0;0;0;0;0;0;0;1;0;0;0;0
"17/08/2012";"06:45:00";"1877";"com vítima";"283.3";"BR-116/SC";"Norte";"Colisão Transversal";0;0;0;1;0;0;0;0;0;1;2;1;0;0;0
"17/08/2012";"07:45:00";"1889";"com vítima";"36";"BR-116/SC";"Norte";"Colisão Lateral";0;0;1;1;0;0;0;0;0;0;1;0;0;1;0
"17/08/2012";"09:22:00";"1906";"sem vítima";"15";"BR-116/SC";"Sul";"Choque - Objeto sobre a pista";1;0;0;0;0;0;0;0;0;0;1;0;0;0;0
"18/08/2012";"07:01:00";"1934";"sem vítima";"30.9";"BR-116/SC";"Sul";"Atropelamento de Animal";1;0;0;0;0;0;0;0;0;0;1;0;0;0;0
"18/08/2012";"08:30:00";"1943";"com vítima";"159";"BR-116/SC";"Sul";"Saida de Pista";0;0;1;0;0;0;0;0;0;0;1;0;1;0;0
"18/08/2012";"11:11:00";"1956";"sem vítima";"158";"BR-116/SC";"Sul";"Saida de Pista";0;0;1;0;0;0;0;0;0;0;1;0;0;0;0
"18/08/2012";"12:43:00";"1963";"sem vítima";"116.3";"BR-116/PR";"Sul";"Colisão Traseira";2;0;0;0;0;0;0;0;0;0;2;0;0;0;0
"18/08/2012";"01:57:00";"1969";"sem vítima";"204.5";"BR-116/SC";"Norte";"Choque - Defensa, barreira ou "submarino"";0;0;1;0;0;0;0;0;0;0;1;0;0;0;0
"18/08/2012";"03:25:00";"1976";"sem vítima";"81.3";"BR-116/SC";"Sul";"Outros";0;0;1;0;0;0;0;0;0;1;12;0;0;0;0
"18/08/2012";"07:11:00";"1999";"sem vítima";"212.8";"BR-116/SC";"Norte";"Saida de Pista";0;0;0;1;0;0;0;0;0;0;1;0;0;0;0
"18/08/2012";"11:16:00";"2018";"com vítima";"2.6";"BR-116/SC";"Sul";"Colisão Frontal";1;0;0;1;0;0;0;0;0;0;0;1;0;2;0
"19/08/2012";"03:32:00";"2024";"sem vítima";"237.9";"BR-116/SC";"Sul";"Atropelamento de Animal";1;0;0;0;0;0;0;0;0;0;1;0;0;0;0
"19/08/2012";"05:56:00";"2031";"sem vítima";"175";"BR-116/PR";"Sul";"Choque - Objeto sobre a pista";1;0;0;0;0;0;0;0;0;0;1;0;0;0;0
"19/08/2012";"06:31:00";"2033";"sem vítima";"2.5";"BR-116/SC";"Sul";"Choque - Defensa, barreira ou "submarino"";1;0;0;0;0;0;0;0;0;0;1;0;0;0;0
"19/08/2012";"11:23:00";"2068";"sem vítima";"125.8";"BR-116/PR";"Norte";"Colisão Traseira";2;0;0;0;0;0;0;0;0;0;6;0;0;0;0
"19/08/2012";"11:48:00";"2071";"com vítima";"167.5";"BR-116/SC";"Sul";"Colisão Frontal";1;0;0;0;0;0;0;0;0;1;0;0;1;0;1
"19/08/2012";"06:41:00";"2104";"sem vítima";"131";"BR-116/PR";"Norte";"Colisão Transversal";2;0;0;0;0;0;0;0;0;0;7;0;0;0;0
"19/08/2012";"08:06:00";"2120";"sem vítima";"166";"BR-116/SC";"Sul";"Choque - Outros";1;0;0;0;0;0;0;0;0;0;4;0;0;0;0
"19/08/2012";"08:32:00";"2123";"sem vítima";"192.1";"BR-116/SC";"Norte";"Saida de Pista";1;0;0;0;0;0;0;0;0;0;2;0;0;0;0
"19/08/2012";"10:36:00";"2133";"com vítima";"152.3";"BR-116/PR";"Norte";"Queda de Moto";0;0;0;1;0;0;0;0;0;0;0;1;0;0;0
"20/08/2012";"01:44:00";"2140";"sem vítima";"211";"BR-116/PR";"Sul";"Colisão Transversal";1;0;0;0;0;1;0;0;0;0;2;0;0;0;0
"20/08/2012";"07:23:00";"2145";"sem vítima";"82";"BR-116/SC";"Sul";"Choque - Defensa, barreira ou "submarino"";1;0;0;0;0;0;0;0;0;0;2;0;0;0;0
"20/08/2012";"08:10:00";"2149";"sem vítima";"118.2";"BR-116/PR";"Sul";"Colisão Traseira";3;0;0;0;0;0;0;0;0;0;5;0;0;0;0
"20/08/2012";"02:23:00";"2182";"sem vítima";"39";"BR-116/SC";"Norte";"Objeto lançado contra veículo";0;0;1;0;0;0;0;0;0;0;1;0;0;0;0
"20/08/2012";"06:57:00";"2212";"sem vítima";"134.7";"BR-116/PR";"Sul";"Incêndio";1;0;0;0;0;0;0;0;0;0;1;0;0;0;0
"20/08/2012";"10:47:00";"2228";"sem vítima";"277.1";"BR-116/SC";"Norte";"Colisão Traseira";0;0;2;0;0;0;0;0;0;0;3;0;0;0;0
"21/08/2012";"06:35:00";"2238";"sem vítima";"188.4";"BR-116/SC";"Norte";"Atropelamento de Animal";1;0;0;0;0;0;0;0;0;0;1;0;0;0;0
"21/08/2012";"02:13:00";"2276";"sem vítima";"5.5";"BR-116/SC";"Norte";"Choque - Objeto sobre a pista";1;0;0;0;0;0;0;0;0;0;4;0;0;0;0
"21/08/2012";"03:47:00";"2292";"com vítima";"115.9";"BR-116/PR";"Sul";"Colisão Lateral";1;0;0;1;0;0;0;0;0;0;1;1;0;0;0
"21/08/2012";"05:42:00";"2303";"com vítima";"131.85";"BR-116/PR";"Norte";"Colisão Frontal";1;0;1;0;1;0;0;0;0;0;44;0;0;0;1
"21/08/2012";"06:23:00";"2307";"sem vítima";"142.2";"BR-116/PR";"Norte";"Choque - Suporte de Sinalização";1;0;0;0;0;0;0;0;0;0;2;0;0;0;0
"21/08/2012";"07:10:00";"2313";"com vítima";"122.6";"BR-116/PR";"Sul";"Colisão Frontal";1;0;0;1;0;0;0;0;0;0;1;0;1;0;0
"21/08/2012";"08:19:00";"2319";"sem vítima";"120";"BR-116/PR";"Norte";"Colisão Transversal";1;0;0;1;0;0;0;0;0;0;3;0;0;0;0
"21/08/2012";"09:36:00";"2324";"sem vítima";"147";"BR-116/PR";"Norte";"Atropelamento de Animal";1;0;0;0;0;0;0;0;0;0;1;0;0;0;0
"21/08/2012";"10:05:00";"2333";"sem vítima";"147";"BR-116/PR";"Norte";"Atropelamento de Animal";0;0;1;0;0;0;0;0;0;0;1;0;0;0;0