data;horario;n_da_ocorrencia;tipo_de_ocorrencia;km;trecho;sentido;tipo_de_acidente;automovel;bicicleta;caminhao;moto;onibus;outros;tracao_animal;transporte_de_cargas_especiais;trator_maquinas;utilitarios;ilesos;levemente_feridos;moderadamente_feridos;gravemente_feridos;mortos
"21/08/2012";"10:54:00";"2335";"com vítima";"221.8";"BR-116/SC";"Sul";"Atropelamento - Sem Informação";1;0;1;0;0;0;0;0;0;0;3;0;0;0;1
"22/08/2012";"07:27:00";"2349";"sem vítima";"116.2";"BR-116/PR";"Norte";"Colisão Lateral";1;0;1;0;0;0;0;0;0;0;4;0;0;0;0
"22/08/2012";"09:09:00";"2356";"sem vítima";"141";"BR-116/SC";"Norte";"Colisão Transversal";1;0;0;0;0;0;0;0;0;1;3;0;0;0;0
"22/08/2012";"01:06:00";"2375";"sem vítima";"129.8";"BR-116/PR";"Sul";"Colisão Transversal";1;0;1;0;0;0;0;0;0;0;2;0;0;0;0
"22/08/2012";"01:29:00";"2377";"com vítima";"166.1";"BR-116/PR";"Sul";"Colisão Transversal";2;0;0;0;0;0;0;0;0;0;3;1;0;0;0
"22/08/2012";"04:11:00";"2402";"sem vítima";"83.9";"BR-116/SC";"Norte";"Saida de Pista";2;0;0;0;0;0;0;0;0;0;3;0;0;0;0
"23/08/2012";"02:14:00";"2478";"sem vítima";"11.3";"BR-116/SC";"Sul";"Colisão Traseira";1;0;0;0;0;0;0;0;0;1;2;0;0;0;0
"24/08/2012";"01:36:00";"2582";"com vítima";"236.3";"BR-116/SC";"Sul";"Colisão Frontal";2;0;0;0;0;0;0;0;0;0;0;5;1;0;0
"24/08/2012";"02:35:00";"2590";"sem vítima";"134";"BR-116/PR";"Norte";"Choque - Veiculo parado na pista";2;0;0;0;0;0;0;0;0;0;3;0;0;0;0
"24/08/2012";"02:59:00";"2591";"sem vítima";"119";"BR-116/PR";"Sul";"Colisão Transversal";1;0;0;1;0;0;0;0;0;0;2;0;0;0;0
"24/08/2012";"04:13:00";"2596";"sem vítima";"252.2";"BR-116/SC";"Sul";"Choque - Talude";1;0;0;0;0;0;0;0;0;0;1;0;0;0;0
"24/08/2012";"09:56:00";"2620";"sem vítima";"268.4";"BR-116/SC";"Sul";"Saida de Pista";1;0;0;0;0;0;0;0;0;0;3;0;0;0;0
"25/08/2012";"05:34:00";"2635";"com vítima";"242.4";"BR-116/SC";"Norte";"Choque - Defensa, barreira ou "submarino"";1;0;0;0;0;0;0;0;0;0;0;1;1;0;0
"25/08/2012";"08:28:00";"2646";"com vítima";"154.9";"BR-116/SC";"Sul";"Tombamento";0;0;1;0;0;0;0;0;0;0;0;0;0;1;0
"25/08/2012";"12:48:00";"2667";"sem vítima";"119.5";"BR-116/PR";"Sul";"Colisão Transversal";1;0;0;1;0;0;0;0;0;0;2;0;0;0;0
"25/08/2012";"01:54:00";"2668";"com vítima";"119";"BR-116/PR";"Norte";"Colisão Transversal";2;0;1;0;0;0;0;0;0;0;2;2;2;0;0
"25/08/2012";"04:30:00";"2683";"sem vítima";"220";"BR-116/SC";"Norte";"Tombamento";0;0;1;0;0;1;0;0;0;0;2;0;0;0;0
"25/08/2012";"08:37:00";"2707";"sem vítima";"199";"BR-116/PR";"Norte";"Choque - Objeto sobre a pista";1;0;1;0;0;0;0;0;0;0;6;0;0;0;0
"25/08/2012";"08:45:00";"2710";"sem vítima";"199";"BR-116/PR";"Norte";"Choque - Objeto sobre a pista";1;0;0;0;0;0;0;0;0;0;4;0;0;0;0
"25/08/2012";"10:15:00";"2719";"sem vítima";"226.8";"BR-116/SC";"Sul";"Capotamento";1;0;0;0;0;0;0;0;0;0;2;0;0;0;0
"25/08/2012";"10:55:00";"2722";"sem vítima";"119.4";"BR-116/PR";"Sul";"Colisão Traseira";3;0;0;0;0;0;0;0;0;0;3;0;0;0;0
"26/08/2012";"03:11:00";"2771";"sem vítima";"123.6";"BR-116/PR";"Norte";"Colisão Traseira";2;0;0;0;0;0;0;0;0;0;11;0;0;0;0
"26/08/2012";"03:31:00";"2772";"sem vítima";"209.3";"BR-116/PR";"Sul";"Colisão Transversal";0;0;1;0;0;0;0;0;0;1;2;0;0;0;0
"26/08/2012";"05:36:00";"2783";"com vítima";"193.2";"BR-116/SC";"Norte";"Colisão Frontal";2;0;1;0;0;0;0;0;0;0;2;2;1;1;0
"26/08/2012";"11:20:00";"2807";"sem vítima";"142";"BR-116/PR";"Norte";"Atropelamento de Animal";1;0;0;0;0;0;0;0;0;0;4;0;0;0;0
"27/08/2012";"08:16:00";"2834";"sem vítima";"119.9";"BR-116/PR";"Sul";"Colisão Transversal";1;0;0;0;0;1;0;0;0;0;2;0;0;0;0
"27/08/2012";"12:28:00";"2856";"sem vítima";"120";"BR-116/PR";"Norte";"Colisão Transversal";1;0;1;0;0;0;0;0;0;0;2;0;0;0;0
"28/08/2012";"08:47:00";"2937";"com vítima";"263";"BR-116/SC";"Norte";"Colisão Frontal";1;0;1;0;0;0;0;0;0;0;1;0;0;1;0
"28/08/2012";"10:23:00";"2944";"com vítima";"127";"BR-116/PR";"Sul";"Colisão Traseira";1;0;0;0;0;0;0;0;0;2;2;0;1;0;0
"28/08/2012";"06:31:00";"2976";"sem vítima";"79";"BR-116/SC";"Sul";"Saida de Pista";1;0;0;0;0;0;0;0;0;0;1;0;0;0;0
"28/08/2012";"06:54:00";"2980";"com vítima";"258.9";"BR-116/SC";"Norte";"Colisão Frontal";2;0;0;0;0;0;0;0;0;0;4;1;0;0;0
"28/08/2012";"09:19:00";"2989";"sem vítima";"210.6";"BR-116/SC";"Sul";"Saida de Pista";0;0;1;0;0;0;0;0;0;0;1;0;0;0;0
"29/08/2012";"07:31:00";"3008";"com vítima";"118.2";"BR-116/PR";"Sul";"Colisão Transversal";1;0;0;1;0;0;0;0;0;0;1;1;0;0;0
"29/08/2012";"09:42:00";"3020";"com vítima";"1.2";"BR-116/SC";"Norte";"Colisão Transversal";0;0;1;1;0;0;0;0;0;0;1;1;0;0;0
"29/08/2012";"11:47:00";"3026";"sem vítima";"134.5";"BR-116/PR";"Norte";"Choque - Suporte de Sinalização";0;0;1;0;0;0;0;0;0;0;1;0;0;0;0
"29/08/2012";"12:57:00";"3030";"com vítima";"185.5";"BR-116/PR";"Sul";"Colisão Traseira";0;0;1;1;0;0;0;0;0;0;2;1;0;0;0
"29/08/2012";"02:57:00";"3042";"sem vítima";"38";"BR-116/SC";"Norte";"Choque - Objeto sobre a pista";1;0;0;0;0;0;0;0;0;0;1;0;0;0;0
"29/08/2012";"03:33:00";"3049";"sem vítima";"150";"BR-116/SC";"Norte";"Objeto lançado contra veículo";1;0;0;0;0;0;0;0;0;0;1;0;0;0;0
"29/08/2012";"06:49:00";"3073";"sem vítima";"201";"BR-116/SC";"Norte";"Colisão Lateral";0;0;2;0;0;0;0;0;0;0;3;0;0;0;0
"29/08/2012";"07:48:00";"3082";"sem vítima";"128.4";"BR-116/PR";"Norte";"Colisão Lateral";1;0;1;0;0;0;0;0;0;0;2;0;0;0;0
"30/08/2012";"12:13:00";"3102";"com vítima";"244.9";"BR-116/SC";"Norte";"Atropelamento - Morador";0;0;0;0;0;1;0;0;0;0;1;0;0;0;1
"30/08/2012";"10:02:00";"3132";"com vítima";"143.2";"BR-116/PR";"Sul";"Saida de Pista";1;0;0;0;0;0;0;0;0;0;1;2;0;0;0
"30/08/2012";"01:25:00";"3151";"sem vítima";"123";"BR-116/PR";"Norte";"Engavetamento";3;0;0;0;0;0;0;0;0;0;5;0;0;0;0
"30/08/2012";"08:54:00";"3189";"com vítima";"119.4";"BR-116/PR";"Sul";"Queda de Moto";0;0;0;1;0;0;0;0;0;0;0;2;0;0;0
"31/08/2012";"01:41:00";"3206";"sem vítima";"115.8";"BR-116/PR";"Norte";"Choque - Veiculo parado na pista";1;0;1;0;0;0;0;0;0;0;4;0;0;0;0
"31/08/2012";"09:47:00";"3238";"sem vítima";"233";"BR-116/SC";"Sul";"Choque - Objeto não identificado";1;0;0;0;0;0;0;0;0;0;1;0;0;0;0
"31/08/2012";"01:39:00";"3266";"sem vítima";"134";"BR-116/PR";"Sul";"Choque - Objeto sobre a pista";1;0;0;0;0;0;0;0;0;0;1;0;0;0;0
"31/08/2012";"03:56:00";"3291";"sem vítima";"120.5";"BR-116/PR";"Sul";"Colisão Traseira";0;0;2;0;0;0;0;0;0;0;3;0;0;0;0
"31/08/2012";"04:44:00";"3296";"sem vítima";"132.6";"BR-116/PR";"Sul";"Colisão Transversal";0;0;1;1;0;0;0;0;0;0;2;0;0;0;0
"31/08/2012";"06:17:00";"3305";"sem vítima";"122.4";"BR-116/PR";"Sul";;1;0;0;0;0;0;0;0;0;1;2;0;0;0;0
"31/08/2012";"06:41:00";"3308";"com vítima";"141";"BR-116/SC";"Sul";"Colisão Transversal";1;0;1;0;0;0;0;0;0;0;1;1;0;0;0
"31/08/2012";"06:47:00";"3310";"com vítima";"148.7";"BR-116/PR";"Sul";"Colisão Frontal";2;0;0;0;0;0;0;0;0;0;1;1;0;0;0
"31/08/2012";"09:57:00";"3329";"sem vítima";"210.1";"BR-116/SC";"Sul";"Choque - Talude";1;0;0;0;0;0;0;0;0;0;1;0;0;0;0
"31/08/2012";"10:58:00";"3334";"com vítima";"117.2";"BR-116/PR";"Sul";"Colisão Traseira";2;0;0;0;0;0;0;0;0;0;2;1;0;0;0
"31/08/2012";"11:16:00";"3338";"sem vítima";"128.2";"BR-116/SC";"Sul";"Saida de Pista";1;0;0;0;0;0;0;0;0;0;1;0;0;0;0
"01/09/2012";"12:02:00";"1";"com vítima";"171.5";"BR-116/PR";"Sul";"Colisão Lateral";1;0;1;0;0;0;0;0;0;0;2;0;0;1;0
"01/09/2012";"12:48:00";"3";"com vítima";"39.9";"BR-116/SC";"Norte";"Colisão Frontal";1;0;1;0;0;0;0;0;0;0;1;0;0;2;3
"01/09/2012";"03:14:00";"10";"com vítima";"127.5";"BR-116/PR";"Norte";"Colisão Transversal";0;0;0;1;0;1;0;0;0;0;1;0;0;1;0
"01/09/2012";"07:36:00";"19";"sem vítima";"115.3";"BR-116/PR";"Norte";"Colisão Lateral";1;0;1;0;0;0;0;0;0;0;2;0;0;0;0
"01/09/2012";"04:57:00";"81";"sem vítima";"38.7";"BR-116/SC";"Norte";"Queda de Moto";0;0;0;1;0;0;0;0;0;0;1;0;0;0;0
"01/09/2012";"05:37:00";"83";"sem vítima";"36";"BR-116/SC";"Sul";"Objeto lançado contra veículo";1;0;0;0;0;0;0;0;0;0;3;0;0;0;0
"01/09/2012";"06:27:00";"88";"sem vítima";"172.7";"BR-116/SC";"Sul";"Outros";0;0;1;0;0;0;0;0;0;0;1;0;0;0;0
"01/09/2012";"07:17:00";"98";"sem vítima";"26";"BR-116/SC";"Sul";"Capotamento";1;0;0;0;0;0;0;0;0;0;1;0;0;0;0
"01/09/2012";"07:41:00";"100";"com vítima";"26";"BR-116/SC";"Sul";"Atropelamento - Funcionário";1;0;0;0;0;0;0;0;0;0;0;2;0;0;0
"02/09/2012";"05:34:00";"128";"sem vítima";"125";"BR-116/PR";"Sul";"Choque - Defensa, barreira ou "submarino"";1;0;0;0;0;0;0;0;0;0;2;0;0;0;0
"02/09/2012";"05:38:00";"129";"sem vítima";"23.2";"BR-116/SC";"Norte";"Colisão Lateral";2;0;0;0;0;0;0;0;0;0;4;0;0;0;0
"02/09/2012";"08:20:00";"139";"sem vítima";"230.2";"BR-116/SC";"Sul";"Choque - Veiculo parado no acostamento";1;0;1;0;0;0;0;0;0;0;7;0;0;0;0
"02/09/2012";"09:07:00";"144";"sem vítima";"75";"BR-116/SC";"Norte";"Choque - Objeto sobre a pista";1;0;1;0;0;0;0;0;0;0;2;0;0;0;0
"02/09/2012";"10:30:00";"154";"sem vítima";"134";"BR-116/PR";"Norte";"Colisão Traseira";0;0;2;0;0;0;0;0;0;0;2;0;0;0;0
"02/09/2012";"12:06:00";"161";"com vítima";"166.9";"BR-116/PR";"Sul";"Colisão Frontal";2;0;0;0;0;0;0;0;0;0;3;0;2;1;0
"02/09/2012";"12:27:00";"163";"sem vítima";"88";"BR-116/SC";"Sul";"Choque - Objeto sobre a pista";0;0;0;0;0;1;0;0;0;1;2;0;0;0;0
"02/09/2012";"02:58:00";"176";"sem vítima";"12";"BR-116/SC";"Sul";"Colisão Traseira";2;0;0;0;0;0;0;0;0;0;6;0;0;0;0
"02/09/2012";"05:56:00";"199";"com vítima";"21.6";"BR-116/SC";"Sul";"Colisão Lateral";1;0;2;0;0;0;0;0;0;0;3;0;0;0;1
"02/09/2012";"06:09:00";"201";"sem vítima";"22";"BR-116/SC";"Norte";"Saida de Pista";0;0;0;0;0;0;0;0;0;1;1;0;0;0;0
"02/09/2012";"06:20:00";"202";"sem vítima";"229.006";"BR-116/SC";"Sul";"Colisão Traseira";2;0;0;0;0;0;0;0;0;0;6;0;0;0;0
"02/09/2012";"06:32:00";"205";"sem vítima";"22";"BR-116/SC";"Norte";"Colisão Traseira";1;0;0;0;0;0;0;0;0;1;10;0;0;0;0
"02/09/2012";"06:43:00";"206";"sem vítima";"25.1";"BR-116/SC";"Norte";"Colisão Traseira";2;0;0;0;0;0;0;0;0;0;6;0;0;0;0
"02/09/2012";"06:52:00";"208";"sem vítima";"144.5";"BR-116/PR";"Sul";"Colisão Lateral";2;0;0;0;0;0;0;0;0;0;4;0;0;0;0
"02/09/2012";"08:22:00";"221";"sem vítima";"24.6";"BR-116/SC";"Norte";"Choque - Veiculo parado na pista";3;0;0;0;0;0;0;0;0;0;5;0;0;0;0
"02/09/2012";"08:39:00";"223";"com vítima";"254.5";"BR-116/SC";"Norte";"Colisão Lateral";2;0;0;0;0;0;0;0;0;0;4;1;1;0;0
"03/09/2012";"06:00:00";"251";"com vítima";"141.13";"BR-116/PR";"Norte";"Atropelamento - Morador";2;0;0;0;0;0;0;0;0;0;2;0;0;0;1
"03/09/2012";"06:51:00";"256";"sem vítima";"124";"BR-116/PR";"Norte";"Colisão Lateral";1;0;1;0;0;0;0;0;0;0;2;0;0;0;0
"03/09/2012";"07:41:00";"265";"sem vítima";"126";"BR-116/PR";"Norte";"Colisão Traseira";2;0;0;0;0;0;0;0;0;0;2;0;0;0;0
"03/09/2012";"08:35:00";"270";"sem vítima";"214";"BR-116/SC";"Sul";"Choque - Defensa, barreira ou "submarino"";1;0;0;0;0;0;0;0;0;0;1;0;0;0;0
"03/09/2012";"03:21:00";"323";"sem vítima";"211";"BR-116/PR";"Sul";"Colisão Transversal";2;0;0;0;0;0;0;0;0;0;2;0;0;0;0
"03/09/2012";"04:01:00";"329";"sem vítima";"152.4";"BR-116/PR";"Sul";"Colisão Lateral";1;0;1;0;0;0;0;0;0;0;2;0;0;0;0
"04/09/2012";"08:24:00";"376";"sem vítima";"206";"BR-116/PR";"Norte";"Colisão Lateral";0;0;2;0;0;0;0;0;0;0;2;0;0;0;0
"04/09/2012";"01:16:00";"410";"sem vítima";"126.3";"BR-116/PR";"Sul";"Choque - Veiculo parado na pista";2;0;0;0;0;0;0;0;0;0;2;0;0;0;0
"04/09/2012";"01:56:00";"414";"sem vítima";"182.003";"BR-116/SC";"Sul";"Choque - Objeto sobre a pista";1;0;0;0;0;0;0;0;0;0;1;0;0;0;0
"04/09/2012";"02:34:00";"419";"sem vítima";"78";"BR-116/SC";"Sul";"Colisão Traseira";2;0;0;0;0;0;0;0;0;0;4;0;0;0;0
"04/09/2012";"03:28:00";"423";"com vítima";"115";"BR-116/PR";"Norte";"Colisão Lateral";1;0;1;0;0;0;0;0;0;0;3;1;0;0;0
"04/09/2012";"04:37:00";"431";"sem vítima";"204";"BR-116/PR";"Sul";"Objeto lançado contra veículo";0;0;1;0;0;0;0;0;0;0;1;0;0;0;0
"04/09/2012";"06:26:00";"443";"sem vítima";"120";"BR-116/SC";"Sul";"Objeto lançado contra veículo";1;0;0;0;0;0;0;0;0;0;3;0;0;0;0
"05/09/2012";"12:27:00";"469";"sem vítima";"228.7";"BR-116/SC";"Sul";"Saida de Pista";1;0;0;0;0;0;0;0;0;0;1;0;0;0;0
"05/09/2012";"03:05:00";"474";"sem vítima";"115.5";"BR-116/PR";"Norte";"Colisão Lateral";1;0;0;0;0;0;0;0;0;0;1;0;0;0;0
"05/09/2012";"02:07:00";"522";"com vítima";"172";"BR-116/SC";"Norte";"Colisão Frontal";0;0;4;0;0;0;0;0;0;0;3;0;1;0;0
"05/09/2012";"04:43:00";"552";"sem vítima";"157.5";"BR-116/PR";"Norte";"Colisão Transversal";1;0;1;0;0;0;0;0;0;0;2;0;0;0;0
"05/09/2012";"09:24:00";"578";"sem vítima";"129";"BR-116/PR";"Norte";"Objeto lançado contra veículo";1;0;0;0;0;0;0;0;0;0;1;0;0;0;0
"06/09/2012";"12:00:00";"586";"sem vítima";"188.3";"BR-116/PR";"Sul";"Saida de Pista";1;0;0;0;0;0;0;0;0;0;4;0;0;0;0
"06/09/2012";"12:54:00";"593";"com vítima";"3";"BR-116/SC";"Norte";"Saida de Pista";1;0;0;0;0;0;0;0;0;0;4;1;0;0;0
"06/09/2012";"07:26:00";"607";"sem vítima";"245";"BR-116/SC";"Norte";"Colisão Transversal";2;0;0;0;0;0;0;0;0;0;4;0;0;0;0
"06/09/2012";"11:51:00";"633";"com vítima";"217";"BR-116/SC";"Sul";"Colisão Traseira";1;0;0;1;0;0;0;0;0;0;1;1;0;0;0
"06/09/2012";"01:56:00";"647";"sem vítima";"74.4";"BR-116/SC";"Sul";"Engavetamento";1;0;0;0;0;0;0;0;0;2;7;0;0;0;0
"06/09/2012";"02:18:00";"650";"sem vítima";"125.8";"BR-116/PR";"Norte";"Colisão Traseira";2;0;0;0;0;0;0;0;0;0;2;0;0;0;0
"06/09/2012";"02:37:00";"653";"com vítima";"225";"BR-116/SC";"Sul";"Queda de Moto";0;0;0;1;0;0;0;0;0;0;1;1;0;0;0
"06/09/2012";"03:45:00";"662";"com vítima";"59.9";"BR-116/SC";"Sul";"Colisão Transversal";1;0;1;0;0;0;0;0;0;0;1;0;1;0;0
"06/09/2012";"04:06:00";"666";"sem vítima";"305.2";"BR-116/SC";"Norte";"Colisão Transversal";1;0;0;0;0;1;0;0;0;0;3;0;0;0;0
"06/09/2012";"04:06:00";"665";"sem vítima";"172";"BR-116/PR";"Sul";"Objeto lançado contra veículo";1;0;0;0;0;0;0;0;0;0;2;0;0;0;0
"06/09/2012";"05:25:00";"679";"com vítima";"156.8";"BR-116/PR";"Sul";"Colisão Transversal";1;0;0;1;0;0;0;0;0;0;1;1;0;0;0
"06/09/2012";"06:39:00";"687";"sem vítima";"5.5";"BR-116/SC";"Sul";"Colisão Transversal";2;0;0;0;0;0;0;0;0;0;4;0;0;0;0
"06/09/2012";"07:03:00";"691";"com vítima";"139.3";"BR-116/PR";"Sul";"Colisão Lateral";2;0;1;0;0;0;0;0;0;0;2;1;0;0;0
"06/09/2012";"07:33:00";"697";"com vítima";"139.3";"BR-116/PR";"Sul";"Colisão Traseira";2;0;0;0;0;0;0;0;0;0;2;1;0;0;0
"06/09/2012";"09:26:00";"707";"com vítima";"37.3";"BR-116/SC";"Sul";"Atropelamento - Outros";0;0;1;0;0;0;0;0;0;0;1;0;0;1;0
"07/09/2012";"03:31:00";"733";"sem vítima";"172.6";"BR-116/SC";"Sul";"Choque - Defensa, barreira ou "submarino"";1;0;0;0;0;0;0;0;0;0;1;0;0;0;0
"07/09/2012";"06:53:00";"741";"com vítima";"194.3";"BR-116/PR";"Norte";"Colisão Lateral";2;0;0;0;0;0;0;0;0;0;0;2;1;1;2
"07/09/2012";"08:47:00";"748";"sem vítima";"212.7";"BR-116/SC";"Sul";"Objeto lançado contra veículo";1;0;0;0;0;1;0;0;0;0;2;0;0;0;0
"07/09/2012";"08:56:00";"749";"sem vítima";"277.1";"BR-116/SC";"Norte";"Colisão Traseira";2;0;0;0;0;0;0;0;0;0;8;0;0;0;0
"07/09/2012";"10:17:00";"760";"sem vítima";"277.1";"BR-116/SC";"Sul";"Colisão Traseira";2;0;0;0;0;0;0;0;0;0;2;0;0;0;0
"07/09/2012";"11:21:00";"763";"sem vítima";"157";"BR-116/SC";"Sul";"Queda de Moto";0;0;0;1;0;0;0;0;0;0;1;0;0;0;0
"07/09/2012";"11:43:00";"767";"sem vítima";"273";"BR-116/SC";"Norte";"Objeto lançado contra veículo";1;0;0;0;0;0;0;0;0;0;2;0;0;0;0
"07/09/2012";"01:59:00";"775";"com vítima";"118.5";"BR-116/PR";"Sul";"Colisão Traseira";0;0;0;1;0;0;0;0;0;1;5;1;0;0;0
"07/09/2012";"06:38:00";"803";"com vítima";"129.4";"BR-116/PR";"Sul";"Colisão Transversal";1;0;0;1;0;0;0;0;0;0;1;0;0;2;0
"07/09/2012";"06:50:00";"804";"sem vítima";"130.5";"BR-116/PR";"Norte";"Choque - Veiculo parado na pista";2;0;0;0;0;1;0;0;0;0;5;0;0;0;0
"07/09/2012";"07:57:00";"812";"com vítima";"194.5";"BR-116/PR";"Norte";"Queda de Moto";0;0;0;1;0;0;0;0;0;0;0;0;1;0;0
"07/09/2012";"10:42:00";"822";"com vítima";"10.6";"BR-116/SC";"Sul";"Saida de Pista";1;0;0;0;0;0;0;0;0;0;0;1;0;0;0
"08/09/2012";"08:50:00";"850";"com vítima";"138.4";"BR-116/SC";"Norte";"Colisão Traseira";1;0;0;0;0;0;0;0;0;1;3;2;0;0;0
"08/09/2012";"04:52:00";"887";"sem vítima";"69";"BR-116/SC";"Sul";"Colisão Transversal";2;0;0;0;0;0;0;0;0;0;5;0;0;0;0
"08/09/2012";"06:06:00";"893";"com vítima";"185.55";"BR-116/PR";"Sul";"Colisão Frontal";1;0;0;0;0;0;0;0;0;1;0;1;0;0;1
"08/09/2012";"06:35:00";"898";"sem vítima";"133";"BR-116/PR";"Norte";"Colisão Transversal";2;0;0;0;0;0;0;0;0;0;2;0;0;0;0
"08/09/2012";"11:49:00";"922";"sem vítima";"136";"BR-116/PR";"Norte";"Saida de Pista";0;0;0;1;0;0;0;0;0;0;1;0;0;0;0
"09/09/2012";"06:03:00";"931";"sem vítima";"205";"BR-116/SC";"Sul";"Saida de Pista";0;0;1;0;0;0;0;0;0;0;1;0;0;0;0
"09/09/2012";"11:08:00";"949";"sem vítima";"130";"BR-116/PR";"Sul";"Colisão Traseira";1;0;0;1;0;0;0;0;0;0;2;0;0;0;0
"09/09/2012";"01:03:00";"964";"sem vítima";"245.4";"BR-116/SC";"Sul";"Colisão Transversal";1;0;1;0;0;0;0;0;0;0;2;0;0;0;0
"09/09/2012";"01:55:00";"971";"sem vítima";"203.9";"BR-116/SC";"Norte";"Colisão Traseira";3;0;0;0;0;0;0;0;0;0;11;0;0;0;0
"09/09/2012";"04:04:00";"982";"sem vítima";"145.9";"BR-116/PR";"Sul";"Colisão Transversal";2;0;1;0;0;0;0;0;0;0;5;0;0;0;0
"09/09/2012";"04:22:00";"986";"sem vítima";"140.2";"BR-116/PR";"Norte";"Colisão Lateral";1;0;0;1;0;0;0;0;0;0;6;0;0;0;0
"09/09/2012";"05:16:00";"994";"sem vítima";"67";"BR-116/SC";"Sul";"Objeto lançado contra veículo";1;0;0;0;0;0;0;0;0;0;1;0;0;0;0
"09/09/2012";"05:18:00";"995";"sem vítima";"171.7";"BR-116/SC";"Sul";"Colisão Traseira";1;0;0;0;0;1;0;0;0;0;2;0;0;0;0
"09/09/2012";"05:32:00";"1000";"sem vítima";"234.9";"BR-116/SC";"Sul";"Saida de Pista";1;0;0;0;0;0;0;0;0;0;1;0;0;0;0
"09/09/2012";"05:36:00";"1001";"sem vítima";"134";"BR-116/PR";"Sul";"Colisão Lateral";1;0;1;0;0;0;0;0;0;0;3;0;0;0;0
"09/09/2012";"07:50:00";"1024";"sem vítima";"135";"BR-116/PR";"Norte";"Engavetamento";2;0;0;0;0;0;0;0;0;1;9;0;0;0;0
"09/09/2012";"08:13:00";"1027";"sem vítima";"210";"BR-116/SC";"Sul";"Colisão Frontal";1;0;1;0;0;0;0;0;0;0;2;0;0;0;0
"10/09/2012";"12:42:00";"1043";"com vítima";"179.7";"BR-116/SC";"Norte";"Saida de Pista";1;0;0;0;0;0;0;0;0;0;1;1;0;0;0
"10/09/2012";"03:51:00";"1049";"com vítima";"117";"BR-116/PR";"Sul";"Colisão Lateral";0;0;0;1;0;0;0;0;0;0;0;1;0;0;0
"10/09/2012";"08:25:00";"1065";"sem vítima";"169";"BR-116/PR";"Sul";"Atropelamento de Animal";1;0;0;0;0;0;0;0;0;0;5;0;0;0;0
"10/09/2012";"10:08:00";"1076";"sem vítima";"107.8";"BR-116/SC";"Sul";"Colisão Frontal";1;0;1;0;0;0;0;0;0;0;2;0;0;0;0
"10/09/2012";"10:12:00";"1077";"sem vítima";"70";"BR-116/SC";"Norte";"Saida de Pista";0;0;1;0;0;0;0;0;0;0;1;0;0;0;0
"10/09/2012";"03:53:00";"1116";"sem vítima";"219";"BR-116/SC";"Sul";"Colisão Transversal";2;0;0;0;0;0;0;0;0;0;3;0;0;0;0
"10/09/2012";"04:19:00";"1118";"sem vítima";"113.6";"BR-116/SC";"Norte";"Saida de Pista";1;0;0;0;0;0;0;0;0;0;5;0;0;0;0
"10/09/2012";"08:49:00";"1141";"com vítima";"181.5";"BR-116/PR";"Sul";"Saida de Pista";0;0;1;0;0;0;0;0;0;0;0;0;0;0;1
"10/09/2012";"08:55:00";"1142";"sem vítima";"147.5";"BR-116/PR";"Norte";"Colisão Lateral";0;0;1;0;0;1;0;0;0;0;2;0;0;0;0
"11/09/2012";"06:58:00";"1159";"com vítima";"124.2";"BR-116/PR";"Norte";"Colisão Lateral";1;0;1;1;0;0;0;0;0;0;2;0;0;0;1
"11/09/2012";"07:40:00";"1161";"sem vítima";"121.1";"BR-116/PR";"Sul";"Colisão Transversal";1;0;0;1;0;0;0;0;0;0;3;0;0;0;0
"11/09/2012";"01:40:00";"1205";"sem vítima";"204";"BR-116/PR";"Norte";"Colisão Traseira";1;0;1;0;0;0;0;0;0;0;5;0;0;0;0
"11/09/2012";"07:41:00";"1247";"com vítima";"245";"BR-116/SC";"Norte";"Colisão Transversal";2;0;0;0;0;0;0;0;0;0;3;1;0;0;0
"11/09/2012";"08:01:00";"1250";"sem vítima";"42";"BR-116/SC";"Norte";"Choque - Objeto sobre a pista";1;0;0;0;0;0;0;0;0;0;1;0;0;0;0
"11/09/2012";"08:56:00";"1255";"com vítima";"50.1";"BR-116/SC";"Sul";"Saida de Pista";1;0;0;0;0;0;0;0;0;0;0;0;1;1;0
"11/09/2012";"09:10:00";"1256";"sem vítima";"202";"BR-116/PR";"Sul";"Objeto lançado contra veículo";1;0;0;0;0;0;0;0;0;0;1;0;0;0;0
"12/09/2012";"07:20:00";"1283";"sem vítima";"166";"BR-116/SC";"Norte";"Outros";0;0;1;0;0;0;0;0;0;0;1;0;0;0;0
"12/09/2012";"07:28:00";"1285";"com vítima";"138.2";"BR-116/PR";"Norte";"Colisão Lateral";1;0;0;1;0;0;0;0;0;0;3;1;0;0;0
"12/09/2012";"11:47:00";"1322";"com vítima";"210.6";"BR-116/PR";"Norte";"Colisão Transversal";2;0;0;0;0;0;0;0;0;0;1;1;0;0;0
"12/09/2012";"01:07:00";"1327";"sem vítima";"138";"BR-116/PR";"Norte";"Objeto lançado contra veículo";0;0;0;0;0;0;0;0;0;1;1;0;0;0;0
"12/09/2012";"07:03:00";"1364";"com vítima";"120.8";"BR-116/PR";"Norte";"Queda de Moto";0;0;0;1;0;0;0;0;0;0;0;1;0;0;0