data;horario;n_da_ocorrencia;tipo_de_ocorrencia;km;trecho;sentido;tipo_de_acidente;automovel;bicicleta;caminhao;moto;onibus;outros;tracao_animal;transporte_de_cargas_especiais;trator_maquinas;utilitarios;ilesos;levemente_feridos;moderadamente_feridos;gravemente_feridos;mortos
"13/09/2012";"04:40:00";"1396";"com vítima";"168.2";"BR-116/PR";"Norte";"Tombamento";0;0;1;0;0;0;0;0;0;0;1;1;0;0;0
"13/09/2012";"06:33:00";"1398";"sem vítima";"5";"BR-116/SC";"Sul";"Engavetamento";1;0;3;0;0;0;0;0;0;0;4;0;0;0;0
"13/09/2012";"10:08:00";"1419";"sem vítima";"202.4";"BR-116/PR";"Sul";"Saida de Pista";1;0;0;0;0;0;0;0;0;0;1;0;0;0;0
"13/09/2012";"12:31:00";"1431";"sem vítima";"163";"BR-116/PR";"Sul";"Choque - Objeto sobre a pista";1;0;0;0;0;0;0;0;0;0;1;0;0;0;0
"13/09/2012";"02:59:00";"1454";"sem vítima";"17";"BR-116/SC";"Norte";"Colisão Lateral";1;0;1;0;0;0;0;0;0;0;2;0;0;0;0
"13/09/2012";"05:54:00";"1487";"com vítima";"129";"BR-116/PR";"Sul";"Atropelamento - Usuário";1;0;0;0;0;0;0;0;0;0;1;0;1;0;0
"14/09/2012";"05:58:00";"1522";"sem vítima";"211";"BR-116/PR";"Norte";"Atropelamento de Animal";1;0;0;0;0;0;0;0;0;0;4;0;0;0;0
"14/09/2012";"07:41:00";"1529";"sem vítima";"4.5";"BR-116/SC";"Sul";"Colisão Traseira";1;0;1;0;0;0;0;0;0;0;2;0;0;0;0
"14/09/2012";"10:27:00";"1547";"com vítima";"176";"BR-116/SC";"Norte";"Colisão Frontal";1;0;2;0;0;0;0;0;0;0;1;0;0;2;0
"14/09/2012";"01:15:00";"1565";"sem vítima";"128";"BR-116/PR";"Norte";"Colisão Traseira";1;0;1;0;0;0;0;0;0;0;2;0;0;0;0
"14/09/2012";"02:31:00";"1576";"sem vítima";"211";"BR-116/SC";"Sul";"Colisão Traseira";2;0;0;0;0;0;0;0;0;0;6;0;0;0;0
"14/09/2012";"04:39:00";"1596";"com vítima";"143.4";"BR-116/PR";"Norte";"Colisão Lateral";2;0;1;0;0;0;0;0;0;0;5;1;0;0;0
"14/09/2012";"05:55:00";"1605";"com vítima";"129.3";"BR-116/PR";"Norte";"Colisão Transversal";1;0;1;1;0;0;0;0;0;0;1;1;1;0;0
"14/09/2012";"06:42:00";"1610";"com vítima";"119.4";"BR-116/PR";"Norte";"Colisão Transversal";1;0;0;1;0;0;0;0;0;0;1;0;0;1;0
"15/09/2012";"05:44:00";"1636";"sem vítima";"277.3";"BR-116/SC";"Norte";"Colisão Lateral";1;0;0;0;0;1;0;0;0;0;2;0;0;0;0
"15/09/2012";"11:34:00";"1663";"sem vítima";"124.8";"BR-116/PR";"Norte";"Colisão Transversal";1;0;0;1;0;0;0;0;0;0;2;0;0;0;0
"15/09/2012";"05:18:00";"1697";"sem vítima";"121.9";"BR-116/PR";"Sul";"Colisão Transversal";2;0;0;0;0;0;0;0;0;0;4;0;0;0;0
"15/09/2012";"07:31:00";"1719";"sem vítima";"131.8";"BR-116/PR";"Norte";"Colisão Transversal";1;0;0;0;0;1;0;0;0;0;5;0;0;0;0
"15/09/2012";"09:07:00";"1727";"sem vítima";"173.3";"BR-116/PR";"Norte";"Atropelamento de Animal";1;0;0;0;0;0;0;0;0;0;1;0;0;0;0
"15/09/2012";"10:42:00";"1732";"sem vítima";"140.4";"BR-116/SC";"Sul";"Saida de Pista";1;0;0;0;0;0;0;0;0;0;1;0;0;0;0
"16/09/2012";"06:43:00";"1759";"sem vítima";"202.9";"BR-116/PR";"Sul";"Saida de Pista";1;0;0;0;0;0;0;0;0;0;1;0;0;0;0
"16/09/2012";"10:31:00";"1781";"com vítima";"156";"BR-116/SC";"Sul";"Saida de Pista";1;0;0;0;0;0;0;0;0;0;1;1;0;0;0
"16/09/2012";"11:40:00";"1785";"sem vítima";"119";"BR-116/PR";"Norte";"Colisão Traseira";1;0;1;0;0;0;0;0;0;0;3;0;0;0;0
"16/09/2012";"08:45:00";"1845";"sem vítima";"62";"BR-116/SC";"Sul";"Objeto lançado contra veículo";0;0;0;0;0;0;0;0;0;1;1;0;0;0;0
"17/09/2012";"12:38:00";"1857";"com vítima";"218";"BR-116/SC";"Sul";"Colisão Lateral";1;1;0;0;0;0;0;0;0;0;1;1;0;0;0
"17/09/2012";"05:57:00";"1864";"com vítima";"122";"BR-116/PR";"Norte";"Colisão Traseira";0;0;0;1;0;0;0;0;0;1;3;1;0;0;0
"17/09/2012";"06:21:00";"1866";"sem vítima";"180.7";"BR-116/PR";"Norte";"Saida de Pista";1;0;0;0;0;0;0;0;0;0;1;0;0;0;0
"17/09/2012";"06:50:00";"1867";"sem vítima";"125";"BR-116/PR";"Norte";"Colisão Lateral";0;0;1;0;0;0;0;0;0;1;4;0;0;0;0
"17/09/2012";"07:52:00";"1876";"sem vítima";"146";"BR-116/PR";"Norte";"Choque - Objeto sobre a pista";0;0;1;0;0;0;0;0;0;0;1;0;0;0;0
"17/09/2012";"09:20:00";"1885";"sem vítima";"146";"BR-116/PR";"Sul";"Choque - Objeto sobre a pista";1;0;0;0;0;0;0;0;0;0;1;0;0;0;0
"17/09/2012";"09:52:00";"1888";"sem vítima";"233";"BR-116/SC";"Sul";"Atropelamento de Animal";0;0;0;0;0;0;0;0;0;1;1;0;0;0;0
"17/09/2012";"05:34:00";"1939";"sem vítima";"233";"BR-116/SC";"Norte";"Objeto lançado contra veículo";1;0;0;0;0;0;0;0;0;0;3;0;0;0;0
"17/09/2012";"06:20:00";"1946";"sem vítima";"210.8";"BR-116/PR";"Norte";"Colisão Transversal";2;0;0;0;0;0;0;0;0;0;2;0;0;0;0
"17/09/2012";"07:12:00";"1952";"com vítima";"210.9";"BR-116/PR";"Sul";"Colisão Lateral";1;0;0;1;0;0;0;0;0;0;1;1;1;0;0
"18/09/2012";"07:36:00";"1981";"com vítima";"142";"BR-116/PR";"Norte";"Queda de Moto";0;0;0;1;0;0;0;0;0;0;0;1;0;0;0
"18/09/2012";"10:03:00";"1994";"sem vítima";"175";"BR-116/PR";"Norte";"Choque - Objeto sobre a pista";1;0;0;0;0;0;0;0;0;0;1;0;0;0;0
"18/09/2012";"03:05:00";"2023";"com vítima";"147.95";"BR-116/PR";"Sul";"Queda de Moto";0;0;0;1;0;1;0;0;0;0;2;0;0;0;1
"19/09/2012";"10:03:00";"2105";"sem vítima";"198";"BR-116/SC";"Sul";"Saida de Pista";1;0;0;0;0;0;0;0;0;0;1;0;0;0;0
"19/09/2012";"10:39:00";"2111";"sem vítima";"159.2";"BR-116/PR";"Sul";"Saida de Pista";1;0;0;0;0;0;0;0;0;0;2;0;0;0;0
"19/09/2012";"11:49:00";"2118";"sem vítima";"194";"BR-116/PR";"Norte";"Saida de Pista";0;0;1;0;0;0;0;0;0;0;1;0;0;0;0
"19/09/2012";"12:19:00";"2122";"sem vítima";"120.1";"BR-116/PR";"Sul";"Tombamento";0;0;1;0;0;0;0;0;0;0;1;0;0;0;0
"19/09/2012";"12:37:00";"2125";"sem vítima";"119.9";"BR-116/PR";"Sul";"Colisão Lateral";1;0;1;0;0;0;0;0;0;0;2;0;0;0;0
"19/09/2012";"02:03:00";"2131";"sem vítima";"167";"BR-116/PR";"Sul";"Colisão Lateral";1;0;0;0;0;0;0;0;0;1;2;0;0;0;0
"19/09/2012";"03:25:00";"2142";"sem vítima";"141.5";"BR-116/SC";"Sul";"Colisão Traseira";2;0;0;0;0;0;0;0;0;0;7;0;0;0;0
"19/09/2012";"04:23:00";"2151";"com vítima";"140.8";"BR-116/PR";"Norte";"Colisão Transversal";1;0;0;0;0;0;0;0;0;1;5;1;0;0;0
"20/09/2012";"08:25:00";"2228";"sem vítima";"226.5";"BR-116/SC";"Norte";"Choque - Veiculo parado no acostamento";1;0;0;0;0;0;0;0;0;1;2;0;0;0;0
"20/09/2012";"01:19:00";"2263";"sem vítima";"278.2";"BR-116/SC";"Sul";"Choque - Objeto sobre a pista";1;0;0;0;0;0;0;0;0;0;1;0;0;0;0
"20/09/2012";"02:01:00";"2265";"com vítima";"184.008";"BR-116/SC";"Norte";"Colisão Transversal";0;0;1;1;0;0;0;0;0;0;1;0;1;0;0
"20/09/2012";"09:11:00";"2305";"sem vítima";"224.6";"BR-116/SC";"Norte";"Saida de Pista";0;0;1;0;0;0;0;0;0;0;1;0;0;0;0
"20/09/2012";"09:50:00";"2306";"sem vítima";"14.3";"BR-116/SC";"Norte";"Objeto lançado contra veículo";0;0;2;0;0;0;0;0;0;0;2;0;0;0;0
"21/09/2012";"01:33:00";"2315";"sem vítima";"211";"BR-116/PR";"Norte";"Colisão Traseira";1;0;1;0;0;0;0;0;0;0;2;0;0;0;0
"21/09/2012";"08:34:00";"2341";"sem vítima";"74";"BR-116/SC";"Sul";"Capotamento";0;0;1;0;0;0;0;0;0;0;1;0;0;0;0
"21/09/2012";"12:42:00";"2370";"com vítima";"150.1";"BR-116/PR";"Sul";"Colisão Lateral";1;0;0;1;0;0;0;0;0;0;1;0;0;1;0
"21/09/2012";"01:49:00";"2373";"sem vítima";"187";"BR-116/SC";"Norte";"Saida de Pista";1;0;0;0;0;0;0;0;0;0;1;0;0;0;0
"21/09/2012";"03:12:00";"2382";"sem vítima";"187";"BR-116/SC";"Norte";"Objeto lançado contra veículo";0;0;1;0;0;0;0;0;0;0;2;0;0;0;0
"21/09/2012";"04:43:00";"2394";"com vítima";"122";"BR-116/PR";"Sul";"Colisão Transversal";0;0;1;1;0;0;0;0;0;0;1;0;0;1;0
"21/09/2012";"05:13:00";"2399";"com vítima";"130.95";"BR-116/SC";"Norte";"Colisão Transversal";0;0;2;0;0;0;0;0;0;0;1;0;1;0;0
"21/09/2012";"06:24:00";"2408";"sem vítima";"122";"BR-116/PR";"Sul";"Colisão Lateral";0;0;1;0;1;0;0;0;0;0;18;0;0;0;0
"21/09/2012";"07:30:00";"2412";"sem vítima";"121";"BR-116/PR";"Norte";"Colisão Transversal";1;0;0;1;0;0;0;0;0;0;2;0;0;0;0
"22/09/2012";"12:12:00";"2441";"sem vítima";"220.6";"BR-116/SC";"Norte";"Choque - Defensa, barreira ou "submarino"";1;0;0;0;0;0;0;0;0;0;1;0;0;0;0
"22/09/2012";"04:14:00";"2453";"sem vítima";"117.3";"BR-116/PR";"Sul";"Colisão Traseira";1;0;0;0;0;1;0;0;0;0;3;0;0;0;0
"22/09/2012";"07:39:00";"2459";"com vítima";"234.8";"BR-116/SC";"Norte";"Saida de Pista";1;0;0;0;0;0;0;0;0;0;4;1;0;0;0
"22/09/2012";"07:47:00";"2460";"sem vítima";"102.3";"BR-116/SC";"Sul";"Colisão Lateral";1;0;1;0;0;0;0;0;0;0;5;0;0;0;0
"22/09/2012";"08:48:00";"2468";"sem vítima";"120";"BR-116/PR";"Sul";"Colisão Traseira";0;0;2;0;0;0;0;0;0;0;2;0;0;0;0
"22/09/2012";"07:45:00";"2519";"com vítima";"152.4";"BR-116/PR";"Sul";"Colisão Transversal";1;0;0;1;0;0;0;0;0;0;1;0;0;2;0
"23/09/2012";"06:33:00";"2546";"sem vítima";"1";"BR-116/SC";"Norte";"Saida de Pista";1;0;0;0;0;0;0;0;0;0;1;0;0;0;0
"23/09/2012";"07:32:00";"2552";"sem vítima";"133";"BR-116/SC";"Sul";"Saida de Pista";1;0;0;0;0;0;0;0;0;0;1;0;0;0;0
"23/09/2012";"03:22:00";"2576";"sem vítima";"145.9";"BR-116/PR";"Norte";"Saida de Pista";1;0;0;0;0;0;0;0;0;0;1;0;0;0;0
"23/09/2012";"05:46:00";"2591";"com vítima";"197.005";"BR-116/SC";"Norte";"Queda de Moto";0;0;0;1;0;0;0;0;0;0;1;0;1;0;0
"23/09/2012";"06:16:00";"2597";"sem vítima";"197.008";"BR-116/SC";"Norte";"Colisão Traseira";0;0;0;0;2;0;0;0;0;0;38;0;0;0;0
"23/09/2012";"07:44:00";"2610";"sem vítima";"218.005";"BR-116/SC";"Sul";"Atropelamento de Animal";0;0;1;0;0;0;0;0;0;0;3;0;0;0;0
"23/09/2012";"09:30:00";"2620";"com vítima";"131.1";"BR-116/PR";"Sul";"Colisão Transversal";1;0;0;0;0;0;0;0;0;1;3;1;0;0;0
"24/09/2012";"01:57:00";"2632";"sem vítima";"259.3";"BR-116/SC";"Sul";"Saida de Pista";1;0;0;0;0;0;0;0;0;0;1;0;0;0;0
"24/09/2012";"06:55:00";"2649";"sem vítima";"125.5";"BR-116/PR";"Norte";"Colisão Lateral";0;0;1;0;0;0;0;0;0;1;4;0;0;0;0
"24/09/2012";"07:00:00";"2638";"sem vítima";"122";"BR-116/PR";"Sul";"Colisão Traseira";1;0;1;0;0;0;0;0;0;0;2;0;0;0;0
"24/09/2012";"07:22:00";"2640";"sem vítima";"116";"BR-116/PR";"Norte";"Colisão Traseira";0;0;0;1;0;1;0;0;0;0;3;0;0;0;0
"24/09/2012";"03:43:00";"2684";"sem vítima";"84";"BR-116/SC";"Norte";"Choque - Objeto sobre a pista";1;0;0;0;0;0;0;0;0;0;3;0;0;0;0
"24/09/2012";"05:20:00";"2697";"com vítima";"115.5";"BR-116/PR";"Sul";"Atropelamento - Outros";0;0;0;0;0;1;0;0;0;0;1;0;1;0;0
"24/09/2012";"05:25:00";"2698";"sem vítima";"204";"BR-116/PR";"Norte";"Objeto lançado contra veículo";0;0;1;0;0;0;0;0;0;0;2;0;0;0;0
"24/09/2012";"06:38:00";"2708";"sem vítima";"5.5";"BR-116/SC";"Sul";"Objeto lançado contra veículo";1;0;0;0;0;1;0;0;0;0;5;0;0;0;0
"25/09/2012";"12:11:00";"2739";"sem vítima";"152";"BR-116/SC";"Norte";"Colisão Lateral";0;0;2;0;0;0;0;0;0;0;4;0;0;0;0
"25/09/2012";"02:06:00";"2743";"sem vítima";"168.3";"BR-116/SC";"Sul";"Saida de Pista";1;0;0;0;0;0;0;0;0;0;1;0;0;0;0
"25/09/2012";"05:35:00";"2747";"sem vítima";"42";"BR-116/SC";"Sul";"Saida de Pista";0;0;1;0;0;1;0;0;0;0;4;0;0;0;0
"25/09/2012";"07:14:00";"2754";"com vítima";"120.3";"BR-116/PR";"Norte";"Colisão Frontal";2;0;0;0;0;0;0;0;0;0;3;1;0;0;0
"25/09/2012";"08:26:00";"2760";"sem vítima";"134.1";"BR-116/PR";"Norte";"Queda de Moto";0;0;0;1;0;1;0;0;0;0;2;0;0;0;0
"25/09/2012";"08:25:00";"2826";"sem vítima";"204";"BR-116/PR";"Norte";"Objeto lançado contra veículo";1;0;0;0;0;0;0;0;0;0;1;0;0;0;0
"26/09/2012";"08:37:00";"2859";"sem vítima";"23.4";"BR-116/SC";"Sul";"Colisão Transversal";1;0;1;0;0;0;0;0;0;0;2;0;0;0;0
"26/09/2012";"11:32:00";"2870";"com vítima";"114";"BR-116/SC";"Sul";"Colisão Traseira";1;0;1;0;0;0;0;0;0;0;4;1;0;0;0
"26/09/2012";"05:35:00";"2901";"sem vítima";"105";"BR-116/SC";"Sul";"Objeto lançado contra veículo";0;0;1;0;0;0;0;0;0;0;1;0;0;0;0
"26/09/2012";"07:12:00";"2908";"sem vítima";"226.4";"BR-116/SC";"Sul";"Colisão Lateral";2;0;0;0;0;0;0;0;0;0;4;0;0;0;0
"26/09/2012";"07:14:00";"2909";"sem vítima";"210";"BR-116/PR";"Norte";"Objeto lançado contra veículo";0;0;1;0;0;0;0;0;0;0;1;0;0;0;0
"26/09/2012";"07:15:00";"2910";"sem vítima";"210";"BR-116/PR";"Sul";"Objeto lançado contra veículo";1;0;0;0;0;0;0;0;0;0;1;0;0;0;0
"27/09/2012";"01:50:00";"2928";"sem vítima";"162";"BR-116/PR";"Norte";"Saida de Pista";1;0;0;0;0;0;0;0;0;0;1;0;0;0;0
"27/09/2012";"04:32:00";"2935";"sem vítima";"113";"BR-116/SC";"Norte";"Atropelamento de Animal";1;0;0;0;0;0;0;0;0;0;2;0;0;0;0
"27/09/2012";"07:07:00";"2944";"com vítima";"128.1";"BR-116/PR";"Norte";"Colisão Transversal";1;0;0;1;0;0;0;0;0;0;1;0;1;1;0
"27/09/2012";"09:50:00";"2967";"sem vítima";"165";"BR-116/PR";"Sul";"Colisão Traseira";1;0;1;0;0;0;0;0;0;0;2;0;0;0;0
"27/09/2012";"12:06:00";"2977";"com vítima";"152.4";"BR-116/PR";"Norte";"Colisão Transversal";1;0;1;0;0;0;0;0;0;0;3;1;0;0;0
"27/09/2012";"01:41:00";"2983";"sem vítima";"220.7";"BR-116/SC";"Sul";"Objeto lançado contra veículo";0;0;1;0;0;0;0;0;0;0;4;0;0;0;0
"27/09/2012";"03:43:00";"2996";"sem vítima";"145";"BR-116/SC";"Sul";"Tombamento";0;0;1;0;0;0;0;0;0;0;1;0;0;0;0
"27/09/2012";"03:52:00";"2997";"sem vítima";"189";"BR-116/SC";"Norte";"Colisão Traseira";2;0;0;0;0;0;0;0;0;0;3;0;0;0;0
"27/09/2012";"04:22:00";"2999";"sem vítima";"93.6";"BR-116/SC";"Norte";"Tombamento";1;0;0;0;0;0;0;0;0;0;1;0;0;0;0
"27/09/2012";"10:23:00";"3039";"com vítima";"129.3";"BR-116/PR";"Norte";"Colisão Transversal";1;0;1;0;0;0;0;0;0;0;1;0;1;0;0
"28/09/2012";"09:08:00";"3082";"sem vítima";"247.8";"BR-116/SC";"Sul";"Colisão Transversal";1;0;1;0;0;0;0;0;0;0;3;0;0;0;0
"28/09/2012";"09:11:00";"3083";"sem vítima";"163";"BR-116/SC";"Norte";"Objeto lançado contra veículo";0;0;1;0;0;0;0;0;0;0;1;0;0;0;0
"28/09/2012";"11:41:00";"3101";"sem vítima";"126.6";"BR-116/PR";"Sul";"Colisão Traseira";3;0;0;0;0;0;0;0;0;0;9;0;0;0;0
"28/09/2012";"01:50:00";"3111";"sem vítima";"217.5";"BR-116/SC";"Sul";"Colisão Transversal";1;0;0;0;0;0;0;0;0;1;4;0;0;0;0
"28/09/2012";"05:32:00";"3139";"sem vítima";"122.5";"BR-116/PR";"Sul";"Colisão Lateral";1;0;1;0;0;0;0;0;0;0;2;0;0;0;0
"28/09/2012";"06:56:00";"3150";"com vítima";"139.5";"BR-116/SC";"Norte";"Colisão Transversal";1;0;0;1;0;0;0;0;0;0;1;1;0;0;0
"28/09/2012";"10:24:00";"3165";"sem vítima";"243.8";"BR-116/SC";"Norte";"Saida de Pista";0;0;1;0;0;0;0;0;0;0;1;0;0;0;0
"28/09/2012";"11:57:00";"3169";"sem vítima";"126.2";"BR-116/PR";"Norte";"Colisão Transversal";0;0;2;0;0;0;0;0;0;0;2;0;0;0;0
"29/09/2012";"12:55:00";"3172";"sem vítima";"117.7";"BR-116/PR";"Sul";"Saida de Pista";1;0;0;0;0;0;0;0;0;0;3;0;0;0;0
"29/09/2012";"03:50:00";"3176";"sem vítima";"144";"BR-116/SC";"Sul";"Saida de Pista";1;0;0;0;0;0;0;0;0;0;1;0;0;0;0
"29/09/2012";"05:43:00";"3180";"sem vítima";"126";"BR-116/PR";"Norte";"Colisão Transversal";1;0;0;0;0;1;0;0;0;0;3;0;0;0;0
"29/09/2012";"08:54:00";"3195";"sem vítima";"127";"BR-116/PR";"Norte";"Choque - Veiculo parado no acostamento";0;1;0;0;0;1;0;0;0;0;2;0;0;0;0
"29/09/2012";"01:35:00";"3216";"sem vítima";"35";"BR-116/SC";"Sul";"Queda de Moto";0;0;0;1;0;0;0;0;0;0;1;0;0;0;0
"29/09/2012";"02:46:00";"3222";"sem vítima";"146.5";"BR-116/PR";"Norte";"Colisão Traseira";1;0;1;0;0;0;0;0;0;0;7;0;0;0;0
"29/09/2012";"09:09:00";"3260";"sem vítima";"245.6";"BR-116/SC";"Norte";"Colisão Frontal";2;0;0;0;0;0;0;0;0;0;8;0;0;0;0
"30/09/2012";"04:02:00";"3287";"sem vítima";"207.1";"BR-116/SC";"Norte";"Saida de Pista";0;0;0;0;0;0;0;0;0;1;1;0;0;0;0
"30/09/2012";"08:38:00";"3294";"sem vítima";"247";"BR-116/SC";"Norte";"Colisão Frontal";1;0;1;0;0;0;0;0;0;0;2;0;0;0;0
"30/09/2012";"03:24:00";"3329";"sem vítima";"133.35";"BR-116/PR";"Norte";"Saida de Pista";1;0;0;0;0;0;0;0;0;0;1;0;0;0;0
"30/09/2012";"05:09:00";"3338";"sem vítima";"128.5";"BR-116/PR";"Norte";"Choque - Defensa, barreira ou "submarino"";1;0;0;0;0;0;0;0;0;0;1;0;0;0;0
"30/09/2012";"05:36:00";"3341";"sem vítima";"302.2";"BR-116/SC";"Norte";"Colisão Lateral";2;0;1;0;0;0;0;0;0;0;4;0;0;0;0
"30/09/2012";"10:09:00";"3365";"sem vítima";"30.2";"BR-116/SC";"Norte";"Colisão Traseira";2;0;0;0;0;0;0;0;0;0;8;0;0;0;0
"01/10/2012";"11:37:00";"41";"sem vítima";"279";"BR-116/SC";"Sul";"Colisão Lateral";1;0;1;0;0;0;0;0;0;0;3;0;0;0;0
"01/10/2012";"03:19:00";"58";"sem vítima";"140.5";"BR-116/PR";"Sul";"Colisão Transversal";2;0;1;0;0;0;0;0;0;0;4;0;0;0;0
"01/10/2012";"07:15:00";"77";"com vítima";"152.6";"BR-116/PR";"Sul";"Colisão Transversal";1;0;0;1;0;0;0;0;0;0;3;0;1;0;0
"02/10/2012";"01:57:00";"102";"sem vítima";"201";"BR-116/PR";"Norte";"Colisão Lateral";0;0;2;0;0;0;0;0;0;0;2;0;0;0;0
"02/10/2012";"10:30:00";"130";"sem vítima";"115.6";"BR-116/PR";"Sul";"Colisão Traseira";0;0;2;0;0;0;0;0;0;0;3;0;0;0;0
"02/10/2012";"11:14:00";"136";"sem vítima";"180";"BR-116/SC";"Sul";"Não Def";0;0;1;0;0;0;0;0;0;0;1;0;0;0;0
"02/10/2012";"11:15:00";"137";"sem vítima";"184.3";"BR-116/SC";"Norte";"Colisão Traseira";0;0;3;0;0;0;0;0;0;0;3;0;0;0;0
"02/10/2012";"01:27:00";"149";"com vítima";"144.006";"BR-116/SC";"Sul";"Saida de Pista";1;0;0;0;0;0;0;0;0;0;4;1;0;0;0
"02/10/2012";"02:35:00";"153";"sem vítima";"135";"BR-116/PR";"Sul";"Objeto lançado contra veículo";1;0;0;0;0;0;0;0;0;0;5;0;0;0;0
"02/10/2012";"06:34:00";"178";"sem vítima";"126";"BR-116/PR";"Sul";"Colisão Traseira";2;0;0;0;0;0;0;0;0;0;2;0;0;0;0
"02/10/2012";"06:53:00";"180";"sem vítima";"260.5";"BR-116/SC";"Sul";"Saida de Pista";1;0;0;0;0;0;0;0;0;0;1;0;0;0;0
"03/10/2012";"09:27:00";"225";"sem vítima";"276";"BR-116/SC";"Norte";"Atropelamento de Animal";1;0;0;0;0;0;0;0;0;0;2;0;0;0;0
"04/10/2012";"07:35:00";"298";"sem vítima";"124.6";"BR-116/PR";"Norte";"Colisão Lateral";1;0;1;0;0;0;0;0;0;0;2;0;0;0;0
"04/10/2012";"09:30:00";"387";"com vítima";"219.3";"BR-116/SC";"Norte";"Colisão Frontal";1;0;0;1;0;0;0;0;0;0;1;0;2;0;0
"04/10/2012";"10:05:00";"391";"sem vítima";"7";"BR-116/SC";"Sul";"Objeto lançado contra veículo";0;0;1;0;0;0;0;0;0;0;1;0;0;0;0
"04/10/2012";"10:33:00";"394";"com vítima";"217.4";"BR-116/SC";"Norte";"Colisão Lateral";0;1;0;1;0;0;0;0;0;0;1;2;0;0;0
"05/10/2012";"02:40:00";"414";"sem vítima";"23";"BR-116/SC";"Norte";"Saida de Pista";0;0;1;0;0;0;0;0;0;0;1;0;0;0;0
"05/10/2012";"08:45:00";"445";"sem vítima";"144.8";"BR-116/PR";"Norte";"Saida de Pista";1;0;0;0;0;0;0;0;0;0;2;0;0;0;0
"05/10/2012";"02:33:00";"499";"sem vítima";"195.9";"BR-116/PR";"Sul";"Objeto lançado contra veículo";0;0;0;0;0;0;0;0;0;1;1;0;0;0;0
"05/10/2012";"03:48:00";"516";"sem vítima";"132.4";"BR-116/SC";"Sul";"Atropelamento de Animal";1;0;0;0;0;0;0;0;0;0;1;0;0;0;0
"05/10/2012";"07:21:00";"546";"sem vítima";"246.3";"BR-116/SC";"Sul";"Colisão Traseira";2;0;0;0;0;0;0;0;0;0;3;0;0;0;0
"05/10/2012";"07:53:00";"550";"com vítima";"141.3";"BR-116/PR";"Sul";"Atropelamento - Morador";0;0;0;0;0;1;0;0;0;0;1;0;0;0;1
"05/10/2012";"08:31:00";"552";"sem vítima";"144";"BR-116/PR";"Sul";"Saida de Pista";1;0;0;0;0;0;0;0;0;0;1;0;0;0;0
"05/10/2012";"08:39:00";"553";"sem vítima";"198.5";"BR-116/PR";"Sul";"Objeto lançado contra veículo";1;0;0;0;0;0;0;0;0;0;1;0;0;0;0
"06/10/2012";"02:38:00";"572";"com vítima";"124.5";"BR-116/PR";"Sul";"Colisão Transversal";1;0;0;1;0;0;0;0;0;0;2;0;1;0;0
"06/10/2012";"10:00:00";"598";"com vítima";"118.2";"BR-116/PR";"Sul";"Colisão Frontal";1;0;1;0;0;0;0;0;0;0;1;1;0;0;0
"06/10/2012";"03:29:00";"640";"sem vítima";"167";"BR-116/PR";"Norte";"Colisão Transversal";2;0;0;0;0;0;0;0;0;0;8;0;0;0;0
"06/10/2012";"04:04:00";"645";"sem vítima";"65";"BR-116/SC";"Sul";"Choque - Objeto sobre a pista";1;0;0;0;0;0;0;0;0;0;1;0;0;0;0
"06/10/2012";"05:41:00";"652";"com vítima";"229.5";"BR-116/SC";"Sul";"Capotamento";1;0;0;0;0;1;0;0;0;0;1;1;0;0;0
"06/10/2012";"06:37:00";"656";"sem vítima";"118.4";"BR-116/PR";"Sul";"Colisão Transversal";2;0;0;0;0;0;0;0;0;0;5;0;0;0;0
"06/10/2012";"10:21:00";"676";"com vítima";"246.1";"BR-116/SC";"Sul";"Colisão Transversal";1;0;0;1;0;0;0;0;0;0;1;0;2;0;0
"06/10/2012";"10:23:00";"677";"sem vítima";"129.4";"BR-116/PR";"Norte";"Colisão Transversal";2;0;0;0;0;0;0;0;0;0;7;0;0;0;0
"06/10/2012";"11:50:00";"682";"sem vítima";"140.5";"BR-116/PR";"Norte";"Saida de Pista";1;0;0;0;0;0;0;0;0;0;2;0;0;0;0
"07/10/2012";"04:30:00";"690";"sem vítima";"141.7";"BR-116/PR";"Sul";"Saida de Pista";1;0;0;0;0;0;0;0;0;0;1;0;0;0;0
"07/10/2012";"10:22:00";"710";"sem vítima";"180";"BR-116/SC";"Norte";"Colisão Lateral";1;0;1;0;0;0;0;0;0;0;4;0;0;0;0
"07/10/2012";"11:31:00";"718";"sem vítima";"255.2";"BR-116/SC";"Sul";"Colisão Traseira";2;0;0;0;0;0;0;0;0;0;5;0;0;0;0
"07/10/2012";"06:31:00";"755";"com vítima";"182.2";"BR-116/SC";"Norte";"Colisão Transversal";2;0;0;0;0;0;0;0;0;0;1;2;0;0;0
"07/10/2012";"07:32:00";"759";"com vítima";"74.2";"BR-116/SC";"Norte";"Saida de Pista";0;0;1;0;0;0;0;0;0;0;0;0;1;0;0
"07/10/2012";"10:19:00";"772";"com vítima";"74.3";"BR-116/SC";"Sul";"Atropelamento - Usuário";0;0;0;0;0;1;0;0;0;0;1;1;0;0;0
"07/10/2012";"10:50:00";"773";"com vítima";"119.4";"BR-116/PR";"Norte";"Colisão Transversal";3;0;1;0;0;0;0;0;0;0;3;0;1;1;0