data;horario;n_da_ocorrencia;tipo_de_ocorrencia;km;trecho;sentido;tipo_de_acidente;automovel;bicicleta;caminhao;moto;onibus;outros;tracao_animal;transporte_de_cargas_especiais;trator_maquinas;utilitarios;ilesos;levemente_feridos;moderadamente_feridos;gravemente_feridos;mortos
"07/10/2012";"11:31:00";"774";"com vítima";"166.5";"BR-116/PR";"Sul";"Saida de Pista";1;0;0;0;0;0;0;0;0;0;0;0;1;0;0
"08/10/2012";"09:19:00";"799";"com vítima";"211.5";"BR-116/PR";"Norte";"Colisão Transversal";1;0;0;1;0;0;0;0;0;0;1;1;0;0;0
"08/10/2012";"09:31:00";"800";"sem vítima";"225.55";"BR-116/SC";"Norte";"Objeto lançado contra veículo";1;0;0;0;0;0;0;0;0;0;1;0;0;0;0
"08/10/2012";"01:15:00";"815";"com vítima";"123";"BR-116/PR";"Sul";"Colisão Traseira";0;0;1;1;0;0;0;0;0;0;1;1;0;0;0
"08/10/2012";"02:10:00";"820";"sem vítima";"141.6";"BR-116/PR";"Norte";"Saida de Pista";1;0;0;0;0;0;0;0;0;0;1;0;0;0;0
"08/10/2012";"03:17:00";"834";"com vítima";"147.6";"BR-116/PR";"Norte";"Saida de Pista";0;0;0;1;0;0;0;0;0;0;0;1;0;0;0
"09/10/2012";"09:21:00";"904";"sem vítima";"51";"BR-116/SC";"Sul";"Choque - Objeto sobre a pista";0;0;0;0;0;0;0;0;0;1;1;0;0;0;0
"09/10/2012";"01:16:00";"918";"sem vítima";"126";"BR-116/PR";"Sul";"Colisão Traseira";2;0;0;0;0;0;0;0;0;0;2;0;0;0;0
"09/10/2012";"07:40:00";"966";"sem vítima";"195";"BR-116/SC";"Norte";"Choque - Objeto sobre a pista";0;0;0;0;0;0;0;0;0;1;5;0;0;0;0
"09/10/2012";"11:05:00";"985";"sem vítima";"125.8";"BR-116/PR";"Norte";"Colisão Traseira";1;0;0;0;0;1;0;0;0;0;2;0;0;0;0
"10/10/2012";"07:35:00";"1015";"com vítima";"118";"BR-116/PR";"Norte";"Colisão Transversal";1;0;0;1;0;0;0;0;0;0;2;0;1;0;0
"10/10/2012";"07:57:00";"1017";"com vítima";"119.3";"BR-116/PR";"Norte";"Colisão Lateral";0;0;1;1;0;0;0;0;0;0;1;2;0;0;0
"10/10/2012";"04:32:00";"1066";"sem vítima";"121.5";"BR-116/PR";"Sul";"Objeto lançado contra veículo";1;0;0;0;0;0;0;0;0;0;1;0;0;0;0
"10/10/2012";"05:23:00";"1069";"sem vítima";"4.7";"BR-116/SC";"Sul";"Queda de Moto";0;0;0;1;0;0;0;0;0;0;1;0;0;0;0
"10/10/2012";"07:52:00";"1093";"com vítima";"122";"BR-116/PR";"Sul";"Colisão Transversal";1;0;0;1;0;0;0;0;0;0;1;1;0;0;0
"10/10/2012";"08:09:00";"1096";"com vítima";"115.6";"BR-116/PR";"Sul";"Colisão Lateral";1;0;0;1;0;0;0;0;0;0;1;0;1;0;0
"10/10/2012";"11:08:00";"1113";"sem vítima";"39.8";"BR-116/SC";"Norte";"Choque - Objeto sobre a pista";1;0;0;0;0;0;0;0;0;0;1;0;0;0;0
"11/10/2012";"02:40:00";"1123";"com vítima";"109.5";"BR-116/SC";"Sul";"Colisão Traseira";0;0;1;0;0;0;0;0;0;1;1;1;0;0;0
"11/10/2012";"03:28:00";"1126";"sem vítima";"157";"BR-116/PR";"Norte";"Saida de Pista";0;0;1;0;0;0;0;0;0;0;1;0;0;0;0
"11/10/2012";"03:51:00";"1127";"com vítima";"194.8";"BR-116/PR";"Sul";"Saida de Pista";1;0;0;0;0;0;0;0;0;0;0;1;0;0;0
"11/10/2012";"06:37:00";"1134";"sem vítima";"64.3";"BR-116/SC";"Sul";"Colisão Lateral";0;0;0;0;1;1;0;0;0;0;2;0;0;0;0
"11/10/2012";"08:49:00";"1142";"sem vítima";"164";"BR-116/PR";"Norte";"Saida de Pista";1;0;0;0;0;0;0;0;0;0;1;0;0;0;0
"11/10/2012";"09:29:00";"1146";"com vítima";"4.5";"BR-116/SC";"Norte";"Colisão Traseira";1;0;1;0;0;0;0;0;0;0;1;2;0;0;0
"11/10/2012";"09:50:00";"1149";"sem vítima";"40.1";"BR-116/SC";"Sul";"Queda de Moto";0;0;0;1;0;0;0;0;0;0;2;0;0;0;0
"11/10/2012";"11:28:00";"1162";"sem vítima";"106.7";"BR-116/SC";"Norte";"Saida de Pista";1;0;0;0;0;0;0;0;0;0;3;0;0;0;0
"11/10/2012";"11:28:00";"1161";"sem vítima";"202";"BR-116/PR";"Norte";"Choque - Objeto sobre a pista";1;0;0;0;0;0;0;0;0;0;1;0;0;0;0
"11/10/2012";"11:59:00";"1166";"sem vítima";"64";"BR-116/SC";"Norte";"Colisão Traseira";1;0;1;0;1;0;0;0;0;0;14;0;0;0;0
"11/10/2012";"12:07:00";"1168";"com vítima";"156.7";"BR-116/PR";"Sul";"Colisão Transversal";1;0;0;1;0;0;0;0;0;0;1;0;1;0;0
"11/10/2012";"01:58:00";"1172";"com vítima";"117.3";"BR-116/PR";"Sul";"Choque - Veiculo parado na pista";0;0;2;0;0;0;0;0;0;0;2;1;0;0;0
"11/10/2012";"02:42:00";"1178";"sem vítima";"245";"BR-116/SC";"Sul";"Colisão Transversal";2;0;0;0;0;0;0;0;0;0;6;0;0;0;0
"11/10/2012";"03:50:00";"1183";"sem vítima";"178";"BR-116/PR";"Sul";"Choque - Objeto sobre a pista";1;0;0;0;0;0;0;0;0;0;1;0;0;0;0
"11/10/2012";"04:06:00";"1188";"com vítima";"209.8";"BR-116/SC";"Sul";"Colisão Frontal";1;0;0;0;0;0;0;0;0;1;1;1;0;1;0
"11/10/2012";"04:10:00";"1191";"sem vítima";"159.8";"BR-116/SC";"Norte";"Saida de Pista";1;0;0;0;0;0;0;0;0;0;1;0;0;0;0
"11/10/2012";"05:21:00";"1196";"sem vítima";"306.3";"BR-116/SC";"Norte";"Colisão Lateral";3;0;0;0;0;0;0;0;0;0;8;0;0;0;0
"11/10/2012";"08:41:00";"1213";"sem vítima";"254.7";"BR-116/SC";"Sul";"Colisão Traseira";2;0;0;0;0;0;0;0;0;0;3;0;0;0;0
"11/10/2012";"11:06:00";"1222";"sem vítima";"46";"BR-116/SC";"Sul";"Atropelamento de Animal";1;0;0;0;0;0;0;0;0;0;2;0;0;0;0
"11/10/2012";"11:06:00";"1223";"sem vítima";"204.4";"BR-116/PR";"Sul";"Colisão Traseira";2;0;0;0;0;0;0;0;0;0;4;0;0;0;0
"12/10/2012";"08:40:00";"1250";"com vítima";"301.4";"BR-116/SC";"Sul";"Saida de Pista";1;0;0;0;0;0;0;0;0;0;0;3;0;1;0
"12/10/2012";"09:11:00";"1258";"sem vítima";"184.5";"BR-116/SC";"Norte";"Colisão Transversal";1;0;1;0;0;0;0;0;0;0;6;0;0;0;0
"12/10/2012";"03:19:00";"1291";"sem vítima";"12";"BR-116/SC";"Norte";"Colisão Transversal";2;0;0;0;0;0;0;0;0;0;5;0;0;0;0
"12/10/2012";"03:46:00";"1294";"sem vítima";"152";"BR-116/SC";"Norte";"Choque - Suporte de Sinalização";0;0;1;0;0;0;0;0;0;0;1;0;0;0;0
"12/10/2012";"08:29:00";"1317";"sem vítima";"139";"BR-116/SC";"Sul";"Saida de Pista";1;0;0;0;0;0;0;0;0;0;3;0;0;0;0
"12/10/2012";"09:11:00";"1319";"sem vítima";"126.3";"BR-116/PR";"Norte";"Colisão Traseira";2;0;0;0;0;0;0;0;0;0;2;0;0;0;0
"12/10/2012";"11:56:00";"1329";"com vítima";"103.6";"BR-116/SC";"Sul";"Saida de Pista";1;0;0;0;0;0;0;0;0;0;0;3;2;0;0
"13/10/2012";"01:28:00";"1334";"sem vítima";"191.2";"BR-116/PR";"Norte";"Colisão Transversal";1;0;0;0;0;1;0;0;0;0;2;0;0;0;0
"13/10/2012";"07:55:00";"1357";"com vítima";"245.6";"BR-116/SC";"Norte";"Colisão Transversal";2;0;0;0;0;0;0;0;0;0;3;1;0;0;0
"13/10/2012";"05:46:00";"1415";"sem vítima";"165.5";"BR-116/PR";"Norte";"Colisão Transversal";2;0;0;0;0;0;0;0;0;0;3;0;0;0;0
"13/10/2012";"07:10:00";"1422";"sem vítima";"243";"BR-116/SC";"Sul";"Outros";0;0;0;0;0;0;0;0;0;1;1;0;0;0;0
"13/10/2012";"07:55:00";"1425";"sem vítima";"152";"BR-116/SC";"Sul";"Objeto lançado contra veículo";1;0;0;0;0;1;0;0;0;0;2;0;0;0;0
"13/10/2012";"10:24:00";"1433";"sem vítima";"53.6";"BR-116/SC";"Norte";"Colisão Transversal";1;0;0;0;0;1;0;0;0;0;5;0;0;0;0
"13/10/2012";"11:04:00";"1434";"com vítima";"149.9";"BR-116/PR";"Norte";"Choque - Poste";1;0;0;0;0;0;0;0;0;0;0;0;2;0;0
"13/10/2012";"11:10:00";"1435";"sem vítima";"272";"BR-116/SC";"Sul";"Saida de Pista";0;0;1;0;0;0;0;0;0;0;1;0;0;0;0
"14/10/2012";"06:58:00";"1453";"sem vítima";"119.4";"BR-116/PR";"Sul";"Colisão Transversal";2;0;0;0;0;0;0;0;0;0;2;0;0;0;0
"14/10/2012";"07:13:00";"1457";"sem vítima";"87.9";"BR-116/SC";"Sul";"Atropelamento de Animal";1;0;0;0;0;0;0;0;0;0;5;0;0;0;0
"14/10/2012";"05:00:00";"1507";"sem vítima";"171";"BR-116/SC";"Norte";"Atropelamento de Animal";1;0;0;0;0;0;0;0;0;0;4;0;0;0;0
"14/10/2012";"05:08:00";"1508";"sem vítima";"122.5";"BR-116/PR";"Norte";"Choque - Veiculo parado no acostamento";0;0;1;0;1;0;0;0;0;0;16;0;0;0;0
"14/10/2012";"05:15:00";"1512";"sem vítima";"277.2";"BR-116/SC";"Norte";"Colisão Traseira";1;0;0;0;0;0;0;0;0;1;2;0;0;0;0
"14/10/2012";"09:44:00";"1539";"sem vítima";"128";"BR-116/PR";"Norte";"Colisão Traseira";2;0;0;0;0;0;0;0;0;0;2;0;0;0;0
"15/10/2012";"07:25:00";"1564";"sem vítima";"115.6";"BR-116/PR";"Sul";"Colisão Transversal";1;0;0;0;1;0;0;0;0;0;4;0;0;0;0
"15/10/2012";"09:26:00";"1581";"com vítima";"152.37";"BR-116/PR";"Sul";"Colisão Transversal";1;0;1;0;0;0;0;0;0;0;1;0;0;0;2
"15/10/2012";"01:20:00";"1598";"sem vítima";"202";"BR-116/PR";"Norte";"Colisão Lateral";1;0;1;0;0;0;0;0;0;0;4;0;0;0;0
"15/10/2012";"02:14:00";"1603";"sem vítima";"84";"BR-116/SC";"Norte";"Choque - Objeto sobre a pista";1;0;0;0;0;0;0;0;0;0;3;0;0;0;0
"15/10/2012";"07:36:00";"1645";"sem vítima";"288.2";"BR-116/SC";"Norte";"Atropelamento de Animal";0;0;1;0;0;0;0;0;0;0;1;0;0;0;0
"16/10/2012";"06:58:00";"1674";"sem vítima";"126";"BR-116/PR";"Norte";"Colisão Traseira";1;0;1;0;0;0;0;0;0;0;2;0;0;0;0
"16/10/2012";"07:27:00";"1675";"sem vítima";"121";"BR-116/PR";"Norte";"Choque - Veiculo parado na pista";2;0;1;0;0;0;0;0;0;0;3;0;0;0;0
"16/10/2012";"11:55:00";"1786";"sem vítima";"171";"BR-116/PR";"Sul";"Atropelamento de Animal";1;0;0;0;0;0;0;0;0;0;2;0;0;0;0
"17/10/2012";"02:18:00";"1832";"sem vítima";"184.1";"BR-116/SC";"Sul";"Colisão Traseira";2;0;0;0;0;0;0;0;0;0;2;0;0;0;0
"17/10/2012";"03:34:00";"1838";"sem vítima";"126.3";"BR-116/PR";"Norte";"Colisão Traseira";0;0;2;0;0;0;0;0;0;0;2;0;0;0;0
"17/10/2012";"05:30:00";"1852";"sem vítima";"124.6";"BR-116/PR";"Sul";"Colisão Lateral";1;0;1;0;0;0;0;0;0;0;2;0;0;0;0
"18/10/2012";"03:20:00";"1893";"sem vítima";"52.7";"BR-116/SC";"Norte";"Saida de Pista";1;0;0;0;0;0;0;0;0;0;1;0;0;0;0
"18/10/2012";"07:59:00";"1904";"sem vítima";"279.1";"BR-116/SC";"Sul";"Colisão Lateral";1;0;1;0;0;0;0;0;0;0;2;0;0;0;0
"19/10/2012";"12:56:00";"2036";"com vítima";"211.8";"BR-116/SC";"Sul";"Tombamento";0;0;1;0;0;0;0;0;0;0;0;1;0;0;0
"19/10/2012";"06:22:00";"2049";"sem vítima";"233";"BR-116/SC";"Norte";"Choque - Defensa, barreira ou "submarino"";0;0;1;0;0;0;0;0;0;0;1;0;0;0;0
"19/10/2012";"02:22:00";"2089";"sem vítima";"152";"BR-116/SC";"Sul";"Objeto lançado contra veículo";0;0;1;0;0;0;0;0;0;0;1;0;0;0;0
"19/10/2012";"03:56:00";"2104";"sem vítima";"147";"BR-116/PR";"Norte";"Colisão Lateral";0;0;2;0;0;0;0;0;0;0;2;0;0;0;0
"19/10/2012";"07:00:00";"2126";"sem vítima";"220.9";"BR-116/SC";"Norte";"Colisão Traseira";2;0;0;0;0;0;0;0;0;0;2;0;0;0;0
"19/10/2012";"07:26:00";"2130";"com vítima";"12";"BR-116/SC";"Norte";"Colisão Transversal";2;0;0;0;0;0;0;0;0;0;6;1;0;0;0
"20/10/2012";"04:11:00";"2157";"com vítima";"119.4";"BR-116/PR";"Norte";"Colisão Frontal";3;0;0;0;0;0;0;0;0;0;1;1;1;0;0
"20/10/2012";"05:41:00";"2162";"com vítima";"184.2";"BR-116/PR";"Norte";"Saida de Pista";1;0;0;0;0;0;0;0;0;0;0;0;1;0;3
"20/10/2012";"10:52:00";"2193";"com vítima";"150.9";"BR-116/PR";"Sul";"Colisão Traseira";1;0;0;1;0;0;0;0;0;0;1;1;0;0;0
"20/10/2012";"11:34:00";"2197";"com vítima";"132";"BR-116/PR";"Norte";"Não Def";1;0;1;0;0;0;0;0;0;0;2;2;0;0;0
"20/10/2012";"02:15:00";"2205";"sem vítima";"246.9";"BR-116/SC";"Norte";"Colisão Lateral";1;0;0;1;0;0;0;0;0;0;2;0;0;0;0
"20/10/2012";"04:08:00";"2222";"sem vítima";"205";"BR-116/PR";"Norte";"Objeto lançado contra veículo";1;0;0;0;0;0;0;0;0;0;1;0;0;0;0
"20/10/2012";"10:17:00";"2273";"sem vítima";"208";"BR-116/PR";"Sul";"Objeto lançado contra veículo";1;0;0;0;0;0;0;0;0;0;1;0;0;0;0
"20/10/2012";"11:55:00";"2283";"com vítima";"122";"BR-116/PR";"Norte";"Colisão Lateral";2;0;0;0;1;0;0;0;0;0;1;2;0;0;0
"21/10/2012";"03:20:00";"2288";"com vítima";"115.9";"BR-116/PR";"Sul";"Atropelamento - Usuário";1;0;0;0;0;0;0;0;0;0;1;0;0;0;1
"21/10/2012";"01:10:00";"2336";"com vítima";"124.3";"BR-116/PR";"Norte";"Colisão Lateral";1;0;0;1;0;0;0;0;0;0;5;1;0;0;0
"21/10/2012";"03:26:00";"2348";"sem vítima";"134.1";"BR-116/PR";"Norte";"Choque - Suporte de Sinalização";1;0;0;0;0;0;0;0;0;0;2;0;0;0;0
"21/10/2012";"09:28:00";"2382";"com vítima";"121.3";"BR-116/PR";"Norte";"Colisão Transversal";0;1;0;0;0;1;0;0;0;0;1;0;1;0;0
"21/10/2012";"10:34:00";"2387";"sem vítima";"115";"BR-116/PR";"Norte";"Saida de Pista";1;0;0;0;0;0;0;0;0;0;4;0;0;0;0
"21/10/2012";"11:12:00";"2391";"com vítima";"52.98";"BR-116/SC";"Norte";"Atropelamento - Usuário";0;0;1;0;0;0;0;0;0;0;1;0;0;0;1
"22/10/2012";"08:32:00";"2427";"sem vítima";"115.8";"BR-116/PR";"Norte";"Colisão Transversal";1;0;1;0;0;0;0;0;0;0;3;0;0;0;0
"22/10/2012";"09:30:00";"2439";"sem vítima";"120.5";"BR-116/PR";"Norte";"Colisão Lateral";1;0;0;0;0;1;0;0;0;0;2;0;0;0;0
"22/10/2012";"11:34:00";"2462";"com vítima";"300.9";"BR-116/SC";"Sul";"Capotamento";1;0;0;0;0;0;0;0;0;0;0;1;0;0;0
"22/10/2012";"01:13:00";"2471";"sem vítima";"172.7";"BR-116/SC";"Sul";"Saida de Pista";0;0;1;0;0;0;0;0;0;0;1;0;0;0;0
"22/10/2012";"06:46:00";"2515";"sem vítima";"96.9";"BR-116/SC";"Norte";"Saida de Pista";1;0;0;0;0;0;0;0;0;0;1;0;0;0;0
"22/10/2012";"07:04:00";"2517";"com vítima";"256.4";"BR-116/SC";"Norte";"Colisão Frontal";1;0;0;0;0;0;0;0;0;1;0;1;0;0;2
"22/10/2012";"08:33:00";"2524";"sem vítima";"133.5";"BR-116/SC";"Sul";"Choque - Objeto sobre a pista";1;0;0;0;0;0;0;0;0;0;1;0;0;0;0
"22/10/2012";"08:36:00";"2525";"com vítima";"115.3";"BR-116/PR";"Sul";"Colisão Lateral";0;0;0;1;0;1;0;0;0;0;1;1;0;0;0
"22/10/2012";"08:55:00";"2527";"sem vítima";"133.5";"BR-116/SC";"Sul";"Choque - Objeto sobre a pista";0;0;1;0;0;0;0;0;0;0;1;0;0;0;0
"22/10/2012";"09:06:00";"2531";"sem vítima";"199.95";"BR-116/SC";"Sul";"Choque - Poste";0;0;1;0;0;0;0;0;0;0;1;0;0;0;0
"23/10/2012";"05:28:00";"2550";"sem vítima";"121";"BR-116/PR";"Norte";"Colisão Traseira";1;0;1;0;0;0;0;0;0;0;2;0;0;0;0
"23/10/2012";"05:37:00";"2551";"sem vítima";"105.8";"BR-116/SC";"Norte";"Saida de Pista";1;0;1;0;0;0;0;0;0;0;2;0;0;0;0
"23/10/2012";"07:44:00";"2560";"sem vítima";"124";"BR-116/PR";"Norte";"Objeto lançado contra veículo";1;0;0;0;0;0;0;0;0;0;1;0;0;0;0
"23/10/2012";"02:28:00";"2605";"sem vítima";"40.05";"BR-116/SC";"Norte";"Capotamento";0;0;0;0;0;0;0;0;0;1;10;0;0;0;0
"23/10/2012";"06:08:00";"2647";"sem vítima";"217.3";"BR-116/SC";"Sul";"Colisão Transversal";1;0;1;0;0;0;0;0;0;0;3;0;0;0;0
"23/10/2012";"08:53:00";"2663";"sem vítima";"204";"BR-116/PR";"Norte";"Choque - Cancela de Pedagio";0;0;1;0;0;0;0;0;0;0;1;0;0;0;0
"23/10/2012";"11:08:00";"2675";"sem vítima";"55";"BR-116/SC";"Norte";"Atropelamento de Animal";1;0;0;0;0;0;0;0;0;0;2;0;0;0;0
"24/10/2012";"09:32:00";"2700";"sem vítima";"202";"BR-116/PR";"Norte";"Saida de Pista";0;0;1;0;0;0;0;0;0;0;1;0;0;0;0
"24/10/2012";"09:45:00";"2702";"com vítima";"209";"BR-116/PR";"Sul";"Colisão Transversal";1;0;0;1;0;0;0;0;0;0;1;1;0;0;0
"24/10/2012";"02:34:00";"2728";"sem vítima";"33.2";"BR-116/SC";"Sul";"Objeto lançado contra veículo";0;0;1;0;0;0;0;0;0;0;2;0;0;0;0
"24/10/2012";"08:36:00";"2771";"sem vítima";"219.1";"BR-116/SC";"Sul";"Colisão Traseira";1;0;0;0;0;1;0;0;0;0;2;0;0;0;0
"24/10/2012";"09:23:00";"2777";"com vítima";"6.9";"BR-116/SC";"Norte";"Colisão Transversal";1;0;0;1;0;0;0;0;0;0;1;0;1;0;0
"25/10/2012";"01:22:00";"2788";"com vítima";"207";"BR-116/PR";"Sul";"Saida de Pista";1;0;0;0;0;0;0;0;0;0;0;1;0;0;0
"25/10/2012";"02:36:00";"2792";"sem vítima";"131.9";"BR-116/PR";"Sul";"Choque - Objeto sobre a pista";0;0;0;0;1;0;0;0;0;0;1;0;0;0;0
"25/10/2012";"03:19:00";"2795";"sem vítima";"131.2";"BR-116/PR";"Sul";"Colisão Transversal";1;0;1;0;0;0;0;0;0;0;2;0;0;0;0
"25/10/2012";"03:33:00";"2854";"sem vítima";"159.2";"BR-116/PR";"Sul";"Saida de Pista";0;0;0;0;0;0;0;0;0;1;1;0;0;0;0
"25/10/2012";"04:10:00";"2860";"sem vítima";"117.5";"BR-116/PR";"Sul";"Colisão Lateral";1;0;0;1;0;0;0;0;0;0;5;0;0;0;0
"25/10/2012";"04:28:00";"2862";"sem vítima";"229";"BR-116/SC";"Sul";"Colisão Lateral";1;0;1;0;0;0;0;0;0;0;2;0;0;0;0
"25/10/2012";"07:31:00";"2849";"com vítima";"123.8";"BR-116/PR";"Sul";"Colisão Frontal";1;0;1;0;0;0;0;0;0;0;1;0;4;0;0
"26/10/2012";"09:43:00";"2936";"sem vítima";"126";"BR-116/PR";"Norte";"Choque - Veiculo parado na pista";2;0;0;0;0;0;0;0;0;0;3;0;0;0;0
"26/10/2012";"10:01:00";"2940";"sem vítima";"132.8";"BR-116/SC";"Norte";"Colisão Lateral";1;0;1;0;0;0;0;0;0;0;2;0;0;0;0
"26/10/2012";"12:14:00";"2953";"sem vítima";"199.25";"BR-116/PR";"Norte";"Saida de Pista";0;0;0;0;0;0;0;0;0;1;3;0;0;0;0
"26/10/2012";"01:08:00";"2955";"sem vítima";"181";"BR-116/PR";"Sul";"Saida de Pista";1;0;0;0;0;0;0;0;0;0;1;0;0;0;0
"26/10/2012";"06:46:00";"2991";"sem vítima";"46";"BR-116/SC";"Sul";"Colisão Lateral";1;0;1;0;0;0;0;0;0;0;6;0;0;0;0
"26/10/2012";"07:54:00";"3001";"sem vítima";"68";"BR-116/SC";"Sul";"Atropelamento de Animal";1;0;0;0;0;0;0;0;0;0;1;0;0;0;0
"26/10/2012";"08:57:00";"3014";"sem vítima";"115.1";"BR-116/PR";"Norte";"Choque - Veiculo parado na pista";4;0;0;0;0;0;0;0;0;0;7;0;0;0;0
"26/10/2012";"09:51:00";"3017";"com vítima";"122.1";"BR-116/PR";"Sul";"Colisão Transversal";0;0;0;1;0;1;0;0;0;0;1;1;1;0;0
"27/10/2012";"01:24:00";"3029";"sem vítima";"204.1";"BR-116/PR";"Norte";"Choque - Cancela de Pedagio";0;0;1;0;0;0;0;0;0;0;1;0;0;0;0
"27/10/2012";"03:55:00";"3034";"sem vítima";"248.2";"BR-116/SC";"Sul";"Colisão Traseira";0;0;2;0;0;0;0;0;0;0;2;0;0;0;0
"27/10/2012";"05:04:00";"3038";"com vítima";"20.5";"BR-116/SC";"Norte";"Colisão Frontal";1;0;1;0;0;0;0;0;0;0;1;4;1;0;0
"27/10/2012";"11:43:00";"3058";"sem vítima";"126";"BR-116/PR";"Norte";"Colisão Transversal";0;0;0;2;0;0;0;0;0;0;2;0;0;0;0
"27/10/2012";"12:34:00";"3063";"sem vítima";"4.5";"BR-116/SC";"Sul";"Colisão Transversal";1;0;0;0;0;0;0;0;0;1;4;0;0;0;0
"27/10/2012";"01:47:00";"3072";"sem vítima";"199.006";"BR-116/SC";"Norte";"Tombamento";0;0;1;0;0;0;0;0;0;0;1;0;0;0;0
"27/10/2012";"01:54:00";"3073";"sem vítima";"119.5";"BR-116/PR";"Norte";"Colisão Traseira";1;0;1;0;0;0;0;0;0;0;6;0;0;0;0
"27/10/2012";"08:51:00";"3109";"sem vítima";"211";"BR-116/PR";"Sul";"Saida de Pista";1;0;0;0;0;0;0;0;0;0;2;0;0;0;0
"27/10/2012";"11:59:00";"3020";"sem vítima";"204.1";"BR-116/PR";"Sul";"Saida de Pista";1;0;0;0;0;0;0;0;0;0;1;0;0;0;0
"28/10/2012";"12:54:00";"3122";"sem vítima";"8";"BR-116/SC";"Sul";"Choque - Objeto sobre a pista";0;0;1;0;0;0;0;0;0;0;1;0;0;0;0
"28/10/2012";"03:08:00";"3129";"com vítima";"178.1";"BR-116/PR";"Sul";"Colisão Lateral";1;0;1;0;0;0;0;0;0;0;2;0;0;1;0
"28/10/2012";"06:33:00";"3140";"sem vítima";"246";"BR-116/SC";"Norte";"Colisão Traseira";1;0;0;0;0;1;0;0;0;0;3;0;0;0;0
"28/10/2012";"08:53:00";"3145";"com vítima";"126";"BR-116/PR";"Norte";"Colisão Traseira";0;0;0;1;0;1;0;0;0;0;1;1;0;0;0
"28/10/2012";"09:45:00";"3148";"sem vítima";"199.5";"BR-116/PR";"Norte";"Saida de Pista";1;0;0;0;0;0;0;0;0;0;1;0;0;0;0
"28/10/2012";"11:05:00";"3156";"com vítima";"117.4";"BR-116/PR";"Sul";"Colisão Traseira";1;0;2;1;0;0;0;0;0;0;7;1;1;0;0
"28/10/2012";"05:01:00";"3188";"sem vítima";"182.2";"BR-116/SC";"Norte";"Saida de Pista";1;0;0;0;0;0;0;0;0;0;3;0;0;0;0
"28/10/2012";"05:17:00";"3190";"sem vítima";"42";"BR-116/SC";"Norte";"Outros - Sequência";0;0;1;0;0;0;0;0;0;0;1;0;0;0;0
"28/10/2012";"05:36:00";"3194";"sem vítima";"203.9";"BR-116/SC";"Sul";"Saida de Pista";0;0;1;0;0;0;0;0;0;0;1;0;0;0;0
"28/10/2012";"07:00:00";"3203";"com vítima";"122.4";"BR-116/PR";"Sul";"Colisão Transversal";1;0;0;1;0;0;0;0;0;0;4;0;2;0;0
"28/10/2012";"09:16:00";"3216";"sem vítima";"139.6";"BR-116/SC";"Norte";"Colisão Transversal";2;0;0;0;0;0;0;0;0;0;4;0;0;0;0
"28/10/2012";"10:57:00";"3222";"sem vítima";"209.1";"BR-116/PR";"Sul";"Saida de Pista";1;0;0;0;0;0;0;0;0;0;1;0;0;0;0
"29/10/2012";"11:29:00";"3287";"sem vítima";"151";"BR-116/PR";"Sul";"Não Def";0;0;0;0;0;0;0;0;0;0;0;0;0;0;0
"29/10/2012";"11:55:00";"3291";"sem vítima";"164";"BR-116/PR";"Sul";"Não Def";0;0;0;0;0;0;0;0;0;0;0;0;0;0;0
"29/10/2012";"03:02:00";"3313";"sem vítima";"160.9";"BR-116/SC";"Sul";"Saida de Pista";0;0;1;0;0;0;0;0;0;0;1;0;0;0;0
"29/10/2012";"05:12:00";"3329";"sem vítima";"170";"BR-116/PR";"Sul";"Objeto lançado contra veículo";1;0;0;0;0;0;0;0;0;0;1;0;0;0;0
"29/10/2012";"05:48:00";"3331";"com vítima";"12";"BR-116/SC";"Norte";"Colisão Transversal";1;0;0;1;0;0;0;0;0;0;1;0;1;0;0
"29/10/2012";"08:39:00";"3349";"sem vítima";"125";"BR-116/PR";"Norte";"Colisão Lateral";0;0;2;0;0;0;0;0;0;0;2;0;0;0;0
"30/10/2012";"12:15:00";"3363";"com vítima";"194.4";"BR-116/PR";"Sul";"Atropelamento - Ciclista";0;1;0;0;0;1;0;0;0;0;1;0;0;0;1
"30/10/2012";"01:31:00";"3365";"sem vítima";"3.2";"BR-116/SC";"Norte";"Saida de Pista";1;0;0;0;0;0;0;0;0;0;1;0;0;0;0
"30/10/2012";"08:14:00";"3381";"sem vítima";"115.5";"BR-116/PR";"Norte";"Colisão Traseira";2;0;0;0;0;0;0;0;0;0;2;0;0;0;0
"30/10/2012";"09:15:00";"3398";"sem vítima";"115.3";"BR-116/PR";"Norte";"Colisão Traseira";2;0;0;0;0;0;0;0;0;0;2;0;0;0;0
"30/10/2012";"01:09:00";"3423";"sem vítima";"139.2";"BR-116/PR";"Norte";"Objeto lançado contra veículo";1;0;0;0;0;0;0;0;0;0;1;0;0;0;0
"30/10/2012";"04:32:00";"3452";"sem vítima";"130";"BR-116/PR";"Sul";"Objeto lançado contra veículo";1;0;0;0;0;0;0;0;0;0;1;0;0;0;0
"31/10/2012";"12:53:00";"3552";"sem vítima";"191.2";"BR-116/SC";"Sul";"Colisão Traseira";2;0;0;0;0;0;0;0;0;0;2;0;0;0;0