data;horario;n_da_ocorrencia;tipo_de_ocorrencia;km;trecho;sentido;tipo_de_acidente;automovel;bicicleta;caminhao;moto;onibus;outros;tracao_animal;transporte_de_cargas_especiais;trator_maquinas;utilitarios;ilesos;levemente_feridos;moderadamente_feridos;gravemente_feridos;mortos
"31/10/2012";"03:04:00";"3569";"sem vítima";"135.4";"BR-116/PR";"Norte";"Objeto lançado contra veículo";0;0;0;0;0;0;0;0;0;1;2;0;0;0;0
"31/10/2012";"06:50:00";"3612";"com vítima";"119.4";"BR-116/PR";"Sul";"Colisão Transversal";2;0;0;0;0;0;0;0;0;0;4;1;0;0;0
"31/10/2012";"06:53:00";"3613";"com vítima";"14";"BR-116/SC";"Sul";"Saida de Pista";0;0;0;0;0;0;0;0;0;1;9;4;0;0;0
"31/10/2012";"07:27:00";"3618";"sem vítima";"233.1";"BR-116/SC";"Norte";"Choque - Veiculo parado na pista";0;0;1;0;1;0;0;0;0;0;15;0;0;0;0
"31/10/2012";"09:24:00";"3627";"sem vítima";"284";"BR-116/SC";"Norte";"Atropelamento de Animal";1;0;0;0;0;0;0;0;0;0;2;0;0;0;0
"01/11/2012";"01:43:00";"7";"sem vítima";"131";"BR-116/PR";"Sul";"Atropelamento de Animal";1;0;0;0;0;0;0;0;0;0;1;0;0;0;0
"01/11/2012";"04:46:00";"10";"com vítima";"205.5";"BR-116/SC";"Norte";"Colisão Frontal";2;0;0;0;0;0;0;0;0;0;0;3;0;0;0
"01/11/2012";"09:32:00";"35";"sem vítima";"191.2";"BR-116/PR";"Norte";"Colisão Transversal";1;0;1;0;0;0;0;0;0;0;3;0;0;0;0
"01/11/2012";"06:07:00";"101";"sem vítima";"116";"BR-116/PR";"Norte";"Colisão Traseira";2;0;0;0;0;0;0;0;0;0;3;0;0;0;0
"01/11/2012";"07:47:00";"111";"sem vítima";"199";"BR-116/PR";"Norte";"Objeto lançado contra veículo";0;0;1;0;0;0;0;0;0;0;1;0;0;0;0
"01/11/2012";"09:55:00";"123";"sem vítima";"14.2";"BR-116/SC";"Sul";"Capotamento";1;0;0;0;0;0;0;0;0;0;2;0;0;0;0
"01/11/2012";"10:39:00";"125";"com vítima";"117.3";"BR-116/PR";"Sul";"Queda de Moto";0;0;0;1;0;0;0;0;0;0;0;0;1;0;0
"02/11/2012";"01:31:00";"136";"com vítima";"209.4";"BR-116/PR";"Sul";"Colisão Transversal";1;0;0;1;0;0;0;0;0;0;2;1;0;0;0
"02/11/2012";"06:13:00";"141";"sem vítima";"232.6";"BR-116/SC";"Sul";"Colisão Frontal";1;0;1;0;0;0;0;0;0;0;2;0;0;0;0
"02/11/2012";"07:30:00";"146";"sem vítima";"106.5";"BR-116/SC";"Norte";"Saida de Pista";1;0;0;0;0;0;0;0;0;0;2;0;0;0;0
"02/11/2012";"08:10:00";"150";"sem vítima";"241";"BR-116/SC";"Norte";"Atropelamento de Animal";1;0;0;0;0;0;0;0;0;0;1;0;0;0;0
"02/11/2012";"09:48:00";"161";"sem vítima";"154";"BR-116/PR";"Sul";"Colisão Lateral";1;0;1;0;0;0;0;0;0;0;4;0;0;0;0
"02/11/2012";"12:31:00";"173";"com vítima";"152.3";"BR-116/PR";"Norte";"Colisão Transversal";2;0;0;0;0;0;0;0;0;0;3;4;2;1;0
"02/11/2012";"04:21:00";"192";"sem vítima";"198";"BR-116/PR";"Sul";"Objeto lançado contra veículo";1;0;0;0;0;0;0;0;0;0;1;0;0;0;0
"02/11/2012";"04:27:00";"195";"sem vítima";"195";"BR-116/PR";"Norte";"Objeto lançado contra veículo";0;0;1;0;0;0;0;0;0;0;1;0;0;0;0
"03/11/2012";"12:20:00";"229";"sem vítima";"191";"BR-116/PR";"Norte";"Colisão Traseira";2;0;0;0;0;0;0;0;0;0;4;0;0;0;0
"03/11/2012";"08:54:00";"247";"sem vítima";"223";"BR-116/SC";"Sul";"Objeto lançado contra veículo";1;0;0;0;0;0;0;0;0;0;3;0;0;0;0
"03/11/2012";"12:28:00";"261";"sem vítima";"211";"BR-116/PR";"Sul";"Outros";1;0;1;0;0;0;0;0;0;0;5;0;0;0;0
"03/11/2012";"01:28:00";"263";"sem vítima";"194";"BR-116/SC";"Sul";"Objeto lançado contra veículo";1;0;0;0;0;0;0;0;0;0;1;0;0;0;0
"03/11/2012";"06:35:00";"292";"sem vítima";"125.8";"BR-116/PR";"Norte";"Choque - Veiculo parado na pista";1;0;0;0;0;0;0;0;0;1;5;0;0;0;0
"03/11/2012";"08:35:00";"301";"sem vítima";"119.04";"BR-116/PR";"Sul";"Colisão Transversal";2;0;0;0;0;0;0;0;0;0;6;0;0;0;0
"04/11/2012";"04:54:00";"326";"sem vítima";"124";"BR-116/PR";"Sul";"Saida de Pista";1;0;0;0;0;0;0;0;0;0;2;0;0;0;0
"04/11/2012";"06:33:00";"330";"sem vítima";"189.2";"BR-116/SC";"Sul";"Atropelamento de Animal";1;0;0;0;0;0;0;0;0;0;1;0;0;0;0
"04/11/2012";"10:44:00";"351";"sem vítima";"117.7";"BR-116/PR";"Sul";"Colisão Traseira";2;0;0;0;0;0;0;0;0;0;6;0;0;0;0
"04/11/2012";"11:02:00";"354";"com vítima";"12.3";"BR-116/SC";"Sul";"Colisão Transversal";1;0;0;0;1;0;0;0;0;0;42;1;0;0;0
"04/11/2012";"02:44:00";"366";"com vítima";"4.005";"BR-116/SC";"Norte";"Colisão Transversal";0;0;0;1;0;0;0;0;0;1;2;0;0;1;0
"04/11/2012";"03:55:00";"375";"sem vítima";"172.2";"BR-116/SC";"Norte";"Colisão Traseira";2;0;0;0;0;0;0;0;0;0;6;0;0;0;0
"04/11/2012";"04:41:00";"378";"sem vítima";"139.6";"BR-116/SC";"Sul";"Colisão Traseira";2;0;0;0;0;0;0;0;0;0;2;0;0;0;0
"04/11/2012";"04:42:00";"379";"sem vítima";"203";"BR-116/PR";"Norte";"Choque - Cancela de Pedagio";0;0;1;0;0;0;0;0;0;0;1;0;0;0;0
"04/11/2012";"06:13:00";"390";"com vítima";"123.7";"BR-116/PR";"Norte";"Choque - Veiculo parado na pista";1;0;0;0;0;0;0;0;0;2;8;3;0;0;0
"04/11/2012";"09:29:00";"409";"sem vítima";"119.4";"BR-116/PR";"Sul";"Colisão Traseira";1;0;0;1;0;0;0;0;0;0;2;0;0;0;0
"04/11/2012";"10:32:00";"419";"sem vítima";"189.6";"BR-116/PR";"Norte";"Saida de Pista";1;0;0;0;0;0;0;0;0;0;1;0;0;0;0
"05/11/2012";"03:26:00";"493";"sem vítima";"226";"BR-116/SC";"Sul";"Objeto lançado contra veículo";1;0;0;0;0;0;0;0;0;0;1;0;0;0;0
"05/11/2012";"09:26:00";"536";"sem vítima";"140.5";"BR-116/PR";"Sul";"Colisão Traseira";0;0;1;0;0;1;0;0;0;0;2;0;0;0;0
"06/11/2012";"09:46:00";"592";"com vítima";"119.4";"BR-116/PR";"Sul";"Colisão Transversal";1;0;0;0;0;0;0;0;0;1;1;1;0;0;0
"06/11/2012";"03:08:00";"621";"sem vítima";"157";"BR-116/PR";"Sul";"Objeto lançado contra veículo";1;0;0;0;0;0;0;0;0;0;1;0;0;0;0
"06/11/2012";"05:01:00";"640";"sem vítima";"124.9";"BR-116/SC";"Sul";"Outros";0;0;0;0;0;0;0;0;1;0;1;0;0;0;0
"07/11/2012";"07:59:00";"708";"sem vítima";"124.5";"BR-116/PR";"Norte";"Colisão Lateral";1;0;1;0;0;0;0;0;0;0;2;0;0;0;0
"07/11/2012";"09:58:00";"730";"sem vítima";"205.8";"BR-116/PR";"Norte";"Objeto lançado contra veículo";1;0;0;0;0;0;0;0;0;0;1;0;0;0;0
"07/11/2012";"02:29:00";"762";"com vítima";"12";"BR-116/SC";"Sul";"Saida de Pista";1;0;0;0;0;0;0;0;0;0;0;0;0;2;0
"07/11/2012";"03:02:00";"768";"sem vítima";"204";"BR-116/PR";"Norte";"Objeto lançado contra veículo";1;0;0;0;0;0;0;0;0;0;1;0;0;0;0
"07/11/2012";"05:00:00";"786";"com vítima";"179.005";"BR-116/SC";"Norte";"Atropelamento - Outros";1;0;0;0;0;0;0;0;0;0;1;0;1;0;0
"07/11/2012";"09:45:00";"805";"com vítima";"141.6";"BR-116/PR";"Sul";"Colisão Lateral";0;0;2;0;0;0;0;0;0;0;1;3;0;0;0
"08/11/2012";"01:17:00";"818";"com vítima";"115.9";"BR-116/PR";"Sul";"Queda de Moto";0;0;0;1;0;0;0;0;0;0;0;1;0;0;0
"08/11/2012";"09:04:00";"840";"sem vítima";"244.5";"BR-116/SC";"Norte";"Saida de Pista";0;0;1;0;0;0;0;0;0;0;1;0;0;0;0
"08/11/2012";"04:28:00";"889";"sem vítima";"233.1";"BR-116/SC";"Sul";"Choque - Defensa, barreira ou "submarino"";0;0;1;0;0;0;0;0;0;0;1;0;0;0;0
"08/11/2012";"06:38:00";"898";"sem vítima";"210.6";"BR-116/PR";"Norte";"Colisão Transversal";1;0;1;0;0;0;0;0;0;0;2;0;0;0;0
"08/11/2012";"09:02:00";"905";"com vítima";"120.9";"BR-116/PR";"Sul";"Colisão Frontal";0;0;2;1;0;0;0;0;0;0;2;0;1;0;0
"09/11/2012";"01:48:00";"919";"sem vítima";"144";"BR-116/PR";"Norte";"Saida de Pista";1;0;0;0;0;0;0;0;0;0;1;0;0;0;0
"09/11/2012";"11:22:00";"950";"sem vítima";"204";"BR-116/PR";"Sul";"Choque - Objeto não identificado";1;0;0;0;0;0;0;0;0;0;1;0;0;0;0
"09/11/2012";"01:22:00";"959";"sem vítima";"270";"BR-116/SC";"Norte";"Objeto lançado contra veículo";0;1;1;0;0;0;0;0;0;0;2;0;0;0;0
"09/11/2012";"09:07:00";"1007";"sem vítima";"140.3";"BR-116/SC";"Norte";"Choque - Objeto sobre a pista";1;0;0;0;0;0;0;0;0;0;1;0;0;0;0
"09/11/2012";"09:35:00";"1009";"sem vítima";"140.3";"BR-116/SC";"Norte";"Choque - Objeto sobre a pista";1;0;0;0;0;0;0;0;0;0;2;0;0;0;0
"10/11/2012";"12:31:00";"1020";"com vítima";"119.6";"BR-116/PR";"Norte";"Colisão Frontal";2;0;0;0;0;0;0;0;0;0;0;2;0;0;0
"10/11/2012";"07:38:00";"1039";"sem vítima";"127.5";"BR-116/PR";"Norte";"Colisão Lateral";1;0;1;0;0;0;0;0;0;0;2;0;0;0;0
"10/11/2012";"05:44:00";"1100";"com vítima";"117.3";"BR-116/PR";"Sul";"Choque - Defensa, barreira ou "submarino"";1;0;0;0;0;0;0;0;0;0;0;1;0;0;0
"11/11/2012";"12:01:00";"1139";"sem vítima";"150.8";"BR-116/PR";"Norte";"Colisão Lateral";0;0;2;0;0;0;0;0;0;0;3;0;0;0;0
"11/11/2012";"08:12:00";"1162";"com vítima";"210.4";"BR-116/PR";"Sul";"Colisão Frontal";1;0;1;0;0;0;0;0;0;0;2;0;0;0;1
"11/11/2012";"04:45:00";"1209";"sem vítima";"123.3";"BR-116/PR";"Sul";"Colisão Transversal";2;0;0;0;0;0;0;0;0;0;8;0;0;0;0
"11/11/2012";"06:00:00";"1217";"com vítima";"65.5";"BR-116/SC";"Norte";"Colisão Transversal";0;1;0;1;0;0;0;0;0;0;1;1;0;0;0
"11/11/2012";"06:48:00";"1225";"com vítima";"238.9";"BR-116/SC";"Norte";"Tombamento";0;0;0;1;0;0;0;0;0;0;0;2;0;0;0
"11/11/2012";"09:36:00";"1236";"sem vítima";"117.5";"BR-116/PR";"Sul";"Saida de Pista";1;0;0;0;0;0;0;0;0;0;2;0;0;0;0
"11/11/2012";"10:39:00";"1244";"sem vítima";"84.4";"BR-116/SC";"Norte";"Colisão Lateral";1;0;1;0;0;0;0;0;0;0;2;0;0;0;0
"11/11/2012";"11:33:00";"1247";"sem vítima";"152.6";"BR-116/PR";"Sul";"Colisão Transversal";1;0;0;0;0;1;0;0;0;0;3;0;0;0;0
"12/11/2012";"12:03:00";"1249";"sem vítima";"117";"BR-116/PR";"Sul";"Choque - Veiculo parado no acostamento";0;0;0;1;0;1;0;0;0;0;2;0;0;0;0
"12/11/2012";"07:05:00";"1345";"sem vítima";"115.7";"BR-116/PR";"Sul";"Colisão Lateral";1;0;0;1;0;0;0;0;0;0;2;0;0;0;0
"12/11/2012";"07:17:00";"1351";"com vítima";"184.5";"BR-116/PR";"Norte";"Colisão Lateral";0;0;1;0;0;0;0;0;0;1;1;3;0;0;0
"12/11/2012";"09:01:00";"1362";"sem vítima";"34";"BR-116/SC";"Sul";"Saida de Pista";1;0;0;0;0;0;0;0;0;0;1;0;0;0;0
"12/11/2012";"09:38:00";"1367";"sem vítima";"173.7";"BR-116/SC";"Norte";"Colisão Traseira";2;0;0;0;0;0;0;0;0;0;2;0;0;0;0
"13/11/2012";"07:27:00";"1392";"sem vítima";"124";"BR-116/PR";"Norte";"Colisão Lateral";1;0;1;0;0;0;0;0;0;0;4;0;0;0;0
"13/11/2012";"02:55:00";"1443";"sem vítima";"273.2";"BR-116/SC";"Sul";"Saida de Pista";1;0;0;0;0;0;0;0;0;0;1;0;0;0;0
"13/11/2012";"04:38:00";"1467";"sem vítima";"7";"BR-116/SC";"Sul";"Objeto lançado contra veículo";1;0;0;0;0;0;0;0;0;0;1;0;0;0;0
"13/11/2012";"06:53:00";"1484";"sem vítima";"122.4";"BR-116/PR";"Sul";"Choque - Veiculo parado na pista";0;0;0;0;1;0;0;0;0;1;2;0;0;0;0
"13/11/2012";"07:31:00";"1486";"sem vítima";"121.5";"BR-116/PR";"Norte";"Colisão Transversal";1;0;0;1;0;0;0;0;0;0;2;0;0;0;0
"14/11/2012";"12:55:00";"1508";"sem vítima";"131.1";"BR-116/PR";"Norte";"Colisão Transversal";1;0;1;0;0;0;0;0;0;0;2;0;0;0;0
"14/11/2012";"07:26:00";"1536";"com vítima";"245.6";"BR-116/SC";"Sul";"Colisão Traseira";0;0;1;0;1;0;0;0;0;0;29;4;0;0;0
"14/11/2012";"03:25:00";"1604";"com vítima";"34.3";"BR-116/SC";"Sul";"Queda de Moto";0;0;0;1;0;0;0;0;0;0;1;1;0;0;0
"14/11/2012";"06:04:00";"1624";"sem vítima";"200";"BR-116/PR";"Sul";"Objeto lançado contra veículo";1;0;0;0;0;0;0;0;0;0;1;0;0;0;0
"14/11/2012";"06:36:00";"1626";"sem vítima";"247";"BR-116/SC";"Norte";"Colisão Traseira";2;0;0;0;0;0;0;0;0;0;3;0;0;0;0
"14/11/2012";"09:02:00";"1639";"sem vítima";"47.5";"BR-116/SC";"Norte";"Choque - Defensa, barreira ou "submarino"";0;0;1;0;0;0;0;0;0;0;1;0;0;0;0
"15/11/2012";"08:40:00";"1682";"sem vítima";"188.9";"BR-116/SC";"Sul";"Saida de Pista";0;0;0;0;0;0;0;0;0;1;1;0;0;0;0
"15/11/2012";"09:22:00";"1688";"com vítima";"191.5";"BR-116/PR";"Norte";"Colisão Traseira";2;0;0;0;0;0;0;0;0;0;2;1;0;0;0
"15/11/2012";"10:25:00";"1699";"com vítima";"120.9";"BR-116/PR";"Sul";"Colisão Frontal";1;0;0;1;0;0;0;0;0;0;1;1;0;0;0
"15/11/2012";"12:41:00";"1712";"com vítima";"230.8";"BR-116/SC";"Norte";"Queda de Moto";0;0;0;1;0;0;0;0;0;0;1;1;0;0;0
"15/11/2012";"01:03:00";"1715";"sem vítima";"245.6";"BR-116/SC";"Norte";"Colisão Transversal";2;0;0;0;0;0;0;0;0;0;5;0;0;0;0
"15/11/2012";"06:32:00";"1738";"sem vítima";"52";"BR-116/SC";"Sul";"Saida de Pista";1;0;0;0;0;0;0;0;0;0;1;0;0;0;0
"16/11/2012";"05:13:00";"1764";"sem vítima";"271.2";"BR-116/SC";"Sul";"Saida de Pista";1;0;0;0;0;0;0;0;0;0;2;0;0;0;0
"16/11/2012";"02:32:00";"1802";"com vítima";"128.3";"BR-116/PR";"Norte";"Colisão Lateral";0;0;0;1;0;1;0;0;0;0;1;0;0;1;0
"16/11/2012";"02:36:00";"1803";"sem vítima";"42";"BR-116/SC";"Sul";"Saida de Pista";1;0;0;0;0;0;0;0;0;0;1;0;0;0;0
"16/11/2012";"03:12:00";"1806";"sem vítima";"127.6";"BR-116/PR";"Norte";"Colisão Lateral";1;0;1;0;0;0;0;0;0;0;7;0;0;0;0
"16/11/2012";"06:29:00";"1822";"sem vítima";"146.8";"BR-116/SC";"Norte";"Choque - Objeto sobre a pista";0;0;1;0;0;1;0;0;0;0;3;0;0;0;0
"16/11/2012";"06:43:00";"1824";"sem vítima";"122.2";"BR-116/PR";"Sul";"Colisão Lateral";1;0;1;0;0;0;0;0;0;0;2;0;0;0;0
"16/11/2012";"07:44:00";"1832";"sem vítima";"143.8";"BR-116/PR";"Sul";"Colisão Lateral";2;0;0;0;0;0;0;0;0;0;3;0;0;0;0
"16/11/2012";"08:24:00";"1838";"com vítima";"171.8";"BR-116/PR";"Norte";"Atropelamento de Animal";0;0;0;1;0;0;0;0;0;0;0;2;0;0;0
"16/11/2012";"09:10:00";"1841";"sem vítima";"172";"BR-116/PR";"Sul";"Atropelamento de Animal";1;0;0;0;0;0;0;0;0;0;2;0;0;0;0
"16/11/2012";"09:35:00";"1845";"sem vítima";"122";"BR-116/PR";"Norte";"Colisão Lateral";1;0;0;0;0;1;0;0;0;0;6;0;0;0;0
"17/11/2012";"04:53:00";"1858";"sem vítima";"120.3";"BR-116/PR";"Norte";"Atropelamento de Animal";0;0;0;1;0;0;0;0;0;0;1;0;0;0;0
"17/11/2012";"04:59:00";"1859";"sem vítima";"120.3";"BR-116/PR";"Norte";"Atropelamento de Animal";1;0;0;0;0;0;0;0;0;0;1;0;0;0;0
"17/11/2012";"06:22:00";"1863";"sem vítima";"150.5";"BR-116/PR";"Sul";"Colisão Transversal";1;0;1;0;0;0;0;0;0;0;2;0;0;0;0
"17/11/2012";"07:36:00";"1867";"com vítima";"283.9";"BR-116/SC";"Sul";"Colisão Traseira";1;0;0;0;0;0;0;0;1;0;2;1;0;0;0
"17/11/2012";"10:44:00";"1878";"sem vítima";"122";"BR-116/PR";"Norte";"Colisão Transversal";0;0;1;1;0;0;0;0;0;0;2;0;0;0;0
"17/11/2012";"04:35:00";"1908";"com vítima";"200.5";"BR-116/PR";"Sul";"Colisão Frontal";1;0;1;0;0;0;0;0;0;0;1;0;0;1;0
"17/11/2012";"07:09:00";"1922";"sem vítima";"133";"BR-116/PR";"Sul";"Objeto lançado contra veículo";0;0;0;0;0;0;0;0;0;1;1;0;0;0;0
"17/11/2012";"11:51:00";"1949";"com vítima";"152.3";"BR-116/PR";"Norte";"Colisão Transversal";2;0;0;0;0;0;0;0;0;0;7;1;0;0;0
"18/11/2012";"11:46:00";"1973";"sem vítima";"245.5";"BR-116/SC";"Norte";"Colisão Transversal";1;0;1;0;0;0;0;0;0;0;6;0;0;0;0
"18/11/2012";"12:16:00";"1974";"sem vítima";"110.1";"BR-116/SC";"Sul";"Colisão Lateral";2;0;2;0;0;0;0;0;0;0;7;0;0;0;0
"18/11/2012";"02:50:00";"1989";"sem vítima";"197";"BR-116/SC";"Norte";"Objeto lançado contra veículo";1;0;0;0;0;0;0;0;0;0;1;0;0;0;0
"18/11/2012";"04:14:00";"1999";"com vítima";"121.9";"BR-116/PR";"Norte";"Colisão Traseira";6;0;0;0;0;0;0;0;0;0;5;1;0;0;0
"18/11/2012";"05:54:00";"2011";"sem vítima";"204";"BR-116/PR";"Sul";"Colisão Lateral";2;0;0;0;0;0;0;0;0;0;2;0;0;0;0
"18/11/2012";"07:18:00";"2022";"sem vítima";"89";"BR-116/SC";"Sul";"Choque - Outros";1;0;0;0;0;0;0;0;0;0;1;0;0;0;0
"19/11/2012";"09:33:00";"2077";"sem vítima";"134";"BR-116/PR";"Sul";"Colisão Lateral";1;0;1;0;0;0;0;0;0;0;3;0;0;0;0
"19/11/2012";"01:24:00";"2094";"sem vítima";"138";"BR-116/PR";"Norte";"Choque - Objeto sobre a pista";1;0;0;0;0;0;0;0;0;0;2;0;0;0;0
"19/11/2012";"09:32:00";"2148";"sem vítima";"142";"BR-116/PR";"Sul";"Atropelamento de Animal";1;0;0;0;0;0;0;0;0;0;2;0;0;0;0
"19/11/2012";"11:39:00";"2158";"sem vítima";"108.3";"BR-116/SC";"Norte";"Choque - Objeto sobre a pista";1;0;0;0;0;0;0;0;0;0;1;0;0;0;0
"20/11/2012";"06:42:00";"2177";"sem vítima";"122";"BR-116/PR";"Norte";"Colisão Transversal";2;0;0;0;0;0;0;0;0;0;8;0;0;0;0
"20/11/2012";"07:05:00";"2180";"sem vítima";"114.9";"BR-116/SC";"Sul";"Colisão Lateral";0;0;1;0;1;0;0;0;0;0;23;0;0;0;0
"20/11/2012";"08:00:00";"2185";"com vítima";"153.5";"BR-116/PR";"Sul";"Colisão Transversal";0;0;0;2;0;0;0;0;0;0;1;1;0;0;0
"20/11/2012";"07:31:00";"2253";"com vítima";"242";"BR-116/SC";"Sul";"Atropelamento - Ciclista";0;1;1;0;0;0;0;0;0;0;1;1;0;0;0
"20/11/2012";"08:28:00";"2260";"com vítima";"115.9";"BR-116/PR";"Sul";"Colisão Frontal";1;0;0;1;0;0;0;0;0;0;1;2;0;0;0
"20/11/2012";"09:27:00";"2266";"sem vítima";"156.7";"BR-116/SC";"Norte";"Choque - Arvore";1;0;0;0;0;0;0;0;0;0;1;0;0;0;0
"21/11/2012";"08:45:00";"2292";"sem vítima";"59.2";"BR-116/SC";"Norte";"Colisão Lateral";1;0;0;0;0;0;0;0;0;1;3;0;0;0;0
"21/11/2012";"11:41:00";"2309";"sem vítima";"208";"BR-116/PR";"Sul";"Choque - Objeto sobre a pista";1;0;0;0;0;0;0;0;0;0;1;0;0;0;0
"21/11/2012";"02:13:00";"2316";"sem vítima";"177";"BR-116/SC";"Norte";"Objeto lançado contra veículo";1;0;0;0;0;0;0;0;0;0;1;0;0;0;0
"21/11/2012";"03:56:00";"2337";"sem vítima";"192";"BR-116/PR";"Sul";"Objeto lançado contra veículo";1;0;0;0;0;0;0;0;0;0;1;0;0;0;0
"21/11/2012";"06:03:00";"2354";"com vítima";"115.4";"BR-116/PR";"Norte";"Colisão Lateral";0;0;1;1;0;0;0;0;0;0;1;0;1;0;0
"22/11/2012";"07:23:00";"2401";"sem vítima";"38.8";"BR-116/SC";"Sul";"Atropelamento de Animal";1;0;0;0;0;0;0;0;0;0;2;0;0;0;0
"23/11/2012";"12:36:00";"2517";"sem vítima";"89.8";"BR-116/SC";"Sul";"Choque - Objeto sobre a pista";0;0;1;0;0;0;0;0;0;0;1;0;0;0;0
"23/11/2012";"03:06:00";"2524";"sem vítima";"73.1";"BR-116/SC";"Sul";"Atropelamento de Animal";0;0;1;0;0;0;0;0;0;0;1;0;0;0;0
"23/11/2012";"07:20:00";"2537";"sem vítima";"119.5";"BR-116/PR";"Norte";"Colisão Lateral";1;0;1;0;0;0;0;0;0;0;2;0;0;0;0
"23/11/2012";"07:28:00";"2538";"sem vítima";"129";"BR-116/PR";"Sul";"Objeto lançado contra veículo";0;0;1;0;0;0;0;0;0;0;1;0;0;0;0
"23/11/2012";"02:12:00";"2590";"sem vítima";"115.8";"BR-116/PR";"Sul";"Objeto lançado contra veículo";0;0;1;0;0;0;0;0;0;0;1;0;0;0;0
"23/11/2012";"02:47:00";"2596";"sem vítima";"128";"BR-116/PR";"Sul";"Choque - Veiculo parado na pista";2;0;0;0;0;0;0;0;0;0;3;0;0;0;0
"23/11/2012";"03:37:00";"2606";"com vítima";"125.3";"BR-116/PR";"Sul";"Atropelamento de Animal";0;0;0;1;0;0;0;0;0;0;0;1;0;0;0
"23/11/2012";"06:16:00";"2624";"com vítima";"210.8";"BR-116/SC";"Sul";"Queda de Moto";0;0;0;1;0;0;0;0;0;0;0;1;0;0;0
"23/11/2012";"08:57:00";"2646";"sem vítima";"172.8";"BR-116/SC";"Norte";"Saida de Pista";1;0;0;0;0;0;0;0;0;0;3;0;0;0;0
"24/11/2012";"03:22:00";"2665";"sem vítima";"208.4";"BR-116/PR";"Norte";"Choque - Arvore";1;0;0;0;0;0;0;0;0;0;1;0;0;0;0
"24/11/2012";"10:25:00";"2693";"com vítima";"117.4";"BR-116/PR";"Sul";"Queda de Moto";1;0;0;1;0;0;0;0;0;0;1;1;0;0;0
"24/11/2012";"04:09:00";"2726";"sem vítima";"143.7";"BR-116/PR";"Norte";"Choque - Talude";1;0;0;0;0;0;0;0;0;0;1;0;0;0;0
"24/11/2012";"11:34:00";"2763";"sem vítima";"4.5";"BR-116/SC";"Norte";"Choque - Defensa, barreira ou "submarino"";1;0;0;0;0;0;0;0;0;0;2;0;0;0;0
"25/11/2012";"04:02:00";"2774";"com vítima";"13.5";"BR-116/SC";"Norte";"Saida de Pista";1;0;0;0;0;0;0;0;0;0;0;1;0;0;0
"25/11/2012";"04:03:00";"2775";"sem vítima";"205.8";"BR-116/PR";"Sul";"Saida de Pista";1;0;0;0;0;0;0;0;0;0;2;0;0;0;0
"25/11/2012";"06:11:00";"2781";"sem vítima";"123.7";"BR-116/SC";"Norte";"Saida de Pista";1;0;0;0;0;0;0;0;0;0;1;0;0;0;0
"25/11/2012";"01:19:00";"2807";"com vítima";"180.9";"BR-116/SC";"Sul";"Saida de Pista";1;0;0;0;0;0;0;0;0;0;1;1;0;0;0
"26/11/2012";"12:08:00";"2858";"sem vítima";"192.2";"BR-116/PR";"Sul";"Saida de Pista";1;0;0;0;0;0;0;0;0;0;5;0;0;0;0
"26/11/2012";"12:42:00";"2860";"sem vítima";"219.2";"BR-116/SC";"Norte";"Capotamento";1;0;0;0;0;0;0;0;0;0;3;0;0;0;0
"26/11/2012";"09:23:00";"2884";"sem vítima";"163.3";"BR-116/PR";"Sul";"Colisão Traseira";2;0;0;0;0;0;0;0;0;0;4;0;0;0;0
"26/11/2012";"11:45:00";"2898";"sem vítima";"195";"BR-116/SC";"Sul";"Objeto lançado contra veículo";0;0;0;0;1;0;0;0;0;0;29;0;0;0;0
"26/11/2012";"04:03:00";"2933";"sem vítima";"152.3";"BR-116/PR";"Norte";"Objeto lançado contra veículo";1;0;0;0;0;0;0;0;0;0;1;0;0;0;0
"26/11/2012";"07:29:00";"2949";"sem vítima";"252.3";"BR-116/SC";"Sul";"Choque - Objeto sobre a pista";1;0;0;0;0;0;0;0;0;0;5;0;0;0;0
"27/11/2012";"07:13:00";"2982";"sem vítima";"153";"BR-116/SC";"Sul";"Saida de Pista";0;0;1;0;0;0;0;0;0;0;1;0;0;0;0
"27/11/2012";"05:50:00";"3064";"com vítima";"149.9";"BR-116/SC";"Sul";"Colisão Lateral";0;0;2;0;0;0;0;0;0;0;1;0;0;0;1
"27/11/2012";"11:15:00";"3086";"sem vítima";"130";"BR-116/PR";"Sul";"Objeto lançado contra veículo";0;0;1;0;0;0;0;0;0;0;1;0;0;0;0
"28/11/2012";"09:31:00";"3122";"sem vítima";"116";"BR-116/PR";"Sul";"Colisão Lateral";1;0;1;0;0;0;0;0;0;0;2;0;0;0;0
"28/11/2012";"02:13:00";"3141";"sem vítima";"182";"BR-116/SC";"Norte";"Objeto lançado contra veículo";0;0;0;0;0;0;0;0;0;1;1;0;0;0;0
"28/11/2012";"06:42:00";"3185";"sem vítima";"93.4";"BR-116/SC";"Sul";"Colisão Lateral";1;0;1;0;0;0;0;0;0;0;2;0;0;0;0
"28/11/2012";"08:00:00";"3192";"com vítima";"126";"BR-116/PR";"Sul";"Atropelamento de Animal";0;0;0;1;0;0;0;0;0;0;0;1;0;0;0