data;horario;n_da_ocorrencia;tipo_de_ocorrencia;km;trecho;sentido;tipo_de_acidente;automovel;bicicleta;caminhao;moto;onibus;outros;tracao_animal;transporte_de_cargas_especiais;trator_maquinas;utilitarios;ilesos;levemente_feridos;moderadamente_feridos;gravemente_feridos;mortos
"15/01/2013";"06:12:00";"1787";"com vítima";"131.78";"BR-116/PR";"Sul";"Colisão Frontal";1;0;0;0;0;0;0;0;0;1;6;0;0;0;1
"16/01/2013";"01:38:00";"1860";"com vítima";"188.6";"BR-116/SC";"Sul";"Colisão Transversal";2;0;0;0;0;0;0;0;0;0;1;0;0;2;0
"16/01/2013";"03:11:00";"1875";"sem vítima";"123";"BR-116/PR";"Norte";"Choque - Veiculo parado na pista";0;0;1;0;0;0;0;0;0;1;2;0;0;0;0
"16/01/2013";"04:28:00";"1887";"sem vítima";"225.4";"BR-116/SC";"Sul";"Saida de Pista";1;0;0;0;0;0;0;0;0;0;6;0;0;0;0
"16/01/2013";"05:41:00";"1910";"sem vítima";"130";"BR-116/PR";"Sul";"Objeto lançado contra veículo";1;0;0;0;0;0;0;0;0;0;1;0;0;0;0
"16/01/2013";"07:20:00";"1917";"sem vítima";"109.8";"BR-116/SC";"Sul";"Colisão Traseira";0;0;1;0;0;0;0;0;0;0;2;0;0;0;0
"17/01/2013";"11:58:00";"2007";"sem vítima";"53";"BR-116/SC";"Norte";"Objeto lançado contra veículo";0;0;0;0;0;0;0;0;0;1;1;0;0;0;0
"17/01/2013";"02:52:00";"2025";"sem vítima";"142.2";"BR-116/PR";"Sul";"Colisão Lateral";1;0;1;0;0;0;0;0;0;0;3;0;0;0;0
"17/01/2013";"06:34:00";"2058";"sem vítima";"81";"BR-116/SC";"Norte";"Colisão Lateral";1;0;1;0;0;0;0;0;0;0;3;0;0;0;0
"17/01/2013";"06:40:00";"2062";"sem vítima";"37.9";"BR-116/SC";"Sul";"Colisão Traseira";2;0;0;0;0;0;0;0;0;0;4;0;0;0;0
"18/01/2013";"07:12:00";"2100";"sem vítima";"125.8";"BR-116/PR";"Sul";"Saida de Pista";1;0;0;0;0;0;0;0;0;0;1;0;0;0;0
"18/01/2013";"08:17:00";"2108";"sem vítima";"47.6";"BR-116/SC";"Norte";"Atropelamento de Animal";1;0;0;0;0;0;0;0;0;0;1;0;0;0;0
"18/01/2013";"11:50:00";"2146";"com vítima";"220.7";"BR-116/SC";"Sul";"Colisão Transversal";0;1;0;1;0;0;0;0;0;0;1;0;1;0;0
"18/01/2013";"01:19:00";"2152";"sem vítima";"13.5";"BR-116/SC";"Sul";"Objeto lançado contra veículo";0;0;1;0;0;0;0;0;0;0;1;0;0;0;0
"18/01/2013";"05:21:00";"2192";"sem vítima";"245.6";"BR-116/SC";"Norte";"Colisão Traseira";1;0;0;0;0;0;0;0;0;1;4;0;0;0;0
"18/01/2013";"05:35:00";"2193";"sem vítima";"166";"BR-116/PR";"Sul";"Objeto lançado contra veículo";1;0;0;0;0;0;0;0;0;0;1;0;0;0;0
"18/01/2013";"06:00:00";"2198";"sem vítima";"305.3";"BR-116/SC";"Norte";"Colisão Traseira";2;0;0;0;0;0;0;0;0;0;3;0;0;0;0
"18/01/2013";"09:38:00";"2217";"sem vítima";"297.4";"BR-116/SC";"Sul";;1;0;0;0;0;0;0;0;0;0;1;0;0;0;0
"18/01/2013";"11:59:00";"2226";"sem vítima";"204.56";"BR-116/SC";"Norte";"Outros";1;0;0;0;0;0;0;0;0;0;1;0;0;0;0
"19/01/2013";"12:13:00";"2228";"sem vítima";"153.4";"BR-116/PR";"Norte";"Colisão Transversal";0;0;1;0;0;1;0;0;0;0;2;0;0;0;0
"19/01/2013";"02:01:00";"2354";"sem vítima";"132";"BR-116/PR";"Sul";"Objeto lançado contra veículo";1;0;0;0;0;0;0;0;0;0;3;0;0;0;0
"19/01/2013";"03:02:00";"2236";"sem vítima";"276.9";"BR-116/SC";"Norte";"Choque - Poste";0;0;1;0;0;0;0;0;0;0;1;0;0;0;0
"19/01/2013";"11:20:00";"2272";"com vítima";"152";"BR-116/PR";"Sul";;1;0;0;0;0;0;0;0;0;1;1;1;0;0;0
"19/01/2013";"02:38:00";"2287";"sem vítima";"99";"BR-116/SC";"Sul";"Objeto lançado contra veículo";0;0;1;0;0;0;0;0;0;0;1;0;0;0;0
"19/01/2013";"05:26:00";"2307";"sem vítima";"119.4";"BR-116/PR";"Sul";"Queda de Moto";0;0;0;1;0;0;0;0;0;0;1;0;0;0;0
"19/01/2013";"05:40:00";"2309";"sem vítima";"81.6";"BR-116/SC";"Sul";"Colisão Lateral";0;0;2;0;0;0;0;0;0;0;2;0;0;0;0
"19/01/2013";"06:32:00";"2320";"sem vítima";"33.8";"BR-116/SC";"Sul";"Colisão Traseira";1;0;1;0;0;0;0;0;0;0;2;0;0;0;0
"19/01/2013";"08:10:00";"2329";"sem vítima";"152.8";"BR-116/PR";"Sul";"Choque - Objeto sobre a pista";1;0;0;0;0;0;0;0;0;0;1;0;0;0;0
"19/01/2013";"08:16:00";"2331";"sem vítima";"198.3";"BR-116/SC";"Norte";"Atropelamento de Animal";1;0;0;0;0;0;0;0;0;0;1;0;0;0;0
"20/01/2013";"02:30:00";"2398";"sem vítima";"120.6";"BR-116/SC";"Sul";;1;0;0;1;0;0;0;0;0;0;6;0;0;0;0
"20/01/2013";"04:17:00";"2408";"com vítima";"115.8";"BR-116/PR";"Norte";"Queda de Moto";0;0;0;1;0;0;0;0;0;0;1;1;0;0;0
"21/01/2013";"07:50:00";"2563";"sem vítima";"118.6";"BR-116/PR";"Norte";"Colisão Frontal";1;0;0;0;0;0;0;0;0;2;10;0;0;0;0
"22/01/2013";"06:25:00";"2667";"sem vítima";"134.6";"BR-116/PR";"Norte";"Choque - Suporte de Sinalização";0;0;1;0;0;0;0;0;0;0;1;0;0;0;0
"22/01/2013";"06:55:00";"2671";"sem vítima";"127.5";"BR-116/PR";"Norte";"Choque - Veiculo parado na pista";1;0;1;0;0;0;0;0;0;1;3;0;0;0;0
"22/01/2013";"08:59:00";"2675";"sem vítima";"150.3";"BR-116/PR";"Sul";"Colisão Transversal";1;0;0;1;0;0;0;0;0;0;3;0;0;0;0
"23/01/2013";"06:44:00";"2702";"sem vítima";"115.7";"BR-116/PR";"Sul";"Colisão Lateral";0;0;0;1;0;0;0;0;0;0;1;0;0;0;0
"23/01/2013";"12:10:00";"2742";"sem vítima";"134.5";"BR-116/PR";"Sul";"Choque - Suporte de Sinalização";0;0;1;0;0;0;0;0;0;0;1;0;0;0;0
"23/01/2013";"06:40:00";"2783";"sem vítima";"64.3";"BR-116/SC";"Sul";;0;0;1;0;1;0;0;0;0;0;21;0;0;0;0
"23/01/2013";"07:30:00";"2790";"sem vítima";"120";"BR-116/PR";"Sul";"Colisão Traseira";1;0;1;0;0;0;0;0;0;0;2;0;0;0;0
"23/01/2013";"10:08:00";"2803";"sem vítima";"125";"BR-116/PR";"Norte";"Colisão Lateral";1;0;0;0;0;1;0;0;0;0;3;0;0;0;0
"24/01/2013";"04:10:00";"2958";"sem vítima";"123.4";"BR-116/PR";"Norte";;0;0;1;0;0;0;0;0;0;0;1;0;0;0;0
"24/01/2013";"08:22:00";"2842";"com vítima";"47.7";"BR-116/SC";"Sul";"Colisão Lateral";1;0;1;0;0;0;0;0;0;0;2;2;0;0;0
"24/01/2013";"10:40:00";"2856";"sem vítima";"183.4";"BR-116/SC";"Norte";"Colisão Lateral";1;0;0;0;0;1;0;0;0;0;3;0;0;0;0
"24/01/2013";"03:49:00";"2893";"sem vítima";"137";"BR-116/PR";"Sul";"Objeto lançado contra veículo";1;0;0;0;0;0;0;0;0;0;1;0;0;0;0
"24/01/2013";"06:15:00";"2916";"sem vítima";"130";"BR-116/PR";"Norte";"Objeto lançado contra veículo";1;0;0;0;0;0;0;0;0;0;1;0;0;0;0
"24/01/2013";"07:31:00";"2849";"com vítima";"124";"BR-116/PR";"Sul";"Colisão Lateral";1;0;1;0;0;0;0;0;0;0;1;0;1;0;0
"25/01/2013";"04:10:00";"2958";"sem vítima";"123.4";"BR-116/PR";"Norte";"Colisão Frontal";1;0;1;0;0;0;0;0;0;1;3;0;0;0;0
"25/01/2013";"07:10:00";"2965";"sem vítima";"125.1";"BR-116/PR";"Norte";"Colisão Lateral";1;0;1;0;0;0;0;0;0;0;2;0;0;0;0
"25/01/2013";"09:22:00";"2984";"sem vítima";"134.6";"BR-116/PR";"Norte";"Choque - Cancela de Pedagio";0;0;1;0;0;0;0;0;0;0;1;0;0;0;0
"25/01/2013";"10:08:00";"3122";"sem vítima";"133";"BR-116/PR";"Norte";;1;0;0;0;0;0;0;0;0;0;1;0;0;0;0
"25/01/2013";"11:53:00";"3007";"sem vítima";"156";"BR-116/PR";"Norte";"Colisão Traseira";1;0;0;0;0;0;0;0;0;1;2;0;0;0;0
"25/01/2013";"01:21:00";"3016";"sem vítima";"126.2";"BR-116/PR";"Norte";"Colisão Traseira";2;0;0;0;0;0;0;0;0;0;4;0;0;0;0
"25/01/2013";"03:00:00";"3029";"sem vítima";"132.8";"BR-116/SC";"Sul";"Colisão Transversal";1;0;0;0;0;0;0;0;0;1;2;0;0;0;0
"25/01/2013";"03:02:00";"3028";"sem vítima";"1.2";"BR-116/SC";"Sul";"Choque - Defensa, barreira ou "submarino"";0;0;1;0;0;0;0;0;0;0;1;0;0;0;0
"25/01/2013";"07:02:00";"3058";"sem vítima";"125.8";"BR-116/PR";"Norte";"Colisão Transversal";2;0;0;0;0;0;0;0;0;0;2;0;0;0;0
"25/01/2013";"09:35:00";"3060";"sem vítima";"129";"BR-116/SC";"Norte";"Colisão Transversal";1;0;1;0;0;0;0;0;0;0;2;0;0;0;0
"26/01/2013";"02:00:00";"3084";"sem vítima";"122.2";"BR-116/PR";"Norte";"Colisão Lateral";1;0;0;0;0;0;0;0;0;1;2;0;0;0;0
"26/01/2013";"10:15:00";"3113";"sem vítima";"52";"BR-116/SC";"Sul";"Choque - Objeto sobre a pista";1;0;0;0;0;0;0;0;0;0;1;0;0;0;0
"26/01/2013";"11:14:00";"3123";"com vítima";"131.8";"BR-116/PR";"Norte";"Colisão Transversal";3;0;0;0;0;0;0;0;0;0;2;1;0;0;0
"26/01/2013";"02:04:00";"3144";"com vítima";"106.5";"BR-116/SC";"Sul";"Atropelamento - Usuário";1;0;0;0;0;0;0;0;0;0;1;1;0;0;0
"26/01/2013";"03:28:00";"3155";"sem vítima";"155.3";"BR-116/PR";"Norte";"Tombamento";0;0;1;0;0;0;0;0;0;0;1;0;0;0;0
"26/01/2013";"05:02:00";"3162";"sem vítima";"60";"BR-116/SC";"Norte";;1;0;0;0;0;0;0;0;0;0;1;0;0;0;0
"26/01/2013";"05:41:00";"3170";"sem vítima";"242.2";"BR-116/SC";"Sul";"Saida de Pista";1;0;0;0;0;0;0;0;0;0;1;0;0;0;0
"26/01/2013";"08:18:00";"3286";"sem vítima";"141.5";"BR-116/PR";"Sul";"Colisão Transversal";1;0;0;1;0;0;0;0;0;0;2;0;0;0;0
"26/01/2013";"10:46:00";"3196";"sem vítima";"119.5";"BR-116/PR";"Sul";"Colisão Transversal";2;0;0;0;0;0;0;0;0;0;2;0;0;0;0
"26/01/2013";"10:54:00";"3197";"com vítima";"122.3";"BR-116/SC";"Sul";"Colisão Transversal";1;0;0;1;0;0;0;0;0;0;1;1;0;0;0
"27/01/2013";"12:30:00";"3205";"com vítima";"131.8";"BR-116/PR";"Norte";"Colisão Transversal";1;0;0;0;0;0;0;0;0;1;1;0;0;0;1
"27/01/2013";"03:42:00";"3209";"sem vítima";"128";"BR-116/PR";"Norte";;1;0;0;0;0;0;0;0;0;0;1;0;0;0;0
"27/01/2013";"05:57:00";"3212";"sem vítima";"184.5";"BR-116/SC";"Sul";"Capotamento";1;0;0;0;0;0;0;0;0;0;1;0;0;0;0
"27/01/2013";"11:55:00";"3238";"sem vítima";"155.4";"BR-116/SC";"Sul";"Choque - Suporte de Sinalização";1;0;0;0;0;0;0;0;0;0;1;0;0;0;0
"27/01/2013";"01:51:00";"3244";"com vítima";"26";"BR-116/SC";"Norte";"Saida de Pista";1;0;0;0;0;0;0;0;0;0;1;1;0;0;0
"27/01/2013";"07:53:00";"3281";"sem vítima";"181.9";"BR-116/SC";"Sul";;1;0;0;0;0;0;0;0;0;0;1;0;0;0;0
"27/01/2013";"08:48:00";"3285";"sem vítima";"124";"BR-116/SC";"Norte";;0;0;0;1;0;0;0;0;0;0;1;0;0;0;0
"27/01/2013";"09:03:00";"3287";"sem vítima";"205";"BR-116/SC";"Norte";"Choque - Objeto sobre a pista";1;0;0;0;0;0;0;0;0;0;1;0;0;0;0
"27/01/2013";"09:13:00";"3290";"sem vítima";"205";"BR-116/SC";"Sul";"Choque - Objeto sobre a pista";0;0;1;0;0;0;0;0;0;0;1;0;0;0;0
"27/01/2013";"09:32:00";"3292";"com vítima";"173";"BR-116/SC";"Sul";;1;0;1;0;0;0;0;0;0;0;1;1;0;0;0
"28/01/2013";"01:29:00";"3309";"sem vítima";"131.7";"BR-116/PR";"Norte";"Colisão Lateral";2;0;0;0;0;0;0;0;0;0;4;0;0;0;0
"28/01/2013";"03:38:00";"3311";"sem vítima";"134";"BR-116/PR";"Sul";"Choque - Defensa, barreira ou "submarino"";0;0;0;0;0;1;0;0;0;0;1;0;0;0;0
"28/01/2013";"04:17:00";"3384";"sem vítima";"255.6";"BR-116/SC";"Norte";"Colisão Traseira";2;0;0;0;0;0;0;0;0;0;4;0;0;0;0
"28/01/2013";"08:30:00";"3418";"sem vítima";"123.5";"BR-116/PR";"Norte";"Choque - Suporte de Sinalização";0;0;0;1;0;0;0;0;0;0;1;0;0;0;0
"29/01/2013";"08:46:00";"3457";"com vítima";"14";"BR-116/SC";"Sul";"Choque - Arvore";1;0;0;0;0;0;0;0;0;0;0;3;0;0;0
"29/01/2013";"10:39:00";"3472";"sem vítima";"203";"BR-116/PR";"Sul";;1;0;0;0;0;0;0;0;0;0;1;0;0;0;0
"29/01/2013";"04:37:00";"3521";"sem vítima";"209.3";"BR-116/SC";"Norte";"Colisão Traseira";2;0;0;0;0;0;0;0;0;0;2;0;0;0;0
"29/01/2013";"09:25:00";"3552";"sem vítima";"143.2";"BR-116/PR";"Sul";"Colisão Transversal";1;1;0;0;0;0;0;0;0;0;2;0;0;0;0
"30/01/2013";"06:32:00";"3673";"sem vítima";"152.2";"BR-116/PR";"Sul";"Colisão Lateral";1;0;1;0;0;0;0;0;0;0;2;0;0;0;0
"30/01/2013";"07:37:00";"3675";"sem vítima";"131.1";"BR-116/PR";"Sul";"Colisão Transversal";2;0;0;0;0;0;0;0;0;0;6;0;0;0;0
"31/01/2013";"10:04:00";"3712";"sem vítima";"152";"BR-116/SC";"Sul";"Objeto lançado contra veículo";1;0;0;0;0;0;0;0;0;0;1;0;0;0;0
"31/01/2013";"01:56:00";"3728";"sem vítima";"288.7";"BR-116/SC";"Sul";"Atropelamento de Animal";1;0;0;0;0;0;0;0;0;0;1;0;0;0;0
"31/01/2013";"02:00:00";"3729";"sem vítima";"298";"BR-116/SC";"Sul";"Colisão Lateral";1;0;0;0;0;1;0;0;0;0;2;0;0;0;0
"31/01/2013";"07:02:00";"3754";"sem vítima";"209.5";"BR-116/SC";"Sul";"Objeto lançado contra veículo";1;0;0;0;0;0;0;0;0;0;1;0;0;0;0
"31/01/2013";"11:36:00";"3774";"sem vítima";"125.6";"BR-116/PR";"Sul";"Colisão Traseira";0;0;1;0;1;0;0;0;0;0;2;0;0;0;0
"01/02/2013";"07:03:00";"28";"sem vítima";"307.3";"BR-116/SC";"Sul";"Queda de Moto";0;0;0;1;0;0;0;0;0;0;1;0;0;0;0
"01/02/2013";"07:51:00";"32";"com vítima";"122.8";"BR-116/PR";"Sul";"Saida de Pista";1;0;0;0;0;0;0;0;0;0;0;1;0;0;0
"01/02/2013";"09:31:00";"40";"com vítima";"13.9";"BR-116/SC";"Sul";"Queda de Moto";0;0;0;1;0;0;0;0;0;0;0;1;0;0;0
"01/02/2013";"10:48:00";"47";"sem vítima";"39";"BR-116/SC";"Norte";"Choque - Objeto sobre a pista";1;0;0;0;0;0;0;0;0;0;1;0;0;0;0
"01/02/2013";"10:53:00";"48";"sem vítima";"297.2";"BR-116/SC";"Sul";"Saida de Pista";0;0;0;0;0;0;0;0;0;1;1;0;0;0;0
"01/02/2013";"04:28:00";"102";"sem vítima";"139";"BR-116/PR";"Norte";"Outros";1;0;0;0;0;0;0;0;0;0;2;0;0;0;0
"02/02/2013";"08:09:00";"175";"sem vítima";"106.2";"BR-116/SC";"Sul";"Saida de Pista";1;0;0;0;0;0;0;0;0;0;1;0;0;0;0
"02/02/2013";"11:32:00";"201";"com vítima";"117.05";"BR-116/PR";"Sul";"Colisão Traseira";2;0;0;0;0;0;0;0;0;0;1;1;0;0;0
"02/02/2013";"11:40:00";"204";"sem vítima";"44.2";"BR-116/SC";"Sul";"Choque - Veiculo parado na pista";1;0;0;0;0;0;0;0;0;1;4;0;0;0;0
"02/02/2013";"11:52:00";"207";"sem vítima";"217.1";"BR-116/SC";"Sul";"Colisão Transversal";2;0;0;0;0;0;0;0;0;0;3;0;0;0;0
"02/02/2013";"01:28:00";"215";"sem vítima";"245";"BR-116/SC";"Sul";;1;0;1;0;0;0;0;0;0;0;2;0;0;0;0
"02/02/2013";"02:11:00";"221";"sem vítima";"4.5";"BR-116/SC";"Norte";"Tombamento";0;0;1;0;0;0;0;0;0;0;1;0;0;0;0
"02/02/2013";"02:22:00";"223";"sem vítima";"147.5";"BR-116/SC";"Sul";"Outros";0;0;1;0;0;0;0;0;0;0;1;0;0;0;0
"02/02/2013";"06:17:00";"246";"sem vítima";"198";"BR-116/PR";"Sul";"Colisão Lateral";2;0;0;0;0;0;0;0;0;0;2;0;0;0;0
"02/02/2013";"08:50:00";"261";"com vítima";"135.4";"BR-116/PR";"Sul";"Colisão Frontal";2;0;0;0;0;0;0;0;0;0;1;4;1;0;0
"02/02/2013";"08:52:00";"262";"sem vítima";"191";"BR-116/PR";"Norte";"Colisão Transversal";1;0;1;0;0;0;0;0;0;0;3;0;0;0;0
"02/02/2013";"09:35:00";"267";"com vítima";"115";"BR-116/PR";"Norte";"Atropelamento - Usuário";1;0;0;0;0;0;0;0;0;0;1;0;1;0;0
"02/02/2013";"11:17:00";"276";"sem vítima";"115";"BR-116/PR";"Sul";"Colisão Traseira";2;0;0;0;0;0;0;0;0;0;2;0;0;0;0
"02/02/2013";"11:57:00";"277";"sem vítima";"150";"BR-116/PR";"Sul";;1;0;0;0;0;0;0;0;0;0;1;0;0;0;0
"03/02/2013";"01:08:00";"281";"sem vítima";"211";"BR-116/PR";"Sul";"Colisão Traseira";2;0;0;0;0;0;0;0;0;0;2;0;0;0;0
"03/02/2013";"06:14:00";"295";"sem vítima";"197";"BR-116/PR";"Sul";"Objeto lançado contra veículo";1;0;0;0;0;0;0;0;0;0;3;0;0;0;0
"03/02/2013";"07:56:00";"305";"sem vítima";"44";"BR-116/SC";"Sul";"Colisão Lateral";1;0;1;0;0;0;0;0;0;0;2;0;0;0;0
"03/02/2013";"01:12:00";"329";"sem vítima";"170.7";"BR-116/PR";"Sul";"Tombamento";0;0;1;0;0;0;0;0;0;0;1;0;0;0;0
"03/02/2013";"01:42:00";"330";"sem vítima";"245.6";"BR-116/SC";"Sul";"Colisão Traseira";2;0;1;0;0;0;0;0;0;0;6;0;0;0;0
"04/02/2013";"01:10:00";"389";"sem vítima";"120.9";"BR-116/PR";"Norte";"Choque - Objeto sobre a pista";1;0;0;0;0;0;0;0;0;0;1;0;0;0;0
"04/02/2013";"05:07:00";"472";"sem vítima";"153.8";"BR-116/PR";"Norte";"Colisão Transversal";1;0;0;1;0;0;0;0;0;0;3;0;0;0;0
"04/02/2013";"05:11:00";"473";"sem vítima";"205.75";"BR-116/PR";"Norte";"Outros";0;0;1;0;0;0;0;0;0;0;1;0;0;0;0
"04/02/2013";"09:19:00";"490";"com vítima";"214.8";"BR-116/SC";"Sul";"Saida de Pista";1;0;0;0;0;0;0;0;0;0;0;1;0;0;0
"05/02/2013";"07:51:00";"517";"sem vítima";"119.4";"BR-116/PR";"Sul";"Colisão Frontal";1;0;0;0;0;1;0;0;0;0;2;0;0;0;0
"05/02/2013";"10:52:00";"538";"sem vítima";"152";"BR-116/SC";"Sul";"Choque - Objeto sobre a pista";1;0;0;0;0;0;0;0;0;0;1;0;0;0;0
"05/02/2013";"12:02:00";"547";"sem vítima";"164.5";"BR-116/PR";"Sul";"Colisão Traseira";0;0;0;0;0;0;0;0;0;2;4;0;0;0;0
"05/02/2013";"02:19:00";"554";"sem vítima";"132.8";"BR-116/PR";"Sul";"Objeto lançado contra veículo";0;0;1;0;0;0;0;0;0;0;3;0;0;0;0
"05/02/2013";"06:38:00";"597";"sem vítima";"215";"BR-116/SC";"Sul";"Objeto lançado contra veículo";1;0;0;0;0;0;0;0;0;0;1;0;0;0;0
"06/02/2013";"05:25:00";"641";"com vítima";"159.7";"BR-116/SC";"Sul";"Saida de Pista";0;0;1;0;0;0;0;0;0;0;1;2;0;0;0
"06/02/2013";"09:08:00";"652";"sem vítima";"208";"BR-116/SC";"Norte";"Queda de Moto";0;0;0;1;0;0;0;0;0;0;1;0;0;0;0
"06/02/2013";"10:43:00";"663";"sem vítima";"117.8";"BR-116/PR";"Norte";"Colisão Lateral";1;0;1;0;0;0;0;0;0;0;2;0;0;0;0
"06/02/2013";"11:39:00";"668";"sem vítima";"238.9";"BR-116/SC";"Sul";"Colisão Frontal";1;0;1;0;0;0;0;0;0;0;2;0;0;0;0
"06/02/2013";"01:50:00";"677";"com vítima";"170.9";"BR-116/SC";"Sul";"Saida de Pista";0;0;1;0;0;0;0;0;0;0;0;1;0;0;0
"06/02/2013";"03:33:00";"687";"sem vítima";"55.1";"BR-116/SC";"Sul";"Objeto lançado contra veículo";0;0;0;0;0;0;0;0;0;1;1;0;0;0;0
"06/02/2013";"04:02:00";"692";"com vítima";"162.6";"BR-116/PR";"Sul";"Saida de Pista";1;0;0;0;0;0;0;0;0;0;0;1;0;0;0
"06/02/2013";"04:05:00";"693";"sem vítima";"120";"BR-116/PR";"Sul";"Choque - Veiculo parado na pista";1;0;1;0;0;0;0;0;0;1;3;0;0;0;0
"06/02/2013";"04:49:00";"697";"com vítima";"119.4";"BR-116/PR";"Sul";"Colisão Transversal";1;0;1;0;0;0;0;0;0;0;2;1;0;0;0
"07/02/2013";"03:13:00";"737";"sem vítima";"296.3";"BR-116/SC";"Sul";"Colisão Lateral";0;0;3;0;0;0;0;0;0;0;5;0;0;0;0
"07/02/2013";"08:32:00";"750";"sem vítima";"135";"BR-116/SC";"Sul";"Saida de Pista";1;0;0;0;0;0;0;0;0;0;1;0;0;0;0
"07/02/2013";"09:08:00";"757";"com vítima";"250.9";"BR-116/SC";"Sul";"Queda de Moto";0;0;0;1;0;0;0;0;0;0;0;1;0;0;0
"07/02/2013";"12:09:00";"770";"com vítima";"152.3";"BR-116/PR";"Norte";"Colisão Transversal";2;0;0;0;0;0;0;0;0;1;3;0;1;0;0
"07/02/2013";"03:26:00";"783";"sem vítima";"191.2";"BR-116/SC";"Sul";"Colisão Traseira";1;0;1;0;0;0;0;0;0;0;2;0;0;0;0
"07/02/2013";"04:52:00";"793";"sem vítima";"245.6";"BR-116/SC";"Sul";"Colisão Transversal";2;0;0;0;0;0;0;0;0;0;2;0;0;0;0
"07/02/2013";"07:54:00";"807";"com vítima";"139.6";"BR-116/SC";"Sul";"Colisão Frontal";2;0;0;0;0;0;0;0;0;0;2;0;2;0;0
"07/02/2013";"09:38:00";"814";"com vítima";"149.95";"BR-116/PR";"Norte";"Colisão Transversal";1;0;1;0;0;0;0;0;0;0;2;2;0;0;0
"07/02/2013";"09:53:00";"815";"com vítima";"202.5";"BR-116/PR";"Norte";"Colisão Lateral";1;0;1;0;0;0;0;0;0;0;3;2;1;0;0
"07/02/2013";"10:09:00";"818";"sem vítima";"91";"BR-116/SC";"Sul";"Saida de Pista";1;0;0;0;0;0;0;0;0;0;1;0;0;0;0
"07/02/2013";"10:15:00";"819";"sem vítima";"140.2";"BR-116/PR";"Sul";"Atropelamento de Animal";0;0;1;0;0;0;0;0;0;0;1;0;0;0;0
"08/02/2013";"05:27:00";"833";"sem vítima";"12.3";"BR-116/SC";"Norte";"Tombamento";0;0;1;0;0;0;0;0;0;0;1;0;0;0;0
"08/02/2013";"06:47:00";"837";"sem vítima";"125.8";"BR-116/PR";"Norte";"Colisão Traseira";1;0;0;0;0;0;0;0;0;1;2;0;0;0;0
"08/02/2013";"01:28:00";"868";"sem vítima";"152";"BR-116/SC";"Norte";"Choque - Cancela de Pedagio";1;0;0;0;0;0;0;0;0;0;3;0;0;0;0
"08/02/2013";"04:26:00";"887";"com vítima";"77.8";"BR-116/SC";"Sul";"Saida de Pista";1;0;0;0;0;0;0;0;0;0;0;0;0;1;0
"08/02/2013";"08:58:00";"908";"sem vítima";"79";"BR-116/SC";"Sul";"Objeto lançado contra veículo";1;0;0;0;0;0;0;0;0;0;1;0;0;0;0
"09/02/2013";"04:14:00";"937";"sem vítima";"205.5";"BR-116/PR";"Sul";"Colisão Transversal";2;0;0;0;0;0;0;0;0;0;3;0;0;0;0
"09/02/2013";"07:41:00";"949";"sem vítima";"152.3";"BR-116/PR";"Norte";"Colisão Transversal";1;0;0;0;1;0;0;0;0;0;46;0;0;0;0
"09/02/2013";"06:23:00";"995";"sem vítima";"79";"BR-116/SC";"Sul";"Colisão Traseira";1;0;0;0;0;0;0;0;0;0;5;0;0;0;0
"10/02/2013";"01:49:00";"1025";"sem vítima";"83.9";"BR-116/SC";"Sul";"Atropelamento de Animal";1;0;0;0;0;0;0;0;0;0;2;0;0;0;0
"10/02/2013";"07:44:00";"1046";"sem vítima";"120.95";"BR-116/SC";"Sul";"Colisão Traseira";1;0;1;0;0;0;0;0;0;0;6;0;0;0;0
"10/02/2013";"01:40:00";"1064";"sem vítima";"309.3";"BR-116/SC";"Sul";"Colisão Traseira";1;0;0;0;0;0;0;0;0;1;8;0;0;0;0
"10/02/2013";"02:29:00";"1071";"sem vítima";"209";"BR-116/PR";"Sul";"Colisão Transversal";1;0;0;0;0;1;0;0;0;0;2;0;0;0;0
"10/02/2013";"05:11:00";"1084";"com vítima";"45";"BR-116/SC";"Sul";"Queda de Moto";0;0;0;1;0;0;0;0;0;0;0;2;0;0;0
"10/02/2013";"06:18:00";"1091";"sem vítima";"191.95";"BR-116/SC";"Norte";"Colisão Traseira";1;0;0;1;0;0;0;0;0;0;6;0;0;0;0
"10/02/2013";"11:17:00";"1116";"sem vítima";"165.9";"BR-116/PR";"Norte";"Colisão Lateral";1;0;0;0;0;1;0;0;0;0;2;0;0;0;0
"10/02/2013";"11:59:00";"1120";"sem vítima";"197.4";"BR-116/PR";"Sul";"Saida de Pista";1;0;0;0;0;0;0;0;0;0;1;0;0;0;0
"11/02/2013";"04:16:00";"1126";"com vítima";"181.2";"BR-116/PR";"Sul";"Saida de Pista";1;0;0;0;0;0;0;0;0;0;0;1;0;0;0
"11/02/2013";"08:55:00";"1147";"com vítima";"108.45";"BR-116/SC";"Sul";"Saida de Pista";0;0;1;0;0;0;0;0;0;0;3;1;0;0;0
"11/02/2013";"12:11:00";"1166";"com vítima";"12.25";"BR-116/SC";"Sul";"Colisão Lateral";1;0;1;0;0;0;0;0;0;0;2;2;0;0;0
"11/02/2013";"01:45:00";"1168";"sem vítima";"304";"BR-116/SC";"Norte";"Colisão Lateral";0;0;1;0;0;1;0;0;0;0;2;0;0;0;0
"11/02/2013";"02:18:00";"1174";"sem vítima";"166";"BR-116/PR";"Norte";"Objeto lançado contra veículo";0;0;1;0;0;0;0;0;0;0;1;0;0;0;0