data;horario;n_da_ocorrencia;tipo_de_ocorrencia;km;trecho;sentido;tipo_de_acidente;automovel;bicicleta;caminhao;moto;onibus;outros;tracao_animal;transporte_de_cargas_especiais;trator_maquinas;utilitarios;ilesos;levemente_feridos;moderadamente_feridos;gravemente_feridos;mortos
"27/04/2013";"12:53:00";"2743";"sem vítima";"124";"BR-116/PR";"Sul";"Objeto lançado contra veículo";1;0;0;0;0;0;0;0;0;0;1;0;0;0;0
"27/04/2013";"05:06:00";"2759";"sem vítima";"136.6";"BR-116/PR";"Norte";"Colisão Transversal";1;0;1;0;0;0;0;0;0;0;2;0;0;0;0
"27/04/2013";"06:52:00";"2764";"com vítima";"119.4";"BR-116/PR";"Sul";"Colisão Transversal";3;0;0;0;0;0;0;0;0;0;2;1;0;0;0
"27/04/2013";"08:50:00";"2774";"sem vítima";"74";"BR-116/SC";"Sul";"Objeto lançado contra veículo";1;0;0;0;0;0;0;0;0;0;1;0;0;0;0
"27/04/2013";"09:23:00";"2779";"sem vítima";"116.6";"BR-116/PR";"Sul";"Tombamento";0;0;1;0;0;0;0;0;0;0;1;0;0;0;0
"27/04/2013";"10:08:00";"2782";"sem vítima";"82";"BR-116/SC";"Sul";"Choque - Suporte de Sinalização";0;0;1;0;0;0;0;0;0;0;1;0;0;0;0
"27/04/2013";"12:15:00";"2789";"sem vítima";"75.6";"BR-116/SC";"Sul";"Objeto lançado contra veículo";0;0;1;0;0;0;0;0;0;0;1;0;0;0;0
"27/04/2013";"05:18:00";"2816";"com vítima";"159";"BR-116/PR";"Norte";"Capotamento";1;0;0;0;0;0;0;0;0;0;2;1;0;0;0
"27/04/2013";"06:02:00";"2821";"com vítima";"123";"BR-116/PR";"Sul";"Saida de Pista";1;0;0;0;0;0;0;0;0;0;0;2;0;0;0
"28/04/2013";"12:17:00";"2881";"sem vítima";"74";"BR-116/SC";"Sul";"Objeto lançado contra veículo";0;0;0;0;0;0;0;0;0;1;3;0;0;0;0
"28/04/2013";"01:29:00";"2885";"sem vítima";"0";"BR-116/SC";"Norte";"Colisão Lateral";2;0;0;0;0;0;0;0;0;0;2;0;0;0;0
"28/04/2013";"04:36:00";"2906";"com vítima";"160.2";"BR-116/SC";"Sul";"Colisão Frontal";2;0;0;0;0;0;0;0;0;0;0;5;0;0;0
"28/04/2013";"05:05:00";"2912";"sem vítima";"74";"BR-116/SC";"Sul";"Objeto lançado contra veículo";0;0;1;0;0;0;0;0;0;0;1;0;0;0;0
"28/04/2013";"05:14:00";"2914";"sem vítima";"145";"BR-116/PR";"Norte";"Objeto lançado contra veículo";1;0;0;0;0;0;0;0;0;0;1;0;0;0;0
"28/04/2013";"06:20:00";"2917";"sem vítima";"211";"BR-116/PR";"Norte";"Colisão Traseira";1;0;1;0;0;0;0;0;0;0;2;0;0;0;0
"28/04/2013";"07:11:00";"2927";"com vítima";"122.04";"BR-116/PR";"Norte";"Colisão Frontal";1;0;0;1;0;0;0;0;0;0;1;0;0;1;0
"28/04/2013";"07:48:00";"2930";"sem vítima";"70";"BR-116/SC";"Sul";"Objeto lançado contra veículo";1;0;0;0;0;0;0;0;0;0;2;0;0;0;0
"29/04/2013";"06:33:00";"2959";"sem vítima";"125.5";"BR-116/PR";"Norte";"Colisão Traseira";1;0;0;1;0;0;0;0;0;0;3;0;0;0;0
"29/04/2013";"07:30:00";"2963";"sem vítima";"129.4";"BR-116/PR";"Sul";"Colisão Traseira";2;0;0;0;0;0;0;0;0;0;2;0;0;0;0
"29/04/2013";"05:34:00";"3025";"sem vítima";"12";"BR-116/SC";"Norte";"Outros - Sequência";0;0;1;0;0;0;0;0;0;0;1;0;0;0;0
"29/04/2013";"06:00:00";"3031";"com vítima";"163.3";"BR-116/PR";"Sul";"Colisão Traseira";0;0;0;1;0;0;0;0;0;1;1;0;0;1;0
"29/04/2013";"06:59:00";"3040";"sem vítima";"168";"BR-116/PR";"Norte";"Choque - Objeto sobre a pista";1;0;0;0;0;0;0;0;0;0;1;0;0;0;0
"29/04/2013";"07:06:00";"3041";"sem vítima";"140.9";"BR-116/PR";"Norte";"Colisão Traseira";2;0;0;0;0;0;0;0;0;0;3;0;0;0;0
"30/04/2013";"08:35:00";"3081";"sem vítima";"120";"BR-116/PR";"Norte";"Colisão Traseira";2;0;0;0;0;0;0;0;0;0;2;0;0;0;0
"30/04/2013";"10:42:00";"3094";"sem vítima";"130";"BR-116/PR";"Sul";"Colisão Traseira";1;0;0;1;0;0;0;0;0;0;2;0;0;0;0
"30/04/2013";"07:40:00";"3135";"com vítima";"11.5";"BR-116/SC";"Norte";"Colisão Traseira";0;0;2;0;0;0;0;0;0;1;7;2;0;0;0
"30/04/2013";"07:45:00";"3137";"sem vítima";"206";"BR-116/PR";"Norte";"Objeto lançado contra veículo";0;0;1;0;0;0;0;0;0;0;1;0;0;0;0
"30/04/2013";"09:00:00";"3143";"sem vítima";"205.8";"BR-116/PR";"Sul";"Objeto lançado contra veículo";0;0;1;0;0;0;0;0;0;0;1;0;0;0;0
"30/04/2013";"09:42:00";"3147";"sem vítima";"8.2";"BR-116/SC";"Sul";"Colisão Lateral";1;0;0;0;0;1;0;0;0;0;4;0;0;0;0
"01/05/2013";"05:58:00";"13";"sem vítima";"4.5";"BR-116/SC";"Norte";"Choque - Objeto sobre a pista";1;0;0;0;0;0;0;0;0;0;3;0;0;0;0
"01/05/2013";"06:49:00";"18";"sem vítima";"181.3";"BR-116/SC";"Norte";"Capotamento";1;0;0;0;0;0;0;0;0;0;1;0;0;0;0
"01/05/2013";"08:09:00";"23";"sem vítima";"115.4";"BR-116/PR";"Sul";"Colisão Traseira";2;0;0;0;0;0;0;0;0;1;3;0;0;0;0
"01/05/2013";"09:08:00";"27";"sem vítima";"125";"BR-116/PR";"Sul";"Engavetamento";3;0;0;0;0;0;0;0;0;0;10;0;0;0;0
"01/05/2013";"12:12:00";"44";"sem vítima";"225.8";"BR-116/SC";"Sul";"Colisão Traseira";1;0;0;0;0;1;0;0;0;0;5;0;0;0;0
"01/05/2013";"05:27:00";"64";"com vítima";"133.3";"BR-116/SC";"Norte";"Queda de Moto";0;0;0;1;0;0;0;0;0;0;0;0;2;0;0
"01/05/2013";"06:28:00";"73";"sem vítima";"232.8";"BR-116/SC";"Sul";"Objeto lançado contra veículo";0;0;1;0;0;0;0;0;0;0;1;0;0;0;0
"01/05/2013";"08:27:00";"86";"sem vítima";"232.15";"BR-116/SC";"Sul";"Choque - Objeto sobre a pista";1;0;0;0;0;0;0;0;0;0;2;0;0;0;0
"02/05/2013";"04:46:00";"110";"sem vítima";"121.3";"BR-116/PR";"Norte";"Colisão Lateral";0;0;0;0;0;1;0;0;0;1;3;0;0;0;0
"02/05/2013";"10:06:00";"132";"sem vítima";"165";"BR-116/PR";"Sul";"Atropelamento de Animal";1;0;0;0;0;0;0;0;0;0;1;0;0;0;0
"02/05/2013";"02:03:00";"157";"sem vítima";"136.5";"BR-116/PR";"Norte";"Objeto lançado contra veículo";1;0;0;0;0;0;0;0;0;0;1;0;0;0;0
"02/05/2013";"02:28:00";"159";"com vítima";"153.8";"BR-116/PR";"Norte";"Colisão Transversal";0;0;0;1;0;0;0;0;0;1;1;0;0;1;0
"02/05/2013";"04:02:00";"169";"sem vítima";"142.8";"BR-116/PR";"Norte";"Objeto lançado contra veículo";0;0;1;0;0;0;0;0;0;0;1;0;0;0;0
"02/05/2013";"04:31:00";"174";"sem vítima";"63";"BR-116/SC";"Sul";"Objeto lançado contra veículo";1;0;0;0;0;0;0;0;0;0;1;0;0;0;0
"02/05/2013";"11:21:00";"210";"sem vítima";"163";"BR-116/SC";"Sul";"Atropelamento de Animal";1;0;0;0;0;0;0;0;0;0;1;0;0;0;0
"03/05/2013";"08:06:00";"235";"sem vítima";"143.4";"BR-116/SC";"Sul";"Objeto lançado contra veículo";1;0;0;0;0;0;0;0;0;0;1;0;0;0;0
"03/05/2013";"01:06:00";"261";"sem vítima";"28";"BR-116/SC";"Sul";"Choque - Veiculo parado na pista";1;0;1;0;0;0;0;0;0;0;4;0;0;0;0
"03/05/2013";"06:04:00";"295";"sem vítima";"261.1";"BR-116/SC";"Sul";"Colisão Lateral";1;0;1;0;0;0;0;0;0;0;3;0;0;0;0
"03/05/2013";"10:41:00";"325";"sem vítima";"209.7";"BR-116/SC";"Sul";"Choque - Objeto sobre a pista";1;0;0;0;0;0;0;0;0;0;1;0;0;0;0
"03/05/2013";"10:50:00";"327";"com vítima";"72.1";"BR-116/SC";"Norte";"Saida de Pista";0;0;0;0;0;0;0;0;0;1;1;1;0;0;0
"04/05/2013";"12:47:00";"333";"sem vítima";"197";"BR-116/SC";"Sul";"Atropelamento de Animal";1;0;0;0;0;0;0;0;0;0;2;0;0;0;0
"04/05/2013";"11:38:00";"367";"sem vítima";"166.15";"BR-116/PR";"Norte";"Colisão Transversal";2;0;0;0;0;0;0;0;0;0;7;0;0;0;0
"04/05/2013";"12:43:00";"375";"com vítima";"119.5";"BR-116/PR";"Norte";"Choque - Veiculo parado na pista";1;0;0;0;0;1;0;0;0;0;3;1;0;0;0
"04/05/2013";"02:36:00";"380";"sem vítima";"130";"BR-116/PR";"Norte";"Objeto lançado contra veículo";1;0;0;0;0;1;0;0;0;0;2;0;0;0;0
"04/05/2013";"03:43:00";"386";"sem vítima";"204.5";"BR-116/SC";"Sul";"Saida de Pista";1;0;0;0;0;0;0;0;0;0;1;0;0;0;0
"04/05/2013";"04:05:00";"389";"sem vítima";"122.4";"BR-116/PR";"Sul";"Colisão Transversal";2;0;0;0;0;0;0;0;0;0;7;0;0;0;0
"04/05/2013";"06:19:00";"401";"com vítima";"216.2";"BR-116/SC";"Norte";"Colisão Traseira";1;0;0;1;0;0;0;0;0;0;1;0;1;0;0
"04/05/2013";"11:40:00";"423";"sem vítima";"119.3";"BR-116/PR";"Sul";"Colisão Transversal";2;0;0;0;0;0;0;0;0;0;2;0;0;0;0
"05/05/2013";"01:06:00";"429";"sem vítima";"119.3";"BR-116/PR";"Norte";"Colisão Traseira";2;0;0;0;0;0;0;0;0;0;4;0;0;0;0
"05/05/2013";"02:13:00";"432";"sem vítima";"144.7";"BR-116/PR";"Norte";"Saida de Pista";1;0;0;0;0;0;0;0;0;0;1;0;0;0;0
"05/05/2013";"05:31:00";"439";"sem vítima";"117.8";"BR-116/PR";"Norte";"Colisão Traseira";0;0;0;0;1;0;0;0;0;1;2;0;0;0;0
"05/05/2013";"02:42:00";"467";"sem vítima";"1";"BR-116/SC";"Sul";"Colisão Traseira";2;0;0;0;0;0;0;0;0;0;3;0;0;0;0
"05/05/2013";"05:20:00";"486";"sem vítima";"117.6";"BR-116/PR";"Sul";"Outros";1;0;0;0;0;0;0;0;0;0;3;0;0;0;0
"05/05/2013";"06:17:00";"496";"sem vítima";"122.7";"BR-116/PR";"Sul";"Colisão Traseira";2;0;0;0;0;0;0;0;0;0;2;0;0;0;0
"05/05/2013";"07:10:00";"500";"sem vítima";"122";"BR-116/PR";"Norte";"Saida de Pista";1;0;0;0;0;0;0;0;0;0;1;0;0;0;0
"05/05/2013";"07:30:00";"505";"com vítima";"68.8";"BR-116/SC";"Sul";"Colisão Transversal";1;0;0;1;0;0;0;0;0;0;1;1;0;0;0
"05/05/2013";"08:11:00";"507";"sem vítima";"125";"BR-116/PR";"Norte";"Colisão Traseira";1;0;0;0;0;1;0;0;0;0;2;0;0;0;0
"05/05/2013";"08:34:00";"509";"sem vítima";"134.6";"BR-116/PR";"Norte";"Choque - Defensa, barreira ou "submarino"";1;0;0;0;0;0;0;0;0;0;3;0;0;0;0
"05/05/2013";"10:14:00";"511";"sem vítima";"121.7";"BR-116/PR";"Sul";"Saida de Pista";1;0;0;0;0;0;0;0;0;0;1;0;0;0;0
"05/05/2013";"11:06:00";"514";"sem vítima";"105";"BR-116/SC";"Sul";"Choque - Objeto sobre a pista";1;0;0;0;0;0;0;0;0;0;1;0;0;0;0
"06/05/2013";"12:47:00";"517";"com vítima";"10.6";"BR-116/SC";"Sul";"Saida de Pista";1;0;0;0;0;0;0;0;0;0;1;3;0;0;0
"06/05/2013";"02:49:00";"562";"sem vítima";"69.2";"BR-116/SC";"Norte";"Colisão Transversal";1;0;1;0;0;0;0;0;0;0;2;0;0;0;0
"06/05/2013";"05:11:00";"581";"sem vítima";"40.5";"BR-116/SC";"Sul";"Choque - Objeto sobre a pista";0;0;1;0;0;0;0;0;0;0;1;0;0;0;0
"06/05/2013";"10:27:00";"603";"com vítima";"172.9";"BR-116/SC";"Sul";"Saida de Pista";1;0;0;0;0;0;0;0;0;0;1;1;0;0;0
"07/05/2013";"06:39:00";"610";"sem vítima";"172.9";"BR-116/SC";"Sul";"Choque - Outros";1;0;0;0;0;0;0;0;0;0;2;0;0;0;0
"07/05/2013";"07:58:00";"615";"com vítima";"118.1";"BR-116/PR";"Sul";"Atropelamento de Animal";0;0;0;1;0;0;0;0;0;0;0;1;0;0;0
"07/05/2013";"12:15:00";"632";"com vítima";"128.4";"BR-116/PR";"Sul";"Choque - Veiculo parado na pista";1;0;0;0;0;0;0;0;0;1;1;0;1;0;0
"07/05/2013";"12:50:00";"637";"sem vítima";"128.4";"BR-116/PR";"Sul";"Colisão Traseira";2;0;0;0;0;0;0;0;0;0;2;0;0;0;0
"07/05/2013";"01:18:00";"639";"sem vítima";"52";"BR-116/SC";"Norte";"Objeto lançado contra veículo";0;0;0;0;0;0;0;0;0;1;1;0;0;0;0
"07/05/2013";"02:26:00";"647";"sem vítima";"241";"BR-116/SC";"Norte";"Objeto lançado contra veículo";0;0;0;0;0;0;0;0;0;1;1;0;0;0;0
"07/05/2013";"03:17:00";"654";"sem vítima";"117";"BR-116/PR";"Norte";"Colisão Traseira";2;0;1;0;0;0;0;0;0;0;5;0;0;0;0
"07/05/2013";"05:39:00";"668";"sem vítima";"117";"BR-116/PR";"Norte";"Saida de Pista";0;0;1;0;0;0;0;0;0;0;1;0;0;0;0
"07/05/2013";"06:01:00";"671";"com vítima";"181.7";"BR-116/PR";"Norte";"Saida de Pista";1;0;0;0;0;0;0;0;0;0;2;1;0;0;0
"07/05/2013";"10:23:00";"705";"com vítima";"116.3";"BR-116/PR";"Sul";"Colisão Frontal";2;0;0;0;0;0;0;0;0;0;1;1;0;0;0
"07/05/2013";"11:24:00";"706";"sem vítima";"117.6";"BR-116/PR";"Sul";"Saida de Pista";1;0;0;0;0;0;0;0;0;0;1;0;0;0;0
"08/05/2013";"12:33:00";"715";"com vítima";"116.2";"BR-116/PR";"Sul";"Colisão Lateral";0;0;0;1;0;1;0;0;0;0;1;1;0;0;0
"08/05/2013";"09:04:00";"735";"sem vítima";"142.6";"BR-116/SC";"Sul";"Choque - Veiculo parado na pista";3;0;0;0;0;0;0;0;0;0;7;0;0;0;0
"08/05/2013";"09:14:00";"736";"sem vítima";"116.5";"BR-116/PR";"Norte";"Engavetamento";3;0;0;0;0;0;0;0;0;0;3;0;0;0;0
"08/05/2013";"10:03:00";"741";"com vítima";"120.9";"BR-116/PR";"Sul";"Colisão Frontal";2;0;0;0;0;0;0;0;0;0;2;2;0;0;0
"08/05/2013";"11:52:00";"751";"sem vítima";"77";"BR-116/SC";"Sul";"Objeto lançado contra veículo";0;0;1;0;0;0;0;0;0;0;1;0;0;0;0
"08/05/2013";"01:21:00";"756";"sem vítima";"124.1";"BR-116/SC";"Norte";"Saida de Pista";1;0;0;0;0;0;0;0;0;0;1;0;0;0;0
"08/05/2013";"02:55:00";"765";"sem vítima";"309";"BR-116/SC";"Sul";"Tombamento";0;0;3;0;0;0;0;0;0;0;3;0;0;0;0
"08/05/2013";"06:37:00";"794";"sem vítima";"178.3";"BR-116/SC";"Sul";"Colisão Traseira";0;0;1;0;0;0;0;0;1;0;2;0;0;0;0
"08/05/2013";"07:07:00";"800";"sem vítima";"62.4";"BR-116/SC";"Sul";"Colisão Frontal";0;0;1;0;0;0;0;0;0;1;2;0;0;0;0
"09/05/2013";"07:12:00";"832";"com vítima";"53.3";"BR-116/SC";"Norte";"Colisão Traseira";2;0;0;0;0;0;0;0;0;0;4;2;0;0;0
"09/05/2013";"09:06:00";"844";"com vítima";"236.2";"BR-116/SC";"Norte";"Colisão Transversal";1;0;0;0;0;0;0;0;0;1;1;1;0;0;0
"09/05/2013";"01:33:00";"866";"sem vítima";"119";"BR-116/PR";"Norte";"Colisão Transversal";2;0;0;0;0;0;0;0;0;0;2;0;0;0;0
"09/05/2013";"03:08:00";"875";"com vítima";"5.5";"BR-116/SC";"Norte";"Atropelamento - Morador";0;0;1;0;0;0;0;0;0;0;1;0;0;1;0
"09/05/2013";"06:17:00";"896";"sem vítima";"243.5";"BR-116/SC";"Norte";"Saida de Pista";2;0;0;0;0;0;0;0;0;0;3;0;0;0;0
"10/05/2013";"10:20:00";"951";"com vítima";"65.05";"BR-116/SC";"Norte";"Colisão Frontal";1;0;1;0;0;0;0;0;0;0;0;1;2;0;0
"10/05/2013";"12:52:00";"969";"sem vítima";"303";"BR-116/SC";"Sul";"Saida de Pista";1;0;0;0;0;0;0;0;0;0;1;0;0;0;0
"10/05/2013";"02:06:00";"977";"sem vítima";"0.2";"BR-116/SC";"Norte";"Colisão Traseira";1;0;1;0;0;0;0;0;0;0;2;0;0;0;0
"10/05/2013";"02:10:00";"978";"com vítima";"168.3";"BR-116/PR";"Norte";"Colisão Lateral";1;0;1;0;0;0;0;0;0;0;2;1;0;0;0
"10/05/2013";"03:23:00";"990";"sem vítima";"69";"BR-116/SC";"Norte";"Tombamento";0;0;1;0;0;0;0;0;0;0;1;0;0;0;0
"10/05/2013";"03:39:00";"994";"com vítima";"52";"BR-116/SC";"Norte";"Colisão Transversal";2;0;0;0;0;0;0;0;0;0;3;2;0;0;0
"10/05/2013";"06:11:00";"1009";"com vítima";"115.6";"BR-116/PR";"Sul";"Colisão Lateral";1;0;0;1;0;0;0;0;0;0;2;2;0;0;0
"10/05/2013";"06:51:00";"1014";"sem vítima";"134";"BR-116/PR";"Sul";"Objeto lançado contra veículo";1;0;0;0;0;0;0;0;0;0;3;0;0;0;0
"10/05/2013";"07:03:00";"1015";"sem vítima";"217.3";"BR-116/SC";"Sul";"Colisão Lateral";1;0;1;0;0;0;0;0;0;0;2;0;0;0;0
"10/05/2013";"09:59:00";"1032";"sem vítima";"95";"BR-116/SC";"Norte";"Choque - Objeto sobre a pista";1;0;0;0;0;0;0;0;0;0;1;0;0;0;0
"10/05/2013";"11:50:00";"1039";"com vítima";"121";"BR-116/PR";"Norte";"Atropelamento - Usuário";0;0;0;0;0;1;0;0;0;0;1;0;0;1;0
"11/05/2013";"12:42:00";"1041";"sem vítima";"121.7";"BR-116/SC";"Sul";"Colisão Lateral";1;0;1;0;0;0;0;0;0;0;2;0;0;0;0
"11/05/2013";"01:12:00";"1042";"com vítima";"123.8";"BR-116/SC";"Norte";"Saida de Pista";1;0;0;0;0;0;0;0;0;0;2;2;0;0;0
"11/05/2013";"11:14:00";"1067";"sem vítima";"122.95";"BR-116/PR";"Norte";"Colisão Transversal";1;0;1;0;0;0;0;0;0;0;2;0;0;0;0
"11/05/2013";"11:50:00";"1071";"com vítima";"190.9";"BR-116/SC";"Sul";"Colisão Lateral";2;0;2;0;0;0;0;0;0;0;6;0;1;0;1
"11/05/2013";"01:02:00";"1073";"com vítima";"117.8";"BR-116/PR";"Sul";"Colisão Lateral";1;0;0;1;0;0;0;0;0;0;3;1;0;0;0
"12/05/2013";"04:07:00";"1168";"sem vítima";"4.6";"BR-116/SC";"Sul";"Choque - Objeto sobre a pista";2;0;0;0;0;0;0;0;0;0;6;0;0;0;0
"13/05/2013";"04:04:00";"1225";"sem vítima";"173";"BR-116/PR";"Norte";"Outros";0;0;1;0;0;0;0;0;0;0;1;0;0;0;0
"13/05/2013";"06:14:00";"1231";"sem vítima";"261.4";"BR-116/SC";"Norte";"Saida de Pista";1;0;0;0;0;0;0;0;0;0;1;0;0;0;0
"13/05/2013";"10:28:00";"1258";"sem vítima";"122.95";"BR-116/PR";"Norte";"Colisão Traseira";0;0;1;0;0;0;0;0;0;1;3;0;0;0;0
"13/05/2013";"02:50:00";"1285";"sem vítima";"57";"BR-116/SC";"Norte";"Choque - Outros";1;0;0;0;0;0;0;0;0;0;1;0;0;0;0
"13/05/2013";"09:26:00";"1315";"sem vítima";"125.2";"BR-116/PR";"Sul";"Colisão Frontal";5;0;0;0;0;0;0;0;0;0;10;0;0;0;0
"13/05/2013";"10:05:00";"1316";"sem vítima";"140.3";"BR-116/SC";"Sul";"Objeto lançado contra veículo";0;0;1;0;0;0;0;0;0;0;1;0;0;0;0
"13/05/2013";"11:40:00";"1319";"sem vítima";"139.5";"BR-116/PR";"Norte";"Choque - Objeto sobre a pista";1;0;0;0;0;0;0;0;0;0;5;0;0;0;0
"14/05/2013";"04:22:00";"1331";"sem vítima";"6.8";"BR-116/SC";"Sul";"Colisão Lateral";0;0;0;0;1;1;0;0;0;0;12;0;0;0;0
"14/05/2013";"01:19:00";"1371";"com vítima";"5.5";"BR-116/SC";"Norte";"Colisão Transversal";1;0;0;1;0;0;0;0;0;0;1;1;0;0;0
"14/05/2013";"02:53:00";"1382";"sem vítima";"69.1";"BR-116/SC";"Sul";"Colisão Traseira";2;0;0;0;0;0;0;0;0;0;2;0;0;0;0
"15/05/2013";"03:00:00";"1425";"sem vítima";"0.5";"BR-116/SC";"Sul";"Colisão Traseira";2;0;0;0;0;0;0;0;0;0;6;0;0;0;0
"15/05/2013";"07:24:00";"1434";"sem vítima";"122.3";"BR-116/PR";"Sul";"Colisão Transversal";0;0;1;0;1;0;0;0;0;0;19;0;0;0;0
"15/05/2013";"07:30:00";"1435";"com vítima";"119";"BR-116/PR";"Sul";"Colisão Traseira";3;0;0;0;0;0;0;0;0;0;3;1;0;0;0
"15/05/2013";"11:55:00";"1447";"sem vítima";"300";"BR-116/SC";"Norte";"Saida de Pista";1;0;1;0;0;0;0;0;0;0;3;0;0;0;0
"15/05/2013";"02:03:00";"1460";"sem vítima";"181.3";"BR-116/SC";"Norte";"Tombamento";1;0;0;0;0;0;0;0;0;0;1;0;0;0;0
"15/05/2013";"02:38:00";"1463";"sem vítima";"210.4";"BR-116/SC";"Sul";"Saida de Pista";0;0;0;0;0;0;0;0;0;1;1;0;0;0;0
"15/05/2013";"09:14:00";"1504";"sem vítima";"125.05";"BR-116/PR";"Norte";"Colisão Traseira";2;0;0;0;0;0;0;0;0;0;5;0;0;0;0
"15/05/2013";"11:10:00";"1511";"sem vítima";"82";"BR-116/SC";"Sul";"Atropelamento de Animal";1;0;0;0;0;0;0;0;0;0;3;0;0;0;0
"16/05/2013";"05:28:00";"1580";"sem vítima";"122";"BR-116/PR";"Sul";"Objeto lançado contra veículo";1;0;0;0;0;0;0;0;0;0;1;0;0;0;0
"16/05/2013";"07:46:00";"1596";"sem vítima";"119.4";"BR-116/PR";"Sul";"Colisão Lateral";2;0;0;0;0;0;0;0;0;0;2;0;0;0;0
"16/05/2013";"09:39:00";"1604";"sem vítima";"37.1";"BR-116/SC";"Sul";"Saida de Pista";1;0;0;0;0;0;0;0;0;0;1;0;0;0;0
"16/05/2013";"09:42:00";"1605";"sem vítima";"121";"BR-116/PR";"Norte";"Queda de Moto";0;0;0;1;0;0;0;0;0;0;1;0;0;0;0
"16/05/2013";"10:51:00";"1610";"sem vítima";"122";"BR-116/PR";"Norte";"Outros";0;0;2;0;0;0;0;0;0;0;2;0;0;0;0
"16/05/2013";"11:08:00";"1611";"sem vítima";"190.95";"BR-116/PR";"Sul";"Colisão Traseira";1;0;1;0;0;0;0;0;0;0;2;0;0;0;0
"17/05/2013";"07:11:00";"1621";"sem vítima";"134";"BR-116/PR";"Sul";"Choque - Defensa, barreira ou "submarino"";0;0;0;0;1;0;0;0;0;0;1;0;0;0;0
"17/05/2013";"12:49:00";"1666";"com vítima";"131.8";"BR-116/PR";"Norte";"Colisão Transversal";2;0;0;0;0;0;0;0;0;0;3;1;0;0;0
"17/05/2013";"02:40:00";"1670";"sem vítima";"152.6";"BR-116/SC";"Sul";"Objeto lançado contra veículo";2;0;0;0;0;0;0;0;0;0;2;0;0;0;0
"18/05/2013";"09:15:00";"1757";"sem vítima";"115.3";"BR-116/PR";"Norte";"Colisão Transversal";2;0;0;0;0;0;0;0;0;0;3;0;0;0;0
"18/05/2013";"11:07:00";"1769";"sem vítima";"128.8";"BR-116/PR";"Sul";"Colisão Transversal";2;0;0;0;0;0;0;0;0;0;2;0;0;0;0
"18/05/2013";"12:55:00";"1781";"com vítima";"118.3";"BR-116/PR";"Norte";"Colisão Transversal";2;0;0;0;0;0;0;0;0;0;1;1;0;0;0
"18/05/2013";"01:56:00";"1784";"com vítima";"138.9";"BR-116/PR";"Norte";"Colisão Transversal";1;0;0;0;0;0;0;0;0;1;2;3;0;0;0
"18/05/2013";"02:52:00";"1790";"com vítima";"183.3";"BR-116/PR";"Norte";"Saida de Pista";1;0;0;0;0;0;0;0;0;0;0;1;0;0;0
"18/05/2013";"03:06:00";"1791";"sem vítima";"258.4";"BR-116/SC";"Sul";"Choque - Objeto sobre a pista";1;0;0;0;0;1;0;0;0;0;3;0;0;0;0
"19/05/2013";"02:49:00";"1843";"com vítima";"22.55";"BR-116/SC";"Norte";"Colisão Frontal";1;0;1;0;0;0;0;0;0;0;2;1;0;0;0
"19/05/2013";"03:24:00";"1847";"com vítima";"117.8";"BR-116/PR";"Norte";"Saida de Pista";0;0;0;1;0;0;0;0;0;0;0;0;0;0;1
"19/05/2013";"04:30:00";"1849";"com vítima";"2.3";"BR-116/SC";"Norte";"Choque - Veiculo parado na pista";1;0;0;1;0;0;0;0;0;0;5;1;0;0;0
"19/05/2013";"05:35:00";"1851";"com vítima";"48.6";"BR-116/SC";"Sul";"Colisão Lateral";2;0;1;0;0;0;0;0;0;0;6;0;0;0;1
"19/05/2013";"10:24:00";"1863";"sem vítima";"116.2";"BR-116/PR";"Sul";"Choque - Defensa, barreira ou "submarino"";1;0;1;0;0;0;0;0;0;0;3;0;0;0;0
"19/05/2013";"04:25:00";"1888";"sem vítima";"205.4";"BR-116/SC";"Sul";"Saida de Pista";1;0;0;0;0;0;0;0;0;0;3;0;0;0;0
"19/05/2013";"06:32:00";"1901";"com vítima";"156.6";"BR-116/PR";"Sul";"Atropelamento - Andarilho";0;0;0;0;0;1;0;0;0;0;1;1;0;0;0
"19/05/2013";"08:25:00";"1909";"sem vítima";"225.8";"BR-116/SC";"Sul";"Colisão Lateral";2;0;0;0;0;0;0;0;0;0;3;0;0;0;0
"19/05/2013";"09:23:00";"1912";"sem vítima";"225.9";"BR-116/SC";"Norte";"Colisão Traseira";1;0;2;0;0;0;0;0;0;0;3;0;0;0;0
"19/05/2013";"11:14:00";"1919";"com vítima";"185.5";"BR-116/PR";"Norte";"Colisão Traseira";1;0;1;0;0;0;0;0;0;0;1;1;1;1;1
"20/05/2013";"01:34:00";"1924";"sem vítima";"117.8";"BR-116/PR";"Sul";"Saida de Pista";1;0;0;0;0;0;0;0;0;0;1;0;0;0;0
"20/05/2013";"07:49:00";"1936";"sem vítima";"189.5";"BR-116/SC";"Norte";"Capotamento";1;0;0;0;0;0;0;0;0;0;1;0;0;0;0
"20/05/2013";"11:54:00";"1961";"sem vítima";"203.6";"BR-116/PR";"Sul";"Choque - Cancela de Pedagio";1;0;0;0;0;0;0;0;0;0;1;0;0;0;0
"20/05/2013";"12:18:00";"1967";"sem vítima";"127";"BR-116/PR";"Sul";"Colisão Frontal";1;0;1;0;0;0;0;0;0;0;2;0;0;0;0