data;horario;n_da_ocorrencia;tipo_de_ocorrencia;km;trecho;sentido;tipo_de_acidente;automovel;bicicleta;caminhao;moto;onibus;outros;tracao_animal;transporte_de_cargas_especiais;trator_maquinas;utilitarios;ilesos;levemente_feridos;moderadamente_feridos;gravemente_feridos;mortos
"13/06/2013";"05:16:00";"1368";"com vítima";"211.2";"BR-116/SC";"Sul";"Colisão Lateral";1;0;1;0;0;0;0;0;0;0;1;4;0;0;0
"13/06/2013";"05:42:00";"1370";"com vítima";"120.8";"BR-116/PR";"Norte";"Atropelamento - Usuário";0;0;0;1;0;0;0;0;0;0;1;1;0;0;0
"13/06/2013";"08:00:00";"1376";"com vítima";"61.3";"BR-116/SC";"Sul";"Choque - Objeto sobre a pista";0;0;1;1;0;0;0;0;0;0;1;1;0;0;0
"14/06/2013";"12:11:00";"1387";"sem vítima";"26";"BR-116/SC";"Sul";"Saida de Pista";1;0;0;0;0;0;0;0;0;0;1;0;0;0;0
"14/06/2013";"06:00:00";"1394";"com vítima";"126.4";"BR-116/PR";"Sul";"Choque - Veiculo parado na pista";0;0;2;0;0;0;0;0;0;0;1;1;0;0;0
"14/06/2013";"06:58:00";"1397";"com vítima";"125.9";"BR-116/PR";"Sul";"Colisão Traseira";0;0;1;1;0;0;0;0;0;0;1;0;1;0;0
"14/06/2013";"07:34:00";"1401";"com vítima";"125.2";"BR-116/PR";"Sul";"Colisão Traseira";1;0;1;0;0;0;0;0;0;0;2;1;0;0;0
"14/06/2013";"08:14:00";"1405";"com vítima";"220.8";"BR-116/SC";"Norte";"Colisão Transversal";1;0;1;0;0;0;0;0;0;0;1;1;0;0;0
"14/06/2013";"08:28:00";"1406";"sem vítima";"203";"BR-116/PR";"Sul";"Colisão Traseira";0;0;2;0;0;0;0;0;0;0;2;0;0;0;0
"14/06/2013";"10:48:00";"1417";"sem vítima";"179.1";"BR-116/PR";"Norte";"Saida de Pista";1;0;0;0;0;0;0;0;0;0;1;0;0;0;0
"14/06/2013";"05:21:00";"1457";"sem vítima";"144.7";"BR-116/SC";"Norte";"Objeto lançado contra veículo";1;0;0;0;0;0;0;0;0;0;3;0;0;0;0
"15/06/2013";"10:40:00";"1502";"sem vítima";"125.8";"BR-116/PR";"Norte";"Colisão Traseira";1;0;0;0;0;0;0;0;0;1;6;0;0;0;0
"15/06/2013";"01:42:00";"1509";"sem vítima";"154.3";"BR-116/PR";"Sul";"Colisão Transversal";0;0;1;0;0;0;0;0;0;1;2;0;0;0;0
"15/06/2013";"03:59:00";"1518";"sem vítima";"197.5";"BR-116/PR";"Norte";"Choque - Objeto sobre a pista";0;0;1;0;0;0;0;0;0;0;1;0;0;0;0
"15/06/2013";"04:13:00";"1522";"sem vítima";"118";"BR-116/PR";"Norte";"Colisão Transversal";1;0;1;0;0;0;0;0;0;0;2;0;0;0;0
"15/06/2013";"05:40:00";"1528";"sem vítima";"119.4";"BR-116/PR";"Sul";"Colisão Traseira";2;0;0;0;0;0;0;0;0;0;4;0;0;0;0
"15/06/2013";"06:30:00";"1532";"com vítima";"150";"BR-116/PR";"Norte";"Queda de Moto";0;0;0;1;0;0;0;0;0;0;0;0;0;0;2
"15/06/2013";"08:34:00";"1541";"sem vítima";"119";"BR-116/PR";"Sul";"Colisão Traseira";1;0;1;0;0;0;0;0;0;0;5;0;0;0;0
"15/06/2013";"10:20:00";"1546";"sem vítima";"164.4";"BR-116/PR";"Sul";"Colisão Lateral";1;0;0;0;0;0;0;0;0;1;2;0;0;0;0
"16/06/2013";"12:42:00";"1552";"com vítima";"168.5";"BR-116/PR";"Norte";"Colisão Transversal";1;0;1;0;0;0;0;0;0;0;1;0;0;0;2
"16/06/2013";"06:45:00";"1559";"sem vítima";"117";"BR-116/PR";"Norte";"Colisão Traseira";1;0;1;0;0;0;0;0;0;0;2;0;0;0;0
"16/06/2013";"11:44:00";"1581";"sem vítima";"107.8";"BR-116/SC";"Norte";"Queda de Moto";0;0;0;1;0;0;0;0;0;0;2;0;0;0;0
"16/06/2013";"02:33:00";"1590";"sem vítima";"115.9";"BR-116/PR";"Norte";"Colisão Transversal";2;0;0;0;0;0;0;0;0;0;2;0;0;0;0
"16/06/2013";"03:39:00";"1596";"sem vítima";"305.1";"BR-116/SC";"Sul";"Saida de Pista";0;0;1;0;0;0;0;0;0;0;2;0;0;0;0
"16/06/2013";"04:10:00";"1600";"sem vítima";"210.8";"BR-116/PR";"Sul";"Colisão Transversal";2;0;0;0;0;0;0;0;0;0;2;0;0;0;0
"16/06/2013";"06:14:00";"1612";"sem vítima";"128.2";"BR-116/PR";"Norte";"Colisão Traseira";1;0;0;0;0;0;0;0;0;1;2;0;0;0;0
"16/06/2013";"07:59:00";"1625";"sem vítima";"173";"BR-116/PR";"Norte";"Objeto lançado contra veículo";1;0;0;0;0;0;0;0;0;0;1;0;0;0;0
"16/06/2013";"08:00:00";"1626";"com vítima";"72.5";"BR-116/SC";"Norte";"Atropelamento - Usuário";0;0;1;0;0;0;0;0;0;0;1;0;0;0;1
"16/06/2013";"10:48:00";"1633";"sem vítima";"188.5";"BR-116/SC";"Norte";"Saida de Pista";1;0;0;0;0;0;0;0;0;0;3;0;0;0;0
"16/06/2013";"11:51:00";"1636";"sem vítima";"159.3";"BR-116/PR";"Norte";"Saida de Pista";1;0;0;0;0;0;0;0;0;0;5;0;0;0;0
"17/06/2013";"06:15:00";"1644";"sem vítima";"122.4";"BR-116/PR";"Sul";"Colisão Transversal";2;0;0;0;0;0;0;0;0;0;2;0;0;0;0
"17/06/2013";"06:44:00";"1646";"com vítima";"0.3";"BR-116/SC";"Sul";"Colisão Traseira";2;0;0;0;0;0;0;0;0;0;2;1;0;0;0
"17/06/2013";"06:53:00";"1648";"sem vítima";"233.8";"BR-116/SC";"Norte";"Atropelamento de Animal";1;0;0;0;0;0;0;0;0;0;1;0;0;0;0
"17/06/2013";"07:46:00";"1652";"com vítima";"120.8";"BR-116/PR";"Norte";"Atropelamento - Morador";0;0;0;1;0;0;0;0;0;0;1;1;0;0;0
"17/06/2013";"11:12:00";"1672";"sem vítima";"59.84";"BR-116/SC";"Norte";"Colisão Transversal";1;0;0;1;0;0;0;0;0;0;3;0;0;0;0
"17/06/2013";"02:23:00";"1687";"sem vítima";"132.9";"BR-116/PR";"Sul";"Objeto lançado contra veículo";1;0;0;0;0;0;0;0;0;0;2;0;0;0;0
"17/06/2013";"02:27:00";"1688";"com vítima";"251.35";"BR-116/SC";"Sul";"Colisão Transversal";1;0;1;0;0;0;0;0;0;0;1;1;0;0;0
"17/06/2013";"06:17:00";"1711";"sem vítima";"119.5";"BR-116/PR";"Sul";"Colisão Transversal";1;0;0;0;0;1;0;0;0;0;2;0;0;0;0
"17/06/2013";"09:56:00";"1726";"com vítima";"236.3";"BR-116/SC";"Norte";"Colisão Lateral";1;0;1;0;0;0;0;0;0;0;5;0;0;1;0
"18/06/2013";"07:14:00";"1755";"sem vítima";"125.1";"BR-116/PR";"Norte";"Colisão Lateral";1;0;1;0;0;0;0;0;0;0;5;0;0;0;0
"18/06/2013";"11:12:00";"1809";"com vítima";"122.5";"BR-116/PR";"Sul";"Outros";0;1;0;0;0;0;0;0;0;0;0;1;0;0;0
"18/06/2013";"11:27:00";"1820";"com vítima";"117.4";"BR-116/PR";"Sul";"Colisão Traseira";1;0;0;1;0;0;0;0;0;0;2;1;0;0;0
"18/06/2013";"04:39:00";"1863";"com vítima";"126.8";"BR-116/PR";"Norte";"Colisão Transversal";2;0;0;0;0;0;0;0;0;0;0;2;0;1;0
"18/06/2013";"05:07:00";"1867";"sem vítima";"34";"BR-116/SC";"Sul";"Choque - Objeto sobre a pista";0;0;1;0;0;0;0;0;0;0;1;0;0;0;0
"18/06/2013";"05:10:00";"1868";"sem vítima";"251.3";"BR-116/SC";"Norte";"Colisão Transversal";0;0;1;0;0;0;0;0;0;1;4;0;0;0;0
"18/06/2013";"05:44:00";"1881";"sem vítima";"156";"BR-116/SC";"Norte";"Choque - Objeto sobre a pista";0;0;1;0;0;0;0;0;0;0;2;0;0;0;0
"18/06/2013";"06:48:00";"1889";"sem vítima";"176.5";"BR-116/PR";"Norte";"Saida de Pista";1;0;0;0;0;0;0;0;0;0;1;0;0;0;0
"18/06/2013";"06:57:00";"1891";"com vítima";"73.6";"BR-116/SC";"Sul";"Queda de Moto";0;0;0;1;0;0;0;0;0;0;0;1;0;0;0
"18/06/2013";"08:57:00";"1899";"sem vítima";"121.5";"BR-116/PR";"Norte";"Choque - Defensa, barreira ou "submarino"";1;0;0;0;0;0;0;0;0;0;1;0;0;0;0
"19/06/2013";"02:13:00";"1912";"sem vítima";"263.5";"BR-116/SC";"Norte";"Choque - Objeto sobre a pista";0;0;1;0;0;0;0;0;0;0;1;0;0;0;0
"19/06/2013";"07:38:00";"1921";"sem vítima";"3";"BR-116/SC";"Norte";"Colisão Traseira";2;0;0;0;0;0;0;0;0;0;3;0;0;0;0
"19/06/2013";"08:02:00";"1922";"sem vítima";"235";"BR-116/SC";"Norte";"Tombamento";0;0;1;0;0;0;0;0;0;0;1;0;0;0;0
"19/06/2013";"11:40:00";"1959";"sem vítima";"149.6";"BR-116/PR";"Sul";"Saida de Pista";1;0;0;0;0;0;0;0;0;0;1;0;0;0;0
"19/06/2013";"12:40:00";"1961";"sem vítima";"153.3";"BR-116/PR";"Sul";"Colisão Traseira";2;0;0;0;0;0;0;0;0;0;3;0;0;0;0
"19/06/2013";"01:54:00";"1967";"sem vítima";"151.94";"BR-116/SC";"Norte";"Choque - Cancela de Pedagio";0;0;1;0;0;0;0;0;0;0;1;0;0;0;0
"19/06/2013";"03:26:00";"1980";"sem vítima";"177.1";"BR-116/PR";"Norte";"Saida de Pista";0;0;1;0;0;0;0;0;0;0;1;0;0;0;0
"19/06/2013";"05:13:00";"1987";"sem vítima";"119.4";"BR-116/PR";"Sul";"Colisão Traseira";2;0;0;0;0;0;0;0;0;0;5;0;0;0;0
"19/06/2013";"05:38:00";"1989";"sem vítima";"117.4";"BR-116/PR";"Sul";"Colisão Lateral";2;0;0;0;0;0;0;0;0;0;2;0;0;0;0
"19/06/2013";"07:08:00";"2003";"com vítima";"11.2";"BR-116/SC";"Norte";"Colisão Transversal";2;0;0;0;0;0;0;0;0;0;2;1;0;0;0
"19/06/2013";"10:20:00";"2012";"sem vítima";"50.3";"BR-116/SC";"Norte";"Colisão Traseira";1;0;0;0;0;1;0;0;0;0;3;0;0;0;0
"20/06/2013";"05:20:00";"2022";"sem vítima";"125.1";"BR-116/PR";"Norte";"Colisão Traseira";1;0;1;0;0;1;0;0;0;0;3;0;0;0;0
"20/06/2013";"05:47:00";"2023";"sem vítima";"125.5";"BR-116/PR";"Norte";"Colisão Traseira";2;0;0;0;0;0;0;0;0;0;2;0;0;0;0
"20/06/2013";"05:56:00";"2024";"sem vítima";"128.1";"BR-116/PR";"Sul";"Colisão Traseira";1;0;0;0;0;1;0;0;0;0;2;0;0;0;0
"20/06/2013";"06:39:00";"2026";"sem vítima";"107.7";"BR-116/SC";"Sul";"Choque - Defensa, barreira ou "submarino"";0;0;1;0;0;0;0;0;0;0;1;0;0;0;0
"20/06/2013";"12:13:00";"2065";"com vítima";"182.2";"BR-116/PR";"Sul";"Colisão Transversal";1;0;2;0;0;0;0;0;0;0;2;1;0;0;0
"20/06/2013";"01:37:00";"2070";"sem vítima";"78";"BR-116/SC";"Sul";"Objeto lançado contra veículo";0;0;0;0;0;0;0;0;0;1;1;0;0;0;0
"20/06/2013";"02:07:00";"2072";"sem vítima";"132";"BR-116/SC";"Sul";"Objeto lançado contra veículo";0;0;0;0;0;0;0;0;0;1;1;0;0;0;0
"20/06/2013";"05:09:00";"2091";"sem vítima";"90";"BR-116/SC";"Sul";"Objeto lançado contra veículo";1;0;0;0;0;0;0;0;0;0;2;0;0;0;0
"20/06/2013";"05:26:00";"2096";"sem vítima";"59.3";"BR-116/SC";"Norte";"Saida de Pista";1;0;0;0;0;0;0;0;0;0;1;0;0;0;0
"20/06/2013";"06:01:00";"2099";"sem vítima";"135.8";"BR-116/PR";"Norte";"Colisão Transversal";1;0;0;0;0;1;0;0;0;0;2;0;0;0;0
"20/06/2013";"06:57:00";"2104";"sem vítima";"209";"BR-116/PR";"Sul";"Colisão Transversal";1;0;1;0;0;0;0;0;0;0;3;0;0;0;0
"20/06/2013";"10:01:00";"2113";"sem vítima";"229.6";"BR-116/SC";"Norte";"Saida de Pista";0;0;1;0;0;0;0;0;0;0;1;0;0;0;0
"21/06/2013";"04:48:00";"2127";"sem vítima";"149";"BR-116/PR";"Sul";"Choque - Arvore";0;0;1;0;0;0;0;0;0;0;1;0;0;0;0
"21/06/2013";"10:01:00";"2151";"sem vítima";"120.4";"BR-116/PR";"Sul";"Choque - Veiculo parado na pista";3;0;1;0;0;0;0;0;0;0;5;0;0;0;0
"21/06/2013";"10:05:00";"2152";"sem vítima";"48";"BR-116/SC";"Sul";"Objeto lançado contra veículo";0;0;1;0;0;0;0;0;0;0;1;0;0;0;0
"21/06/2013";"12:44:00";"2171";"sem vítima";"117.4";"BR-116/PR";"Sul";"Choque - Veiculo parado na pista";1;0;1;0;0;0;0;0;0;1;5;0;0;0;0
"21/06/2013";"04:18:00";"2194";"sem vítima";"16.9";"BR-116/SC";"Norte";"Outros";1;0;0;0;0;0;0;0;0;0;1;0;0;0;0
"21/06/2013";"05:12:00";"2206";"sem vítima";"34";"BR-116/SC";"Norte";"Objeto lançado contra veículo";1;0;0;0;0;0;0;0;0;0;1;0;0;0;0
"21/06/2013";"07:03:00";"2215";"sem vítima";"149.5";"BR-116/PR";"Sul";"Saida de Pista";1;0;0;0;0;0;0;0;0;0;2;0;0;0;0
"21/06/2013";"07:06:00";"2217";"sem vítima";"149.5";"BR-116/PR";"Sul";"Choque - Objeto sobre a pista";1;0;0;0;0;0;0;0;0;0;2;0;0;0;0
"21/06/2013";"09:50:00";"2236";"com vítima";"119.1";"BR-116/PR";"Sul";"Atropelamento - Usuário";1;0;0;0;0;0;0;0;0;0;2;0;1;0;0
"22/06/2013";"10:17:00";"2280";"sem vítima";"70";"BR-116/SC";"Norte";"Objeto lançado contra veículo";0;0;1;0;0;0;0;0;0;0;1;0;0;0;0
"22/06/2013";"11:16:00";"2286";"sem vítima";"124";"BR-116/PR";"Norte";"Colisão Lateral";1;0;1;0;0;0;0;0;0;0;5;0;0;0;0
"22/06/2013";"11:27:00";"2289";"com vítima";"131.8";"BR-116/PR";"Sul";"Colisão Transversal";1;0;1;0;0;0;0;0;0;0;1;2;0;1;0
"22/06/2013";"12:32:00";"2293";"com vítima";"125.8";"BR-116/PR";"Sul";"Colisão Transversal";1;0;0;1;0;0;0;0;0;0;1;2;0;0;0
"22/06/2013";"06:21:00";"2340";"sem vítima";"119";"BR-116/PR";"Sul";"Colisão Traseira";4;0;0;0;0;0;0;0;0;0;4;0;0;0;0
"22/06/2013";"06:31:00";"2342";"sem vítima";"1";"BR-116/SC";"Sul";"Colisão Traseira";1;0;1;0;0;0;0;0;0;0;3;0;0;0;0
"22/06/2013";"11:33:00";"2369";"sem vítima";"8.8";"BR-116/SC";"Sul";"Colisão Lateral";1;0;0;0;0;1;0;0;0;0;2;0;0;0;0
"23/06/2013";"03:05:00";"2377";"sem vítima";"120.5";"BR-116/PR";"Norte";"Colisão Traseira";2;0;0;0;0;0;0;0;0;0;4;0;0;0;0
"23/06/2013";"05:11:00";"2381";"com vítima";"163.1";"BR-116/SC";"Sul";"Atropelamento - Usuário";0;0;0;0;0;0;0;0;0;1;3;1;0;0;0
"23/06/2013";"06:56:00";"2383";"com vítima";"235.5";"BR-116/SC";"Norte";"Saida de Pista";1;0;0;0;0;0;0;0;0;0;2;2;0;0;0
"23/06/2013";"09:36:00";"2391";"sem vítima";"227.7";"BR-116/SC";"Norte";"Tombamento";0;0;1;0;0;0;0;0;0;0;1;0;0;0;0
"23/06/2013";"10:26:00";"2392";"sem vítima";"207.4";"BR-116/SC";"Norte";"Colisão Transversal";2;0;0;0;0;0;0;0;0;0;6;0;0;0;0
"23/06/2013";"11:15:00";"2397";"sem vítima";"37";"BR-116/SC";"Sul";"Colisão Lateral";1;0;1;0;0;0;0;0;0;0;2;0;0;0;0
"23/06/2013";"02:46:00";"2416";"sem vítima";"2.75";"BR-116/SC";"Norte";"Colisão Traseira";0;0;2;0;0;0;0;0;0;0;2;0;0;0;0
"23/06/2013";"09:55:00";"2466";"sem vítima";"211.5";"BR-116/PR";"Norte";"Choque - Objeto sobre a pista";0;0;0;0;0;0;0;0;0;1;4;0;0;0;0
"24/06/2013";"06:06:00";"2486";"sem vítima";"124.3";"BR-116/SC";"Sul";"Colisão Traseira";1;0;0;0;1;0;0;0;0;0;2;0;0;0;0
"24/06/2013";"06:54:00";"2490";"sem vítima";"125.8";"BR-116/PR";"Sul";"Colisão Transversal";0;0;1;0;0;0;0;0;0;1;3;0;0;0;0
"24/06/2013";"05:09:00";"2529";"sem vítima";"2";"BR-116/SC";"Norte";"Colisão Traseira";2;0;0;0;0;0;0;0;0;0;2;0;0;0;0
"24/06/2013";"06:18:00";"2536";"sem vítima";"2.4";"BR-116/SC";"Sul";"Colisão Lateral";2;0;0;0;0;0;0;0;0;0;2;0;0;0;0
"24/06/2013";"08:26:00";"2543";"sem vítima";"121.6";"BR-116/PR";"Sul";"Saida de Pista";1;0;0;0;0;0;0;0;0;0;1;0;0;0;0
"24/06/2013";"11:45:00";"2556";"sem vítima";"197.9";"BR-116/PR";"Norte";"Saida de Pista";0;0;1;0;0;0;0;0;0;0;1;0;0;0;0
"25/06/2013";"01:05:00";"2564";"sem vítima";"218.2";"BR-116/SC";"Norte";"Saida de Pista";0;0;1;0;0;0;0;0;0;0;1;0;0;0;0
"25/06/2013";"04:03:00";"2585";"sem vítima";"185";"BR-116/PR";"Sul";"Choque - Objeto sobre a pista";0;0;1;0;0;0;0;0;0;0;1;0;0;0;0
"25/06/2013";"07:51:00";"2604";"sem vítima";"2.7";"BR-116/SC";"Sul";"Colisão Lateral";1;0;1;0;0;0;0;0;0;0;4;0;0;0;0
"25/06/2013";"08:15:00";"2607";"sem vítima";"202.9";"BR-116/PR";"Norte";"Choque - Defensa, barreira ou "submarino"";0;0;1;0;0;0;0;0;0;0;1;0;0;0;0
"25/06/2013";"11:26:00";"2633";"sem vítima";"188";"BR-116/PR";"Norte";"Colisão Lateral";1;0;1;0;0;0;0;0;0;0;2;0;0;0;0
"25/06/2013";"03:33:00";"2665";"sem vítima";"125.1";"BR-116/PR";"Norte";"Colisão Traseira";1;0;1;0;0;0;0;0;0;0;2;0;0;0;0
"25/06/2013";"05:45:00";"2680";"sem vítima";"4.2";"BR-116/SC";"Sul";"Colisão Lateral";0;0;2;0;0;0;0;0;0;0;2;0;0;0;0
"25/06/2013";"08:01:00";"2691";"com vítima";"117.7";"BR-116/PR";"Sul";"Saida de Pista";1;0;0;0;0;0;0;0;0;0;0;1;0;0;0
"25/06/2013";"10:29:00";"2700";"com vítima";"176.8";"BR-116/PR";"Norte";"Colisão Traseira";1;0;0;0;0;1;0;0;0;0;1;2;0;0;0
"26/06/2013";"03:51:00";"2713";"sem vítima";"137.1";"BR-116/SC";"Sul";"Saida de Pista";0;0;1;0;0;0;0;0;0;0;1;0;0;0;0
"26/06/2013";"08:04:00";"2732";"com vítima";"117.8";"BR-116/PR";"Norte";"Colisão Frontal";0;0;0;2;0;0;0;0;0;0;1;2;0;0;0
"26/06/2013";"09:41:00";"2748";"com vítima";"68";"BR-116/SC";"Norte";"Queda de Moto";0;0;0;1;0;0;0;0;0;0;0;1;0;0;0
"26/06/2013";"10:30:00";"2758";"sem vítima";"134.7";"BR-116/PR";"Sul";"Colisão Lateral";1;0;1;0;0;0;0;0;0;0;2;0;0;0;0
"26/06/2013";"11:25:00";"2767";"sem vítima";"129.6";"BR-116/PR";"Norte";"Colisão Transversal";1;0;0;1;0;0;0;0;0;0;2;0;0;0;0
"26/06/2013";"01:09:00";"2781";"com vítima";"246.1";"BR-116/SC";"Norte";"Colisão Transversal";1;0;0;0;1;0;0;0;0;0;61;1;0;0;0
"26/06/2013";"03:55:00";"2798";"sem vítima";"207.9";"BR-116/PR";"Sul";"Colisão Transversal";1;0;1;0;0;0;0;0;0;0;2;0;0;0;0
"26/06/2013";"09:09:00";"2823";"com vítima";"228";"BR-116/SC";"Sul";"Colisão Frontal";0;1;1;0;0;0;0;0;0;0;1;0;1;0;0
"26/06/2013";"10:57:00";"2828";"sem vítima";"206";"BR-116/SC";"Norte";"Objeto lançado contra veículo";0;0;1;0;0;0;0;0;0;0;1;0;0;0;0
"27/06/2013";"12:57:00";"2837";"com vítima";"249.8";"BR-116/SC";"Norte";"Colisão Traseira";0;0;2;0;0;0;0;0;0;0;1;0;1;0;0
"27/06/2013";"01:57:00";"2838";"sem vítima";"249.8";"BR-116/SC";"Sul";"Saida de Pista";0;0;1;0;0;0;0;0;0;0;1;0;0;0;0
"27/06/2013";"03:57:00";"2846";"sem vítima";"249.5";"BR-116/SC";"Sul";"Colisão Traseira";0;0;2;0;0;0;0;0;0;0;2;0;0;0;0
"27/06/2013";"04:37:00";"2847";"sem vítima";"204";"BR-116/PR";"Norte";"Choque - Cancela de Pedagio";0;0;1;0;0;0;0;0;0;0;1;0;0;0;0
"27/06/2013";"09:19:00";"2877";"sem vítima";"204";"BR-116/PR";"Norte";"Outros";1;0;0;0;0;0;0;0;0;0;1;0;0;0;0
"27/06/2013";"11:35:00";"2896";"sem vítima";"210.8";"BR-116/SC";"Norte";"Colisão Lateral";1;0;1;0;0;0;0;0;0;0;2;0;0;0;0
"27/06/2013";"11:46:00";"2899";"sem vítima";"204";"BR-116/PR";"Sul";"Objeto lançado contra veículo";0;0;0;0;0;0;0;0;0;1;1;0;0;0;0
"27/06/2013";"01:58:00";"2914";"com vítima";"10.8";"BR-116/SC";"Sul";"Colisão Transversal";1;0;0;1;0;0;0;0;0;0;1;1;0;0;0
"27/06/2013";"06:04:00";"2943";"sem vítima";"15";"BR-116/SC";"Sul";"Objeto lançado contra veículo";1;0;0;0;0;0;0;0;0;0;3;0;0;0;0
"27/06/2013";"07:14:00";"2951";"sem vítima";"29.4";"BR-116/SC";"Norte";"Atropelamento de Animal";0;0;1;0;0;0;0;0;0;0;2;0;0;0;0
"27/06/2013";"08:31:00";"2963";"sem vítima";"7";"BR-116/SC";"Sul";"Colisão Lateral";0;0;2;0;0;0;0;0;0;0;2;0;0;0;0
"28/06/2013";"09:16:00";"3005";"sem vítima";"81.6";"BR-116/SC";"Sul";"Choque - Veiculo parado na pista";0;0;2;0;0;0;0;0;0;0;2;0;0;0;0
"28/06/2013";"10:36:00";"3016";"com vítima";"135";"BR-116/SC";"Sul";"Colisão Frontal";2;0;0;0;0;0;0;0;0;0;1;1;0;0;0
"28/06/2013";"01:53:00";"3027";"sem vítima";"202";"BR-116/PR";"Norte";"Choque - Veiculo parado na pista";0;0;2;0;0;0;0;0;0;0;2;0;0;0;0
"28/06/2013";"02:01:00";"3028";"sem vítima";"195.5";"BR-116/PR";"Sul";"Saida de Pista";0;0;1;0;0;0;0;0;0;0;1;0;0;0;0
"28/06/2013";"02:55:00";"3038";"sem vítima";"145";"BR-116/PR";"Norte";"Objeto lançado contra veículo";1;0;0;0;0;0;0;0;0;0;1;0;0;0;0
"28/06/2013";"08:17:00";"3092";"sem vítima";"195";"BR-116/SC";"Norte";"Choque - Objeto sobre a pista";0;0;2;0;0;0;0;0;0;0;2;0;0;0;0
"29/06/2013";"12:23:00";"3112";"sem vítima";"65.1";"BR-116/SC";"Norte";"Atropelamento de Animal";0;0;1;0;0;0;0;0;0;0;2;0;0;0;0
"29/06/2013";"03:25:00";"3120";"com vítima";"235.9";"BR-116/SC";"Norte";"Saida de Pista";1;0;0;0;0;0;0;0;0;0;0;3;0;0;0
"29/06/2013";"04:15:00";"3122";"sem vítima";"32.8";"BR-116/SC";"Sul";"Saida de Pista";1;0;0;0;0;0;0;0;0;0;3;0;0;0;0
"29/06/2013";"05:33:00";"3125";"sem vítima";"231.9";"BR-116/SC";"Norte";"Colisão Frontal";2;0;0;0;0;0;0;0;0;0;4;0;0;0;0
"29/06/2013";"06:42:00";"3129";"sem vítima";"120";"BR-116/PR";"Sul";"Queda de Moto";0;0;0;1;0;0;0;0;0;0;1;0;0;0;0
"29/06/2013";"07:20:00";"3130";"sem vítima";"226.5";"BR-116/SC";"Norte";"Objeto lançado contra veículo";0;0;0;0;0;0;0;0;0;1;2;0;0;0;0
"29/06/2013";"08:25:00";"3135";"sem vítima";"1.2";"BR-116/SC";"Norte";"Choque - Defensa, barreira ou "submarino"";0;0;1;0;0;0;0;0;0;0;1;0;0;0;0
"29/06/2013";"09:45:00";"3148";"sem vítima";"286.5";"BR-116/SC";"Norte";"Saida de Pista";1;0;0;0;0;0;0;0;0;0;1;0;0;0;0
"29/06/2013";"11:55:00";"3157";"sem vítima";"10";"BR-116/SC";"Norte";"Capotamento";1;0;0;0;0;0;0;0;0;0;1;0;0;0;0
"29/06/2013";"03:05:00";"3181";"sem vítima";"203";"BR-116/PR";"Norte";"Choque - Defensa, barreira ou "submarino"";0;0;1;0;0;0;0;0;0;0;1;0;0;0;0
"29/06/2013";"05:32:00";"3200";"sem vítima";"202.8";"BR-116/PR";"Norte";"Choque - Veiculo parado na pista";2;0;0;0;0;0;0;0;0;0;3;0;0;0;0
"29/06/2013";"05:49:00";"3204";"sem vítima";"165";"BR-116/PR";"Sul";"Colisão Frontal";2;0;0;0;0;0;0;0;0;0;4;0;0;0;0
"29/06/2013";"07:20:00";"3210";"com vítima";"3.03";"BR-116/SC";"Norte";"Choque - Veiculo parado na pista";1;0;0;0;1;0;0;0;0;0;1;0;0;0;1
"29/06/2013";"08:33:00";"3215";"com vítima";"121.4";"BR-116/PR";"Sul";"Colisão Lateral";2;0;1;0;0;0;0;0;0;0;11;2;0;0;0
"29/06/2013";"08:59:00";"3219";"sem vítima";"201";"BR-116/SC";"Sul";"Saida de Pista";1;0;0;0;0;0;0;0;0;0;5;0;0;0;0
"29/06/2013";"10:37:00";"3223";"com vítima";"72.2";"BR-116/SC";"Norte";"Saida de Pista";1;0;0;0;0;0;0;0;0;0;0;2;0;0;0
"30/06/2013";"04:35:00";"3245";"sem vítima";"128.3";"BR-116/PR";"Sul";"Choque - Defensa, barreira ou "submarino"";1;0;0;0;0;0;0;0;0;0;3;0;0;0;0
"30/06/2013";"05:13:00";"3248";"sem vítima";"62.65";"BR-116/SC";"Sul";"Saida de Pista";1;0;0;0;0;0;0;0;0;0;2;0;0;0;0
"30/06/2013";"10:46:00";"3268";"sem vítima";"203";"BR-116/PR";"Sul";"Saida de Pista";0;0;1;0;0;0;0;0;0;0;1;0;0;0;0
"30/06/2013";"03:19:00";"3288";"sem vítima";"40";"BR-116/SC";"Sul";"Objeto lançado contra veículo";1;0;0;0;0;0;0;0;0;0;1;0;0;0;0
"30/06/2013";"04:07:00";"3294";"sem vítima";"115.1";"BR-116/PR";"Sul";"Colisão Lateral";2;0;0;0;0;0;0;0;0;0;2;0;0;0;0
"30/06/2013";"06:30:00";"3317";"sem vítima";"122";"BR-116/PR";"Norte";"Saida de Pista";1;0;0;0;0;0;0;0;0;0;1;0;0;0;0
"30/06/2013";"07:16:00";"3324";"sem vítima";"217.8";"BR-116/SC";"Sul";"Atropelamento de Animal";1;0;0;0;0;0;0;0;0;0;2;0;0;0;0
"30/06/2013";"10:21:00";"3336";"com vítima";"122.3";"BR-116/PR";"Sul";"Queda de Moto";0;0;0;1;0;0;0;0;0;0;1;0;1;0;0