data;horario;n_da_ocorrencia;tipo_de_ocorrencia;km;trecho;sentido;tipo_de_acidente;automovel;bicicleta;caminhao;moto;onibus;outros;tracao_animal;transporte_de_cargas_especiais;trator_maquinas;utilitarios;ilesos;levemente_feridos;moderadamente_feridos;gravemente_feridos;mortos
"30/06/2013";"10:41:00";"3337";"sem vítima";"145";"BR-116/SC";"Sul";"Colisão Lateral";0;0;1;0;0;1;0;0;0;0;2;0;0;0;0
"30/06/2013";"11:49:00";"3341";"sem vítima";"162.8";"BR-116/PR";"Sul";"Colisão Lateral";2;0;0;0;0;0;0;0;0;0;5;0;0;0;0
"01/07/2013";"08:23:00";"27";"sem vítima";"2";"BR-116/SC";"Sul";"Colisão Traseira";0;0;1;1;0;0;0;0;0;0;2;0;0;0;0
"01/07/2013";"08:49:00";"32";"sem vítima";"202";"BR-116/PR";"Sul";"Colisão Traseira";1;0;1;0;0;0;0;0;0;0;2;0;0;0;0
"01/07/2013";"11:41:00";"49";"sem vítima";"39";"BR-116/SC";"Sul";"Objeto lançado contra veículo";1;0;0;0;0;0;0;0;0;0;1;0;0;0;0
"01/07/2013";"01:24:00";"63";"sem vítima";"164.9";"BR-116/SC";"Sul";"Tombamento";0;0;1;0;0;0;0;0;0;0;1;0;0;0;0
"01/07/2013";"02:18:00";"66";"sem vítima";"132";"BR-116/PR";"Sul";"Objeto lançado contra veículo";1;0;0;0;0;0;0;0;0;0;1;0;0;0;0
"01/07/2013";"08:55:00";"105";"com vítima";"131.1";"BR-116/PR";"Norte";"Choque - Poste";1;0;0;1;0;0;0;0;0;0;1;1;0;0;0
"02/07/2013";"09:44:00";"138";"com vítima";"7.1";"BR-116/SC";"Sul";"Colisão Transversal";1;0;1;0;0;0;0;0;0;1;2;1;0;0;0
"02/07/2013";"10:45:00";"142";"sem vítima";"164";"BR-116/PR";"Norte";"Objeto lançado contra veículo";1;0;0;0;0;0;0;0;0;0;1;0;0;0;0
"02/07/2013";"03:14:00";"170";"sem vítima";"192.3";"BR-116/SC";"Norte";"Saida de Pista";1;0;0;0;0;0;0;0;0;0;2;0;0;0;0
"03/07/2013";"12:58:00";"215";"sem vítima";"271";"BR-116/SC";"Sul";"Colisão Lateral";0;0;1;0;0;1;0;0;0;0;3;0;0;0;0
"03/07/2013";"01:16:00";"260";"sem vítima";"4.5";"BR-116/SC";"Sul";"Colisão Traseira";2;0;0;0;0;0;0;0;0;0;2;0;0;0;0
"03/07/2013";"03:51:00";"285";"sem vítima";"134.8";"BR-116/PR";"Sul";"Objeto lançado contra veículo";1;0;0;0;0;0;0;0;0;0;1;0;0;0;0
"03/07/2013";"05:28:00";"299";"sem vítima";"117.6";"BR-116/PR";"Sul";"Colisão Lateral";1;0;1;0;0;0;0;0;0;0;2;0;0;0;0
"03/07/2013";"06:00:00";"303";"sem vítima";"139.4";"BR-116/SC";"Sul";"Colisão Traseira";1;0;1;0;0;0;0;0;0;0;2;0;0;0;0
"03/07/2013";"07:10:00";"311";"com vítima";"125.5";"BR-116/PR";"Norte";"Colisão Lateral";1;0;1;0;0;0;0;0;0;0;2;1;0;0;0
"03/07/2013";"07:20:00";"313";"sem vítima";"127";"BR-116/PR";"Norte";"Colisão Transversal";1;0;0;0;0;0;0;0;0;1;4;0;0;0;0
"04/07/2013";"11:00:00";"391";"sem vítima";"270";"BR-116/SC";"Norte";"Objeto lançado contra veículo";0;0;1;0;0;1;0;0;0;0;2;0;0;0;0
"04/07/2013";"11:25:00";"397";"sem vítima";"275";"BR-116/SC";"Norte";"Objeto lançado contra veículo";0;0;1;0;0;0;0;0;0;0;1;0;0;0;0
"04/07/2013";"01:28:00";"409";"sem vítima";"137.1";"BR-116/PR";"Norte";"Saida de Pista";0;0;0;0;1;0;0;0;0;0;25;0;0;0;0
"04/07/2013";"08:42:00";"462";"sem vítima";"203.3";"BR-116/PR";"Norte";"Colisão Traseira";0;0;2;0;0;0;0;0;0;0;2;0;0;0;0
"05/07/2013";"01:50:00";"477";"sem vítima";"167.4";"BR-116/PR";"Sul";"Choque - Defensa, barreira ou "submarino"";0;0;1;0;0;0;0;0;0;0;1;0;0;0;0
"05/07/2013";"06:20:00";"480";"sem vítima";"244.1";"BR-116/SC";"Sul";"Saida de Pista";0;0;1;0;0;0;0;0;0;0;1;0;0;0;0
"05/07/2013";"06:28:00";"482";"sem vítima";"197";"BR-116/SC";"Sul";"Choque - Objeto sobre a pista";1;0;0;0;0;0;0;0;0;0;1;0;0;0;0
"05/07/2013";"10:22:00";"524";"sem vítima";"23.82";"BR-116/SC";"Sul";"Colisão Transversal";1;0;1;0;0;0;0;0;0;0;2;0;0;0;0
"05/07/2013";"12:13:00";"534";"com vítima";"119.4";"BR-116/PR";"Sul";"Colisão Transversal";2;0;0;1;0;0;0;0;0;0;2;0;0;1;0
"05/07/2013";"12:28:00";"536";"sem vítima";"165.9";"BR-116/PR";"Norte";"Colisão Transversal";2;0;0;0;0;0;0;0;0;0;2;0;0;0;0
"05/07/2013";"03:31:00";"556";"sem vítima";"204";"BR-116/PR";"Norte";"Choque - Cancela de Pedagio";1;0;0;0;0;0;0;0;0;0;1;0;0;0;0
"05/07/2013";"09:15:00";"589";"sem vítima";"144.6";"BR-116/SC";"Norte";"Colisão Traseira";1;0;1;0;0;0;0;0;0;0;2;0;0;0;0
"05/07/2013";"09:56:00";"592";"com vítima";"247.7";"BR-116/SC";"Sul";"Colisão Frontal";1;0;1;0;0;0;0;0;0;0;1;0;0;1;1
"06/07/2013";"07:20:00";"617";"sem vítima";"128.3";"BR-116/PR";"Norte";"Colisão Traseira";2;0;0;0;0;0;0;0;0;0;3;0;0;0;0
"06/07/2013";"07:41:00";"618";"sem vítima";"127.4";"BR-116/PR";"Norte";"Choque - Veiculo parado na pista";2;0;0;0;0;0;0;0;0;0;3;0;0;0;0
"06/07/2013";"07:47:00";"619";"sem vítima";"127.4";"BR-116/PR";"Norte";"Colisão Traseira";2;0;0;0;0;0;0;0;0;0;2;0;0;0;0
"06/07/2013";"12:01:00";"638";"sem vítima";"242.2";"BR-116/SC";"Norte";"Colisão Traseira";2;0;0;0;0;0;0;0;0;0;3;0;0;0;0
"06/07/2013";"01:33:00";"647";"sem vítima";"243.6";"BR-116/SC";"Sul";"Colisão Traseira";0;0;1;0;0;0;0;0;0;1;2;0;0;0;0
"06/07/2013";"03:55:00";"665";"sem vítima";"84";"BR-116/SC";"Norte";"Objeto lançado contra veículo";1;0;0;0;0;0;0;0;0;0;1;0;0;0;0
"06/07/2013";"04:44:00";"673";"sem vítima";"120";"BR-116/SC";"Norte";"Atropelamento de Animal";1;0;0;0;0;0;0;0;0;0;2;0;0;0;0
"06/07/2013";"07:14:00";"692";"com vítima";"123.8";"BR-116/PR";"Norte";"Colisão Traseira";1;0;0;1;0;0;0;0;0;0;1;1;0;0;0
"06/07/2013";"08:07:00";"699";"sem vítima";"115.5";"BR-116/PR";"Sul";"Choque - Outros";1;0;0;0;0;0;0;0;0;0;1;0;0;0;0
"07/07/2013";"10:32:00";"745";"sem vítima";"81";"BR-116/SC";"Norte";"Choque - Veiculo parado na pista";1;0;1;0;0;0;0;0;0;0;4;0;0;0;0
"07/07/2013";"11:36:00";"754";"sem vítima";"119.5";"BR-116/PR";"Sul";"Colisão Transversal";2;0;0;0;0;0;0;0;0;0;5;0;0;0;0
"07/07/2013";"05:40:00";"791";"sem vítima";"67";"BR-116/SC";"Sul";"Objeto lançado contra veículo";0;0;1;0;0;0;0;0;0;0;1;0;0;0;0
"07/07/2013";"07:33:00";"805";"sem vítima";"192.3";"BR-116/SC";"Sul";"Atropelamento de Animal";1;0;0;0;0;0;0;0;0;0;1;0;0;0;0
"08/07/2013";"07:00:00";"832";"com vítima";"116.4";"BR-116/PR";"Norte";"Colisão Traseira";1;0;0;1;0;0;0;0;0;0;4;1;0;0;0
"08/07/2013";"03:45:00";"879";"sem vítima";"140.5";"BR-116/PR";"Norte";"Choque - Objeto sobre a pista";0;0;0;1;0;0;0;0;0;0;1;0;0;0;0
"08/07/2013";"06:02:00";"898";"sem vítima";"206";"BR-116/PR";"Norte";"Objeto lançado contra veículo";1;0;0;0;0;0;0;0;0;0;2;0;0;0;0
"09/07/2013";"07:13:00";"944";"sem vítima";"203.65";"BR-116/PR";"Norte";"Choque - Veiculo parado na pista";1;0;1;0;0;0;0;0;0;0;2;0;0;0;0
"09/07/2013";"07:51:00";"946";"sem vítima";"124";"BR-116/PR";"Sul";"Queda de Moto";0;0;0;1;0;0;0;0;0;0;1;0;0;0;0
"09/07/2013";"10:56:00";"1005";"com vítima";"145";"BR-116/SC";"Norte";"Colisão Lateral";0;0;2;0;0;0;0;0;0;0;1;1;0;0;0
"09/07/2013";"03:02:00";"1036";"sem vítima";"182";"BR-116/PR";"Sul";"Choque - Objeto sobre a pista";1;0;0;0;0;0;0;0;0;0;3;0;0;0;0
"09/07/2013";"04:19:00";"1058";"sem vítima";"122.85";"BR-116/SC";"Sul";"Choque - Talude";0;0;1;0;0;0;0;0;0;0;1;0;0;0;0
"09/07/2013";"07:51:00";"1087";"sem vítima";"126.8";"BR-116/PR";"Sul";"Colisão Lateral";1;0;1;0;0;0;0;0;0;0;2;0;0;0;0
"10/07/2013";"02:32:00";"1117";"com vítima";"308.8";"BR-116/SC";"Sul";"Tombamento";0;0;1;0;0;0;0;0;0;0;0;1;0;0;0
"10/07/2013";"09:15:00";"1132";"sem vítima";"47.1";"BR-116/SC";"Norte";"Colisão Lateral";0;0;2;0;0;0;0;0;0;0;4;0;0;0;0
"10/07/2013";"12:59:00";"1151";"sem vítima";"38";"BR-116/SC";"Sul";"Objeto lançado contra veículo";1;0;0;0;0;0;0;0;0;0;3;0;0;0;0
"10/07/2013";"03:36:00";"1171";"sem vítima";"119.3";"BR-116/PR";"Sul";"Colisão Traseira";0;0;2;0;0;0;0;0;0;0;2;0;0;0;0
"10/07/2013";"05:54:00";"1184";"sem vítima";"203";"BR-116/SC";"Norte";"Objeto lançado contra veículo";1;0;0;0;0;0;0;0;0;0;1;0;0;0;0
"10/07/2013";"11:34:00";"1211";"sem vítima";"234.5";"BR-116/SC";"Norte";"Saida de Pista";0;0;1;0;0;0;0;0;0;0;1;0;0;0;0
"11/07/2013";"02:30:00";"1218";"com vítima";"117.55";"BR-116/PR";"Norte";"Choque - Defensa, barreira ou "submarino"";0;0;0;1;0;0;0;0;0;0;1;1;0;0;0
"11/07/2013";"04:02:00";"1222";"sem vítima";"116.3";"BR-116/PR";"Sul";"Saida de Pista";1;0;0;0;0;0;0;0;0;0;1;0;0;0;0
"11/07/2013";"06:27:00";"1227";"com vítima";"126.4";"BR-116/PR";"Sul";"Colisão Lateral";0;0;0;1;0;1;0;0;0;0;1;1;0;0;0
"11/07/2013";"01:06:00";"1262";"sem vítima";"37";"BR-116/SC";"Sul";"Colisão Lateral";1;0;0;0;0;1;0;0;0;0;6;0;0;0;0
"11/07/2013";"05:23:00";"1285";"sem vítima";"137.1";"BR-116/PR";"Norte";"Objeto lançado contra veículo";1;0;0;0;0;0;0;0;0;0;3;0;0;0;0
"11/07/2013";"07:40:00";"1298";"sem vítima";"0.3";"BR-116/SC";"Norte";"Colisão Traseira";0;0;0;0;0;0;0;0;0;2;2;0;0;0;0
"11/07/2013";"08:47:00";"1300";"sem vítima";"302";"BR-116/SC";"Norte";"Atropelamento de Animal";1;0;0;0;0;0;0;0;0;0;2;0;0;0;0
"11/07/2013";"09:12:00";"1302";"com vítima";"211.9";"BR-116/SC";"Norte";"Saida de Pista";0;0;1;0;0;0;0;0;0;0;0;1;0;0;0
"12/07/2013";"06:20:00";"1333";"sem vítima";"209.8";"BR-116/PR";"Sul";"Queda de Moto";0;0;0;1;0;0;0;0;0;0;1;0;0;0;0
"12/07/2013";"07:30:00";"1337";"com vítima";"301.3";"BR-116/SC";"Sul";"Saida de Pista";1;0;0;0;0;0;0;0;0;0;0;1;0;0;0
"12/07/2013";"08:21:00";"1344";"sem vítima";"300.4";"BR-116/SC";"Sul";"Objeto lançado contra veículo";0;0;0;0;1;0;0;0;0;0;7;0;0;0;0
"12/07/2013";"09:00:00";"1350";"sem vítima";"160";"BR-116/SC";"Sul";"Atropelamento de Animal";1;0;0;0;0;0;0;0;0;0;1;0;0;0;0
"12/07/2013";"11:20:00";"1367";"sem vítima";"20";"BR-116/SC";"Norte";"Choque - Objeto sobre a pista";1;0;0;0;0;0;0;0;0;0;5;0;0;0;0
"12/07/2013";"12:37:00";"1373";"sem vítima";"134";"BR-116/PR";"Sul";"Choque - Defensa, barreira ou "submarino"";0;0;0;0;1;0;0;0;0;0;29;0;0;0;0
"12/07/2013";"05:15:00";"1399";"sem vítima";"128.2";"BR-116/PR";"Norte";"Colisão Traseira";1;0;0;0;1;0;0;0;0;0;2;0;0;0;0
"12/07/2013";"09:35:00";"1431";"sem vítima";"290.2";"BR-116/SC";"Norte";"Saida de Pista";1;0;0;0;0;0;0;0;0;0;2;0;0;0;0
"13/07/2013";"12:26:00";"1442";"sem vítima";"275.8";"BR-116/SC";"Norte";"Atropelamento de Animal";1;0;0;0;0;0;0;0;0;0;1;0;0;0;0
"13/07/2013";"06:39:00";"1453";"com vítima";"256.3";"BR-116/SC";"Norte";"Saida de Pista";1;0;0;0;0;0;0;0;0;0;0;1;0;0;0
"13/07/2013";"08:35:00";"1465";"sem vítima";"152";"BR-116/SC";"Sul";"Objeto lançado contra veículo";0;0;0;0;0;0;0;0;0;1;2;0;0;0;0
"13/07/2013";"11:38:00";"1488";"com vítima";"175.6";"BR-116/SC";"Sul";"Colisão Transversal";2;0;0;0;0;0;0;0;0;0;1;0;2;0;0
"13/07/2013";"03:32:00";"1514";"sem vítima";"134.9";"BR-116/PR";"Norte";"Colisão Lateral";1;0;1;0;0;1;0;0;0;0;6;0;0;0;0
"13/07/2013";"05:36:00";"1528";"com vítima";"109.8";"BR-116/SC";"Sul";"Colisão Transversal";2;0;2;0;0;0;0;0;0;0;3;1;0;1;0
"13/07/2013";"11:47:00";"1548";"sem vítima";"139.2";"BR-116/PR";"Norte";"Saida de Pista";1;0;0;0;0;0;0;0;0;0;4;0;0;0;0
"14/07/2013";"02:49:00";"1555";"sem vítima";"223.3";"BR-116/SC";"Norte";"Saida de Pista";1;0;0;0;0;0;0;0;0;0;2;0;0;0;0
"14/07/2013";"10:37:00";"1578";"sem vítima";"121.7";"BR-116/PR";"Norte";"Colisão Traseira";2;0;0;0;0;0;0;0;0;0;2;0;0;0;0
"14/07/2013";"12:31:00";"1586";"sem vítima";"107.8";"BR-116/SC";"Norte";"Queda de Moto";0;0;0;1;0;0;0;0;0;0;1;0;0;0;0
"14/07/2013";"01:36:00";"1589";"sem vítima";"175.6";"BR-116/PR";"Sul";"Choque - Objeto sobre a pista";1;0;0;0;0;0;0;0;0;0;4;0;0;0;0
"14/07/2013";"02:38:00";"1596";"com vítima";"14.4";"BR-116/SC";"Sul";"Saida de Pista";0;0;1;0;0;0;0;0;0;0;0;0;1;0;0
"14/07/2013";"06:02:00";"1617";"sem vítima";"138.6";"BR-116/PR";"Sul";"Colisão Transversal";1;0;0;0;0;1;0;0;0;0;4;0;0;0;0
"14/07/2013";"06:43:00";"1622";"sem vítima";"146.7";"BR-116/PR";"Sul";"Choque - Objeto sobre a pista";1;0;0;0;0;0;0;0;0;0;2;0;0;0;0
"14/07/2013";"07:00:00";"1624";"sem vítima";"33.9";"BR-116/SC";"Norte";"Colisão Lateral";2;0;0;0;0;0;0;0;0;0;5;0;0;0;0
"14/07/2013";"07:43:00";"1633";"com vítima";"131.1";"BR-116/PR";"Sul";"Colisão Transversal";2;0;0;0;0;0;0;0;0;0;0;3;2;0;0
"14/07/2013";"11:01:00";"1649";"com vítima";"124.9";"BR-116/PR";"Sul";"Atropelamento de Animal";0;0;0;1;0;0;0;0;0;0;0;1;0;0;0
"15/07/2013";"11:13:00";"1706";"sem vítima";"136.5";"BR-116/PR";"Norte";"Objeto lançado contra veículo";1;0;0;0;0;0;0;0;0;0;2;0;0;0;0
"15/07/2013";"01:49:00";"1714";"com vítima";"122.1";"BR-116/PR";"Norte";"Colisão Frontal";0;0;0;1;1;0;0;0;0;0;1;1;0;0;0
"15/07/2013";"03:41:00";"1733";"sem vítima";"3";"BR-116/SC";"Sul";"Choque - Veiculo parado na pista";0;0;0;0;0;0;0;0;0;2;2;0;0;0;0
"15/07/2013";"07:14:00";"1759";"sem vítima";"226.1";"BR-116/SC";"Sul";"Atropelamento de Animal";0;0;0;0;0;0;0;0;0;1;2;0;0;0;0
"15/07/2013";"07:47:00";"1762";"sem vítima";"205.8";"BR-116/PR";"Norte";"Colisão Transversal";0;0;1;0;0;1;0;0;0;0;2;0;0;0;0
"15/07/2013";"07:52:00";"1763";"sem vítima";"181";"BR-116/PR";"Sul";"Atropelamento de Animal";1;0;0;0;0;0;0;0;0;0;1;0;0;0;0
"16/07/2013";"04:38:00";"1849";"sem vítima";"32";"BR-116/SC";"Sul";"Choque - Objeto sobre a pista";1;0;0;0;0;0;0;0;0;0;1;0;0;0;0
"16/07/2013";"04:42:00";"1853";"sem vítima";"76.4";"BR-116/SC";"Norte";"Objeto lançado contra veículo";1;0;0;0;0;0;0;0;0;0;1;0;0;0;0
"16/07/2013";"07:44:00";"1872";"sem vítima";"142";"BR-116/PR";"Norte";"Choque - Veiculo parado na pista";1;0;0;0;0;1;0;0;0;0;2;0;0;0;0
"16/07/2013";"09:23:00";"1875";"sem vítima";"129";"BR-116/PR";"Sul";"Atropelamento de Animal";1;0;0;0;0;0;0;0;0;0;1;0;0;0;0
"16/07/2013";"11:25:00";"1884";"sem vítima";"214.1";"BR-116/SC";"Norte";"Saida de Pista";1;0;0;0;0;0;0;0;0;0;1;0;0;0;0
"17/07/2013";"06:24:00";"1892";"sem vítima";"278";"BR-116/SC";"Norte";"Atropelamento de Animal";1;0;0;0;0;0;0;0;0;0;2;0;0;0;0
"17/07/2013";"06:28:00";"1894";"sem vítima";"119.6";"BR-116/PR";"Norte";"Colisão Traseira";0;0;0;0;1;0;0;0;0;1;20;0;0;0;0
"17/07/2013";"07:46:00";"1899";"sem vítima";"288.9";"BR-116/SC";"Sul";"Colisão Lateral";0;0;2;0;0;0;0;0;0;0;2;0;0;0;0
"17/07/2013";"09:40:00";"1912";"com vítima";"63.8";"BR-116/SC";"Sul";"Colisão Lateral";1;0;1;0;0;0;0;0;0;0;4;1;0;0;0
"17/07/2013";"05:20:00";"1978";"sem vítima";"139.6";"BR-116/SC";"Norte";"Colisão Transversal";1;0;0;0;0;0;0;0;0;1;2;0;0;0;0
"17/07/2013";"10:16:00";"1998";"sem vítima";"192";"BR-116/SC";"Norte";"Colisão Lateral";1;0;1;0;0;1;0;0;0;0;3;0;0;0;0
"17/07/2013";"10:30:00";"2000";"sem vítima";"167.6";"BR-116/SC";"Sul";"Colisão Traseira";2;0;0;0;0;0;0;0;0;0;6;0;0;0;0
"18/07/2013";"12:35:00";"2009";"sem vítima";"258.9";"BR-116/SC";"Norte";"Atropelamento de Animal";0;0;1;0;0;0;0;0;0;0;4;0;0;0;0
"18/07/2013";"12:48:00";"2011";"sem vítima";"258.9";"BR-116/SC";"Norte";"Atropelamento de Animal";0;0;1;0;0;0;0;0;0;0;1;0;0;0;0
"18/07/2013";"06:29:00";"2019";"com vítima";"125.1";"BR-116/PR";"Norte";"Choque - Veiculo parado na pista";0;0;0;1;1;0;0;0;0;0;1;1;0;0;0
"18/07/2013";"10:07:00";"2043";"sem vítima";"68";"BR-116/SC";"Norte";"Choque - Defensa, barreira ou "submarino"";1;0;0;0;0;0;0;0;0;0;1;0;0;0;0
"18/07/2013";"03:56:00";"2080";"sem vítima";"217.1";"BR-116/SC";"Norte";"Choque - Veiculo parado na pista";1;0;0;0;0;1;0;0;0;0;4;0;0;0;0
"18/07/2013";"07:06:00";"2104";"com vítima";"60.4";"BR-116/SC";"Norte";"Colisão Lateral";1;0;2;0;0;0;0;0;0;0;2;1;0;0;0
"18/07/2013";"08:16:00";"2107";"com vítima";"60.4";"BR-116/SC";"Norte";"Choque - Veiculo parado na pista";1;0;1;0;0;0;0;0;0;0;1;1;0;0;0
"18/07/2013";"10:33:00";"2117";"sem vítima";"58";"BR-116/SC";"Sul";"Choque - Objeto sobre a pista";1;0;0;0;0;0;0;0;0;0;3;0;0;0;0
"19/07/2013";"07:23:00";"2145";"sem vítima";"125.8";"BR-116/PR";"Norte";"Colisão Lateral";2;0;0;0;0;0;0;0;0;0;2;0;0;0;0
"19/07/2013";"08:12:00";"2151";"sem vítima";"121";"BR-116/PR";"Sul";"Colisão Lateral";0;0;0;1;0;1;0;0;0;0;2;0;0;0;0
"19/07/2013";"08:22:00";"2153";"sem vítima";"130";"BR-116/PR";"Sul";"Colisão Traseira";1;0;1;0;0;0;0;0;0;0;2;0;0;0;0
"19/07/2013";"11:06:00";"2169";"sem vítima";"151.3";"BR-116/PR";"Norte";"Colisão Transversal";2;0;0;0;0;0;0;0;0;0;2;0;0;0;0
"19/07/2013";"03:37:00";"2194";"sem vítima";"151.5";"BR-116/SC";"Sul";"Saida de Pista";0;0;1;0;0;0;0;0;0;0;1;0;0;0;0
"19/07/2013";"04:29:00";"2200";"sem vítima";"16.9";"BR-116/SC";"Norte";"Colisão Traseira";2;0;0;0;0;0;0;0;0;1;8;0;0;0;0
"19/07/2013";"04:44:00";"2202";"com vítima";"135.9";"BR-116/PR";"Norte";"Colisão Traseira";2;0;0;0;0;0;0;0;0;0;7;1;0;0;0
"19/07/2013";"06:38:00";"2211";"sem vítima";"153.6";"BR-116/PR";"Norte";"Colisão Transversal";1;0;0;1;0;0;0;0;0;0;2;0;0;0;0
"19/07/2013";"08:08:00";"2220";"sem vítima";"144.2";"BR-116/PR";"Sul";"Choque - Objeto sobre a pista";2;0;1;0;0;1;0;0;0;0;7;0;0;0;0
"19/07/2013";"10:32:00";"2234";"sem vítima";"58";"BR-116/SC";"Sul";"Choque - Objeto sobre a pista";1;0;0;0;0;0;0;0;0;0;3;0;0;0;0
"19/07/2013";"10:32:00";"2233";"sem vítima";"152";"BR-116/SC";"Sul";"Choque - Cancela de Pedagio";1;0;0;0;0;0;0;0;0;0;3;0;0;0;0
"20/07/2013";"03:02:00";"2241";"sem vítima";"196.4";"BR-116/PR";"Norte";"Saida de Pista";1;0;0;0;0;0;0;0;0;0;2;0;0;0;0
"20/07/2013";"08:14:00";"2252";"sem vítima";"15.5";"BR-116/SC";"Norte";"Colisão Traseira";3;0;0;0;0;0;0;0;0;0;7;0;0;0;0
"20/07/2013";"09:58:00";"2259";"com vítima";"31.3";"BR-116/SC";"Norte";"Saida de Pista";1;0;0;0;0;0;0;0;0;0;0;1;0;0;0
"20/07/2013";"12:35:00";"2264";"sem vítima";"52.7";"BR-116/SC";"Norte";"Saida de Pista";0;0;1;0;0;0;0;0;0;0;1;0;0;0;0
"20/07/2013";"03:08:00";"2282";"com vítima";"78.5";"BR-116/SC";"Sul";"Colisão Transversal";2;0;0;0;0;0;0;0;0;0;0;3;0;0;0
"20/07/2013";"06:24:00";"2306";"com vítima";"80.7";"BR-116/SC";"Sul";"Colisão Transversal";3;0;0;0;0;0;0;0;0;0;4;0;1;1;0
"20/07/2013";"06:59:00";"2312";"sem vítima";"125.3";"BR-116/PR";"Sul";"Colisão Lateral";2;0;0;0;0;0;0;0;0;0;2;0;0;0;0
"20/07/2013";"07:53:00";"2316";"sem vítima";"119.4";"BR-116/PR";"Norte";"Choque - Defensa, barreira ou "submarino"";2;0;0;0;0;0;0;0;0;0;2;0;0;0;0
"20/07/2013";"08:24:00";"2319";"sem vítima";"159.8";"BR-116/PR";"Norte";"Saida de Pista";1;0;1;0;0;0;0;0;0;0;3;0;0;0;0
"20/07/2013";"08:40:00";"2321";"sem vítima";"138";"BR-116/SC";"Sul";"Choque - Objeto não identificado";1;0;0;0;0;0;0;0;0;0;1;0;0;0;0
"20/07/2013";"10:55:00";"2327";"sem vítima";"117.7";"BR-116/PR";"Sul";"Colisão Lateral";2;0;0;0;0;0;0;0;0;0;7;0;0;0;0
"20/07/2013";"11:00:00";"2329";"sem vítima";"148.1";"BR-116/PR";"Sul";"Colisão Lateral";1;0;1;0;0;0;0;0;0;0;3;0;0;0;0
"20/07/2013";"11:57:00";"2332";"sem vítima";"94.7";"BR-116/SC";"Sul";"Choque - Arvore";1;0;0;0;0;0;0;0;0;0;4;0;0;0;0
"21/07/2013";"03:54:00";"2341";"com vítima";"126.8";"BR-116/PR";"Norte";"Choque - Defensa, barreira ou "submarino"";1;0;0;0;0;0;0;0;0;0;1;0;1;0;0
"21/07/2013";"06:01:00";"2346";"sem vítima";"164.8";"BR-116/PR";"Norte";"Atropelamento de Animal";0;0;1;0;0;0;0;0;0;0;1;0;0;0;0
"21/07/2013";"08:07:00";"2357";"sem vítima";"126.3";"BR-116/PR";"Norte";"Colisão Transversal";2;0;0;0;0;0;0;0;0;0;3;0;0;0;0
"21/07/2013";"12:38:00";"2388";"sem vítima";"159.2";"BR-116/PR";"Sul";"Saida de Pista";1;0;0;0;0;0;0;0;0;0;1;0;0;0;0
"21/07/2013";"06:01:00";"2423";"sem vítima";"14.3";"BR-116/SC";"Norte";"Colisão Traseira";2;0;0;0;0;0;0;0;0;0;4;0;0;0;0
"21/07/2013";"06:36:00";"2426";"sem vítima";"192.4";"BR-116/SC";"Sul";"Saida de Pista";1;0;0;0;0;0;0;0;0;0;2;0;0;0;0
"22/07/2013";"03:31:00";"2457";"sem vítima";"205";"BR-116/PR";"Norte";"Colisão Traseira";0;0;1;0;0;1;0;0;0;0;2;0;0;0;0
"22/07/2013";"06:54:00";"2465";"sem vítima";"159.15";"BR-116/PR";"Sul";"Saida de Pista";1;0;0;0;0;0;0;0;0;0;1;0;0;0;0
"22/07/2013";"06:55:00";"2466";"sem vítima";"121.9";"BR-116/PR";"Norte";"Queda de Moto";0;0;0;1;0;0;0;0;0;0;2;0;0;0;0
"22/07/2013";"01:30:00";"2502";"sem vítima";"75";"BR-116/SC";"Norte";"Objeto lançado contra veículo";0;0;1;0;0;0;0;0;0;0;1;0;0;0;0
"22/07/2013";"06:36:00";"2550";"sem vítima";"115.3";"BR-116/PR";"Norte";"Colisão Traseira";2;0;0;0;0;0;0;0;0;0;6;0;0;0;0
"22/07/2013";"07:13:00";"2556";"sem vítima";"59.4";"BR-116/SC";"Norte";"Saida de Pista";0;0;0;0;0;0;0;0;0;1;3;0;0;0;0
"22/07/2013";"07:20:00";"2559";"sem vítima";"143";"BR-116/SC";"Sul";"Atropelamento de Animal";0;0;0;0;0;0;0;0;0;1;2;0;0;0;0
"22/07/2013";"09:17:00";"2565";"sem vítima";"121.6";"BR-116/SC";"Sul";"Saida de Pista";0;0;1;0;0;0;0;0;0;0;1;0;0;0;0
"22/07/2013";"11:08:00";"2579";"sem vítima";"63";"BR-116/SC";"Sul";"Saida de Pista";1;0;0;0;0;0;0;0;0;0;4;0;0;0;0
"23/07/2013";"08:36:00";"2610";"sem vítima";"60.5";"BR-116/SC";"Norte";"Saida de Pista";1;0;0;0;0;0;0;0;0;0;1;0;0;0;0
"23/07/2013";"02:42:00";"2659";"sem vítima";"11.5";"BR-116/SC";"Norte";"Colisão Traseira";0;0;3;0;0;0;0;0;0;0;3;0;0;0;0
"23/07/2013";"02:58:00";"2664";"sem vítima";"10";"BR-116/SC";"Sul";"Colisão Traseira";3;0;0;0;0;0;0;0;0;0;3;0;0;0;0