data;horario;n_da_ocorrencia;tipo_de_ocorrencia;km;trecho;sentido;tipo_de_acidente;automovel;bicicleta;caminhao;moto;onibus;outros;tracao_animal;transporte_de_cargas_especiais;trator_maquinas;utilitarios;ilesos;levemente_feridos;moderadamente_feridos;gravemente_feridos;mortos
"23/07/2013";"04:24:00";"2678";"com vítima";"115.2";"BR-116/PR";"Norte";"Colisão Traseira";0;0;2;0;0;0;0;0;0;0;1;1;0;0;0
"23/07/2013";"04:34:00";"2680";"sem vítima";"5";"BR-116/SC";"Norte";"Colisão Traseira";0;0;2;0;0;0;0;0;0;0;2;0;0;0;0
"24/07/2013";"07:43:00";"2738";"com vítima";"167.6";"BR-116/PR";"Norte";"Colisão Traseira";3;0;0;0;0;0;0;0;0;0;3;1;0;0;0
"24/07/2013";"08:07:00";"2745";"sem vítima";"54";"BR-116/SC";"Sul";"Queda de Moto";0;0;0;1;0;0;0;0;0;0;1;0;0;0;0
"24/07/2013";"08:59:00";"2752";"sem vítima";"233";"BR-116/SC";"Sul";"Colisão Traseira";1;0;1;0;0;0;0;0;0;0;2;0;0;0;0
"24/07/2013";"09:22:00";"2756";"sem vítima";"124.9";"BR-116/PR";"Norte";"Colisão Lateral";2;0;0;0;0;0;0;0;0;0;3;0;0;0;0
"24/07/2013";"12:04:00";"2769";"sem vítima";"142";"BR-116/SC";"Sul";"Colisão Traseira";2;0;0;0;0;0;0;0;0;0;2;0;0;0;0
"24/07/2013";"02:06:00";"2779";"com vítima";"54";"BR-116/SC";"Sul";"Colisão Transversal";0;1;1;0;0;0;0;0;0;0;1;0;1;0;0
"24/07/2013";"02:40:00";"2788";"sem vítima";"117.5";"BR-116/SC";"Sul";"Outros";0;0;1;0;0;0;0;0;0;0;1;0;0;0;0
"24/07/2013";"05:39:00";"2807";"sem vítima";"118.8";"BR-116/PR";"Sul";"Colisão Traseira";1;0;1;0;1;0;0;0;0;0;47;0;0;0;0
"24/07/2013";"06:37:00";"2815";"com vítima";"5.5";"BR-116/SC";"Norte";"Colisão Transversal";1;0;0;1;0;0;0;0;0;0;3;1;0;0;0
"24/07/2013";"07:22:00";"2817";"sem vítima";"268.6";"BR-116/SC";"Sul";"Atropelamento de Animal";1;0;0;0;0;0;0;0;0;0;2;0;0;0;0
"25/07/2013";"08:00:00";"2854";"com vítima";"205.32";"BR-116/PR";"Sul";"Saida de Pista";1;0;0;0;0;0;0;0;0;0;0;1;0;0;0
"25/07/2013";"08:41:00";"2857";"sem vítima";"1.8";"BR-116/SC";"Norte";"Colisão Lateral";1;0;1;0;0;0;0;0;0;0;5;0;0;0;0
"25/07/2013";"09:51:00";"2864";"sem vítima";"240";"BR-116/SC";"Norte";"Objeto lançado contra veículo";1;0;0;0;0;0;0;0;0;0;2;0;0;0;0
"25/07/2013";"10:26:00";"2867";"sem vítima";"115";"BR-116/PR";"Norte";"Colisão Lateral";1;0;1;0;0;0;0;0;0;0;2;0;0;0;0
"25/07/2013";"12:17:00";"2885";"sem vítima";"87.8";"BR-116/SC";"Sul";"Choque - Veiculo parado na pista";0;0;3;0;0;0;0;0;0;0;3;0;0;0;0
"25/07/2013";"06:16:00";"2935";"sem vítima";"134.5";"BR-116/PR";"Sul";"Colisão Transversal";1;0;0;0;0;0;0;0;0;1;2;0;0;0;0
"25/07/2013";"07:15:00";"2939";"sem vítima";"142";"BR-116/PR";"Norte";"Atropelamento de Animal";1;0;0;0;0;0;0;0;0;0;1;0;0;0;0
"25/07/2013";"07:19:00";"2940";"com vítima";"160.45";"BR-116/PR";"Sul";"Colisão Lateral";3;0;1;0;0;0;0;0;0;1;4;0;3;0;1
"25/07/2013";"10:28:00";"2951";"sem vítima";"14";"BR-116/SC";"Norte";"Choque - Objeto sobre a pista";0;0;0;0;1;0;0;0;0;0;23;0;0;0;0
"26/07/2013";"04:29:00";"3033";"sem vítima";"76.5";"BR-116/SC";"Norte";"Colisão Transversal";2;0;0;0;0;0;0;0;0;0;2;0;0;0;0
"26/07/2013";"05:38:00";"3045";"sem vítima";"153.3";"BR-116/PR";"Norte";"Colisão Transversal";2;0;0;0;0;0;0;0;0;0;2;0;0;0;0
"26/07/2013";"06:09:00";"3047";"sem vítima";"131.8";"BR-116/PR";"Norte";"Colisão Transversal";2;0;0;0;0;0;0;0;0;0;2;0;0;0;0
"26/07/2013";"08:30:00";"3062";"sem vítima";"99.3";"BR-116/SC";"Norte";"Objeto lançado contra veículo";0;0;1;0;0;0;0;0;0;0;1;0;0;0;0
"26/07/2013";"10:17:00";"3073";"sem vítima";"49.8";"BR-116/SC";"Norte";"Saida de Pista";0;0;1;0;0;0;0;0;0;0;1;0;0;0;0
"27/07/2013";"06:55:00";"3095";"sem vítima";"152";"BR-116/PR";"Norte";"Colisão Traseira";2;0;0;0;0;0;0;0;0;0;2;0;0;0;0
"27/07/2013";"10:35:00";"3122";"sem vítima";"124.65";"BR-116/PR";"Norte";"Colisão Traseira";3;0;0;0;0;0;0;0;0;0;11;0;0;0;0
"27/07/2013";"11:55:00";"3128";"sem vítima";"78";"BR-116/SC";"Sul";"Objeto lançado contra veículo";1;0;0;0;0;0;0;0;0;0;1;0;0;0;0
"27/07/2013";"12:18:00";"3132";"sem vítima";"126.6";"BR-116/PR";"Sul";"Choque - Defensa, barreira ou "submarino"";1;0;0;0;0;0;0;0;0;0;2;0;0;0;0
"27/07/2013";"12:35:00";"3135";"com vítima";"119.4";"BR-116/PR";"Sul";"Colisão Transversal";0;0;1;1;0;0;0;0;0;0;1;1;0;0;0
"27/07/2013";"01:27:00";"3141";"sem vítima";"126.4";"BR-116/PR";"Sul";"Colisão Transversal";1;0;2;0;0;0;0;0;0;0;5;0;0;0;0
"27/07/2013";"04:14:00";"3161";"sem vítima";"116.2";"BR-116/PR";"Sul";"Colisão Transversal";1;0;1;0;0;0;0;0;0;0;3;0;0;0;0
"27/07/2013";"09:45:00";"3191";"sem vítima";"143.3";"BR-116/SC";"Sul";"Saida de Pista";1;0;0;0;0;0;0;0;0;0;1;0;0;0;0
"27/07/2013";"10:29:00";"3194";"com vítima";"160.1";"BR-116/PR";"Sul";"Colisão Lateral";2;0;1;0;0;0;0;0;0;0;4;1;0;0;0
"28/07/2013";"12:54:00";"3200";"com vítima";"150.6";"BR-116/PR";"Norte";"Saida de Pista";1;0;0;0;0;0;0;0;0;0;3;1;0;0;0
"28/07/2013";"02:27:00";"3202";"sem vítima";"170.5";"BR-116/SC";"Sul";"Saida de Pista";1;0;0;0;0;0;0;0;0;0;2;0;0;0;0
"28/07/2013";"02:55:00";"3203";"com vítima";"116.5";"BR-116/PR";"Norte";"Choque - Defensa, barreira ou "submarino"";0;0;0;1;0;0;0;0;0;0;0;0;0;2;0
"28/07/2013";"08:55:00";"3225";"sem vítima";"125.8";"BR-116/PR";"Norte";"Choque - Veiculo parado na pista";2;0;0;0;0;0;0;0;0;0;3;0;0;0;0
"28/07/2013";"03:40:00";"3280";"sem vítima";"102.4";"BR-116/SC";"Sul";"Saida de Pista";1;0;0;0;0;0;0;0;0;0;4;0;0;0;0
"28/07/2013";"07:17:00";"3309";"sem vítima";"117.6";"BR-116/PR";"Sul";"Saida de Pista";1;0;0;0;0;0;0;0;0;0;2;0;0;0;0
"28/07/2013";"08:42:00";"3315";"com vítima";"123.4";"BR-116/PR";"Norte";"Colisão Traseira";1;0;1;0;0;0;0;0;0;0;1;1;0;0;0
"28/07/2013";"10:46:00";"3321";"sem vítima";"129.4";"BR-116/PR";"Sul";"Colisão Transversal";1;0;1;0;0;0;0;0;0;0;2;0;0;0;0
"29/07/2013";"04:50:00";"3341";"sem vítima";"127";"BR-116/PR";"Sul";"Saida de Pista";1;0;0;0;0;0;0;0;0;0;1;0;0;0;0
"29/07/2013";"07:32:00";"3356";"com vítima";"197.65";"BR-116/PR";"Norte";"Saida de Pista";0;0;0;1;0;0;0;0;0;0;0;0;0;1;0
"29/07/2013";"12:51:00";"3398";"sem vítima";"139.4";"BR-116/PR";"Sul";"Colisão Transversal";1;0;1;0;0;0;0;0;0;0;2;0;0;0;0
"29/07/2013";"01:05:00";"3400";"sem vítima";"17";"BR-116/SC";"Norte";"Objeto lançado contra veículo";1;0;0;0;0;0;0;0;0;0;1;0;0;0;0
"29/07/2013";"02:11:00";"3407";"sem vítima";"36.4";"BR-116/SC";"Sul";"Colisão Traseira";0;0;2;0;0;0;0;0;0;0;4;0;0;0;0
"29/07/2013";"03:51:00";"3425";"sem vítima";"85";"BR-116/SC";"Sul";"Objeto lançado contra veículo";1;0;0;0;0;0;0;0;0;0;1;0;0;0;0
"29/07/2013";"04:50:00";"3433";"sem vítima";"11.8";"BR-116/SC";"Norte";"Objeto lançado contra veículo";1;0;0;0;0;0;0;0;0;0;2;0;0;0;0
"30/07/2013";"03:45:00";"3484";"sem vítima";"202.8";"BR-116/PR";"Norte";"Choque - Veiculo parado na pista";1;0;1;0;0;0;0;0;0;0;5;0;0;0;0
"30/07/2013";"07:22:00";"3490";"com vítima";"52.6";"BR-116/SC";"Norte";"Colisão Traseira";2;0;0;0;0;0;0;0;0;0;3;1;0;0;0
"30/07/2013";"11:47:00";"3518";"com vítima";"46.8";"BR-116/SC";"Norte";"Saida de Pista";0;0;2;0;0;0;0;0;0;0;1;1;0;0;0
"30/07/2013";"03:34:00";"3539";"sem vítima";"161";"BR-116/PR";"Norte";"Saida de Pista";1;0;0;0;0;0;0;0;0;0;2;0;0;0;0
"30/07/2013";"06:03:00";"3567";"com vítima";"58.5";"BR-116/SC";"Norte";"Saida de Pista";1;0;0;0;0;0;0;0;0;0;0;1;0;0;0
"30/07/2013";"06:43:00";"3575";"com vítima";"2.8";"BR-116/SC";"Sul";"Atropelamento - Ciclista";1;1;0;0;0;0;0;0;0;0;1;1;0;0;0
"30/07/2013";"07:08:00";"3578";"com vítima";"118.6";"BR-116/PR";"Norte";"Queda de Moto";0;0;0;1;0;0;0;0;0;0;0;1;0;0;0
"30/07/2013";"08:16:00";"3583";"sem vítima";"272.2";"BR-116/SC";"Norte";"Objeto lançado contra veículo";1;0;0;0;0;0;0;0;0;0;3;0;0;0;0
"31/07/2013";"06:34:00";"3619";"sem vítima";"65";"BR-116/SC";"Norte";"Atropelamento de Animal";0;0;1;0;0;0;0;0;0;0;1;0;0;0;0
"31/07/2013";"09:40:00";"3644";"sem vítima";"133.9";"BR-116/PR";"Sul";"Objeto lançado contra veículo";0;0;1;0;0;0;0;0;0;0;1;0;0;0;0
"31/07/2013";"01:20:00";"3661";"com vítima";"223.8";"BR-116/SC";"Norte";"Colisão Frontal";1;0;1;0;0;0;0;0;0;0;3;0;0;5;1
"31/07/2013";"02:45:00";"3664";"sem vítima";"117.2";"BR-116/PR";"Norte";"Colisão Lateral";1;0;1;0;0;0;0;0;0;0;2;0;0;0;0
"31/07/2013";"07:10:00";"3691";"sem vítima";"131.8";"BR-116/PR";"Sul";"Objeto lançado contra veículo";1;0;0;0;0;0;0;0;0;0;3;0;0;0;0
"01/08/2013";"01:54:00";"56";"sem vítima";"56";"BR-116/SC";"Norte";"Objeto lançado contra veículo";1;0;0;0;0;0;0;0;0;0;1;0;0;0;0
"01/08/2013";"03:32:00";"79";"sem vítima";"205";"BR-116/PR";"Norte";"Objeto lançado contra veículo";1;0;0;0;0;0;0;0;0;0;1;0;0;0;0
"01/08/2013";"04:31:00";"90";"sem vítima";"172";"BR-116/SC";"Norte";"Colisão Lateral";0;0;1;0;0;1;0;0;0;0;2;0;0;0;0
"01/08/2013";"06:58:00";"104";"sem vítima";"204.4";"BR-116/PR";"Norte";"Colisão Transversal";1;0;1;0;0;0;0;0;0;0;2;0;0;0;0
"02/08/2013";"07:39:00";"143";"sem vítima";"115";"BR-116/SC";"Sul";"Colisão Traseira";1;0;1;0;0;0;0;0;0;0;2;0;0;0;0
"02/08/2013";"11:55:00";"171";"com vítima";"167.4";"BR-116/SC";"Norte";"Objeto lançado contra veículo";1;0;0;0;0;0;0;0;0;0;2;0;1;0;0
"02/08/2013";"03:25:00";"197";"com vítima";"266";"BR-116/SC";"Norte";"Saida de Pista";0;0;1;0;0;0;0;0;0;0;0;1;0;0;0
"02/08/2013";"05:14:00";"213";"com vítima";"17";"BR-116/SC";"Norte";"Colisão Transversal";1;0;0;1;0;0;0;0;0;0;3;0;1;0;0
"02/08/2013";"06:08:00";"214";"sem vítima";"153.8";"BR-116/PR";"Sul";"Colisão Transversal";1;0;0;0;0;1;0;0;0;0;2;0;0;0;0
"02/08/2013";"07:57:00";"226";"sem vítima";"121";"BR-116/SC";"Norte";"Colisão Lateral";1;0;1;0;1;0;0;0;0;0;6;0;0;0;0
"03/08/2013";"06:37:00";"259";"sem vítima";"121";"BR-116/PR";"Sul";"Objeto lançado contra veículo";1;0;0;0;0;0;0;0;0;0;3;0;0;0;0
"03/08/2013";"09:29:00";"275";"sem vítima";"135.5";"BR-116/PR";"Norte";"Objeto lançado contra veículo";1;0;0;0;0;0;0;0;0;0;1;0;0;0;0
"03/08/2013";"10:00:00";"278";"com vítima";"7";"BR-116/SC";"Norte";"Colisão Lateral";1;0;0;0;1;0;0;0;0;0;3;2;0;0;0
"03/08/2013";"11:51:00";"285";"com vítima";"58.68";"BR-116/SC";"Sul";"Colisão Lateral";2;0;0;0;0;0;0;0;0;0;4;0;1;0;0
"03/08/2013";"02:38:00";"301";"sem vítima";"202";"BR-116/PR";"Sul";"Colisão Lateral";0;0;1;0;0;0;0;0;0;1;3;0;0;0;0
"03/08/2013";"03:58:00";"309";"com vítima";"138.6";"BR-116/SC";"Norte";"Atropelamento - Usuário";0;0;1;0;0;0;0;0;0;0;1;0;1;0;0
"03/08/2013";"04:04:00";"310";"com vítima";"131.1";"BR-116/PR";"Norte";"Colisão Transversal";0;0;0;1;0;0;0;0;0;1;4;0;1;0;0
"03/08/2013";"04:59:00";"312";"sem vítima";"209.5";"BR-116/SC";"Sul";"Saida de Pista";1;0;0;0;0;0;0;0;0;0;1;0;0;0;0
"03/08/2013";"06:30:00";"322";"com vítima";"131.8";"BR-116/PR";"Sul";"Colisão Transversal";1;0;1;0;0;0;0;0;0;0;1;0;1;0;0
"03/08/2013";"10:16:00";"339";"sem vítima";"206";"BR-116/PR";"Sul";"Saida de Pista";1;0;0;0;0;0;0;0;0;0;1;0;0;0;0
"04/08/2013";"12:11:00";"347";"com vítima";"262.5";"BR-116/SC";"Norte";"Saida de Pista";1;0;0;0;0;0;0;0;0;0;0;3;0;1;0
"04/08/2013";"12:34:00";"349";"com vítima";"124.2";"BR-116/PR";"Norte";"Colisão Traseira";5;0;0;0;0;0;0;0;0;0;7;1;1;5;0
"04/08/2013";"01:28:00";"352";"com vítima";"172.9";"BR-116/SC";"Norte";"Saida de Pista";1;0;0;0;0;0;0;0;0;0;1;2;0;0;0
"04/08/2013";"01:46:00";"353";"sem vítima";"68";"BR-116/SC";"Sul";"Objeto lançado contra veículo";0;0;1;0;0;0;0;0;0;0;1;0;0;0;0
"04/08/2013";"02:02:00";"357";"com vítima";"125.3";"BR-116/PR";"Norte";"Colisão Traseira";2;0;0;0;0;1;0;0;0;0;5;1;0;0;0
"04/08/2013";"05:23:00";"364";"sem vítima";"147";"BR-116/SC";"Sul";"Objeto lançado contra veículo";0;0;1;0;0;0;0;0;0;0;1;0;0;0;0
"04/08/2013";"06:21:00";"370";"sem vítima";"170";"BR-116/SC";"Norte";"Atropelamento de Animal";0;0;1;0;0;0;0;0;0;0;2;0;0;0;0
"04/08/2013";"05:25:00";"408";"sem vítima";"168";"BR-116/SC";"Sul";"Colisão Lateral";1;0;1;0;0;0;0;0;0;0;4;0;0;0;0
"04/08/2013";"05:40:00";"411";"sem vítima";"133";"BR-116/PR";"Norte";"Colisão Traseira";2;0;0;0;0;0;0;0;0;0;2;0;0;0;0
"04/08/2013";"05:46:00";"414";"sem vítima";"133.4";"BR-116/PR";"Norte";"Choque - Veiculo parado na pista";2;0;0;0;0;0;0;0;0;0;8;0;0;0;0
"04/08/2013";"07:45:00";"425";"com vítima";"131.1";"BR-116/PR";"Norte";"Colisão Transversal";2;0;0;0;0;0;0;0;0;0;2;1;0;0;0
"05/08/2013";"08:18:00";"462";"sem vítima";"148.6";"BR-116/PR";"Norte";"Colisão Lateral";2;0;0;0;0;0;0;0;0;0;4;0;0;0;0
"05/08/2013";"10:28:00";"483";"sem vítima";"120";"BR-116/PR";"Norte";"Choque - Veiculo parado na pista";0;0;2;0;0;0;0;0;0;0;4;0;0;0;0
"05/08/2013";"03:05:00";"514";"sem vítima";"98";"BR-116/SC";"Norte";"Objeto lançado contra veículo";1;0;0;0;0;0;0;0;0;0;1;0;0;0;0
"05/08/2013";"09:15:00";"559";"com vítima";"218.65";"BR-116/SC";"Norte";"Colisão Traseira";2;0;0;0;0;0;0;0;0;0;5;1;0;0;0
"06/08/2013";"12:31:00";"568";"sem vítima";"117.6";"BR-116/PR";"Sul";"Saida de Pista";1;0;0;0;0;0;0;0;0;0;2;0;0;0;0
"06/08/2013";"12:32:00";"569";"sem vítima";"177";"BR-116/PR";"Norte";"Colisão Traseira";0;0;2;0;0;0;0;0;0;0;2;0;0;0;0
"06/08/2013";"06:39:00";"580";"com vítima";"131.05";"BR-116/PR";"Sul";"Saida de Pista";0;0;1;0;0;0;0;0;0;0;0;1;0;0;0
"06/08/2013";"07:19:00";"586";"sem vítima";"125.8";"BR-116/PR";"Sul";"Colisão Transversal";2;0;0;0;0;0;0;0;0;0;4;0;0;0;0
"06/08/2013";"02:33:00";"619";"sem vítima";"241.3";"BR-116/SC";"Sul";"Objeto lançado contra veículo";0;0;0;0;0;0;0;0;0;1;1;0;0;0;0
"06/08/2013";"04:36:00";"628";"sem vítima";"147";"BR-116/SC";"Norte";"Choque - Objeto sobre a pista";0;0;1;0;0;0;0;0;0;0;1;0;0;0;0
"06/08/2013";"04:48:00";"630";"sem vítima";"132.7";"BR-116/SC";"Norte";"Colisão Transversal";1;0;1;0;0;0;0;0;0;0;2;0;0;0;0
"06/08/2013";"11:13:00";"649";"sem vítima";"69.05";"BR-116/SC";"Sul";"Choque - Defensa, barreira ou "submarino"";0;0;0;0;1;0;0;0;0;0;13;0;0;0;0
"07/08/2013";"05:08:00";"659";"com vítima";"126";"BR-116/PR";"Sul";"Colisão Traseira";1;0;0;1;0;0;0;0;0;0;1;1;0;0;0
"07/08/2013";"06:47:00";"662";"sem vítima";"119.4";"BR-116/PR";"Norte";"Colisão Transversal";1;0;1;0;0;0;0;0;0;0;3;0;0;0;0
"07/08/2013";"07:15:00";"664";"sem vítima";"128";"BR-116/PR";"Sul";"Objeto lançado contra veículo";1;0;0;0;0;0;0;0;0;0;1;0;0;0;0
"07/08/2013";"07:37:00";"666";"sem vítima";"115.3";"BR-116/PR";"Norte";"Colisão Lateral";1;0;2;0;0;0;0;0;0;0;3;0;0;0;0
"07/08/2013";"08:28:00";"669";"sem vítima";"115.5";"BR-116/PR";"Norte";"Colisão Traseira";1;0;1;0;0;0;0;0;0;0;2;0;0;0;0
"07/08/2013";"10:52:00";"686";"sem vítima";"213";"BR-116/SC";"Norte";"Objeto lançado contra veículo";1;0;0;0;0;0;0;0;0;0;1;0;0;0;0
"07/08/2013";"07:04:00";"749";"sem vítima";"142.6";"BR-116/SC";"Sul";"Colisão Lateral";1;0;1;0;0;0;0;0;0;0;3;0;0;0;0
"07/08/2013";"08:41:00";"760";"com vítima";"173.8";"BR-116/SC";"Norte";"Saida de Pista";0;0;1;0;0;0;0;0;0;0;0;0;1;0;0
"08/08/2013";"04:59:00";"772";"com vítima";"49.3";"BR-116/SC";"Sul";"Colisão Traseira";0;0;2;0;0;0;0;0;0;0;0;0;2;0;0
"08/08/2013";"06:01:00";"775";"sem vítima";"212";"BR-116/SC";"Norte";"Saida de Pista";0;0;1;0;0;0;0;0;0;0;1;0;0;0;0
"08/08/2013";"06:34:00";"779";"sem vítima";"119.55";"BR-116/PR";"Norte";"Colisão Traseira";2;0;0;0;0;0;0;0;0;0;2;0;0;0;0
"08/08/2013";"07:24:00";"782";"com vítima";"117.5";"BR-116/PR";"Norte";"Colisão Lateral";1;0;0;1;0;1;0;0;0;0;2;1;0;0;0
"08/08/2013";"08:31:00";"785";"sem vítima";"134";"BR-116/PR";"Sul";"Colisão Traseira";2;0;0;0;0;0;0;0;0;0;2;0;0;0;0
"08/08/2013";"08:34:00";"786";"sem vítima";"204.8";"BR-116/SC";"Sul";"Objeto lançado contra veículo";1;0;0;0;0;0;0;0;0;0;1;0;0;0;0
"08/08/2013";"11:33:00";"813";"sem vítima";"116";"BR-116/PR";"Norte";"Colisão Traseira";1;0;0;0;0;1;0;0;0;0;2;0;0;0;0
"08/08/2013";"12:32:00";"816";"sem vítima";"140";"BR-116/PR";"Sul";"Objeto lançado contra veículo";1;0;0;0;0;0;0;0;0;0;1;0;0;0;0
"08/08/2013";"05:29:00";"857";"sem vítima";"195.7";"BR-116/PR";"Norte";"Tombamento";0;0;1;0;0;0;0;0;0;0;1;0;0;0;0
"08/08/2013";"05:50:00";"858";"sem vítima";"78";"BR-116/SC";"Sul";"Objeto lançado contra veículo";1;0;0;0;0;0;0;0;0;0;1;0;0;0;0
"08/08/2013";"07:39:00";"873";"com vítima";"150.4";"BR-116/PR";"Norte";"Colisão Transversal";1;0;0;1;0;0;0;0;0;0;1;0;0;1;0
"08/08/2013";"08:21:00";"876";"sem vítima";"121.5";"BR-116/PR";"Sul";"Choque - Veiculo parado na pista";1;0;1;0;0;0;0;0;0;0;3;0;0;0;0
"08/08/2013";"09:14:00";"882";"sem vítima";"186.25";"BR-116/SC";"Norte";"Choque - Objeto não identificado";1;0;0;0;0;0;0;0;0;0;3;0;0;0;0
"09/08/2013";"08:43:00";"914";"com vítima";"124.7";"BR-116/PR";"Norte";"Colisão Lateral";1;0;0;1;0;0;0;0;0;0;1;1;0;0;0
"09/08/2013";"03:29:00";"948";"sem vítima";"192.7";"BR-116/SC";"Sul";"Saida de Pista";1;0;0;0;0;0;0;0;0;0;1;0;0;0;0
"09/08/2013";"04:56:00";"963";"sem vítima";"118";"BR-116/PR";"Sul";"Colisão Traseira";1;0;1;0;0;0;0;0;0;0;2;0;0;0;0
"09/08/2013";"06:46:00";"978";"com vítima";"12";"BR-116/SC";"Sul";"Colisão Transversal";0;0;2;0;0;0;0;0;0;0;1;1;0;0;0
"09/08/2013";"07:47:00";"984";"sem vítima";"217.6";"BR-116/SC";"Norte";"Saida de Pista";1;0;0;0;0;0;0;0;0;0;1;0;0;0;0
"09/08/2013";"07:54:00";"986";"sem vítima";"152.4";"BR-116/PR";"Sul";"Saida de Pista";1;0;0;0;0;0;0;0;0;0;1;0;0;0;0
"10/08/2013";"08:01:00";"1024";"sem vítima";"116.6";"BR-116/PR";"Sul";"Tombamento";0;0;1;0;0;0;0;0;0;0;1;0;0;0;0
"10/08/2013";"10:28:00";"1037";"sem vítima";"39";"BR-116/SC";"Sul";"Objeto lançado contra veículo";1;0;0;0;0;0;0;0;0;0;1;0;0;0;0
"10/08/2013";"11:06:00";"1040";"com vítima";"116.2";"BR-116/PR";"Sul";"Colisão Frontal";1;0;1;0;0;0;0;0;0;0;2;0;1;0;0
"10/08/2013";"11:36:00";"1044";"sem vítima";"116.2";"BR-116/PR";"Sul";"Colisão Lateral";1;0;1;0;0;0;0;0;0;0;2;0;0;0;0
"10/08/2013";"12:27:00";"1049";"sem vítima";"217";"BR-116/SC";"Norte";"Colisão Traseira";1;0;1;0;0;0;0;0;0;0;6;0;0;0;0
"10/08/2013";"01:51:00";"1058";"sem vítima";"262.5";"BR-116/SC";"Norte";"Colisão Lateral";1;0;1;0;0;0;0;0;0;0;4;0;0;0;0
"10/08/2013";"07:26:00";"1089";"sem vítima";"124";"BR-116/PR";"Norte";"Colisão Traseira";2;0;0;0;0;0;0;0;0;0;2;0;0;0;0
"10/08/2013";"09:14:00";"1095";"com vítima";"197.7";"BR-116/PR";"Sul";"Colisão Frontal";2;0;1;0;0;0;0;0;0;0;1;4;0;0;0
"10/08/2013";"11:38:00";"1104";"com vítima";"143";"BR-116/SC";"Norte";"Saida de Pista";1;0;0;0;0;0;0;0;0;0;0;0;1;0;0
"11/08/2013";"12:23:00";"1105";"sem vítima";"172.9";"BR-116/SC";"Sul";"Choque - Defensa, barreira ou "submarino"";0;0;0;0;0;0;0;0;0;1;1;0;0;0;0
"11/08/2013";"07:26:00";"1117";"sem vítima";"117.4";"BR-116/PR";"Sul";"Capotamento";1;0;0;0;0;0;0;0;0;0;1;0;0;0;0
"11/08/2013";"08:58:00";"1121";"sem vítima";"126";"BR-116/PR";"Norte";"Colisão Lateral";1;0;1;0;0;0;0;0;0;0;2;0;0;0;0
"11/08/2013";"11:46:00";"1127";"sem vítima";"304.2";"BR-116/SC";"Sul";"Colisão Traseira";0;0;1;0;0;0;0;0;0;1;2;0;0;0;0
"11/08/2013";"11:58:00";"1128";"sem vítima";"119.4";"BR-116/PR";"Sul";"Colisão Traseira";2;0;0;0;0;0;0;0;0;0;2;0;0;0;0
"11/08/2013";"01:27:00";"1131";"sem vítima";"84";"BR-116/SC";"Sul";"Saida de Pista";1;0;0;0;0;0;0;0;0;0;1;0;0;0;0
"11/08/2013";"01:56:00";"1134";"sem vítima";"184.5";"BR-116/SC";"Norte";"Tombamento";0;0;1;0;0;0;0;0;0;0;1;0;0;0;0
"11/08/2013";"03:03:00";"1140";"sem vítima";"120.3";"BR-116/PR";"Norte";"Colisão Traseira";1;0;1;0;0;0;0;0;0;0;2;0;0;0;0
"11/08/2013";"05:15:00";"1151";"com vítima";"174.2";"BR-116/PR";"Norte";"Colisão Transversal";2;0;0;0;0;0;0;0;0;0;1;3;0;0;0
"11/08/2013";"05:24:00";"1152";"sem vítima";"117.4";"BR-116/PR";"Norte";"Choque - Objeto sobre a pista";0;0;0;0;0;0;0;0;0;1;1;0;0;0;0
"11/08/2013";"05:42:00";"1153";"sem vítima";"129.6";"BR-116/PR";"Norte";"Colisão Transversal";2;0;0;0;0;0;0;0;0;0;2;0;0;0;0
"11/08/2013";"07:25:00";"1171";"sem vítima";"216.2";"BR-116/SC";"Sul";"Atropelamento de Animal";1;0;0;0;0;0;0;0;0;0;3;0;0;0;0
"11/08/2013";"08:41:00";"1178";"sem vítima";"204";"BR-116/PR";"Norte";"Colisão Lateral";1;0;1;0;0;0;0;0;0;0;2;0;0;0;0
"11/08/2013";"10:08:00";"1184";"com vítima";"234.8";"BR-116/SC";"Sul";"Saida de Pista";1;0;0;0;0;0;0;0;0;0;0;2;0;1;0
"11/08/2013";"11:07:00";"1188";"sem vítima";"136";"BR-116/PR";"Norte";"Atropelamento de Animal";1;0;0;0;0;0;0;0;0;0;1;0;0;0;0
"12/08/2013";"06:45:00";"1202";"sem vítima";"304.9";"BR-116/SC";"Norte";"Saida de Pista";1;0;0;0;0;0;0;0;0;0;1;0;0;0;0
"12/08/2013";"07:20:00";"1205";"sem vítima";"116";"BR-116/PR";"Norte";"Colisão Lateral";1;0;0;0;1;0;0;0;0;0;2;0;0;0;0
"12/08/2013";"09:19:00";"1214";"sem vítima";"204.65";"BR-116/PR";"Sul";"Choque - Cancela de Pedagio";1;0;0;0;0;0;0;0;0;0;1;0;0;0;0
"12/08/2013";"01:49:00";"1240";"sem vítima";"184";"BR-116/PR";"Norte";"Saida de Pista";0;0;1;0;0;0;0;0;0;0;1;0;0;0;0