data;horario;n_da_ocorrencia;tipo_de_ocorrencia;km;trecho;sentido;tipo_de_acidente;automovel;bicicleta;caminhao;moto;onibus;outros;tracao_animal;transporte_de_cargas_especiais;trator_maquinas;utilitarios;ilesos;levemente_feridos;moderadamente_feridos;gravemente_feridos;mortos
"12/08/2013";"04:30:00";"1263";"com vítima";"116";"BR-116/PR";"Norte";"Colisão Traseira";2;0;0;0;0;0;0;0;0;0;2;0;1;0;0
"12/08/2013";"07:02:00";"1273";"com vítima";"217.6";"BR-116/SC";"Norte";"Colisão Lateral";1;0;0;1;0;0;0;0;0;0;1;1;0;0;0
"13/08/2013";"12:06:00";"1294";"com vítima";"4.1";"BR-116/SC";"Sul";"Queda de Moto";0;0;0;1;0;0;0;0;0;0;0;1;0;0;0
"13/08/2013";"02:54:00";"1303";"com vítima";"209.7";"BR-116/PR";"Norte";"Queda de Moto";0;0;0;1;0;0;0;0;0;0;0;0;0;1;0
"13/08/2013";"03:57:00";"1304";"sem vítima";"87.8";"BR-116/SC";"Norte";"Saida de Pista";0;0;1;0;0;0;0;0;0;0;1;0;0;0;0
"13/08/2013";"06:36:00";"1312";"sem vítima";"125.1";"BR-116/PR";"Sul";"Colisão Lateral";1;0;1;0;0;0;0;0;0;0;2;0;0;0;0
"13/08/2013";"01:45:00";"1361";"sem vítima";"115.9";"BR-116/PR";"Sul";"Colisão Traseira";1;0;0;0;0;0;0;0;0;1;4;0;0;0;0
"13/08/2013";"01:47:00";"1362";"sem vítima";"204";"BR-116/PR";"Norte";"Choque - Outros";0;0;1;0;0;0;0;0;0;0;1;0;0;0;0
"13/08/2013";"01:51:00";"1364";"sem vítima";"206";"BR-116/PR";"Norte";"Objeto lançado contra veículo";1;0;0;0;0;0;0;0;0;0;2;0;0;0;0
"13/08/2013";"03:11:00";"1372";"sem vítima";"243.3";"BR-116/SC";"Norte";"Tombamento";0;0;0;0;0;0;0;0;0;1;1;0;0;0;0
"13/08/2013";"05:59:00";"1388";"sem vítima";"247";"BR-116/SC";"Sul";"Colisão Transversal";2;0;0;0;0;0;0;0;0;0;2;0;0;0;0
"13/08/2013";"07:03:00";"1395";"com vítima";"121.2";"BR-116/PR";"Norte";"Atropelamento - Outros";1;0;0;0;0;0;0;0;0;0;2;1;0;0;0
"14/08/2013";"12:29:00";"1416";"sem vítima";"183.6";"BR-116/PR";"Sul";"Saida de Pista";1;0;0;0;0;0;0;0;0;0;1;0;0;0;0
"14/08/2013";"08:02:00";"1439";"sem vítima";"118";"BR-116/PR";"Sul";"Engavetamento";0;0;3;0;0;0;0;0;0;0;3;0;0;0;0
"14/08/2013";"09:40:00";"1449";"com vítima";"115.2";"BR-116/PR";"Sul";"Engavetamento";0;0;1;0;0;1;0;0;0;1;3;2;0;0;0
"14/08/2013";"10:49:00";"1459";"sem vítima";"215.6";"BR-116/SC";"Norte";"Objeto lançado contra veículo";1;0;0;0;0;0;0;0;0;0;1;0;0;0;0
"14/08/2013";"01:02:00";"1471";"sem vítima";"42.5";"BR-116/SC";"Norte";"Objeto lançado contra veículo";0;0;0;0;0;0;0;0;0;1;1;0;0;0;0
"14/08/2013";"03:04:00";"1481";"sem vítima";"116.1";"BR-116/PR";"Norte";"Colisão Transversal";0;0;1;1;0;0;0;0;0;0;2;0;0;0;0
"14/08/2013";"05:59:00";"1496";"sem vítima";"200";"BR-116/PR";"Sul";"Tombamento";1;0;0;0;0;0;0;0;0;0;2;0;0;0;0
"14/08/2013";"06:20:00";"1499";"sem vítima";"140.6";"BR-116/SC";"Sul";"Objeto lançado contra veículo";2;0;0;0;0;0;0;0;0;0;6;0;0;0;0
"14/08/2013";"06:30:00";"1500";"com vítima";"210.5";"BR-116/SC";"Norte";"Choque - Veiculo parado na pista";1;1;0;0;0;0;0;0;0;0;1;1;0;0;0
"14/08/2013";"06:34:00";"1501";"sem vítima";"115.2";"BR-116/PR";"Norte";"Colisão Lateral";1;0;1;0;0;0;0;0;0;0;2;0;0;0;0
"15/08/2013";"07:55:00";"1534";"com vítima";"118.3";"BR-116/PR";"Norte";"Colisão Transversal";1;0;0;1;0;0;0;0;0;0;1;1;0;0;0
"15/08/2013";"08:25:00";"1536";"sem vítima";"68";"BR-116/SC";"Norte";"Choque - Objeto sobre a pista";0;0;1;0;0;0;0;0;0;0;1;0;0;0;0
"15/08/2013";"03:36:00";"1585";"sem vítima";"154";"BR-116/PR";"Sul";"Choque - Objeto sobre a pista";1;0;0;0;0;0;0;0;0;0;1;0;0;0;0
"15/08/2013";"04:18:00";"1587";"com vítima";"245.6";"BR-116/SC";"Norte";"Colisão Lateral";1;0;1;0;0;0;0;0;0;0;4;1;0;0;0
"15/08/2013";"05:00:00";"1593";"com vítima";"116";"BR-116/PR";"Norte";"Queda de Moto";0;0;0;1;0;0;0;0;0;0;0;1;0;0;0
"15/08/2013";"10:09:00";"1619";"com vítima";"65.5";"BR-116/SC";"Sul";"Atropelamento de Animal";0;0;0;1;0;0;0;0;0;0;0;1;0;0;0
"16/08/2013";"08:21:00";"1644";"sem vítima";"125.3";"BR-116/PR";"Norte";"Colisão Traseira";1;0;1;0;0;0;0;0;0;0;2;0;0;0;0
"16/08/2013";"10:00:00";"1656";"sem vítima";"217.2";"BR-116/SC";"Norte";"Colisão Traseira";1;0;1;0;0;0;0;0;0;0;6;0;0;0;0
"16/08/2013";"12:44:00";"1671";"com vítima";"30.6";"BR-116/SC";"Norte";"Colisão Transversal";0;0;0;1;0;1;0;0;0;0;1;1;0;0;0
"16/08/2013";"01:57:00";"1683";"sem vítima";"31";"BR-116/SC";"Sul";"Choque - Objeto sobre a pista";0;0;0;0;0;0;0;0;0;1;1;0;0;0;0
"17/08/2013";"03:18:00";"1753";"com vítima";"130.8";"BR-116/PR";"Norte";"Colisão Frontal";1;0;1;0;0;0;0;0;0;0;1;0;0;0;2
"17/08/2013";"08:19:00";"1761";"sem vítima";"117";"BR-116/PR";"Norte";"Capotamento";1;0;0;0;0;1;0;0;0;0;2;0;0;0;0
"17/08/2013";"10:25:00";"1768";"sem vítima";"119";"BR-116/PR";"Norte";"Queda de Moto";0;0;0;1;0;0;0;0;0;0;1;0;0;0;0
"17/08/2013";"10:38:00";"1769";"sem vítima";"202";"BR-116/PR";"Norte";"Choque - Veiculo parado na pista";2;0;0;0;0;0;0;0;0;0;2;0;0;0;0
"17/08/2013";"02:50:00";"1791";"sem vítima";"253";"BR-116/SC";"Sul";"Colisão Lateral";1;0;1;0;0;0;0;0;0;0;3;0;0;0;0
"17/08/2013";"03:02:00";"1793";"sem vítima";"123.8";"BR-116/PR";"Norte";"Choque - Objeto sobre a pista";1;0;0;0;0;0;0;0;0;0;1;0;0;0;0
"17/08/2013";"04:14:00";"1799";"sem vítima";"134";"BR-116/PR";"Sul";"Colisão Traseira";2;0;0;0;0;0;0;0;0;0;2;0;0;0;0
"17/08/2013";"05:24:00";"1801";"sem vítima";"119.4";"BR-116/PR";"Norte";"Colisão Transversal";1;0;0;0;0;0;0;0;0;1;2;0;0;0;0
"17/08/2013";"08:12:00";"1816";"sem vítima";"52.8";"BR-116/SC";"Sul";"Saida de Pista";1;0;0;0;0;0;0;0;0;0;1;0;0;0;0
"18/08/2013";"04:03:00";"1836";"sem vítima";"148.4";"BR-116/PR";"Sul";"Choque - Arvore";0;0;0;0;0;0;0;0;0;1;2;0;0;0;0
"18/08/2013";"04:56:00";"1839";"com vítima";"156.7";"BR-116/SC";"Sul";"Saida de Pista";1;0;0;0;0;0;0;0;0;0;0;4;0;0;0
"18/08/2013";"06:18:00";"1840";"com vítima";"122";"BR-116/PR";"Norte";"Atropelamento - Sem Informação";0;0;0;0;1;0;0;0;0;0;1;0;0;1;0
"18/08/2013";"10:38:00";"1860";"sem vítima";"12";"BR-116/SC";"Norte";"Colisão Lateral";2;0;0;0;0;0;0;0;0;0;2;0;0;0;0
"18/08/2013";"03:05:00";"1885";"sem vítima";"54";"BR-116/SC";"Sul";"Colisão Traseira";1;0;0;0;1;0;0;0;0;0;2;0;0;0;0
"18/08/2013";"03:33:00";"1886";"sem vítima";"209.03";"BR-116/PR";"Norte";"Colisão Traseira";0;0;2;0;0;0;0;0;0;0;2;0;0;0;0
"19/08/2013";"06:11:00";"1941";"sem vítima";"82";"BR-116/SC";"Sul";"Choque - Suporte de Sinalização";0;0;1;0;0;0;0;0;0;0;1;0;0;0;0
"19/08/2013";"10:47:00";"1965";"sem vítima";"117.4";"BR-116/PR";"Sul";"Colisão Transversal";0;0;2;0;0;0;0;0;0;0;2;0;0;0;0
"19/08/2013";"02:31:00";"1981";"sem vítima";"191";"BR-116/PR";"Norte";"Outros";0;0;1;0;0;0;0;0;0;0;1;0;0;0;0
"19/08/2013";"03:29:00";"1990";"com vítima";"133.1";"BR-116/PR";"Norte";"Colisão Traseira";3;0;0;0;0;0;0;0;0;0;2;0;2;2;0
"19/08/2013";"03:34:00";"1991";"com vítima";"210.09";"BR-116/PR";"Norte";"Colisão Transversal";1;0;1;0;0;0;0;0;0;0;1;1;0;0;0
"20/08/2013";"07:32:00";"2044";"sem vítima";"139.8";"BR-116/SC";"Norte";"Colisão Transversal";0;0;1;0;0;1;0;0;0;0;2;0;0;0;0
"20/08/2013";"08:38:00";"2055";"sem vítima";"117.4";"BR-116/PR";"Norte";"Choque - Veiculo parado na pista";2;0;1;0;0;0;0;0;0;0;3;0;0;0;0
"20/08/2013";"01:32:00";"2086";"sem vítima";"204";"BR-116/PR";"Sul";"Choque - Outros";1;0;0;0;0;0;0;0;0;0;1;0;0;0;0
"20/08/2013";"04:33:00";"2111";"sem vítima";"122.4";"BR-116/SC";"Sul";"Objeto lançado contra veículo";1;0;0;0;0;0;0;0;0;0;2;0;0;0;0
"20/08/2013";"04:58:00";"2115";"sem vítima";"187";"BR-116/PR";"Sul";"Objeto lançado contra veículo";1;0;0;0;0;0;0;0;0;0;1;0;0;0;0
"21/08/2013";"08:34:00";"2168";"com vítima";"118.1";"BR-116/PR";"Sul";"Colisão Transversal";1;0;0;1;0;0;0;0;0;0;1;1;0;0;0
"21/08/2013";"12:08:00";"2198";"sem vítima";"132";"BR-116/SC";"Sul";"Atropelamento de Animal";0;0;1;0;0;0;0;0;0;0;1;0;0;0;0
"21/08/2013";"03:07:00";"2218";"sem vítima";"124";"BR-116/PR";"Sul";"Objeto lançado contra veículo";1;0;0;0;0;0;0;0;0;0;1;0;0;0;0
"21/08/2013";"06:31:00";"2245";"sem vítima";"150.3";"BR-116/PR";"Norte";"Colisão Frontal";1;0;0;0;0;0;0;0;0;1;2;0;0;0;0
"22/08/2013";"12:03:00";"2277";"sem vítima";"115";"BR-116/PR";"Sul";"Saida de Pista";1;0;0;0;0;0;0;0;0;0;1;0;0;0;0
"22/08/2013";"08:31:00";"2304";"sem vítima";"168";"BR-116/PR";"Norte";"Atropelamento de Animal";1;0;0;0;0;0;0;0;0;0;1;0;0;0;0
"22/08/2013";"03:55:00";"2357";"com vítima";"14.5";"BR-116/SC";"Norte";"Capotamento";1;0;0;0;0;0;0;0;0;0;3;1;0;0;0
"22/08/2013";"05:48:00";"2370";"sem vítima";"130.6";"BR-116/PR";"Norte";"Colisão Transversal";1;0;0;0;0;0;0;0;0;1;2;0;0;0;0
"22/08/2013";"06:41:00";"2377";"com vítima";"207.3";"BR-116/SC";"Sul";"Colisão Transversal";1;0;1;0;0;0;0;0;0;0;1;0;0;1;0
"23/08/2013";"07:44:00";"2418";"com vítima";"132.8";"BR-116/SC";"Sul";"Capotamento";1;0;0;0;0;0;0;0;0;0;1;2;0;0;0
"23/08/2013";"10:20:00";"2433";"sem vítima";"204";"BR-116/PR";"Norte";"Objeto lançado contra veículo";1;0;0;0;0;0;0;0;0;0;2;0;0;0;0
"23/08/2013";"05:26:00";"2469";"com vítima";"139";"BR-116/SC";"Norte";"Colisão Transversal";2;0;0;0;0;0;0;0;0;0;1;0;1;0;0
"23/08/2013";"06:11:00";"2472";"sem vítima";"262.2";"BR-116/SC";"Norte";"Saida de Pista";1;0;0;0;0;0;0;0;0;0;1;0;0;0;0
"23/08/2013";"07:39:00";"2479";"com vítima";"223.9";"BR-116/SC";"Sul";"Colisão Frontal";2;0;0;0;0;0;0;0;0;0;1;0;0;1;4
"23/08/2013";"10:08:00";"2489";"sem vítima";"184.3";"BR-116/SC";"Sul";"Colisão Transversal";1;0;1;0;0;0;0;0;0;0;2;0;0;0;0
"23/08/2013";"10:41:00";"2491";"sem vítima";"209.3";"BR-116/PR";"Sul";"Colisão Transversal";1;0;0;0;0;1;0;0;0;0;2;0;0;0;0
"23/08/2013";"10:42:00";"2492";"sem vítima";"225";"BR-116/SC";"Norte";"Choque - Objeto sobre a pista";1;0;0;0;0;0;0;0;0;0;1;0;0;0;0
"24/08/2013";"01:31:00";"2498";"sem vítima";"227.2";"BR-116/SC";"Sul";"Saida de Pista";1;0;0;0;0;0;0;0;0;0;4;0;0;0;0
"24/08/2013";"04:19:00";"2507";"sem vítima";"193.2";"BR-116/SC";"Sul";"Saida de Pista";1;0;0;0;0;0;0;0;0;0;1;0;0;0;0
"24/08/2013";"05:22:00";"2511";"com vítima";"129.4";"BR-116/PR";"Norte";"Atropelamento - Morador";0;0;1;0;0;0;0;0;0;0;1;0;0;0;1
"24/08/2013";"12:47:00";"2531";"com vítima";"117";"BR-116/PR";"Norte";"Colisão Lateral";0;0;0;1;0;1;0;0;0;0;1;1;0;0;0
"24/08/2013";"01:46:00";"2533";"sem vítima";"101";"BR-116/SC";"Norte";"Saida de Pista";1;0;0;0;0;0;0;0;0;0;1;0;0;0;0
"25/08/2013";"02:50:00";"2575";"sem vítima";"207.5";"BR-116/SC";"Sul";"Saida de Pista";1;0;0;0;0;0;0;0;0;0;1;0;0;0;0
"25/08/2013";"04:09:00";"2576";"sem vítima";"121.9";"BR-116/PR";"Norte";"Saida de Pista";1;0;0;0;0;0;0;0;0;0;1;0;0;0;0
"25/08/2013";"04:33:00";"2578";"com vítima";"11.5";"BR-116/SC";"Norte";"Colisão Lateral";1;0;0;0;0;1;0;0;0;0;2;1;0;0;0
"25/08/2013";"04:45:00";"2580";"sem vítima";"222.3";"BR-116/SC";"Norte";"Saida de Pista";1;0;0;0;0;0;0;0;0;0;1;0;0;0;0
"25/08/2013";"06:03:00";"2582";"sem vítima";"55.8";"BR-116/SC";"Sul";"Colisão Lateral";0;0;2;0;0;0;0;0;0;0;2;0;0;0;0
"25/08/2013";"06:24:00";"2584";"sem vítima";"157";"BR-116/PR";"Norte";"Objeto lançado contra veículo";0;0;1;0;0;0;0;0;0;0;1;0;0;0;0
"25/08/2013";"06:47:00";"2588";"sem vítima";"174";"BR-116/SC";"Norte";"Saida de Pista";0;0;0;0;0;0;0;0;0;1;1;0;0;0;0
"25/08/2013";"01:28:00";"2603";"sem vítima";"117.8";"BR-116/PR";"Norte";"Colisão Traseira";2;0;0;0;0;0;0;0;0;0;2;0;0;0;0
"25/08/2013";"04:33:00";"2617";"sem vítima";"193";"BR-116/SC";"Norte";"Outros";0;0;1;0;0;0;0;0;0;0;1;0;0;0;0
"25/08/2013";"05:23:00";"2620";"sem vítima";"141.6";"BR-116/PR";"Norte";"Saida de Pista";1;0;0;0;0;0;0;0;0;0;1;0;0;0;0
"25/08/2013";"09:15:00";"2641";"sem vítima";"0.4";"BR-116/SC";"Norte";"Colisão Traseira";2;0;0;0;0;0;0;0;0;0;2;0;0;0;0
"26/08/2013";"12:32:00";"2661";"sem vítima";"117";"BR-116/PR";"Sul";"Choque - Suporte de Sinalização";1;0;0;0;0;0;0;0;0;0;1;0;0;0;0
"26/08/2013";"07:52:00";"2670";"sem vítima";"183.6";"BR-116/PR";"Sul";"Saida de Pista";0;0;1;0;0;0;0;0;0;0;1;0;0;0;0
"26/08/2013";"12:14:00";"2684";"com vítima";"129.4";"BR-116/PR";"Sul";"Colisão Traseira";1;0;0;1;0;0;0;0;0;0;1;1;0;0;0
"26/08/2013";"03:14:00";"2704";"sem vítima";"123.9";"BR-116/PR";"Norte";"Colisão Lateral";0;0;1;0;1;0;0;0;0;0;101;0;0;0;0
"26/08/2013";"04:45:00";"2711";"sem vítima";"71.8";"BR-116/SC";"Sul";"Colisão Lateral";2;0;0;0;0;0;0;0;0;0;3;0;0;0;0
"26/08/2013";"06:23:00";"2719";"sem vítima";"127.6";"BR-116/PR";"Norte";"Colisão Lateral";2;0;0;0;0;0;0;0;0;0;3;0;0;0;0
"26/08/2013";"07:32:00";"2720";"sem vítima";"115.4";"BR-116/PR";"Sul";"Colisão Traseira";1;0;1;0;0;0;0;0;0;0;2;0;0;0;0
"26/08/2013";"09:51:00";"2728";"sem vítima";"139";"BR-116/SC";"Sul";"Choque - Objeto sobre a pista";1;0;1;0;0;0;0;0;0;0;3;0;0;0;0
"26/08/2013";"10:09:00";"2731";"sem vítima";"139";"BR-116/SC";"Sul";"Choque - Objeto sobre a pista";1;0;1;0;0;0;0;0;0;0;2;0;0;0;0
"27/08/2013";"12:33:00";"2735";"sem vítima";"146.3";"BR-116/PR";"Sul";"Colisão Transversal";1;0;0;0;1;0;0;0;0;0;4;0;0;0;0
"27/08/2013";"06:50:00";"2743";"sem vítima";"9";"BR-116/SC";"Norte";"Colisão Transversal";2;0;0;0;0;0;0;0;0;0;3;0;0;0;0
"27/08/2013";"07:20:00";"2746";"com vítima";"128";"BR-116/PR";"Norte";"Saida de Pista";1;0;0;0;0;0;0;0;0;0;0;1;0;0;0
"27/08/2013";"08:32:00";"2750";"com vítima";"122.15";"BR-116/PR";"Norte";"Colisão Traseira";0;0;0;1;0;0;0;0;0;1;2;1;0;0;0
"27/08/2013";"07:27:00";"2809";"sem vítima";"251.3";"BR-116/SC";"Sul";"Colisão Transversal";1;0;1;0;0;0;0;0;0;0;2;0;0;0;0
"27/08/2013";"07:44:00";"2812";"com vítima";"70.2";"BR-116/SC";"Sul";"Atropelamento - Ciclista";1;1;0;0;0;0;0;0;0;0;2;1;0;0;0
"27/08/2013";"08:22:00";"2815";"sem vítima";"53";"BR-116/SC";"Sul";"Atropelamento de Animal";1;0;0;0;0;0;0;0;0;0;1;0;0;0;0
"27/08/2013";"09:58:00";"2820";"sem vítima";"36";"BR-116/SC";"Norte";"Objeto lançado contra veículo";0;0;1;0;0;0;0;0;0;0;1;0;0;0;0
"28/08/2013";"07:20:00";"2848";"com vítima";"5.7";"BR-116/SC";"Sul";"Colisão Transversal";2;0;0;0;0;0;0;0;0;0;2;2;0;0;0
"28/08/2013";"07:41:00";"2851";"com vítima";"125.5";"BR-116/PR";"Norte";"Colisão Lateral";1;0;0;1;0;0;0;0;0;0;1;0;1;0;0
"28/08/2013";"08:00:00";"2854";"com vítima";"132.1";"BR-116/PR";"Sul";"Colisão Transversal";1;0;0;1;0;0;0;0;0;0;1;1;0;0;0
"28/08/2013";"10:25:00";"2927";"sem vítima";"142.8";"BR-116/PR";"Sul";"Saida de Pista";1;0;0;0;0;0;0;0;0;0;2;0;0;0;0
"28/08/2013";"11:39:00";"2930";"sem vítima";"159.3";"BR-116/PR";"Sul";"Colisão Lateral";1;0;0;0;0;1;0;0;0;0;3;0;0;0;0
"29/08/2013";"07:36:00";"2949";"sem vítima";"217.1";"BR-116/SC";"Sul";"Colisão Traseira";0;0;2;0;0;0;0;0;0;0;2;0;0;0;0
"29/08/2013";"11:13:00";"2973";"sem vítima";"116.2";"BR-116/PR";"Sul";"Colisão Lateral";1;0;1;0;0;0;0;0;0;0;3;0;0;0;0
"29/08/2013";"11:59:00";"2976";"sem vítima";"120";"BR-116/SC";"Norte";"Objeto lançado contra veículo";0;0;0;0;0;0;0;0;0;1;1;0;0;0;0
"29/08/2013";"12:01:00";"2977";"sem vítima";"192.6";"BR-116/PR";"Sul";"Saida de Pista";0;0;1;0;0;0;0;0;0;0;1;0;0;0;0
"29/08/2013";"02:56:00";"3002";"sem vítima";"119";"BR-116/PR";"Sul";"Objeto lançado contra veículo";1;0;0;0;0;0;0;0;0;0;3;0;0;0;0
"29/08/2013";"05:35:00";"3027";"sem vítima";"95";"BR-116/SC";"Sul";"Choque - Objeto sobre a pista";1;0;0;0;0;0;0;0;0;0;1;0;0;0;0
"29/08/2013";"10:19:00";"3048";"sem vítima";"149";"BR-116/PR";"Norte";"Objeto lançado contra veículo";0;0;1;0;0;0;0;0;0;0;1;0;0;0;0
"30/08/2013";"12:43:00";"3054";"com vítima";"121.3";"BR-116/PR";"Norte";"Choque - Defensa, barreira ou "submarino"";0;0;0;1;0;0;0;0;0;0;0;1;0;0;0
"30/08/2013";"06:56:00";"3068";"sem vítima";"2.5";"BR-116/SC";"Norte";"Colisão Traseira";1;0;0;0;0;0;0;0;0;0;2;0;0;0;0
"30/08/2013";"09:33:00";"3088";"sem vítima";"279";"BR-116/SC";"Norte";"Choque - Poste";0;0;1;0;0;0;0;0;0;0;1;0;0;0;0
"30/08/2013";"11:17:00";"3108";"sem vítima";"29";"BR-116/SC";"Sul";"Choque - Objeto sobre a pista";1;0;0;0;0;0;0;0;0;0;1;0;0;0;0
"30/08/2013";"01:33:00";"3125";"sem vítima";"140.3";"BR-116/PR";"Norte";"Colisão Traseira";1;0;0;0;0;0;0;0;0;1;2;0;0;0;0
"30/08/2013";"06:46:00";"3160";"sem vítima";"87";"BR-116/SC";"Norte";"Objeto lançado contra veículo";1;0;0;0;0;0;0;0;0;0;1;0;0;0;0
"30/08/2013";"08:18:00";"3168";"com vítima";"126";"BR-116/PR";"Sul";"Colisão Traseira";2;0;0;0;0;0;0;0;0;0;1;1;0;0;0
"30/08/2013";"08:47:00";"3169";"sem vítima";"105.5";"BR-116/SC";"Norte";"Colisão Traseira";2;0;0;0;0;0;0;0;0;0;2;0;0;0;0
"30/08/2013";"09:09:00";"3171";"com vítima";"121.4";"BR-116/PR";"Sul";"Colisão Traseira";3;0;0;0;0;0;0;0;0;0;4;2;0;0;0
"31/08/2013";"02:10:00";"3190";"com vítima";"117.7";"BR-116/PR";"Norte";"Choque - Defensa, barreira ou "submarino"";1;0;0;0;0;0;0;0;0;0;2;2;0;0;0
"31/08/2013";"07:21:00";"3260";"com vítima";"153.3";"BR-116/PR";"Sul";"Colisão Transversal";1;0;0;1;0;0;0;0;0;0;1;0;1;0;0
"31/08/2013";"08:55:00";"3264";"sem vítima";"120.9";"BR-116/PR";"Norte";"Colisão Transversal";0;0;2;0;0;0;0;0;0;0;2;0;0;0;0
"31/08/2013";"09:51:00";"3270";"sem vítima";"57.5";"BR-116/SC";"Sul";"Saida de Pista";1;0;0;0;0;0;0;0;0;0;2;0;0;0;0
"01/09/2013";"03:08:00";"10";"com vítima";"128.9";"BR-116/SC";"Norte";"Saida de Pista";1;0;0;0;0;0;0;0;0;0;1;1;0;0;0
"01/09/2013";"03:21:00";"11";"sem vítima";"142.3";"BR-116/PR";"Sul";"Saida de Pista";1;0;0;0;0;0;0;0;0;0;1;0;0;0;0
"01/09/2013";"05:17:00";"14";"sem vítima";"226.5";"BR-116/SC";"Norte";"Saida de Pista";1;0;0;0;0;0;0;0;0;0;1;0;0;0;0
"01/09/2013";"10:47:00";"33";"com vítima";"193";"BR-116/PR";"Norte";"Atropelamento de Animal";0;0;0;1;0;0;0;0;0;0;0;2;0;0;0
"01/09/2013";"04:05:00";"62";"com vítima";"146.05";"BR-116/PR";"Sul";"Saida de Pista";1;0;0;0;0;0;0;0;0;0;1;1;2;0;0
"01/09/2013";"04:56:00";"65";"com vítima";"152.4";"BR-116/PR";"Sul";"Colisão Transversal";2;0;0;0;0;0;0;0;0;0;4;1;1;0;0
"01/09/2013";"05:11:00";"69";"com vítima";"138";"BR-116/PR";"Norte";"Queda de Moto";0;0;0;1;0;0;0;0;0;0;1;1;0;0;0
"01/09/2013";"05:14:00";"70";"sem vítima";"173";"BR-116/PR";"Sul";"Atropelamento de Animal";1;0;0;0;0;0;0;0;0;0;4;0;0;0;0
"01/09/2013";"05:50:00";"76";"com vítima";"43.2";"BR-116/SC";"Norte";"Colisão Frontal";1;0;1;0;0;0;0;0;0;0;3;0;1;0;0
"01/09/2013";"08:14:00";"95";"com vítima";"209.5";"BR-116/SC";"Sul";"Colisão Traseira";1;0;1;0;0;0;0;0;0;0;2;1;0;0;0
"01/09/2013";"09:05:00";"99";"sem vítima";"117.5";"BR-116/PR";"Sul";"Choque - Veiculo parado no acostamento";2;0;0;0;0;0;0;0;0;0;5;0;0;0;0
"02/09/2013";"12:39:00";"107";"sem vítima";"124.9";"BR-116/SC";"Sul";"Atropelamento de Animal";0;0;1;0;0;0;0;0;0;0;1;0;0;0;0
"02/09/2013";"05:16:00";"115";"sem vítima";"151";"BR-116/SC";"Norte";"Atropelamento de Animal";1;0;0;0;0;0;0;0;0;0;2;0;0;0;0
"02/09/2013";"06:59:00";"123";"sem vítima";"67";"BR-116/SC";"Norte";"Objeto lançado contra veículo";1;0;0;0;0;0;0;0;0;0;1;0;0;0;0
"02/09/2013";"12:39:00";"149";"sem vítima";"125";"BR-116/PR";"Norte";"Colisão Traseira";1;0;1;0;0;0;0;0;0;0;2;0;0;0;0
"02/09/2013";"01:34:00";"154";"com vítima";"234.6";"BR-116/SC";"Norte";"Tombamento";0;0;1;0;0;0;0;0;0;0;0;0;1;0;0
"03/09/2013";"04:57:00";"211";"com vítima";"199.4";"BR-116/PR";"Norte";"Colisão Lateral";0;0;2;0;0;0;0;0;0;0;0;1;0;0;1
"03/09/2013";"06:42:00";"218";"com vítima";"196";"BR-116/PR";"Norte";"Saida de Pista";1;0;0;0;0;0;0;0;0;0;0;0;1;0;0
"03/09/2013";"11:28:00";"234";"sem vítima";"197.48";"BR-116/PR";"Sul";"Choque - Veiculo parado na pista";0;0;2;0;0;0;0;0;0;0;2;0;0;0;0
"03/09/2013";"01:20:00";"243";"sem vítima";"45";"BR-116/SC";"Norte";"Objeto lançado contra veículo";0;0;1;0;0;0;0;0;0;0;1;0;0;0;0
"03/09/2013";"02:32:00";"247";"sem vítima";"134.6";"BR-116/PR";"Norte";"Choque - Cancela de Pedagio";0;0;1;0;0;0;0;0;0;0;1;0;0;0;0
"03/09/2013";"03:35:00";"254";"sem vítima";"183.65";"BR-116/SC";"Sul";"Saida de Pista";1;0;0;0;0;0;0;0;0;0;1;0;0;0;0
"03/09/2013";"04:08:00";"258";"com vítima";"131.8";"BR-116/PR";"Norte";"Colisão Transversal";0;0;2;0;0;0;0;0;0;0;1;1;0;0;0
"03/09/2013";"06:33:00";"273";"sem vítima";"198";"BR-116/SC";"Norte";"Objeto lançado contra veículo";1;0;0;0;0;0;0;0;0;0;3;0;0;0;0
"03/09/2013";"10:07:00";"287";"sem vítima";"199.5";"BR-116/PR";"Norte";"Choque - Veiculo parado na pista";1;0;0;0;0;1;0;0;0;0;2;0;0;0;0
"03/09/2013";"10:08:00";"288";"sem vítima";"127.3";"BR-116/PR";"Norte";"Choque - Defensa, barreira ou "submarino"";1;0;0;0;0;0;0;0;0;0;1;0;0;0;0
"03/09/2013";"11:02:00";"293";"com vítima";"121.5";"BR-116/PR";"Norte";"Choque - Defensa, barreira ou "submarino"";1;0;0;0;0;0;0;0;0;0;0;1;0;0;0
"04/09/2013";"06:54:00";"307";"com vítima";"125";"BR-116/PR";"Norte";"Colisão Lateral";1;0;0;1;0;0;0;0;0;0;1;2;0;0;0
"04/09/2013";"09:02:00";"316";"sem vítima";"95.5";"BR-116/SC";"Sul";"Colisão Traseira";0;0;2;0;0;0;0;0;0;0;2;0;0;0;0