data;horario;n_da_ocorrencia;tipo_de_ocorrencia;km;trecho;sentido;tipo_de_acidente;automovel;bicicleta;caminhao;moto;onibus;outros;tracao_animal;transporte_de_cargas_especiais;trator_maquinas;utilitarios;ilesos;levemente_feridos;moderadamente_feridos;gravemente_feridos;mortos
"04/09/2013";"01:37:00";"338";"sem vítima";"263.1";"BR-116/SC";"Norte";"Saida de Pista";1;0;0;0;0;0;0;0;0;0;4;0;0;0;0
"04/09/2013";"06:23:00";"370";"sem vítima";"235";"BR-116/SC";"Sul";"Saida de Pista";1;0;0;0;0;0;0;0;0;0;1;0;0;0;0
"04/09/2013";"06:50:00";"374";"sem vítima";"41";"BR-116/SC";"Sul";"Choque - Objeto sobre a pista";0;0;1;0;0;0;0;0;0;0;1;0;0;0;0
"04/09/2013";"07:01:00";"375";"sem vítima";"117.3";"BR-116/PR";"Sul";"Colisão Traseira";3;0;0;0;0;0;0;0;0;1;4;0;0;0;0
"04/09/2013";"08:23:00";"381";"sem vítima";"231";"BR-116/SC";"Sul";"Objeto lançado contra veículo";1;0;0;0;0;0;0;0;0;0;4;0;0;0;0
"04/09/2013";"09:21:00";"386";"sem vítima";"164.9";"BR-116/PR";"Norte";"Colisão Frontal";1;0;0;0;0;0;0;0;0;1;3;0;0;0;0
"04/09/2013";"11:09:00";"396";"sem vítima";"138";"BR-116/SC";"Sul";"Objeto lançado contra veículo";1;0;0;0;0;0;0;0;0;0;2;0;0;0;0
"04/09/2013";"11:53:00";"400";"com vítima";"125.8";"BR-116/PR";"Norte";"Colisão Transversal";1;0;1;0;0;0;0;0;0;0;5;1;0;0;0
"05/09/2013";"01:03:00";"402";"com vítima";"128";"BR-116/PR";"Norte";"Saida de Pista";1;0;0;0;0;0;0;0;0;0;1;1;0;0;0
"05/09/2013";"01:54:00";"406";"sem vítima";"208.9";"BR-116/PR";"Sul";"Choque - Defensa, barreira ou "submarino"";1;0;0;0;0;0;0;0;0;0;1;0;0;0;0
"05/09/2013";"06:39:00";"419";"sem vítima";"199.4";"BR-116/PR";"Sul";"Choque - Elemento de Drenagem";0;0;1;0;0;0;0;0;0;0;1;0;0;0;0
"05/09/2013";"06:39:00";"415";"com vítima";"199.6";"BR-116/PR";"Norte";"Choque - Talude";0;0;1;0;0;0;0;0;0;0;0;0;0;0;1
"05/09/2013";"12:20:00";"432";"sem vítima";"117.004";"BR-116/PR";"Sul";"Colisão Lateral";1;0;1;0;0;0;0;0;0;0;2;0;0;0;0
"05/09/2013";"02:04:00";"437";"com vítima";"219.7";"BR-116/SC";"Sul";"Atropelamento - Morador";0;0;1;0;0;0;0;0;0;0;1;0;0;0;1
"05/09/2013";"05:29:00";"468";"sem vítima";"69.1";"BR-116/SC";"Sul";"Colisão Traseira";1;0;1;0;0;0;0;0;0;0;2;0;0;0;0
"05/09/2013";"06:58:00";"479";"com vítima";"190.8";"BR-116/PR";"Sul";"Atropelamento de Animal";0;0;0;1;0;0;0;0;0;0;0;1;0;0;0
"05/09/2013";"07:39:00";"481";"sem vítima";"147.7";"BR-116/SC";"Norte";"Atropelamento de Animal";1;0;0;0;0;0;0;0;0;0;1;0;0;0;0
"05/09/2013";"09:06:00";"488";"sem vítima";"144";"BR-116/PR";"Norte";"Atropelamento de Animal";1;0;0;0;0;0;0;0;0;0;2;0;0;0;0
"05/09/2013";"09:12:00";"490";"com vítima";"116.1";"BR-116/PR";"Sul";"Queda de Moto";0;0;0;1;0;0;0;0;0;0;0;1;0;0;0
"06/09/2013";"02:27:00";"500";"sem vítima";"183";"BR-116/SC";"Sul";"Saida de Pista";1;0;0;0;0;0;0;0;0;0;1;0;0;0;0
"06/09/2013";"02:43:00";"501";"sem vítima";"116.1";"BR-116/PR";"Norte";"Colisão Traseira";1;0;0;0;0;1;0;0;0;0;2;0;0;0;0
"06/09/2013";"07:48:00";"515";"sem vítima";"160";"BR-116/SC";"Norte";"Choque - Objeto sobre a pista";0;0;1;0;0;0;0;0;0;0;1;0;0;0;0
"06/09/2013";"04:25:00";"580";"sem vítima";"233";"BR-116/SC";"Sul";"Colisão Traseira";1;0;0;0;0;0;0;0;0;1;2;0;0;0;0
"06/09/2013";"05:20:00";"590";"com vítima";"147.2";"BR-116/PR";"Sul";"Colisão Traseira";2;0;0;0;0;0;0;0;0;0;2;1;0;0;0
"06/09/2013";"05:49:00";"593";"sem vítima";"140.9";"BR-116/SC";"Sul";"Colisão Lateral";1;0;1;0;0;0;0;0;0;0;2;0;0;0;0
"06/09/2013";"06:02:00";"595";"sem vítima";"167";"BR-116/PR";"Norte";"Objeto lançado contra veículo";1;0;0;0;0;0;0;0;0;0;1;0;0;0;0
"06/09/2013";"07:55:00";"601";"sem vítima";"118.4";"BR-116/PR";"Norte";"Colisão Transversal";1;0;1;0;0;0;0;0;0;0;2;0;0;0;0
"07/09/2013";"12:04:00";"616";"com vítima";"208.2";"BR-116/PR";"Sul";"Colisão Traseira";1;0;1;0;0;0;0;0;0;0;1;1;0;0;0
"07/09/2013";"02:29:00";"622";"com vítima";"42.75";"BR-116/SC";"Sul";"Colisão Traseira";1;0;0;1;0;0;0;0;0;0;1;0;0;0;1
"07/09/2013";"06:11:00";"632";"sem vítima";"52";"BR-116/SC";"Norte";"Saida de Pista";1;0;0;0;0;0;0;0;0;0;2;0;0;0;0
"07/09/2013";"06:56:00";"638";"com vítima";"172";"BR-116/SC";"Sul";"Tombamento";0;0;1;0;0;0;0;0;0;0;0;1;0;0;0
"07/09/2013";"01:03:00";"676";"sem vítima";"194.1";"BR-116/SC";"Norte";"Saida de Pista";1;0;0;0;0;0;0;0;0;0;1;0;0;0;0
"07/09/2013";"02:56:00";"688";"com vítima";"217.2";"BR-116/SC";"Sul";"Colisão Traseira";2;0;0;0;0;0;0;0;0;0;5;1;0;0;0
"07/09/2013";"03:46:00";"692";"com vítima";"166.5";"BR-116/SC";"Norte";"Colisão Transversal";0;0;1;1;0;0;0;0;0;0;1;1;0;0;0
"07/09/2013";"06:31:00";"705";"sem vítima";"134.07";"BR-116/SC";"Sul";"Choque - Objeto sobre a pista";1;0;0;0;0;0;0;0;0;0;1;0;0;0;0
"07/09/2013";"07:48:00";"712";"com vítima";"219";"BR-116/SC";"Sul";"Colisão Frontal";2;0;0;0;0;0;0;0;0;0;0;3;0;0;0
"07/09/2013";"08:33:00";"716";"sem vítima";"134";"BR-116/PR";"Norte";"Choque - Defensa, barreira ou "submarino"";0;0;0;0;0;0;0;0;0;1;1;0;0;0;0
"07/09/2013";"09:16:00";"718";"sem vítima";"226.4";"BR-116/SC";"Sul";"Colisão Lateral";1;0;0;0;0;1;0;0;0;0;2;0;0;0;0
"07/09/2013";"10:57:00";"723";"sem vítima";"126.2";"BR-116/PR";"Sul";"Colisão Traseira";2;0;0;0;0;0;0;0;0;0;2;0;0;0;0
"08/09/2013";"12:10:00";"727";"sem vítima";"119.4";"BR-116/PR";"Sul";"Colisão Transversal";2;0;0;0;0;0;0;0;0;0;3;0;0;0;0
"08/09/2013";"12:27:00";"730";"com vítima";"161.5";"BR-116/SC";"Norte";"Saida de Pista";1;0;0;0;0;0;0;0;0;0;4;1;0;0;0
"08/09/2013";"04:40:00";"738";"sem vítima";"117";"BR-116/PR";"Sul";"Saida de Pista";1;0;0;0;0;0;0;0;0;0;1;0;0;0;0
"08/09/2013";"06:26:00";"740";"com vítima";"226";"BR-116/SC";"Sul";"Saida de Pista";1;0;0;0;0;0;0;0;0;0;1;1;0;0;0
"08/09/2013";"11:08:00";"762";"sem vítima";"81";"BR-116/SC";"Norte";"Objeto lançado contra veículo";1;0;0;0;0;0;0;0;0;0;2;0;0;0;0
"08/09/2013";"02:09:00";"772";"sem vítima";"64.5";"BR-116/SC";"Sul";"Saida de Pista";1;0;0;0;0;0;0;0;0;0;5;0;0;0;0
"08/09/2013";"07:48:00";"814";"com vítima";"165.05";"BR-116/PR";"Sul";"Queda de Moto";0;0;0;1;0;0;0;0;0;0;0;0;0;0;1
"08/09/2013";"08:15:00";"816";"sem vítima";"43.5";"BR-116/SC";"Sul";"Saida de Pista";1;0;0;0;0;0;0;0;0;0;1;0;0;0;0
"08/09/2013";"08:38:00";"819";"sem vítima";"140";"BR-116/SC";"Sul";"Atropelamento de Animal";1;0;0;0;0;0;0;0;0;0;2;0;0;0;0
"09/09/2013";"07:03:00";"853";"com vítima";"125.1";"BR-116/PR";"Norte";"Atropelamento - Morador";0;0;0;1;0;0;0;0;0;0;0;0;2;0;0
"09/09/2013";"07:57:00";"858";"sem vítima";"117";"BR-116/PR";"Norte";"Colisão Traseira";1;0;0;0;0;0;0;0;0;1;2;0;0;0;0
"09/09/2013";"01:34:00";"888";"com vítima";"245.5";"BR-116/SC";"Sul";"Colisão Transversal";0;0;1;0;1;0;0;0;0;0;0;2;0;0;0
"09/09/2013";"03:25:00";"911";"sem vítima";"9.5";"BR-116/SC";"Sul";"Choque - Veiculo parado na pista";2;0;0;0;0;0;0;0;0;0;2;0;0;0;0
"09/09/2013";"06:25:00";"926";"sem vítima";"107.9";"BR-116/SC";"Sul";"Colisão Lateral";1;0;1;0;0;1;0;0;0;0;4;0;0;0;0
"09/09/2013";"06:48:00";"930";"com vítima";"61.95";"BR-116/SC";"Norte";"Colisão Frontal";2;0;1;0;0;0;0;0;0;0;2;0;0;0;1
"10/09/2013";"07:15:00";"964";"sem vítima";"119.4";"BR-116/PR";"Sul";"Colisão Transversal";2;0;0;0;0;0;0;0;0;0;5;0;0;0;0
"10/09/2013";"11:49:00";"991";"sem vítima";"77";"BR-116/SC";"Norte";"Objeto lançado contra veículo";0;0;0;0;0;0;0;0;0;1;1;0;0;0;0
"10/09/2013";"01:02:00";"996";"sem vítima";"53";"BR-116/SC";"Norte";"Objeto lançado contra veículo";1;0;0;0;0;0;0;0;0;0;1;0;0;0;0
"10/09/2013";"03:22:00";"1009";"sem vítima";"126.2";"BR-116/PR";"Norte";"Colisão Traseira";1;0;2;0;0;0;0;0;0;0;3;0;0;0;0
"10/09/2013";"04:16:00";"1019";"sem vítima";"216";"BR-116/SC";"Sul";"Objeto lançado contra veículo";1;0;0;0;0;0;0;0;0;0;1;0;0;0;0
"10/09/2013";"05:37:00";"1035";"sem vítima";"216.7";"BR-116/SC";"Norte";"Objeto lançado contra veículo";1;0;0;0;0;0;0;0;0;0;2;0;0;0;0
"10/09/2013";"06:10:00";"1037";"com vítima";"139.8";"BR-116/PR";"Sul";"Colisão Transversal";1;0;1;0;0;0;0;0;0;0;1;2;1;0;0
"10/09/2013";"06:53:00";"1043";"com vítima";"271.2";"BR-116/SC";"Sul";"Colisão Transversal";1;0;1;0;0;0;0;0;0;0;1;0;1;0;0
"10/09/2013";"07:35:00";"1047";"sem vítima";"125.6";"BR-116/PR";"Norte";"Colisão Traseira";1;0;1;0;0;0;0;0;0;0;2;0;0;0;0
"10/09/2013";"07:56:00";"1048";"sem vítima";"124";"BR-116/PR";"Norte";"Colisão Traseira";1;0;0;1;0;0;0;0;0;0;2;0;0;0;0
"11/09/2013";"12:05:00";"1061";"sem vítima";"149.6";"BR-116/SC";"Sul";"Saida de Pista";0;0;1;0;0;0;0;0;0;0;1;0;0;0;0
"11/09/2013";"09:42:00";"1098";"sem vítima";"196";"BR-116/PR";"Sul";"Objeto lançado contra veículo";1;0;0;0;0;0;0;0;0;0;1;0;0;0;0
"11/09/2013";"03:47:00";"1135";"sem vítima";"134";"BR-116/PR";"Sul";"Objeto lançado contra veículo";1;0;0;0;0;0;0;0;0;0;1;0;0;0;0
"11/09/2013";"04:03:00";"1136";"sem vítima";"75";"BR-116/SC";"Norte";"Objeto lançado contra veículo";1;0;0;0;0;0;0;0;0;0;1;0;0;0;0
"11/09/2013";"04:56:00";"1143";"com vítima";"120.7";"BR-116/PR";"Sul";"Colisão Transversal";1;0;0;1;0;0;0;0;0;0;1;0;1;0;0
"12/09/2013";"09:57:00";"1204";"com vítima";"235.5";"BR-116/SC";"Norte";"Colisão Transversal";2;0;0;0;0;0;0;0;0;0;1;1;1;0;0
"12/09/2013";"01:40:00";"1224";"com vítima";"129.7";"BR-116/PR";"Sul";"Colisão Transversal";1;0;0;1;0;0;0;0;0;0;2;1;0;0;0
"12/09/2013";"08:43:00";"1274";"sem vítima";"193";"BR-116/PR";"Norte";"Objeto lançado contra veículo";0;0;1;0;0;0;0;0;0;0;1;0;0;0;0
"13/09/2013";"08:54:00";"1312";"sem vítima";"152";"BR-116/SC";"Sul";"Objeto lançado contra veículo";1;0;0;0;0;0;0;0;0;0;2;0;0;0;0
"13/09/2013";"11:15:00";"1329";"sem vítima";"225.7";"BR-116/SC";"Norte";"Objeto lançado contra veículo";1;0;0;0;0;0;0;0;0;0;2;0;0;0;0
"13/09/2013";"12:03:00";"1342";"sem vítima";"54.8";"BR-116/SC";"Sul";"Colisão Transversal";2;0;0;0;0;0;0;0;0;0;2;0;0;0;0
"13/09/2013";"05:17:00";"1369";"sem vítima";"134";"BR-116/PR";"Sul";"Choque - Cancela de Pedagio";0;0;1;0;0;0;0;0;0;0;1;0;0;0;0
"14/09/2013";"12:21:00";"1405";"sem vítima";"171.3";"BR-116/SC";"Norte";"Saida de Pista";0;0;1;0;0;0;0;0;0;0;1;0;0;0;0
"14/09/2013";"12:33:00";"1406";"sem vítima";"163.7";"BR-116/PR";"Sul";"Atropelamento de Animal";1;0;0;0;0;0;0;0;0;0;1;0;0;0;0
"14/09/2013";"06:24:00";"1417";"sem vítima";"156";"BR-116/SC";"Sul";"Atropelamento de Animal";1;0;0;0;0;0;0;0;0;0;1;0;0;0;0
"14/09/2013";"08:10:00";"1486";"sem vítima";"122.2";"BR-116/PR";"Sul";"Engavetamento";3;0;0;0;0;0;0;0;0;0;4;0;0;0;0
"15/09/2013";"12:36:00";"1501";"com vítima";"27.2";"BR-116/SC";"Norte";"Colisão Frontal";1;0;0;0;0;0;0;0;0;1;2;3;0;1;3
"15/09/2013";"09:39:00";"1530";"sem vítima";"130";"BR-116/PR";"Sul";"Colisão Traseira";2;0;0;0;0;0;0;0;0;0;7;0;0;0;0
"15/09/2013";"11:39:00";"1536";"sem vítima";"134.5";"BR-116/PR";"Sul";"Colisão Lateral";1;0;1;0;0;0;0;0;0;0;5;0;0;0;0
"15/09/2013";"01:30:00";"1540";"sem vítima";"233";"BR-116/SC";"Norte";"Choque - Cancela de Pedagio";0;0;0;0;0;0;0;0;0;1;2;0;0;0;0
"15/09/2013";"03:29:00";"1553";"sem vítima";"234";"BR-116/SC";"Norte";"Saida de Pista";1;0;0;0;0;0;0;0;0;0;4;0;0;0;0
"15/09/2013";"07:31:00";"1585";"com vítima";"124.5";"BR-116/SC";"Sul";"Saida de Pista";1;0;0;0;0;0;0;0;0;0;0;2;0;0;0
"15/09/2013";"08:36:00";"1590";"sem vítima";"139.1";"BR-116/SC";"Norte";"Colisão Transversal";1;0;0;0;0;1;0;0;0;0;2;0;0;0;0
"15/09/2013";"11:48:00";"1598";"sem vítima";"121.3";"BR-116/SC";"Norte";"Choque - Defensa, barreira ou "submarino"";1;0;0;0;0;0;0;0;0;0;2;0;0;0;0
"16/09/2013";"12:33:00";"1600";"sem vítima";"70.9";"BR-116/SC";"Sul";"Saida de Pista";1;0;0;0;0;0;0;0;0;0;1;0;0;0;0
"16/09/2013";"07:26:00";"1612";"sem vítima";"120.1";"BR-116/PR";"Norte";"Colisão Traseira";1;0;0;0;1;0;0;0;0;0;61;0;0;0;0
"16/09/2013";"08:06:00";"1615";"sem vítima";"120.9";"BR-116/PR";"Sul";"Colisão Transversal";1;0;0;1;0;0;0;0;0;0;3;0;0;0;0
"16/09/2013";"08:47:00";"1618";"com vítima";"58.9";"BR-116/SC";"Norte";"Colisão Lateral";3;0;1;0;0;0;0;0;0;0;2;1;1;0;0
"16/09/2013";"01:18:00";"1637";"sem vítima";"119";"BR-116/PR";"Norte";"Saida de Pista";1;0;0;0;0;0;0;0;0;0;1;0;0;0;0
"16/09/2013";"04:55:00";"1654";"sem vítima";"131";"BR-116/SC";"Sul";"Saida de Pista";1;0;0;0;0;0;0;0;0;0;1;0;0;0;0
"16/09/2013";"09:18:00";"1666";"sem vítima";"124";"BR-116/SC";"Norte";"Atropelamento de Animal";0;0;1;0;0;0;0;0;0;0;1;0;0;0;0
"16/09/2013";"11:12:00";"1672";"sem vítima";"121.3";"BR-116/PR";"Norte";"Choque - Defensa, barreira ou "submarino"";0;0;0;0;0;0;0;0;0;1;1;0;0;0;0
"16/09/2013";"11:19:00";"1673";"sem vítima";"203";"BR-116/PR";"Sul";"Objeto lançado contra veículo";1;0;0;0;0;0;0;0;0;0;3;0;0;0;0
"17/09/2013";"05:08:00";"1681";"sem vítima";"122.7";"BR-116/PR";"Norte";"Colisão Frontal";1;0;1;0;0;0;0;0;0;0;6;0;0;0;0
"17/09/2013";"01:56:00";"1709";"sem vítima";"123.3";"BR-116/PR";"Norte";"Colisão Lateral";1;0;1;0;0;0;0;0;0;0;2;0;0;0;0
"17/09/2013";"03:39:00";"1720";"sem vítima";"203";"BR-116/PR";"Sul";"Choque - Suporte de Sinalização";0;0;0;0;0;0;0;0;0;1;2;0;0;0;0
"17/09/2013";"05:12:00";"1725";"sem vítima";"166.9";"BR-116/SC";"Sul";"Choque - Outros";0;0;1;0;0;0;0;0;0;0;1;0;0;0;0
"17/09/2013";"05:24:00";"1727";"com vítima";"158.7";"BR-116/PR";"Sul";"Saida de Pista";1;0;0;0;0;0;0;0;0;0;0;1;0;0;0
"17/09/2013";"06:38:00";"1733";"sem vítima";"136";"BR-116/PR";"Sul";"Atropelamento de Animal";0;0;0;1;0;0;0;0;0;0;1;0;0;0;0
"18/09/2013";"08:11:00";"1762";"sem vítima";"233";"BR-116/SC";"Sul";"Colisão Traseira";2;0;0;0;0;0;0;0;0;0;5;0;0;0;0
"18/09/2013";"02:02:00";"1789";"com vítima";"54.2";"BR-116/SC";"Norte";"Colisão Traseira";2;0;0;0;0;0;0;0;0;0;2;1;0;0;0
"18/09/2013";"04:03:00";"1801";"sem vítima";"308.7";"BR-116/SC";"Norte";"Tombamento";0;0;1;0;0;0;0;0;0;0;1;0;0;0;0
"18/09/2013";"06:54:00";"1824";"sem vítima";"44.3";"BR-116/SC";"Norte";"Objeto lançado contra veículo";2;0;0;0;0;1;0;0;0;0;3;0;0;0;0
"18/09/2013";"11:31:00";"1840";"sem vítima";"203.6";"BR-116/PR";"Sul";"Objeto lançado contra veículo";1;0;0;0;0;0;0;0;0;0;1;0;0;0;0
"18/09/2013";"11:49:00";"1841";"com vítima";"3.55";"BR-116/SC";"Norte";"Atropelamento - Usuário";0;0;0;0;0;1;0;0;0;0;1;0;0;0;1
"19/09/2013";"07:31:00";"1859";"com vítima";"119.4";"BR-116/PR";"Norte";"Colisão Transversal";1;0;0;1;0;0;0;0;0;0;2;1;0;0;0
"19/09/2013";"07:54:00";"1861";"sem vítima";"1.2";"BR-116/SC";"Norte";"Tombamento";0;0;1;0;0;0;0;0;0;0;2;0;0;0;0
"19/09/2013";"08:12:00";"1863";"sem vítima";"118";"BR-116/PR";"Sul";"Colisão Traseira";2;0;0;0;0;0;0;0;0;0;2;0;0;0;0
"19/09/2013";"09:25:00";"1870";"sem vítima";"208.2";"BR-116/PR";"Norte";"Colisão Traseira";0;0;2;0;0;0;0;0;0;0;4;0;0;0;0
"19/09/2013";"09:38:00";"1872";"sem vítima";"186.9";"BR-116/SC";"Sul";"Colisão Traseira";0;0;3;0;0;0;0;0;0;0;3;0;0;0;0
"19/09/2013";"08:50:00";"1917";"com vítima";"64.5";"BR-116/SC";"Norte";"Saida de Pista";1;0;0;0;0;0;0;0;0;0;0;2;1;0;0
"19/09/2013";"11:15:00";"1926";"sem vítima";"234.4";"BR-116/SC";"Norte";"Saida de Pista";1;0;0;0;0;0;0;0;0;0;1;0;0;0;0
"20/09/2013";"08:27:00";"1942";"sem vítima";"262.6";"BR-116/SC";"Norte";"Saida de Pista";1;0;0;0;0;0;0;0;0;0;5;0;0;0;0
"20/09/2013";"09:19:00";"1950";"sem vítima";"243.4";"BR-116/SC";"Norte";"Capotamento";0;0;0;0;0;0;0;0;0;1;2;0;0;0;0
"20/09/2013";"12:22:00";"1968";"sem vítima";"309";"BR-116/SC";"Sul";"Outros";0;0;1;0;0;0;0;0;0;0;1;0;0;0;0
"20/09/2013";"07:20:00";"2004";"sem vítima";"233.1";"BR-116/SC";"Norte";"Colisão Traseira";0;0;2;0;0;0;0;0;0;0;2;0;0;0;0
"20/09/2013";"11:28:00";"2016";"com vítima";"131.8";"BR-116/PR";"Sul";"Colisão Transversal";2;0;0;0;0;0;0;0;0;0;2;0;0;1;0
"20/09/2013";"11:44:00";"2018";"sem vítima";"194.8";"BR-116/SC";"Sul";"Saida de Pista";1;0;0;0;0;0;0;0;0;0;2;0;0;0;0
"21/09/2013";"12:02:00";"2021";"sem vítima";"189";"BR-116/SC";"Sul";"Colisão Lateral";1;0;0;0;0;0;0;0;0;1;2;0;0;0;0
"21/09/2013";"01:05:00";"2023";"sem vítima";"129.8";"BR-116/PR";"Sul";"Choque - Defensa, barreira ou "submarino"";1;0;0;0;0;0;0;0;0;0;1;0;0;0;0
"21/09/2013";"04:35:00";"2027";"com vítima";"258";"BR-116/SC";"Sul";"Saida de Pista";1;0;0;0;0;0;0;0;0;0;0;2;0;0;0
"21/09/2013";"06:18:00";"2031";"com vítima";"206.3";"BR-116/PR";"Sul";"Saida de Pista";0;0;1;0;0;0;0;0;0;0;0;0;0;0;2
"21/09/2013";"08:28:00";"2040";"com vítima";"166.9";"BR-116/PR";"Norte";"Colisão Transversal";2;0;0;0;0;0;0;0;0;0;1;0;0;1;0
"21/09/2013";"06:33:00";"2090";"sem vítima";"202";"BR-116/PR";"Sul";"Colisão Traseira";1;0;1;0;0;0;0;0;0;0;2;0;0;0;0
"21/09/2013";"09:24:00";"2099";"sem vítima";"234";"BR-116/SC";"Norte";"Objeto lançado contra veículo";1;0;0;0;0;0;0;0;0;0;1;0;0;0;0
"21/09/2013";"09:40:00";"2100";"sem vítima";"185";"BR-116/SC";"Norte";"Saida de Pista";1;0;0;0;0;0;0;0;0;0;1;0;0;0;0
"22/09/2013";"01:13:00";"2114";"sem vítima";"134";"BR-116/SC";"Sul";"Choque - Defensa, barreira ou "submarino"";0;0;0;0;1;0;0;0;0;0;1;0;0;0;0
"22/09/2013";"02:37:00";"2116";"com vítima";"158";"BR-116/PR";"Sul";"Saida de Pista";1;0;0;0;0;0;0;0;0;0;1;1;0;0;0
"22/09/2013";"09:50:00";"2136";"sem vítima";"119";"BR-116/PR";"Norte";"Colisão Transversal";2;0;0;0;0;0;0;0;0;0;2;0;0;0;0
"22/09/2013";"05:30:00";"2159";"sem vítima";"194.2";"BR-116/PR";"Sul";"Colisão Lateral";1;0;1;0;0;0;0;0;0;0;4;0;0;0;0
"22/09/2013";"06:08:00";"2163";"sem vítima";"157.1";"BR-116/PR";"Norte";"Saida de Pista";0;0;0;0;0;0;0;0;0;1;1;0;0;0;0
"23/09/2013";"06:56:00";"2198";"com vítima";"188";"BR-116/PR";"Sul";"Queda de Moto";0;0;0;1;0;0;0;0;0;0;0;1;0;0;0
"23/09/2013";"02:27:00";"2234";"sem vítima";"173";"BR-116/PR";"Sul";"Objeto lançado contra veículo";1;0;0;0;0;0;0;0;0;0;1;0;0;0;0
"23/09/2013";"05:01:00";"2244";"sem vítima";"202";"BR-116/PR";"Sul";"Objeto lançado contra veículo";1;0;0;0;0;0;0;0;0;0;1;0;0;0;0
"24/09/2013";"05:55:00";"2276";"sem vítima";"4.5";"BR-116/SC";"Norte";"Colisão Lateral";2;0;0;0;0;0;0;0;0;0;2;0;0;0;0
"24/09/2013";"10:32:00";"2310";"sem vítima";"207";"BR-116/PR";"Norte";"Atropelamento de Animal";1;0;0;0;0;0;0;0;0;0;1;0;0;0;0
"24/09/2013";"12:15:00";"2318";"sem vítima";"94.6";"BR-116/SC";"Norte";"Colisão Lateral";1;0;0;0;0;1;0;0;0;0;2;0;0;0;0
"24/09/2013";"07:03:00";"2364";"sem vítima";"12.3";"BR-116/SC";"Sul";"Colisão Transversal";2;0;0;0;1;0;0;0;0;0;7;0;0;0;0
"24/09/2013";"08:00:00";"2369";"sem vítima";"203";"BR-116/PR";"Norte";"Choque - Suporte de Sinalização";0;0;0;0;0;1;0;0;0;0;1;0;0;0;0
"24/09/2013";"10:51:00";"2380";"sem vítima";"12";"BR-116/SC";"Norte";"Atropelamento de Animal";1;0;0;0;0;0;0;0;0;0;1;0;0;0;0
"25/09/2013";"02:08:00";"2452";"sem vítima";"120";"BR-116/SC";"Norte";"Objeto lançado contra veículo";0;0;1;0;0;0;0;0;0;0;1;0;0;0;0
"25/09/2013";"02:09:00";"2453";"sem vítima";"134";"BR-116/PR";"Sul";"Objeto lançado contra veículo";1;0;0;0;0;0;0;0;0;0;1;0;0;0;0
"25/09/2013";"02:51:00";"2461";"sem vítima";"152";"BR-116/SC";"Sul";"Objeto lançado contra veículo";1;0;0;0;0;0;0;0;0;0;2;0;0;0;0
"25/09/2013";"05:58:00";"2489";"sem vítima";"283";"BR-116/SC";"Norte";"Objeto lançado contra veículo";0;0;1;0;0;0;0;0;0;0;1;0;0;0;0
"25/09/2013";"07:32:00";"2496";"sem vítima";"120";"BR-116/SC";"Norte";"Objeto lançado contra veículo";1;0;0;0;0;0;0;0;0;0;2;0;0;0;0
"25/09/2013";"07:41:00";"2498";"sem vítima";"177.3";"BR-116/PR";"Norte";"Tombamento";0;0;1;0;0;0;0;0;0;0;1;0;0;0;0
"26/09/2013";"06:41:00";"2523";"sem vítima";"178.4";"BR-116/SC";"Norte";"Colisão Transversal";1;0;0;0;0;0;0;0;0;1;2;0;0;0;0
"26/09/2013";"09:48:00";"2540";"sem vítima";"120";"BR-116/SC";"Sul";"Atropelamento de Animal";1;0;0;0;0;0;0;0;0;0;3;0;0;0;0
"26/09/2013";"11:04:00";"2548";"sem vítima";"81";"BR-116/SC";"Sul";"Colisão Traseira";1;0;1;0;0;0;0;0;0;0;5;0;0;0;0
"26/09/2013";"07:05:00";"2592";"com vítima";"208.9";"BR-116/SC";"Norte";"Colisão Transversal";0;0;1;1;0;0;0;0;0;0;1;0;1;0;0
"27/09/2013";"12:20:00";"2613";"sem vítima";"160.3";"BR-116/PR";"Norte";"Saida de Pista";0;0;1;0;0;0;0;0;0;0;1;0;0;0;0
"27/09/2013";"03:14:00";"2619";"com vítima";"126.3";"BR-116/PR";"Sul";"Colisão Transversal";1;0;1;0;0;0;0;0;0;0;1;1;0;0;0
"27/09/2013";"06:58:00";"2624";"sem vítima";"124.2";"BR-116/PR";"Norte";"Colisão Traseira";2;0;0;0;0;0;0;0;0;0;8;0;0;0;0
"27/09/2013";"08:07:00";"2630";"sem vítima";"136.4";"BR-116/SC";"Norte";"Colisão Lateral";1;0;0;0;0;1;0;0;0;0;3;0;0;0;0
"27/09/2013";"09:06:00";"2635";"sem vítima";"209.5";"BR-116/PR";"Sul";"Colisão Transversal";2;0;0;0;0;0;0;0;0;0;3;0;0;0;0
"27/09/2013";"10:14:00";"2642";"sem vítima";"81";"BR-116/SC";"Norte";"Objeto lançado contra veículo";1;0;0;0;0;0;0;0;0;0;1;0;0;0;0
"27/09/2013";"03:15:00";"2682";"sem vítima";"190";"BR-116/PR";"Sul";"Objeto lançado contra veículo";1;0;0;0;0;0;0;0;0;0;1;0;0;0;0