data;horario;n_da_ocorrencia;tipo_de_ocorrencia;km;trecho;sentido;tipo_de_acidente;automovel;bicicleta;caminhao;moto;onibus;outros;tracao_animal;transporte_de_cargas_especiais;trator_maquinas;utilitarios;ilesos;levemente_feridos;moderadamente_feridos;gravemente_feridos;mortos
"21/10/2013";"09:47:00";"2193";"sem vítima";"233";"BR-116/SC";"Norte";"Objeto lançado contra veículo";0;0;0;0;0;0;0;0;0;1;1;0;0;0;0
"22/10/2013";"01:36:00";"2206";"sem vítima";"304.005";"BR-116/SC";"Sul";"Saida de Pista";0;0;1;0;0;0;0;0;0;0;1;0;0;0;0
"22/10/2013";"04:56:00";"2213";"sem vítima";"203.3";"BR-116/PR";"Norte";"Choque - Veiculo parado na pista";1;0;0;0;0;1;0;0;0;0;4;0;0;0;0
"22/10/2013";"09:10:00";"2230";"sem vítima";"120";"BR-116/SC";"Sul";"Objeto lançado contra veículo";0;0;1;0;0;0;0;0;0;0;1;0;0;0;0
"22/10/2013";"11:02:00";"2243";"sem vítima";"119.4";"BR-116/PR";"Sul";"Colisão Traseira";1;0;1;0;0;0;0;0;0;0;3;0;0;0;0
"22/10/2013";"12:19:00";"2253";"sem vítima";"136.4";"BR-116/PR";"Sul";"Saida de Pista";1;0;1;0;0;0;0;0;0;0;2;0;0;0;0
"22/10/2013";"06:14:00";"2291";"com vítima";"91";"BR-116/SC";"Norte";"Colisão Traseira";0;0;2;0;0;0;0;0;0;0;2;1;0;0;0
"22/10/2013";"09:23:00";"2301";"sem vítima";"191.5";"BR-116/PR";"Sul";"Choque - Elemento de Drenagem";1;0;0;0;0;0;0;0;0;0;1;0;0;0;0
"22/10/2013";"10:44:00";"2308";"sem vítima";"115.7";"BR-116/PR";"Sul";"Colisão Transversal";2;0;0;0;0;0;0;0;0;0;2;0;0;0;0
"22/10/2013";"11:32:00";"2312";"com vítima";"197.2";"BR-116/PR";"Sul";"Capotamento";1;0;0;0;0;0;0;0;0;0;0;1;0;0;0
"23/10/2013";"06:43:00";"2324";"com vítima";"116";"BR-116/PR";"Norte";"Atropelamento - Usuário";1;0;0;1;0;0;0;0;0;0;1;0;2;0;0
"23/10/2013";"01:58:00";"2368";"sem vítima";"187.3";"BR-116/PR";"Norte";"Objeto lançado contra veículo";1;0;1;0;0;0;0;0;0;0;12;0;0;0;0
"23/10/2013";"05:51:00";"2398";"sem vítima";"152";"BR-116/SC";"Norte";"Colisão Traseira";0;0;2;0;0;0;0;0;0;0;2;0;0;0;0
"23/10/2013";"06:46:00";"2403";"sem vítima";"85.5";"BR-116/SC";"Norte";"Choque - Veiculo parado na pista";0;0;3;0;1;0;0;0;0;0;4;0;0;0;0
"23/10/2013";"11:03:00";"2423";"com vítima";"128.2";"BR-116/PR";"Sul";"Colisão Transversal";1;0;0;1;0;0;0;0;0;0;1;0;1;0;0
"23/10/2013";"11:50:00";"2317";"sem vítima";"197.2";"BR-116/PR";"Norte";"Objeto lançado contra veículo";0;0;1;0;0;0;0;0;0;0;1;0;0;0;0
"24/10/2013";"07:02:00";"2437";"sem vítima";"124";"BR-116/PR";"Norte";"Colisão Traseira";1;0;0;0;0;1;0;0;0;0;2;0;0;0;0
"24/10/2013";"10:06:00";"2450";"sem vítima";"122";"BR-116/PR";"Norte";"Colisão Traseira";1;0;1;0;0;0;0;0;0;0;2;0;0;0;0
"24/10/2013";"11:41:00";"2457";"com vítima";"64.5";"BR-116/SC";"Norte";"Saida de Pista";1;0;0;0;0;0;0;0;0;0;0;1;0;0;0
"24/10/2013";"02:23:00";"2466";"com vítima";"133.5";"BR-116/PR";"Norte";"Tombamento";0;0;1;0;0;0;0;0;0;0;0;1;0;0;0
"24/10/2013";"03:02:00";"2468";"sem vítima";"211.4";"BR-116/PR";"Sul";"Colisão Lateral";2;0;0;0;0;0;0;0;0;0;2;0;0;0;0
"24/10/2013";"04:16:00";"2475";"sem vítima";"195.5";"BR-116/PR";"Norte";"Saida de Pista";1;0;0;0;0;0;0;0;0;0;1;0;0;0;0
"24/10/2013";"06:07:00";"2483";"com vítima";"230.32";"BR-116/SC";"Sul";"Colisão Traseira";1;0;0;0;0;0;0;0;0;1;2;1;0;0;0
"24/10/2013";"06:16:00";"2485";"sem vítima";"204";"BR-116/PR";"Sul";"Choque - Cancela de Pedagio";1;0;0;0;0;0;0;0;0;0;1;0;0;0;0
"25/10/2013";"12:04:00";"2508";"sem vítima";"142";"BR-116/PR";"Norte";"Choque - Objeto não identificado";0;0;1;0;0;0;0;0;0;0;1;0;0;0;0
"25/10/2013";"06:11:00";"2526";"sem vítima";"47";"BR-116/SC";"Norte";"Colisão Traseira";2;0;0;0;0;0;0;0;0;0;2;0;0;0;0
"25/10/2013";"06:36:00";"2527";"com vítima";"118.4";"BR-116/PR";"Norte";"Colisão Transversal";1;0;0;1;0;0;0;0;0;0;1;2;0;0;0
"25/10/2013";"07:08:00";"2528";"sem vítima";"132";"BR-116/PR";"Sul";"Objeto lançado contra veículo";1;0;0;0;0;0;0;0;0;0;1;0;0;0;0
"25/10/2013";"08:12:00";"2534";"sem vítima";"119.5";"BR-116/PR";"Norte";"Colisão Traseira";1;0;1;0;0;0;0;0;0;0;2;0;0;0;0
"25/10/2013";"08:36:00";"2540";"sem vítima";"268";"BR-116/SC";"Sul";"Saida de Pista";1;0;0;0;0;0;0;0;0;0;1;0;0;0;0
"25/10/2013";"08:39:00";"2541";"com vítima";"205";"BR-116/PR";"Norte";"Colisão Transversal";1;0;0;0;0;0;0;0;0;1;2;0;1;0;0
"25/10/2013";"12:34:00";"2559";"sem vítima";"118.6";"BR-116/PR";"Sul";"Colisão Traseira";0;0;1;0;1;0;0;0;0;0;2;0;0;0;0
"25/10/2013";"07:59:00";"2597";"sem vítima";"274";"BR-116/SC";"Norte";"Atropelamento de Animal";1;0;0;0;0;0;0;0;0;0;1;0;0;0;0
"25/10/2013";"09:59:00";"2604";"com vítima";"209";"BR-116/PR";"Norte";"Colisão Frontal";2;0;0;0;0;0;0;0;0;0;0;2;1;0;0
"26/10/2013";"08:24:00";"2632";"sem vítima";"245.6";"BR-116/SC";"Sul";"Colisão Transversal";2;0;0;0;0;0;0;0;0;0;5;0;0;0;0
"26/10/2013";"03:30:00";"2658";"com vítima";"3";"BR-116/SC";"Norte";"Saida de Pista";1;0;0;0;0;0;0;0;0;0;0;1;0;0;0
"26/10/2013";"06:09:00";"2670";"sem vítima";"183";"BR-116/PR";"Sul";"Saida de Pista";1;0;0;0;0;0;0;0;0;0;3;0;0;0;0
"26/10/2013";"11:30:00";"2689";"sem vítima";"119.4";"BR-116/PR";"Norte";"Colisão Transversal";1;0;0;0;0;1;0;0;0;0;2;0;0;0;0
"26/10/2013";"11:31:00";"2690";"com vítima";"183.3";"BR-116/SC";"Sul";"Colisão Frontal";1;0;1;0;0;0;0;0;0;0;1;0;0;0;1
"27/10/2013";"03:23:00";"2701";"sem vítima";"41";"BR-116/SC";"Norte";"Saida de Pista";0;0;1;0;0;0;0;0;0;0;1;0;0;0;0
"27/10/2013";"05:22:00";"2705";"sem vítima";"128.2";"BR-116/PR";"Sul";"Colisão Transversal";1;0;0;1;0;0;0;0;0;0;3;0;0;0;0
"27/10/2013";"03:21:00";"2739";"sem vítima";"185";"BR-116/SC";"Sul";"Colisão Lateral";2;0;0;0;0;0;0;0;0;0;2;0;0;0;0
"27/10/2013";"04:37:00";"2746";"sem vítima";"6";"BR-116/SC";"Norte";"Objeto lançado contra veículo";1;0;1;0;0;0;0;0;0;0;2;0;0;0;0
"27/10/2013";"05:15:00";"2749";"sem vítima";"123.7";"BR-116/PR";"Norte";"Choque - Veiculo parado na pista";3;0;0;0;0;0;0;0;0;0;5;0;0;0;0
"27/10/2013";"05:36:00";"2751";"sem vítima";"1.2";"BR-116/SC";"Norte";"Colisão Traseira";2;0;0;0;0;0;0;0;0;0;2;0;0;0;0
"27/10/2013";"06:36:00";"2760";"com vítima";"131.7";"BR-116/PR";"Sul";"Colisão Traseira";2;0;0;1;0;0;0;0;0;0;9;0;2;0;0
"27/10/2013";"06:38:00";"2761";"com vítima";"23";"BR-116/SC";"Norte";"Colisão Frontal";1;0;0;1;0;0;0;0;0;0;1;1;0;0;0
"27/10/2013";"07:06:00";"2767";"com vítima";"85.9";"BR-116/SC";"Norte";"Colisão Transversal";1;0;1;0;0;0;0;0;0;0;1;0;0;1;1
"27/10/2013";"11:00:00";"2787";"com vítima";"19.15";"BR-116/SC";"Sul";"Saida de Pista";1;0;0;0;0;0;0;0;0;0;0;0;0;0;1
"28/10/2013";"12:08:00";"2789";"com vítima";"184.3";"BR-116/PR";"Norte";"Saida de Pista";1;0;0;0;0;0;0;0;0;0;0;2;0;0;1
"28/10/2013";"07:37:00";"2814";"com vítima";"17.1";"BR-116/SC";"Norte";"Colisão Lateral";1;0;1;0;0;0;0;0;0;0;1;1;0;0;0
"28/10/2013";"02:00:00";"2844";"sem vítima";"233";"BR-116/SC";"Norte";"Choque - Veiculo parado na pista";1;0;1;0;0;0;0;0;0;0;2;0;0;0;0
"28/10/2013";"05:17:00";"2867";"com vítima";"115.5";"BR-116/PR";"Sul";"Colisão Lateral";0;0;1;1;0;0;0;0;0;0;3;1;0;0;0
"29/10/2013";"06:02:00";"2904";"sem vítima";"124.3";"BR-116/PR";"Sul";"Saida de Pista";1;0;0;0;0;0;0;0;0;0;1;0;0;0;0
"29/10/2013";"06:42:00";"2908";"com vítima";"134.3";"BR-116/PR";"Norte";"Colisão Transversal";1;0;0;1;0;0;0;0;0;0;4;2;0;0;0
"29/10/2013";"02:39:00";"2945";"sem vítima";"203";"BR-116/SC";"Sul";"Objeto lançado contra veículo";1;0;0;0;0;0;0;0;0;0;1;0;0;0;0
"29/10/2013";"08:56:00";"2972";"sem vítima";"238.9";"BR-116/SC";"Norte";"Atropelamento de Animal";1;0;0;0;0;0;0;0;0;0;1;0;0;0;0
"30/10/2013";"03:15:00";"2988";"sem vítima";"301.1";"BR-116/SC";"Sul";"Atropelamento de Animal";0;0;0;0;1;0;0;0;0;0;1;0;0;0;0
"30/10/2013";"06:16:00";"2992";"sem vítima";"123.4";"BR-116/PR";"Norte";"Colisão Traseira";3;0;0;0;0;0;0;0;0;0;6;0;0;0;0
"30/10/2013";"09:32:00";"3009";"sem vítima";"134";"BR-116/PR";"Norte";"Objeto lançado contra veículo";1;0;0;0;0;0;0;0;0;0;1;0;0;0;0
"30/10/2013";"02:01:00";"3030";"com vítima";"222.8";"BR-116/SC";"Norte";"Colisão Frontal";2;0;0;0;0;0;0;0;0;0;3;5;0;0;0
"30/10/2013";"10:22:00";"3076";"com vítima";"142.8";"BR-116/PR";"Norte";"Queda de Moto";0;0;0;1;0;0;0;0;0;0;0;1;0;0;0
"31/10/2013";"07:31:00";"3092";"sem vítima";"3.4";"BR-116/SC";"Norte";"Saida de Pista";1;0;0;0;0;0;0;0;0;0;1;0;0;0;0
"31/10/2013";"10:40:00";"3114";"sem vítima";"117.5";"BR-116/PR";"Norte";"Colisão Traseira";1;0;1;0;0;0;0;0;0;0;2;0;0;0;0
"31/10/2013";"11:50:00";"3117";"com vítima";"129.4";"BR-116/SC";"Norte";"Atropelamento - Morador";1;0;0;0;0;0;0;0;0;0;2;1;0;0;0
"31/10/2013";"12:00:00";"3119";"sem vítima";"193";"BR-116/PR";"Sul";"Choque - Outros";0;0;1;0;0;0;0;0;0;0;1;0;0;0;0
"31/10/2013";"01:14:00";"3124";"sem vítima";"120";"BR-116/SC";"Sul";"Choque - Objeto sobre a pista";0;0;1;0;0;0;0;0;0;0;1;0;0;0;0
"31/10/2013";"03:15:00";"3138";"sem vítima";"66";"BR-116/SC";"Norte";"Objeto lançado contra veículo";0;0;1;0;0;0;0;0;0;0;1;0;0;0;0
"31/10/2013";"06:11:00";"3148";"com vítima";"117.5";"BR-116/SC";"Norte";"Tombamento";0;0;1;0;0;0;0;0;0;0;0;1;0;0;0
"31/10/2013";"06:28:00";"3150";"sem vítima";"205.7";"BR-116/SC";"Sul";"Objeto lançado contra veículo";0;0;1;0;0;0;0;0;0;0;1;0;0;0;0
"31/10/2013";"07:10:00";"3152";"sem vítima";"297";"BR-116/SC";"Norte";"Colisão Lateral";1;0;1;0;0;0;0;0;0;0;6;0;0;0;0
"31/10/2013";"07:11:00";"3153";"sem vítima";"122";"BR-116/PR";"Norte";"Colisão Transversal";1;0;0;1;0;0;0;0;0;0;2;0;0;0;0
"31/10/2013";"07:35:00";"3155";"sem vítima";"13";"BR-116/SC";"Sul";"Objeto lançado contra veículo";1;0;0;0;0;0;0;0;0;0;3;0;0;0;0
"01/11/2013";"12:21:00";"2";"com vítima";"141";"BR-116/SC";"Norte";"Colisão Frontal";1;0;1;0;0;0;0;0;0;0;1;0;1;0;0
"01/11/2013";"05:12:00";"12";"sem vítima";"206.5";"BR-116/PR";"Sul";"Saida de Pista";1;0;0;0;0;0;0;0;0;0;1;0;0;0;0
"01/11/2013";"06:44:00";"16";"com vítima";"124.2";"BR-116/PR";"Norte";"Colisão Traseira";1;0;0;1;0;0;0;0;0;0;2;1;0;0;0
"01/11/2013";"09:03:00";"34";"sem vítima";"210";"BR-116/SC";"Norte";"Atropelamento de Animal";1;0;0;0;0;0;0;0;0;0;1;0;0;0;0
"01/11/2013";"09:03:00";"33";"sem vítima";"204";"BR-116/PR";"Norte";"Colisão Traseira";1;0;1;0;0;0;0;0;0;0;2;0;0;0;0
"01/11/2013";"09:40:00";"40";"sem vítima";"123";"BR-116/SC";"Sul";"Choque - Objeto sobre a pista";1;0;0;0;0;0;0;0;0;0;1;0;0;0;0
"01/11/2013";"06:42:00";"102";"sem vítima";"121";"BR-116/PR";"Sul";"Objeto lançado contra veículo";1;0;0;0;0;0;0;0;0;0;1;0;0;0;0
"01/11/2013";"08:16:00";"118";"sem vítima";"132";"BR-116/SC";"Sul";"Atropelamento de Animal";1;0;0;0;0;0;0;0;0;0;2;0;0;0;0
"01/11/2013";"11:35:00";"133";"sem vítima";"58";"BR-116/SC";"Norte";"Choque - Suporte de Sinalização";1;0;0;0;0;0;0;0;0;0;2;0;0;0;0
"02/11/2013";"03:21:00";"143";"sem vítima";"3";"BR-116/SC";"Sul";"Saida de Pista";1;0;0;0;0;0;0;0;0;0;1;0;0;0;0
"02/11/2013";"08:22:00";"157";"sem vítima";"74.5";"BR-116/SC";"Sul";"Colisão Traseira";1;0;1;0;0;1;0;0;0;0;3;0;0;0;0
"02/11/2013";"10:42:00";"169";"com vítima";"119.4";"BR-116/PR";"Sul";"Colisão Transversal";2;0;0;0;0;0;0;0;0;0;2;0;1;0;0
"02/11/2013";"05:02:00";"205";"sem vítima";"123.5";"BR-116/PR";"Norte";"Colisão Traseira";2;0;0;0;0;0;0;0;0;0;5;0;0;0;0
"02/11/2013";"06:20:00";"215";"com vítima";"153";"BR-116/PR";"Norte";"Atropelamento - Usuário";1;0;0;0;0;0;0;0;0;0;2;1;0;0;0
"02/11/2013";"06:43:00";"216";"sem vítima";"159";"BR-116/PR";"Norte";"Colisão Lateral";1;0;0;0;0;1;0;0;0;0;3;0;0;0;0
"02/11/2013";"06:47:00";"217";"sem vítima";"211";"BR-116/SC";"Sul";"Colisão Traseira";3;0;0;0;0;0;0;0;0;0;12;0;0;0;0
"02/11/2013";"06:56:00";"218";"com vítima";"129.3";"BR-116/PR";"Norte";"Colisão Transversal";0;0;0;1;0;1;0;0;0;0;1;1;0;0;0
"02/11/2013";"08:12:00";"222";"sem vítima";"134.6";"BR-116/PR";"Norte";"Choque - Veiculo parado na pista";2;0;0;0;0;0;0;0;0;0;8;0;0;0;0
"02/11/2013";"10:05:00";"234";"sem vítima";"137";"BR-116/PR";"Sul";"Objeto lançado contra veículo";1;0;0;0;0;0;0;0;0;0;1;0;0;0;0
"03/11/2013";"01:30:00";"241";"com vítima";"136.5";"BR-116/SC";"Norte";"Tombamento";0;0;1;0;0;0;0;0;0;0;0;1;0;0;0
"03/11/2013";"08:43:00";"252";"sem vítima";"260.8";"BR-116/SC";"Norte";"Capotamento";1;0;0;0;0;0;0;0;0;0;1;0;0;0;0
"03/11/2013";"03:47:00";"278";"com vítima";"159";"BR-116/PR";"Norte";"Saida de Pista";0;0;0;0;0;0;0;0;0;1;0;1;0;1;1
"03/11/2013";"04:15:00";"283";"sem vítima";"133";"BR-116/PR";"Norte";"Colisão Traseira";3;0;0;0;0;0;0;0;0;0;3;0;0;0;0
"03/11/2013";"04:17:00";"284";"com vítima";"132.5";"BR-116/PR";"Norte";"Colisão Traseira";1;0;1;0;0;2;0;0;0;0;5;2;0;1;0
"03/11/2013";"07:07:00";"295";"sem vítima";"139.5";"BR-116/PR";"Sul";"Colisão Lateral";2;0;0;0;0;0;0;0;0;0;2;0;0;0;0
"03/11/2013";"07:21:00";"299";"sem vítima";"136.5";"BR-116/PR";"Norte";"Colisão Traseira";3;0;0;0;0;0;0;0;0;0;10;0;0;0;0
"03/11/2013";"09:03:00";"306";"sem vítima";"269.9";"BR-116/SC";"Norte";"Saida de Pista";1;0;0;0;0;0;0;0;0;0;1;0;0;0;0
"03/11/2013";"09:07:00";"307";"sem vítima";"191";"BR-116/PR";"Norte";"Colisão Transversal";2;0;0;0;0;0;0;0;0;0;6;0;0;0;0
"03/11/2013";"11:47:00";"315";"sem vítima";"239";"BR-116/SC";"Sul";"Objeto lançado contra veículo";1;0;0;0;0;0;0;0;0;0;5;0;0;0;0
"04/11/2013";"01:12:00";"363";"sem vítima";"117";"BR-116/PR";"Sul";"Colisão Traseira";0;0;2;0;0;0;0;0;0;0;2;0;0;0;0
"04/11/2013";"01:51:00";"368";"sem vítima";"185";"BR-116/PR";"Norte";"Objeto lançado contra veículo";1;0;0;0;0;0;0;0;0;0;1;0;0;0;0
"04/11/2013";"11:53:00";"424";"com vítima";"210";"BR-116/SC";"Norte";"Colisão Lateral";1;0;1;0;0;0;0;0;0;0;1;1;0;0;0
"05/11/2013";"12:22:00";"425";"sem vítima";"119.4";"BR-116/PR";"Norte";"Colisão Transversal";1;0;1;0;0;0;0;0;0;0;2;0;0;0;0
"05/11/2013";"06:22:00";"429";"sem vítima";"123.8";"BR-116/PR";"Norte";"Colisão Lateral";1;0;0;1;0;0;0;0;0;0;2;0;0;0;0
"05/11/2013";"07:04:00";"431";"com vítima";"140.15";"BR-116/PR";"Norte";"Saida de Pista";1;0;0;0;0;0;0;0;0;0;3;2;0;0;0
"05/11/2013";"07:04:00";"432";"com vítima";"124.1";"BR-116/PR";"Norte";"Colisão Traseira";1;0;0;1;0;0;0;0;0;0;1;1;0;0;0
"05/11/2013";"04:00:00";"482";"com vítima";"41.4";"BR-116/SC";"Norte";"Choque - Veiculo parado na pista";0;0;2;0;0;0;0;0;0;0;1;1;0;0;0
"06/11/2013";"03:57:00";"587";"sem vítima";"12.9";"BR-116/SC";"Norte";"Choque - Veiculo parado no acostamento";1;0;1;0;0;0;0;0;0;0;7;0;0;0;0
"06/11/2013";"06:26:00";"609";"com vítima";"144.3";"BR-116/SC";"Norte";"Colisão Traseira";1;0;1;0;0;0;0;0;0;0;1;3;0;0;0
"06/11/2013";"07:17:00";"613";"sem vítima";"134.4";"BR-116/PR";"Norte";"Saida de Pista";0;0;1;0;0;0;0;0;0;0;1;0;0;0;0
"06/11/2013";"07:44:00";"618";"sem vítima";"47";"BR-116/SC";"Norte";"Objeto lançado contra veículo";0;0;1;0;0;0;0;0;0;0;1;0;0;0;0
"06/11/2013";"07:49:00";"619";"sem vítima";"47";"BR-116/SC";"Norte";"Objeto lançado contra veículo";0;0;1;0;0;0;0;0;0;0;2;0;0;0;0
"07/11/2013";"06:34:00";"633";"com vítima";"124";"BR-116/PR";"Norte";"Colisão Lateral";0;0;0;1;0;1;0;0;0;0;1;1;0;0;0
"07/11/2013";"07:00:00";"634";"sem vítima";"126";"BR-116/PR";"Norte";"Colisão Lateral";1;0;0;1;0;0;0;0;0;0;3;0;0;0;0
"07/11/2013";"11:06:00";"656";"sem vítima";"113.9";"BR-116/SC";"Norte";"Colisão Traseira";1;0;1;0;0;0;0;0;0;0;3;0;0;0;0
"07/11/2013";"12:27:00";"660";"com vítima";"12.3";"BR-116/SC";"Sul";"Colisão Transversal";1;0;1;0;0;0;0;0;0;0;2;1;0;0;0
"07/11/2013";"02:09:00";"664";"sem vítima";"204";"BR-116/PR";"Sul";"Objeto lançado contra veículo";0;0;1;0;0;0;0;0;0;0;1;0;0;0;0
"07/11/2013";"02:36:00";"667";"com vítima";"179.8";"BR-116/SC";"Sul";"Colisão Traseira";0;0;0;1;0;0;0;0;0;1;1;1;0;0;0
"07/11/2013";"07:01:00";"697";"sem vítima";"118.8";"BR-116/PR";"Sul";"Saida de Pista";1;0;0;0;0;0;0;0;0;0;1;0;0;0;0
"08/11/2013";"03:07:00";"724";"sem vítima";"14.5";"BR-116/SC";"Sul";"Atropelamento de Animal";1;0;0;0;0;0;0;0;0;0;2;0;0;0;0
"08/11/2013";"05:32:00";"727";"sem vítima";"115.9";"BR-116/PR";"Sul";"Colisão Transversal";0;0;0;1;0;0;0;0;0;1;2;0;0;0;0
"08/11/2013";"11:59:00";"755";"sem vítima";"43";"BR-116/SC";"Norte";"Colisão Traseira";1;0;0;1;0;0;0;0;0;0;3;0;0;0;0
"08/11/2013";"04:39:00";"792";"sem vítima";"204";"BR-116/PR";"Norte";"Choque - Defensa, barreira ou "submarino"";0;0;1;0;0;0;0;0;0;0;1;0;0;0;0
"08/11/2013";"06:07:00";"804";"sem vítima";"134";"BR-116/PR";"Sul";"Objeto lançado contra veículo";1;0;0;0;0;0;0;0;0;0;1;0;0;0;0
"08/11/2013";"09:54:00";"823";"sem vítima";"166.5";"BR-116/SC";"Norte";"Choque - Objeto sobre a pista";1;0;0;0;0;0;0;0;0;0;1;0;0;0;0
"08/11/2013";"09:54:00";"822";"sem vítima";"166.5";"BR-116/SC";"Norte";"Choque - Objeto sobre a pista";1;0;0;0;0;0;0;0;0;0;5;0;0;0;0
"09/11/2013";"04:40:00";"837";"sem vítima";"25.2";"BR-116/SC";"Sul";"Colisão Traseira";2;0;0;0;0;0;0;0;0;0;3;0;0;0;0
"09/11/2013";"08:59:00";"858";"sem vítima";"275";"BR-116/SC";"Norte";"Atropelamento de Animal";1;0;0;0;0;0;0;0;0;0;3;0;0;0;0
"09/11/2013";"10:15:00";"870";"com vítima";"185.2";"BR-116/PR";"Norte";"Colisão Lateral";2;0;2;0;0;0;0;0;0;0;4;2;0;0;0
"09/11/2013";"11:42:00";"881";"sem vítima";"202";"BR-116/PR";"Sul";"Objeto lançado contra veículo";1;0;0;0;0;0;0;0;0;0;1;0;0;0;0
"09/11/2013";"12:54:00";"884";"com vítima";"173.6";"BR-116/SC";"Norte";"Saida de Pista";0;0;1;0;0;0;0;0;0;0;0;0;0;0;1
"09/11/2013";"04:34:00";"898";"sem vítima";"121";"BR-116/PR";"Sul";"Colisão Lateral";1;0;1;0;0;0;0;0;0;0;2;0;0;0;0
"09/11/2013";"08:08:00";"909";"sem vítima";"204.5";"BR-116/PR";"Sul";"Colisão Transversal";0;0;1;0;0;1;0;0;0;0;2;0;0;0;0
"09/11/2013";"11:14:00";"927";"sem vítima";"220.5";"BR-116/SC";"Norte";"Colisão Transversal";2;0;0;0;0;0;0;0;0;0;2;0;0;0;0
"09/11/2013";"11:31:00";"929";"sem vítima";"203.5";"BR-116/PR";"Norte";"Choque - Veiculo parado na pista";0;0;2;0;0;0;0;0;0;0;3;0;0;0;0
"10/11/2013";"01:20:00";"933";"com vítima";"214";"BR-116/SC";"Norte";"Saida de Pista";1;0;0;0;0;0;0;0;0;0;0;0;2;1;0
"10/11/2013";"02:40:00";"938";"com vítima";"140.7";"BR-116/SC";"Norte";"Atropelamento - Morador";0;0;0;0;0;1;0;0;0;0;1;0;0;1;0
"10/11/2013";"03:51:00";"940";"sem vítima";"234.5";"BR-116/SC";"Norte";"Saida de Pista";1;0;0;0;0;0;0;0;0;0;2;0;0;0;0
"10/11/2013";"07:42:00";"949";"com vítima";"145";"BR-116/SC";"Sul";"Tombamento";0;0;1;0;0;0;0;0;0;0;0;1;0;0;0
"10/11/2013";"04:59:00";"1013";"sem vítima";"210.9";"BR-116/SC";"Sul";"Capotamento";1;0;0;0;0;0;0;0;0;0;1;0;0;0;0
"10/11/2013";"07:03:00";"1032";"com vítima";"119.4";"BR-116/PR";"Sul";"Colisão Transversal";2;0;0;1;0;0;0;0;0;0;5;1;0;0;0
"10/11/2013";"09:09:00";"1048";"com vítima";"35.15";"BR-116/SC";"Norte";"Saida de Pista";1;0;0;0;0;0;0;0;0;0;0;0;0;0;1
"10/11/2013";"09:19:00";"1050";"sem vítima";"116";"BR-116/PR";"Sul";"Objeto lançado contra veículo";0;0;1;0;0;0;0;0;0;0;1;0;0;0;0
"10/11/2013";"10:28:00";"1056";"sem vítima";"127.8";"BR-116/PR";"Norte";"Colisão Traseira";3;0;0;0;0;0;0;0;0;0;3;0;0;0;0
"11/11/2013";"05:51:00";"1072";"sem vítima";"119.4";"BR-116/PR";"Norte";"Colisão Lateral";0;0;1;0;0;1;0;0;0;0;2;0;0;0;0
"11/11/2013";"07:44:00";"1076";"com vítima";"5.5";"BR-116/SC";"Norte";"Colisão Transversal";1;1;0;0;0;0;0;0;0;0;2;1;0;0;0
"11/11/2013";"07:58:00";"1078";"sem vítima";"73.9";"BR-116/SC";"Norte";"Saida de Pista";1;0;0;0;0;0;0;0;0;0;2;0;0;0;0
"11/11/2013";"08:44:00";"1081";"sem vítima";"55";"BR-116/SC";"Norte";"Choque - Objeto sobre a pista";1;0;0;0;0;0;0;0;0;0;1;0;0;0;0
"11/11/2013";"10:13:00";"1097";"sem vítima";"134.5";"BR-116/PR";"Norte";"Colisão Traseira";1;0;1;0;0;0;0;0;0;0;2;0;0;0;0
"11/11/2013";"02:45:00";"1122";"sem vítima";"202.5";"BR-116/PR";"Sul";"Colisão Traseira";1;0;0;0;1;0;0;0;0;0;2;0;0;0;0
"11/11/2013";"03:24:00";"1128";"sem vítima";"183.55";"BR-116/PR";"Sul";"Saida de Pista";0;0;0;0;0;0;0;0;0;1;1;0;0;0;0
"11/11/2013";"03:53:00";"1132";"sem vítima";"246";"BR-116/SC";"Sul";"Saida de Pista";1;0;0;0;0;0;0;0;0;0;1;0;0;0;0
"11/11/2013";"05:50:00";"1144";"sem vítima";"0.1";"BR-116/SC";"Sul";"Colisão Traseira";2;0;0;0;0;0;0;0;0;0;2;0;0;0;0
"11/11/2013";"09:09:00";"1164";"com vítima";"127.5";"BR-116/PR";"Norte";"Colisão Transversal";0;0;0;2;0;0;0;0;0;0;0;2;0;0;0
"11/11/2013";"09:28:00";"1165";"sem vítima";"133";"BR-116/PR";"Norte";"Colisão Traseira";1;0;1;0;0;0;0;0;0;0;2;0;0;0;0
"11/11/2013";"11:10:00";"1172";"sem vítima";"203";"BR-116/PR";"Norte";"Choque - Defensa, barreira ou "submarino"";0;0;1;0;0;0;0;0;0;0;1;0;0;0;0
"12/11/2013";"07:33:00";"1186";"sem vítima";"183.5";"BR-116/PR";"Norte";"Saida de Pista";0;0;0;0;1;0;0;0;0;0;14;0;0;0;0
"12/11/2013";"07:52:00";"1188";"sem vítima";"14.9";"BR-116/SC";"Norte";"Saida de Pista";1;0;0;0;0;0;0;0;0;0;1;0;0;0;0