data;horario;n_da_ocorrencia;tipo_de_ocorrencia;km;trecho;sentido;tipo_de_acidente;automovel;bicicleta;caminhao;moto;onibus;outros;tracao_animal;transporte_de_cargas_especiais;trator_maquinas;utilitarios;ilesos;levemente_feridos;moderadamente_feridos;gravemente_feridos;mortos
"14/04/2014";"05:14:00";"1298";"sem vítima";"117";"BR-116/PR";"Sul";;1;0;1;0;0;0;0;0;0;0;2;0;0;0;0
"15/04/2014";"12:50:00";"1324";"com vítima";"287.08";"BR-116/SC";"Sul";"Saida de Pista";0;0;1;0;0;0;0;0;0;0;0;1;0;0;0
"15/04/2014";"05:11:00";"1333";"sem vítima";"243.9";"BR-116/SC";"Sul";"Saida de Pista";0;0;1;0;0;0;0;0;0;0;1;0;0;0;0
"15/04/2014";"10:11:00";"1358";"sem vítima";"142";"BR-116/SC";"Sul";"Objeto lançado contra veículo";0;0;1;0;0;0;0;0;0;0;1;0;0;0;0
"15/04/2014";"11:24:00";"1371";"sem vítima";"152.1";"BR-116/PR";"Norte";"Colisão Lateral";0;0;1;0;0;1;0;0;0;0;2;0;0;0;0
"15/04/2014";"02:52:00";"1392";"sem vítima";"152";"BR-116/SC";"Sul";"Choque - Cancela de Pedagio";0;0;0;0;0;0;0;0;0;1;1;0;0;0;0
"15/04/2014";"07:30:00";"1416";"com vítima";"134.08";"BR-116/PR";"Sul";"Colisão Transversal";2;0;0;0;0;0;0;0;0;0;1;0;0;0;1
"16/04/2014";"12:15:00";"1437";"com vítima";"30.2";"BR-116/SC";"Norte";"Saida de Pista";1;0;0;0;0;0;0;0;0;0;0;1;0;0;0
"16/04/2014";"06:40:00";"1447";"sem vítima";"20.15";"BR-116/SC";"Sul";"Colisão Lateral";1;0;1;0;0;0;0;0;0;0;2;0;0;0;0
"16/04/2014";"09:10:00";"1459";"sem vítima";"94.7";"BR-116/SC";"Sul";"Colisão Traseira";1;0;1;0;0;0;0;0;0;0;4;0;0;0;0
"16/04/2014";"09:44:00";"1461";"sem vítima";"81";"BR-116/SC";"Norte";"Colisão Traseira";1;0;1;0;0;0;0;0;0;0;2;0;0;0;0
"16/04/2014";"09:47:00";"1463";"com vítima";"4.5";"BR-116/SC";"Norte";"Tombamento";0;0;1;0;0;0;0;0;0;0;1;1;0;0;0
"16/04/2014";"01:31:00";"1478";"sem vítima";"139";"BR-116/PR";"Sul";"Colisão Transversal";2;0;0;0;0;0;0;0;0;0;3;0;0;0;0
"16/04/2014";"04:36:00";"1491";"sem vítima";"121.5";"BR-116/PR";"Norte";"Colisão Lateral";1;0;1;0;0;0;0;0;0;0;4;0;0;0;0
"16/04/2014";"05:54:00";"1499";"sem vítima";"155.2";"BR-116/SC";"Norte";"Objeto lançado contra veículo";0;0;2;0;0;0;0;0;0;0;2;0;0;0;0
"16/04/2014";"08:11:00";"1507";"sem vítima";"72.5";"BR-116/SC";"Sul";"Objeto lançado contra veículo";1;0;2;0;0;0;0;0;0;0;6;0;0;0;0
"16/04/2014";"09:08:00";"1511";"sem vítima";"205.1";"BR-116/SC";"Norte";"Choque - Objeto sobre a pista";1;0;0;0;0;0;0;0;0;0;1;0;0;0;0
"16/04/2014";"11:13:00";"1523";"sem vítima";"287.6";"BR-116/SC";"Sul";"Colisão Lateral";0;0;2;0;0;0;0;0;0;0;2;0;0;0;0
"17/04/2014";"09:19:00";"1552";"sem vítima";"134";"BR-116/PR";"Sul";"Choque - Cancela de Pedagio";0;0;0;0;0;0;0;0;0;1;1;0;0;0;0
"17/04/2014";"09:24:00";"1555";"sem vítima";"217.4";"BR-116/SC";"Sul";"Colisão Lateral";0;0;2;0;0;0;0;0;0;0;2;0;0;0;0
"17/04/2014";"10:18:00";"1561";"sem vítima";"131.9";"BR-116/PR";"Norte";"Tombamento";0;0;1;0;0;1;0;0;0;0;2;0;0;0;0
"17/04/2014";"11:21:00";"1568";"sem vítima";"129";"BR-116/PR";"Sul";"Colisão Traseira";2;0;0;0;0;0;0;0;0;0;2;0;0;0;0
"17/04/2014";"11:22:00";"1569";"sem vítima";"134";"BR-116/PR";"Norte";"Choque - Cancela de Pedagio";0;0;0;0;0;0;0;0;0;1;1;0;0;0;0
"17/04/2014";"01:41:00";"1577";"sem vítima";"184.5";"BR-116/SC";"Norte";"Tombamento";0;0;1;0;0;0;0;0;0;0;1;0;0;0;0
"17/04/2014";"04:05:00";"1590";"sem vítima";"175";"BR-116/PR";"Sul";"Atropelamento de Animal";1;0;0;0;0;0;0;0;0;0;4;0;0;0;0
"17/04/2014";"04:11:00";"1591";"sem vítima";"191";"BR-116/PR";"Sul";"Choque - Poste";0;0;0;0;0;0;0;0;1;0;1;0;0;0;0
"17/04/2014";"04:18:00";"1592";"sem vítima";"239";"BR-116/SC";"Norte";"Outros";0;0;0;0;0;0;0;0;0;1;1;0;0;0;0
"17/04/2014";"05:20:00";"1596";"sem vítima";"257.1";"BR-116/SC";"Sul";"Saida de Pista";1;0;0;0;0;0;0;0;0;0;4;0;0;0;0
"17/04/2014";"07:12:00";"1605";"com vítima";"139";"BR-116/SC";"Norte";"Colisão Traseira";2;0;0;0;0;0;0;0;0;0;2;1;0;0;0
"17/04/2014";"07:55:00";"1612";"sem vítima";"257.64";"BR-116/SC";"Norte";"Colisão Traseira";2;0;0;0;0;0;0;0;0;0;5;0;0;0;0
"17/04/2014";"09:13:00";"1618";"sem vítima";"41.35";"BR-116/SC";"Sul";"Colisão Traseira";1;0;1;0;0;0;0;0;0;0;4;0;0;0;0
"17/04/2014";"09:29:00";"1622";"sem vítima";"245.5";"BR-116/SC";"Sul";"Colisão Traseira";2;0;0;0;0;0;0;0;0;0;4;0;0;0;0
"17/04/2014";"09:38:00";"1623";"sem vítima";"116.1";"BR-116/SC";"Sul";"Colisão Lateral";1;0;1;0;0;0;0;0;0;0;3;0;0;0;0
"18/04/2014";"01:41:00";"1640";"sem vítima";"4.5";"BR-116/SC";"Norte";"Choque - Outros";0;0;0;0;0;0;0;0;0;1;5;0;0;0;0
"18/04/2014";"04:29:00";"1647";"com vítima";"121";"BR-116/PR";"Sul";"Queda de Moto";0;0;0;1;0;0;0;0;0;0;0;1;0;0;0
"18/04/2014";"07:26:00";"1656";"com vítima";"135.5";"BR-116/PR";"Sul";"Colisão Lateral";0;0;1;1;0;0;0;0;0;0;1;1;0;0;0
"18/04/2014";"08:49:00";"1671";"com vítima";"285";"BR-116/SC";"Norte";"Colisão Traseira";3;0;0;0;0;0;0;0;0;0;11;2;0;0;0
"18/04/2014";"10:12:00";"1688";"sem vítima";"5.2";"BR-116/SC";"Norte";"Colisão Lateral";2;0;0;0;0;0;0;0;0;0;7;0;0;0;0
"18/04/2014";"10:36:00";"1691";"sem vítima";"5.3";"BR-116/SC";"Norte";"Colisão Traseira";1;0;1;0;0;0;0;0;0;0;2;0;0;0;0
"18/04/2014";"11:41:00";"1699";"com vítima";"2.1";"BR-116/SC";"Norte";"Colisão Transversal";2;0;0;0;0;0;0;0;0;0;3;1;0;0;0
"18/04/2014";"11:44:00";"1700";"sem vítima";"137";"BR-116/PR";"Sul";"Colisão Traseira";1;0;1;0;0;0;0;0;0;0;2;0;0;0;0
"19/04/2014";"10:45:00";"1784";"sem vítima";"123.9";"BR-116/PR";"Norte";"Colisão Transversal";3;0;0;0;0;0;0;0;0;0;11;0;0;0;0
"19/04/2014";"02:23:00";"1799";"sem vítima";"72";"BR-116/SC";"Sul";"Objeto lançado contra veículo";1;0;0;0;0;0;0;0;0;0;2;0;0;0;0
"19/04/2014";"06:40:00";"1822";"com vítima";"128.5";"BR-116/PR";"Norte";"Atropelamento - Morador";1;0;0;0;0;0;0;0;0;0;4;0;0;0;1
"19/04/2014";"08:03:00";"1827";"sem vítima";"128.5";"BR-116/PR";"Norte";"Choque - Veiculo parado na pista";1;0;0;1;0;0;0;0;0;0;2;0;0;0;0
"19/04/2014";"10:33:00";"1834";"com vítima";"164.95";"BR-116/PR";"Sul";"Atropelamento - Morador";0;0;0;0;0;1;0;0;0;0;1;0;0;1;0
"20/04/2014";"01:10:00";"1851";"sem vítima";"122";"BR-116/PR";"Sul";"Saida de Pista";1;0;0;0;0;0;0;0;0;0;1;0;0;0;0
"20/04/2014";"08:08:00";"1859";"sem vítima";"126.3";"BR-116/PR";"Sul";"Engavetamento";3;0;0;0;0;0;0;0;0;0;3;0;0;0;0
"20/04/2014";"01:33:00";"1873";"com vítima";"99.9";"BR-116/SC";"Sul";"Colisão Traseira";2;0;0;0;0;0;0;0;0;0;4;3;0;0;0
"20/04/2014";"05:33:00";"1900";"sem vítima";"158.8";"BR-116/PR";"Norte";"Colisão Transversal";2;0;0;0;0;0;0;0;0;0;2;0;0;0;0
"20/04/2014";"05:38:00";"1902";"sem vítima";"37";"BR-116/SC";"Norte";"Objeto lançado contra veículo";1;0;0;0;0;0;0;0;0;0;1;0;0;0;0
"20/04/2014";"09:17:00";"1927";"sem vítima";"117.7";"BR-116/SC";"Norte";"Colisão Traseira";0;0;2;0;0;0;0;0;0;0;2;0;0;0;0
"21/04/2014";"05:12:00";"1944";"sem vítima";"230.8";"BR-116/SC";"Norte";"Choque - Objeto sobre a pista";1;0;0;0;0;0;0;0;0;0;3;0;0;0;0
"21/04/2014";"08:26:00";"1955";"sem vítima";"139";"BR-116/SC";"Sul";"Colisão Traseira";1;0;0;0;0;1;0;0;0;0;2;0;0;0;0
"21/04/2014";"10:05:00";"1964";"sem vítima";"201";"BR-116/PR";"Norte";"Choque - Objeto sobre a pista";1;0;0;0;0;0;0;0;0;0;5;0;0;0;0
"21/04/2014";"11:14:00";"1977";"sem vítima";"201";"BR-116/PR";"Norte";"Choque - Objeto sobre a pista";0;0;0;1;0;0;0;0;0;0;1;0;0;0;0
"21/04/2014";"01:36:00";"1990";"sem vítima";"81";"BR-116/SC";"Norte";"Choque - Cancela de Pedagio";1;0;0;0;0;0;0;0;0;0;1;0;0;0;0
"21/04/2014";"02:26:00";"2002";"sem vítima";"147.6";"BR-116/SC";"Norte";"Objeto lançado contra veículo";1;0;1;0;0;0;0;0;0;0;2;0;0;0;0
"21/04/2014";"02:59:00";"2007";"com vítima";"21";"BR-116/SC";"Norte";"Colisão Frontal";2;0;0;0;0;0;0;0;0;0;1;6;0;0;0
"21/04/2014";"03:07:00";"2008";"sem vítima";"139.5";"BR-116/SC";"Sul";"Colisão Traseira";3;0;0;0;0;0;0;0;0;0;7;0;0;0;0
"21/04/2014";"03:19:00";"2009";"sem vítima";"310.27";"BR-116/SC";"Sul";"Colisão Traseira";0;0;2;0;0;0;0;0;0;0;2;0;0;0;0
"21/04/2014";"03:23:00";"2011";"com vítima";"34.1";"BR-116/SC";"Norte";"Colisão Transversal";1;0;0;0;0;0;0;0;1;0;5;1;0;0;0
"21/04/2014";"05:44:00";"2028";"sem vítima";"7";"BR-116/SC";"Norte";"Colisão Transversal";1;0;0;0;0;0;0;0;0;1;5;0;0;0;0
"21/04/2014";"06:27:00";"2031";"sem vítima";"200";"BR-116/PR";"Sul";"Atropelamento de Animal";1;0;0;0;0;0;0;0;0;0;5;0;0;0;0
"21/04/2014";"06:28:00";"2033";"sem vítima";"132.5";"BR-116/PR";"Norte";"Colisão Traseira";2;0;0;0;0;0;0;0;0;0;2;0;0;0;0
"21/04/2014";"06:47:00";"2035";"com vítima";"31";"BR-116/SC";"Sul";"Colisão Traseira";1;0;2;0;0;0;0;0;0;0;3;1;0;0;0
"21/04/2014";"07:22:00";"2037";"com vítima";"219.3";"BR-116/SC";"Norte";"Colisão Transversal";1;0;0;1;0;0;0;0;0;0;2;1;0;0;0
"22/04/2014";"01:00:00";"2059";"sem vítima";"204";"BR-116/PR";"Sul";"Choque - Cancela de Pedagio";1;0;0;0;0;0;0;0;0;0;1;0;0;0;0
"22/04/2014";"08:40:00";"2070";"sem vítima";"285.2";"BR-116/SC";"Sul";"Saida de Pista";1;0;0;0;0;0;0;0;0;0;1;0;0;0;0
"22/04/2014";"11:24:00";"2087";"sem vítima";"273.4";"BR-116/SC";"Sul";"Choque - Objeto sobre a pista";1;0;0;0;0;0;0;0;0;0;4;0;0;0;0
"22/04/2014";"12:14:00";"2093";"com vítima";"190.6";"BR-116/SC";"Sul";"Choque - Talude";1;0;0;0;0;0;0;0;0;0;1;3;0;0;0
"22/04/2014";"12:47:00";"2096";"com vítima";"123.5";"BR-116/PR";"Sul";"Queda de Moto";0;0;0;1;0;0;0;0;0;0;1;0;0;1;0
"22/04/2014";"03:05:00";"2105";"sem vítima";"115";"BR-116/PR";"Norte";"Colisão Lateral";1;0;1;0;0;0;0;0;0;0;5;0;0;0;0
"22/04/2014";"04:28:00";"2115";"sem vítima";"134.1";"BR-116/PR";"Sul";"Objeto lançado contra veículo";1;0;0;0;0;0;0;0;0;0;1;0;0;0;0
"22/04/2014";"06:23:00";"2124";"sem vítima";"161.7";"BR-116/PR";"Sul";"Saida de Pista";1;0;0;0;0;0;0;0;0;0;1;0;0;0;0
"22/04/2014";"06:26:00";"2125";"sem vítima";"187.8";"BR-116/SC";"Norte";"Objeto lançado contra veículo";1;0;0;0;0;0;0;0;0;0;2;0;0;0;0
"22/04/2014";"06:34:00";"2128";"sem vítima";"58";"BR-116/SC";"Sul";;1;0;0;0;0;0;0;0;0;0;1;0;0;0;0
"22/04/2014";"06:35:00";"2126";"sem vítima";"123.5";"BR-116/PR";"Norte";"Colisão Traseira";2;0;0;0;0;1;0;0;0;0;7;0;0;0;0
"22/04/2014";"07:26:00";"2129";"sem vítima";"59.7";"BR-116/SC";"Norte";"Saida de Pista";0;0;1;0;0;0;0;0;0;0;1;0;0;0;0
"22/04/2014";"08:31:00";"2132";"sem vítima";"152.3";"BR-116/PR";"Norte";"Colisão Transversal";0;0;2;0;0;0;0;0;0;0;2;0;0;0;0
"23/04/2014";"09:02:00";"2160";"sem vítima";"117";"BR-116/SC";"Sul";"Objeto lançado contra veículo";0;0;1;0;0;0;0;0;0;0;1;0;0;0;0
"23/04/2014";"04:26:00";"2203";"com vítima";"121.5";"BR-116/PR";"Sul";"Engavetamento";4;0;0;0;0;0;0;0;0;1;5;1;0;0;0
"23/04/2014";"06:47:00";"2214";"com vítima";"7";"BR-116/SC";"Norte";"Colisão Frontal";0;0;2;0;0;0;0;0;0;0;0;2;0;0;0
"23/04/2014";"07:50:00";"2218";"sem vítima";"63";"BR-116/SC";"Sul";"Objeto lançado contra veículo";1;0;0;0;0;0;0;0;0;0;1;0;0;0;0
"24/04/2014";"10:53:00";"2257";"sem vítima";"140";"BR-116/PR";"Sul";"Objeto lançado contra veículo";1;0;0;0;0;0;0;0;0;0;1;0;0;0;0
"24/04/2014";"11:05:00";"2259";"sem vítima";"49.3";"BR-116/SC";"Sul";"Colisão Traseira";0;0;2;0;0;0;0;0;0;0;2;0;0;0;0
"24/04/2014";"12:15:00";"2267";"com vítima";"70.9";"BR-116/SC";"Sul";"Colisão Transversal";1;0;0;1;0;0;0;0;0;0;1;1;0;0;0
"24/04/2014";"12:38:00";"2268";"sem vítima";"172.3";"BR-116/PR";"Norte";"Colisão Lateral";1;0;1;0;0;0;0;0;0;0;4;0;0;0;0
"24/04/2014";"08:12:00";"2304";"sem vítima";"160";"BR-116/PR";"Norte";"Atropelamento de Animal";1;0;0;0;0;0;0;0;0;0;2;0;0;0;0
"25/04/2014";"10:36:00";"2354";"sem vítima";"123";"BR-116/PR";"Sul";"Atropelamento de Animal";0;0;0;1;0;0;0;0;0;0;1;0;0;0;0
"25/04/2014";"11:10:00";"2363";"sem vítima";"272.3";"BR-116/SC";"Norte";"Atropelamento de Animal";1;0;0;0;0;0;0;0;0;0;4;0;0;0;0
"25/04/2014";"04:19:00";"2398";"com vítima";"114.7";"BR-116/SC";"Sul";"Colisão Lateral";0;0;2;0;0;0;0;0;0;0;1;1;0;0;0
"25/04/2014";"07:20:00";"2414";"com vítima";"149.95";"BR-116/PR";"Sul";"Colisão Transversal";1;0;0;1;0;0;0;0;0;0;1;1;0;0;0
"25/04/2014";"08:20:00";"2421";"sem vítima";"125.5";"BR-116/PR";"Norte";"Colisão Traseira";2;0;0;0;0;0;0;0;0;0;7;0;0;0;0
"26/04/2014";"01:40:00";"2436";"sem vítima";"125.8";"BR-116/PR";"Sul";"Saida de Pista";1;0;0;0;0;0;0;0;0;0;2;0;0;0;0
"26/04/2014";"07:23:00";"2445";"sem vítima";"238.9";"BR-116/SC";"Sul";"Tombamento";0;0;1;0;0;0;0;0;0;0;1;0;0;0;0
"26/04/2014";"12:24:00";"2464";"sem vítima";"119.4";"BR-116/PR";"Sul";"Colisão Traseira";2;0;0;0;0;0;0;0;0;0;3;0;0;0;0
"26/04/2014";"02:05:00";"2469";"sem vítima";"137.9";"BR-116/PR";"Norte";"Choque - Veiculo parado na pista";2;0;1;0;0;0;0;0;0;1;6;0;0;0;0
"26/04/2014";"02:07:00";"2471";"sem vítima";"205";"BR-116/PR";"Norte";"Colisão Traseira";1;0;1;0;0;0;0;0;0;0;2;0;0;0;0
"26/04/2014";"03:54:00";"2484";"sem vítima";"131.7";"BR-116/PR";"Norte";"Choque - Poste";0;0;0;0;0;0;0;0;1;0;1;0;0;0;0
"26/04/2014";"05:02:00";"2492";"sem vítima";"136.8";"BR-116/SC";"Sul";"Colisão Traseira";1;0;0;0;0;1;0;0;0;0;2;0;0;0;0
"26/04/2014";"06:10:00";"2496";"com vítima";"131.2";"BR-116/PR";"Sul";"Colisão Transversal";1;0;0;1;0;0;0;0;0;0;3;1;0;0;0
"26/04/2014";"06:23:00";"2499";"sem vítima";"131.35";"BR-116/PR";"Norte";"Colisão Traseira";1;0;0;0;0;0;0;0;0;1;2;0;0;0;0
"26/04/2014";"10:39:00";"2513";"com vítima";"135.2";"BR-116/SC";"Norte";"Saida de Pista";0;0;1;0;0;0;0;0;0;0;0;1;0;0;0
"27/04/2014";"06:51:00";"2535";"sem vítima";"182.9";"BR-116/SC";"Sul";"Saida de Pista";1;0;0;0;0;0;0;0;0;0;1;0;0;0;0
"27/04/2014";"04:02:00";"2567";"sem vítima";"128";"BR-116/PR";"Norte";"Colisão Traseira";2;0;0;0;0;0;0;0;0;0;5;0;0;0;0
"27/04/2014";"06:12:00";"2583";"sem vítima";"128";"BR-116/PR";"Norte";"Engavetamento";0;0;0;0;0;0;0;0;0;3;8;0;0;0;0
"27/04/2014";"09:49:00";"2601";"com vítima";"120";"BR-116/SC";"Norte";"Queda de Moto";0;0;0;1;0;0;0;0;0;0;1;1;0;0;0
"27/04/2014";"10:50:00";"2605";"com vítima";"144.1";"BR-116/PR";"Norte";"Saida de Pista";1;0;0;0;0;0;0;0;0;0;0;0;0;1;0
"28/04/2014";"10:25:00";"2643";"sem vítima";"59";"BR-116/SC";"Sul";"Colisão Traseira";1;0;1;0;0;0;0;0;0;0;2;0;0;0;0
"28/04/2014";"12:09:00";"2650";"sem vítima";"118";"BR-116/PR";"Sul";"Choque - Defensa, barreira ou "submarino"";0;0;1;0;0;0;0;0;0;0;1;0;0;0;0
"28/04/2014";"12:33:00";"2652";"com vítima";"241.55";"BR-116/SC";"Sul";"Colisão Frontal";0;0;2;0;0;0;0;0;0;0;0;0;0;1;2
"28/04/2014";"07:17:00";"2695";"sem vítima";"134";"BR-116/PR";"Sul";"Choque - Cancela de Pedagio";1;0;0;0;0;0;0;0;0;0;1;0;0;0;0
"28/04/2014";"11:10:00";"2706";"com vítima";"125.8";"BR-116/PR";"Norte";"Colisão Traseira";1;0;1;0;0;0;0;0;0;0;1;0;0;1;0
"29/04/2014";"09:16:00";"2727";"sem vítima";"197";"BR-116/SC";"Sul";"Objeto lançado contra veículo";1;0;0;0;0;0;0;0;0;0;1;0;0;0;0
"29/04/2014";"10:40:00";"2733";"sem vítima";"117.5";"BR-116/PR";"Norte";"Colisão Lateral";0;0;1;1;0;0;0;0;0;0;2;0;0;0;0
"29/04/2014";"11:17:00";"2736";"sem vítima";"130.8";"BR-116/PR";"Norte";"Colisão Traseira";3;0;2;0;0;0;0;0;0;0;6;0;0;0;0
"29/04/2014";"03:20:00";"2750";"sem vítima";"237.64";"BR-116/SC";"Sul";"Objeto lançado contra veículo";1;0;0;0;0;0;0;0;0;0;4;0;0;0;0
"29/04/2014";"07:43:00";"2773";"com vítima";"122.1";"BR-116/PR";"Sul";"Atropelamento - Morador";0;0;0;1;0;0;0;0;0;0;0;0;0;1;1
"30/04/2014";"08:14:00";"2810";"sem vítima";"236.2";"BR-116/SC";"Norte";"Colisão Traseira";2;0;0;0;0;0;0;0;0;0;4;0;0;0;0
"30/04/2014";"08:53:00";"2814";"sem vítima";"247";"BR-116/SC";"Norte";"Colisão Traseira";2;0;0;0;0;0;0;0;0;0;8;0;0;0;0
"30/04/2014";"10:44:00";"2821";"sem vítima";"47";"BR-116/SC";"Norte";"Objeto lançado contra veículo";1;0;0;0;0;0;0;0;0;0;1;0;0;0;0
"30/04/2014";"11:12:00";"2824";"sem vítima";"27";"BR-116/SC";"Sul";"Choque - Suporte de Sinalização";0;0;2;0;0;0;0;0;0;0;2;0;0;0;0
"30/04/2014";"07:08:00";"2870";"sem vítima";"126";"BR-116/PR";"Sul";"Colisão Traseira";1;0;1;0;0;0;0;0;0;0;4;0;0;0;0
"30/04/2014";"10:50:00";"2889";"sem vítima";"118.5";"BR-116/PR";"Sul";"Colisão Traseira";2;0;0;0;0;0;0;0;0;0;2;0;0;0;0
"30/04/2014";"11:14:00";"2892";"sem vítima";"118.5";"BR-116/PR";"Sul";"Choque - Veiculo parado no acostamento";1;0;1;0;0;0;0;0;0;0;2;0;0;0;0
"01/05/2014";"01:52:00";"5";"com vítima";"182.9";"BR-116/PR";"Norte";"Saida de Pista";1;0;0;0;0;0;0;0;0;0;0;1;0;0;0
"01/05/2014";"03:52:00";"16";"sem vítima";"147.1";"BR-116/SC";"Sul";"Choque - Objeto sobre a pista";1;0;0;0;0;0;0;0;0;0;1;0;0;0;0
"01/05/2014";"10:42:00";"46";"com vítima";"23.6";"BR-116/SC";"Norte";"Queda de Moto";0;0;0;1;0;0;0;0;0;0;0;1;0;0;0
"01/05/2014";"12:30:00";"51";"com vítima";"116.05";"BR-116/PR";"Norte";"Colisão Traseira";2;0;0;0;0;0;0;0;0;0;4;2;0;0;0
"01/05/2014";"03:49:00";"70";"com vítima";"247";"BR-116/SC";"Sul";"Colisão Transversal";1;0;0;1;0;0;0;0;0;0;0;2;0;0;0
"01/05/2014";"04:10:00";"72";"sem vítima";"60.3";"BR-116/SC";"Sul";"Outros";1;0;0;0;0;0;0;0;0;0;5;0;0;0;0
"01/05/2014";"05:44:00";"80";"com vítima";"105.5";"BR-116/SC";"Norte";"Engavetamento";1;0;2;0;0;0;0;0;0;2;5;1;0;0;0
"01/05/2014";"06:27:00";"83";"sem vítima";"126";"BR-116/PR";"Sul";"Colisão Traseira";2;0;0;0;0;0;0;0;0;0;5;0;0;0;0
"01/05/2014";"06:48:00";"87";"com vítima";"129.3";"BR-116/PR";"Sul";"Colisão Transversal";1;0;0;1;0;0;0;0;0;0;4;1;0;0;0
"01/05/2014";"10:31:00";"96";"sem vítima";"117.3";"BR-116/PR";"Norte";"Colisão Transversal";1;0;1;0;0;0;0;0;0;0;2;0;0;0;0
"02/05/2014";"12:30:00";"104";"com vítima";"126.8";"BR-116/PR";"Sul";"Colisão Traseira";1;0;0;1;0;0;0;0;0;0;2;1;0;0;0
"02/05/2014";"01:01:00";"106";"sem vítima";"124.5";"BR-116/PR";"Sul";"Choque - Objeto sobre a pista";1;0;0;0;0;0;0;0;0;0;1;0;0;0;0
"02/05/2014";"02:13:00";"109";"sem vítima";"255.02";"BR-116/SC";"Sul";"Atropelamento de Animal";0;0;1;0;0;0;0;0;0;0;1;0;0;0;0
"02/05/2014";"11:47:00";"153";"sem vítima";"131.9";"BR-116/PR";"Norte";"Colisão Lateral";1;0;1;0;0;0;0;0;0;0;3;0;0;0;0
"02/05/2014";"06:48:00";"189";"sem vítima";"245.5";"BR-116/SC";"Norte";"Colisão Transversal";1;0;1;0;0;0;0;0;0;0;2;0;0;0;0
"02/05/2014";"10:32:00";"202";"com vítima";"4.5";"BR-116/SC";"Norte";"Colisão Lateral";0;0;0;2;0;0;0;0;0;0;1;0;0;1;0
"03/05/2014";"12:31:00";"212";"sem vítima";"154.4";"BR-116/PR";"Sul";"Colisão Traseira";3;0;0;0;0;0;0;0;0;0;5;0;0;0;0
"03/05/2014";"10:40:00";"240";"com vítima";"258.8";"BR-116/SC";"Norte";"Colisão Transversal";1;0;0;0;0;0;0;0;0;1;1;2;0;1;0
"03/05/2014";"03:14:00";"252";"sem vítima";"131";"BR-116/PR";"Norte";"Saida de Pista";0;0;0;0;0;0;0;0;0;1;2;0;0;0;0
"03/05/2014";"06:47:00";"269";"sem vítima";"136";"BR-116/PR";"Norte";"Engavetamento";3;0;0;0;0;0;0;0;0;0;7;0;0;0;0
"03/05/2014";"11:30:00";"282";"sem vítima";"217";"BR-116/SC";"Norte";"Choque - Defensa, barreira ou "submarino"";1;0;0;0;0;0;0;0;0;0;1;0;0;0;0
"04/05/2014";"01:56:00";"287";"com vítima";"159.9";"BR-116/SC";"Sul";"Tombamento";0;0;1;0;0;0;0;0;0;0;0;1;0;0;0
"04/05/2014";"08:47:00";"299";"sem vítima";"139";"BR-116/PR";"Norte";"Objeto lançado contra veículo";1;0;1;0;0;0;0;0;0;0;2;0;0;0;0
"04/05/2014";"11:08:00";"306";"com vítima";"288";"BR-116/SC";"Norte";"Saida de Pista";1;0;0;0;0;0;0;0;0;0;2;1;0;0;0
"04/05/2014";"01:18:00";"312";"com vítima";"117.5";"BR-116/PR";"Norte";"Saida de Pista";1;0;0;0;0;0;0;0;0;0;0;4;0;0;0
"04/05/2014";"02:07:00";"314";"com vítima";"107.6";"BR-116/SC";"Norte";"Queda de Moto";0;0;0;1;0;0;0;0;0;0;1;1;0;0;0
"04/05/2014";"06:55:00";"344";"sem vítima";"131.5";"BR-116/PR";"Norte";"Colisão Traseira";2;0;0;0;0;0;0;0;0;0;6;0;0;0;0
"04/05/2014";"06:59:00";"346";"com vítima";"53.5";"BR-116/SC";"Norte";"Colisão Traseira";1;0;0;1;0;0;0;0;0;0;2;1;0;0;0
"04/05/2014";"07:16:00";"347";"com vítima";"143.5";"BR-116/PR";"Sul";"Colisão Transversal";1;0;0;0;0;0;0;0;0;1;4;2;0;0;0
"05/05/2014";"01:16:00";"363";"sem vítima";"194.5";"BR-116/PR";"Sul";"Saida de Pista";0;0;1;0;0;0;0;0;0;0;1;0;0;0;0
"05/05/2014";"07:09:00";"373";"sem vítima";"169";"BR-116/PR";"Norte";"Saida de Pista";1;0;0;0;0;0;0;0;0;0;1;0;0;0;0
"05/05/2014";"12:48:00";"407";"sem vítima";"224.2";"BR-116/SC";"Norte";"Saida de Pista";1;0;0;0;0;0;0;0;0;0;1;0;0;0;0
"05/05/2014";"04:25:00";"422";"sem vítima";"152";"BR-116/SC";"Sul";"Colisão Traseira";0;0;2;0;0;0;0;0;0;0;2;0;0;0;0
"05/05/2014";"06:15:00";"433";"sem vítima";"115";"BR-116/PR";"Sul";"Colisão Lateral";0;0;1;0;0;1;0;0;0;0;2;0;0;0;0
"05/05/2014";"10:07:00";"452";"com vítima";"264.4";"BR-116/SC";"Norte";"Colisão Frontal";1;0;1;0;0;0;0;0;0;0;1;0;0;0;1
"06/05/2014";"02:17:00";"466";"sem vítima";"69";"BR-116/SC";"Norte";"Colisão Transversal";0;0;1;0;0;1;0;0;0;0;2;0;0;0;0
"06/05/2014";"05:59:00";"470";"sem vítima";"25.7";"BR-116/SC";"Sul";"Saida de Pista";0;0;1;0;0;0;0;0;0;0;1;0;0;0;0