data;horario;n_da_ocorrencia;tipo_de_ocorrencia;km;trecho;sentido;tipo_de_acidente;automovel;bicicleta;caminhao;moto;onibus;outros;tracao_animal;transporte_de_cargas_especiais;trator_maquinas;utilitarios;ilesos;levemente_feridos;moderadamente_feridos;gravemente_feridos;mortos
"06/05/2014";"07:41:00";"478";"sem vítima";"119.2";"BR-116/PR";"Norte";"Colisão Lateral";1;0;0;1;0;0;0;0;0;0;2;0;0;0;0
"06/05/2014";"04:40:00";"525";"sem vítima";"218.1";"BR-116/SC";"Sul";"Tombamento";0;0;1;0;0;0;0;0;0;0;1;0;0;0;0
"06/05/2014";"06:30:00";"533";"sem vítima";"191.1";"BR-116/PR";"Sul";"Colisão Transversal";2;0;0;0;0;0;0;0;0;0;2;0;0;0;0
"06/05/2014";"06:56:00";"536";"com vítima";"9.1";"BR-116/SC";"Norte";"Colisão Transversal";1;0;1;0;0;0;0;0;0;0;1;1;0;0;0
"06/05/2014";"07:40:00";"543";"sem vítima";"118.7";"BR-116/PR";"Sul";"Choque - Objeto sobre a pista";1;0;0;0;0;0;0;0;0;0;1;0;0;0;0
"06/05/2014";"07:40:00";"542";"sem vítima";"118.7";"BR-116/PR";"Sul";"Choque - Objeto sobre a pista";1;0;0;0;0;0;0;0;0;0;1;0;0;0;0
"07/05/2014";"07:28:00";"575";"sem vítima";"129.6";"BR-116/PR";"Sul";"Colisão Transversal";2;0;0;0;0;0;0;0;0;0;3;0;0;0;0
"07/05/2014";"08:11:00";"579";"sem vítima";"284.1";"BR-116/SC";"Norte";"Colisão Lateral";1;0;1;0;1;0;0;0;0;0;3;0;0;0;0
"07/05/2014";"02:32:00";"616";"com vítima";"29.8";"BR-116/SC";"Norte";"Engavetamento";1;0;3;0;0;0;0;0;0;1;6;1;0;0;0
"07/05/2014";"02:58:00";"620";"com vítima";"132";"BR-116/PR";"Norte";"Outros";0;1;0;0;0;0;0;0;0;0;0;1;0;0;0
"07/05/2014";"04:50:00";"632";"sem vítima";"11.1";"BR-116/SC";"Sul";"Colisão Lateral";2;0;0;0;0;0;0;0;0;0;2;0;0;0;0
"07/05/2014";"06:23:00";"641";"com vítima";"129.3";"BR-116/PR";"Norte";"Colisão Traseira";0;0;1;1;0;0;0;0;0;0;8;0;0;1;0
"07/05/2014";"06:52:00";"643";"sem vítima";"134.5";"BR-116/PR";"Sul";"Objeto lançado contra veículo";1;0;0;0;0;0;0;0;0;0;4;0;0;0;0
"07/05/2014";"08:39:00";"649";"sem vítima";"123.5";"BR-116/PR";"Norte";"Colisão Lateral";1;0;0;0;0;0;0;0;0;1;2;0;0;0;0
"07/05/2014";"08:44:00";"651";"com vítima";"262.9";"BR-116/SC";"Norte";"Colisão Lateral";1;0;1;0;0;0;0;0;0;0;1;0;0;0;1
"08/05/2014";"08:48:00";"682";"sem vítima";"117.5";"BR-116/PR";"Sul";"Tombamento";1;0;0;0;0;0;0;0;0;0;1;0;0;0;0
"08/05/2014";"09:18:00";"686";"sem vítima";"182";"BR-116/SC";"Norte";"Atropelamento de Animal";1;0;0;0;0;0;0;0;0;0;1;0;0;0;0
"08/05/2014";"01:19:00";"707";"com vítima";"5.5";"BR-116/SC";"Norte";"Colisão Transversal";0;0;0;2;0;0;0;0;0;0;1;1;0;0;0
"08/05/2014";"02:56:00";"716";"sem vítima";"199.7";"BR-116/PR";"Sul";"Colisão Lateral";0;0;2;0;0;0;0;0;0;0;2;0;0;0;0
"08/05/2014";"05:01:00";"737";"sem vítima";"84.3";"BR-116/SC";"Sul";"Choque - Objeto sobre a pista";0;0;1;0;0;0;0;0;0;0;1;0;0;0;0
"09/05/2014";"03:30:00";"777";"com vítima";"182.5";"BR-116/SC";"Sul";"Saida de Pista";0;0;1;0;0;0;0;0;0;0;1;1;0;0;0
"09/05/2014";"06:38:00";"781";"sem vítima";"119.9";"BR-116/PR";"Norte";"Colisão Traseira";3;0;0;0;0;0;0;0;0;0;3;0;0;0;0
"09/05/2014";"06:58:00";"782";"sem vítima";"121";"BR-116/PR";"Norte";"Engavetamento";4;0;0;0;0;0;0;0;0;0;8;0;0;0;0
"09/05/2014";"07:46:00";"784";"sem vítima";"134.4";"BR-116/PR";"Norte";"Colisão Traseira";1;0;0;0;0;1;0;0;0;0;2;0;0;0;0
"09/05/2014";"07:56:00";"786";"sem vítima";"166.6";"BR-116/SC";"Norte";"Colisão Traseira";0;0;0;0;0;0;0;0;0;2;2;0;0;0;0
"09/05/2014";"04:56:00";"837";"sem vítima";"173.05";"BR-116/PR";"Sul";"Colisão Lateral";2;0;0;0;0;0;0;0;0;0;4;0;0;0;0
"09/05/2014";"07:04:00";"848";"com vítima";"9";"BR-116/SC";"Sul";"Colisão Traseira";1;0;1;0;0;0;0;0;0;0;2;1;0;0;0
"09/05/2014";"09:42:00";"855";"sem vítima";"18.7";"BR-116/SC";"Norte";"Colisão Lateral";0;0;1;0;0;1;0;0;0;0;2;0;0;0;0
"09/05/2014";"10:54:00";"859";"sem vítima";"18";"BR-116/SC";"Norte";"Choque - Objeto sobre a pista";1;0;0;0;0;0;0;0;0;0;3;0;0;0;0
"10/05/2014";"12:11:00";"862";"sem vítima";"205";"BR-116/PR";"Sul";"Saida de Pista";1;0;0;0;0;0;0;0;0;0;2;0;0;0;0
"10/05/2014";"02:33:00";"869";"sem vítima";"205.9";"BR-116/PR";"Sul";"Saida de Pista";1;0;0;0;0;0;0;0;0;0;1;0;0;0;0
"10/05/2014";"09:36:00";"898";"sem vítima";"131.9";"BR-116/PR";"Norte";"Colisão Lateral";1;0;1;0;0;0;0;0;0;0;2;0;0;0;0
"10/05/2014";"12:41:00";"914";"com vítima";"107.8";"BR-116/SC";"Norte";"Queda de Moto";0;0;0;1;0;0;0;0;0;0;0;1;0;0;0
"10/05/2014";"01:16:00";"916";"sem vítima";"276";"BR-116/SC";"Norte";"Objeto lançado contra veículo";1;0;0;0;0;0;0;0;0;0;1;0;0;0;0
"10/05/2014";"02:51:00";"924";"com vítima";"301.3";"BR-116/SC";"Norte";"Colisão Transversal";2;0;0;0;0;0;0;0;0;0;1;3;0;1;0
"10/05/2014";"06:33:00";"948";"com vítima";"156.1";"BR-116/PR";"Sul";"Saida de Pista";1;0;0;0;0;0;0;0;0;0;0;0;0;2;2
"10/05/2014";"06:41:00";"950";"sem vítima";"119.7";"BR-116/PR";"Norte";"Colisão Traseira";2;0;0;0;0;0;0;0;0;0;6;0;0;0;0
"10/05/2014";"07:03:00";"953";"com vítima";"193.8";"BR-116/PR";"Sul";"Choque - Talude";1;0;0;0;0;0;0;0;0;0;0;0;0;1;0
"10/05/2014";"10:01:00";"966";"com vítima";"133.7";"BR-116/SC";"Norte";"Colisão Traseira";1;0;0;0;0;1;0;0;0;0;2;1;0;0;0
"10/05/2014";"10:31:00";"969";"sem vítima";"134";"BR-116/PR";"Norte";"Colisão Lateral";2;0;0;0;0;0;0;0;0;0;2;0;0;0;0
"11/05/2014";"01:35:00";"983";"com vítima";"142.5";"BR-116/SC";"Sul";"Capotamento";1;0;0;0;0;0;0;0;0;0;2;1;0;0;0
"11/05/2014";"01:41:00";"984";"com vítima";"225.3";"BR-116/SC";"Norte";"Colisão Lateral";1;0;1;0;0;0;0;0;0;0;1;0;0;0;1
"11/05/2014";"02:09:00";"987";"sem vítima";"225";"BR-116/SC";"Sul";"Colisão Traseira";1;0;0;0;0;1;0;0;0;0;2;0;0;0;0
"11/05/2014";"09:34:00";"1006";"sem vítima";"145.8";"BR-116/PR";"Sul";"Colisão Transversal";1;0;1;0;0;0;0;0;0;0;2;0;0;0;0
"11/05/2014";"11:36:00";"1010";"sem vítima";"116";"BR-116/PR";"Sul";"Engavetamento";5;0;0;0;0;0;0;0;0;0;18;0;0;0;0
"11/05/2014";"11:54:00";"1013";"sem vítima";"115.6";"BR-116/PR";"Sul";"Engavetamento";3;0;0;0;0;0;0;0;0;0;6;0;0;0;0
"11/05/2014";"05:18:00";"1037";"sem vítima";"131.9";"BR-116/PR";"Sul";"Colisão Transversal";2;0;0;0;0;0;0;0;0;0;4;0;0;0;0
"11/05/2014";"05:24:00";"1038";"sem vítima";"99";"BR-116/SC";"Norte";"Objeto lançado contra veículo";1;0;0;0;0;0;0;0;0;0;1;0;0;0;0
"11/05/2014";"05:53:00";"1042";"com vítima";"186";"BR-116/SC";"Norte";"Colisão Lateral";2;0;0;0;0;0;0;0;0;0;2;1;0;0;0
"11/05/2014";"07:06:00";"1046";"sem vítima";"159";"BR-116/PR";"Norte";"Choque - Objeto sobre a pista";1;0;0;0;0;0;0;0;0;0;2;0;0;0;0
"11/05/2014";"07:55:00";"1050";"com vítima";"53";"BR-116/SC";"Norte";"Colisão Transversal";2;0;0;0;0;0;0;0;0;0;6;2;0;0;0
"11/05/2014";"08:45:00";"1055";"sem vítima";"135";"BR-116/PR";"Norte";"Colisão Traseira";3;0;0;0;0;0;0;0;0;0;3;0;0;0;0
"11/05/2014";"08:45:00";"1054";"sem vítima";"116";"BR-116/PR";"Norte";"Colisão Traseira";2;0;0;0;0;0;0;0;0;0;3;0;0;0;0
"11/05/2014";"09:29:00";"1057";"com vítima";"118.09";"BR-116/PR";"Sul";"Atropelamento - Sem Informação";1;0;0;0;0;0;0;0;0;0;2;0;0;0;1
"11/05/2014";"09:44:00";"1058";"sem vítima";"287.3";"BR-116/SC";"Sul";"Colisão Lateral";0;0;2;0;0;0;0;0;0;0;3;0;0;0;0
"11/05/2014";"09:46:00";"1059";"com vítima";"117.8";"BR-116/PR";"Sul";"Colisão Traseira";1;0;0;0;0;1;0;0;0;0;1;0;0;1;0
"12/05/2014";"06:35:00";"1071";"com vítima";"209.1";"BR-116/PR";"Sul";"Colisão Transversal";1;0;0;0;1;0;0;0;0;0;1;1;0;0;0
"12/05/2014";"09:52:00";"1097";"sem vítima";"118";"BR-116/PR";"Sul";"Colisão Lateral";1;0;1;0;0;0;0;0;0;0;2;0;0;0;0
"12/05/2014";"01:29:00";"1118";"sem vítima";"202";"BR-116/PR";"Sul";"Objeto lançado contra veículo";1;0;0;0;0;0;0;0;0;0;1;0;0;0;0
"12/05/2014";"04:57:00";"1142";"com vítima";"5";"BR-116/SC";"Sul";"Colisão Transversal";1;0;0;1;0;0;0;0;0;0;1;2;0;0;0
"13/05/2014";"02:26:00";"1212";"sem vítima";"72";"BR-116/SC";"Sul";"Atropelamento de Animal";1;0;0;0;0;0;0;0;0;0;2;0;0;0;0
"13/05/2014";"02:39:00";"1215";"sem vítima";"115";"BR-116/PR";"Sul";"Colisão Traseira";3;0;0;0;0;0;0;0;0;0;7;0;0;0;0
"13/05/2014";"04:59:00";"1227";"sem vítima";"203.1";"BR-116/SC";"Norte";"Choque - Outros";1;0;0;0;0;0;0;0;0;0;1;0;0;0;0
"13/05/2014";"06:13:00";"1234";"sem vítima";"119";"BR-116/PR";"Norte";"Colisão Lateral";2;0;0;0;0;0;0;0;0;0;5;0;0;0;0
"13/05/2014";"06:39:00";"1235";"sem vítima";"152";"BR-116/PR";"Sul";"Colisão Transversal";1;0;1;0;0;0;0;0;0;0;2;0;0;0;0
"13/05/2014";"06:53:00";"1238";"sem vítima";"118.4";"BR-116/PR";"Sul";"Colisão Traseira";2;0;0;0;0;0;0;0;0;0;7;0;0;0;0
"13/05/2014";"08:17:00";"1245";"sem vítima";"41";"BR-116/SC";"Sul";"Atropelamento de Animal";1;0;0;0;0;0;0;0;0;0;2;0;0;0;0
"13/05/2014";"09:59:00";"1250";"com vítima";"153";"BR-116/PR";"Norte";"Atropelamento - Morador";1;0;0;0;0;0;0;0;0;0;1;1;0;1;0
"14/05/2014";"12:35:00";"1258";"sem vítima";"136";"BR-116/PR";"Sul";"Objeto lançado contra veículo";0;0;1;0;0;0;0;0;0;0;1;0;0;0;0
"14/05/2014";"10:59:00";"1284";"sem vítima";"166.9";"BR-116/PR";"Norte";"Colisão Transversal";1;0;0;0;0;0;0;0;0;1;2;0;0;0;0
"14/05/2014";"07:49:00";"1323";"sem vítima";"20";"BR-116/SC";"Norte";"Objeto lançado contra veículo";1;0;0;0;0;0;0;0;0;0;1;0;0;0;0
"15/05/2014";"12:22:00";"1334";"sem vítima";"233";"BR-116/SC";"Norte";"Atropelamento de Animal";0;0;1;0;0;0;0;0;0;0;1;0;0;0;0
"15/05/2014";"07:15:00";"1346";"sem vítima";"233";"BR-116/SC";"Norte";"Choque - Cancela de Pedagio";1;0;0;0;0;0;0;0;0;0;1;0;0;0;0
"15/05/2014";"07:34:00";"1349";"sem vítima";"122";"BR-116/PR";"Sul";"Saida de Pista";1;0;0;0;0;0;0;0;0;0;1;0;0;0;0
"15/05/2014";"01:49:00";"1371";"com vítima";"144.05";"BR-116/PR";"Norte";"Colisão Transversal";2;0;0;0;0;0;0;0;0;0;0;0;0;2;1
"15/05/2014";"02:08:00";"1372";"sem vítima";"210.6";"BR-116/PR";"Sul";"Colisão Traseira";1;0;1;0;0;0;0;0;0;0;2;0;0;0;0
"15/05/2014";"06:02:00";"1399";"com vítima";"129.6";"BR-116/PR";"Sul";"Colisão Transversal";1;0;0;1;0;0;0;0;0;0;2;1;0;0;0
"15/05/2014";"09:57:00";"1404";"sem vítima";"135";"BR-116/SC";"Norte";"Saida de Pista";0;0;1;0;0;0;0;0;0;0;1;0;0;0;0
"16/05/2014";"03:05:00";"1417";"sem vítima";"141.1";"BR-116/PR";"Sul";"Saida de Pista";1;0;0;0;0;0;0;0;0;0;1;0;0;0;0
"16/05/2014";"07:11:00";"1423";"sem vítima";"126.4";"BR-116/PR";"Norte";"Colisão Traseira";1;0;0;1;0;0;0;0;0;0;2;0;0;0;0
"16/05/2014";"11:24:00";"1447";"sem vítima";"183";"BR-116/PR";"Sul";"Objeto lançado contra veículo";1;0;0;0;0;0;0;0;0;0;1;0;0;0;0
"16/05/2014";"01:37:00";"1460";"sem vítima";"0.2";"BR-116/SC";"Norte";"Choque - Defensa, barreira ou "submarino"";0;0;1;0;0;0;0;0;0;0;1;0;0;0;0
"16/05/2014";"04:27:00";"1479";"sem vítima";"130.4";"BR-116/PR";"Norte";"Colisão Lateral";0;0;2;0;0;0;0;0;0;0;2;0;0;0;0
"16/05/2014";"05:38:00";"1482";"com vítima";"210.9";"BR-116/SC";"Sul";"Saida de Pista";0;0;1;0;0;0;0;0;0;0;0;1;0;0;0
"16/05/2014";"07:24:00";"1494";"com vítima";"196.6";"BR-116/PR";"Sul";"Saida de Pista";1;0;1;0;0;0;0;0;0;0;1;0;0;0;2
"16/05/2014";"11:48:00";"1513";"sem vítima";"39";"BR-116/SC";"Norte";"Choque - Objeto sobre a pista";1;0;0;0;0;0;0;0;0;0;1;0;0;0;0
"17/05/2014";"09:19:00";"1537";"sem vítima";"119";"BR-116/PR";"Sul";"Choque - Veiculo parado na pista";2;0;0;0;0;0;0;0;0;0;2;0;0;0;0
"17/05/2014";"02:33:00";"1560";"sem vítima";"167";"BR-116/SC";"Norte";"Choque - Objeto sobre a pista";1;0;0;0;0;0;0;0;0;0;1;0;0;0;0
"17/05/2014";"03:13:00";"1568";"com vítima";"148";"BR-116/PR";"Sul";"Colisão Transversal";1;0;0;0;0;0;0;0;0;1;4;1;0;0;0
"17/05/2014";"04:27:00";"1576";"sem vítima";"29.1";"BR-116/SC";"Sul";"Saida de Pista";1;0;0;0;0;0;0;0;0;0;5;0;0;0;0
"17/05/2014";"04:49:00";"1577";"sem vítima";"172.55";"BR-116/SC";"Sul";"Choque - Defensa, barreira ou "submarino"";1;0;0;0;0;0;0;0;0;0;1;0;0;0;0
"17/05/2014";"06:09:00";"1586";"sem vítima";"203";"BR-116/PR";"Sul";"Queda de Moto";0;0;0;1;0;0;0;0;0;0;1;0;0;0;0
"17/05/2014";"11:08:00";"1609";"com vítima";"131.1";"BR-116/PR";"Sul";"Colisão Transversal";2;0;0;0;0;0;0;0;0;0;2;1;0;0;0
"17/05/2014";"11:39:00";"1612";"sem vítima";"255";"BR-116/SC";"Norte";"Colisão Transversal";1;0;0;0;0;0;0;0;0;1;3;0;0;0;0
"18/05/2014";"02:07:00";"1619";"sem vítima";"161";"BR-116/SC";"Norte";"Colisão Traseira";1;0;1;0;0;0;0;0;0;0;2;0;0;0;0
"18/05/2014";"03:57:00";"1621";"sem vítima";"26.6";"BR-116/SC";"Sul";"Saida de Pista";1;0;0;0;0;0;0;0;0;0;1;0;0;0;0
"18/05/2014";"04:00:00";"1622";"com vítima";"147.3";"BR-116/SC";"Sul";"Saida de Pista";1;0;0;0;0;0;0;0;0;0;7;1;0;0;0
"18/05/2014";"04:04:00";"1623";"com vítima";"8";"BR-116/SC";"Norte";"Atropelamento de Animal";0;0;0;1;0;0;0;0;0;0;0;2;0;0;0
"18/05/2014";"04:23:00";"1624";"com vítima";"45.3";"BR-116/SC";"Sul";"Saida de Pista";1;0;0;0;0;0;0;0;0;0;1;1;0;0;0
"18/05/2014";"10:18:00";"1636";"sem vítima";"210";"BR-116/PR";"Norte";"Colisão Transversal";1;0;0;1;0;0;0;0;0;0;2;0;0;0;0
"18/05/2014";"04:25:00";"1674";"com vítima";"251.3";"BR-116/SC";"Sul";"Colisão Transversal";1;0;1;0;0;0;0;0;0;0;0;1;0;0;2
"18/05/2014";"05:01:00";"1677";"sem vítima";"20.5";"BR-116/SC";"Sul";"Colisão Lateral";1;0;1;0;0;0;0;0;0;0;2;0;0;0;0
"18/05/2014";"06:22:00";"1686";"com vítima";"131";"BR-116/PR";"Sul";"Colisão Transversal";0;0;0;1;0;1;0;0;0;0;1;1;0;0;0
"19/05/2014";"06:28:00";"1722";"sem vítima";"139.5";"BR-116/PR";"Norte";"Saida de Pista";0;0;0;0;1;0;0;0;0;0;1;0;0;0;0
"19/05/2014";"08:38:00";"1736";"sem vítima";"245.4";"BR-116/SC";"Sul";"Colisão Transversal";2;0;0;0;0;0;0;0;0;0;2;0;0;0;0
"19/05/2014";"10:00:00";"1744";"sem vítima";"177.5";"BR-116/SC";"Norte";"Atropelamento de Animal";1;0;0;0;0;0;0;0;0;0;2;0;0;0;0
"19/05/2014";"12:32:00";"1763";"sem vítima";"209";"BR-116/PR";"Sul";"Colisão Transversal";1;0;1;0;0;0;0;0;0;0;2;0;0;0;0
"19/05/2014";"12:44:00";"1764";"sem vítima";"205.9";"BR-116/PR";"Sul";"Atropelamento de Animal";1;0;0;0;0;0;0;0;0;0;1;0;0;0;0
"19/05/2014";"02:40:00";"1777";"sem vítima";"119";"BR-116/PR";"Sul";"Colisão Traseira";2;0;0;0;0;1;0;0;0;0;6;0;0;0;0
"19/05/2014";"02:51:00";"1780";"com vítima";"118.6";"BR-116/PR";"Sul";"Queda de Moto";0;0;0;1;0;0;0;0;0;0;0;1;0;0;0
"19/05/2014";"03:28:00";"1789";"com vítima";"138";"BR-116/PR";"Sul";"Queda de Moto";0;0;0;1;0;0;0;0;0;0;0;1;0;0;0
"19/05/2014";"03:34:00";"1790";"sem vítima";"152";"BR-116/SC";"Norte";"Choque - Cancela de Pedagio";0;0;1;0;0;0;0;0;0;0;1;0;0;0;0
"19/05/2014";"03:50:00";"1792";"sem vítima";"4.5";"BR-116/SC";"Norte";"Colisão Lateral";1;0;1;0;0;0;0;0;0;0;6;0;0;0;0
"19/05/2014";"07:14:00";"1812";"sem vítima";"115";"BR-116/PR";"Sul";"Colisão Traseira";2;0;0;0;0;0;0;0;0;0;2;0;0;0;0
"19/05/2014";"07:50:00";"1815";"sem vítima";"176";"BR-116/SC";"Norte";"Choque - Veiculo parado no acostamento";1;0;0;0;0;1;0;0;0;0;5;0;0;0;0
"20/05/2014";"12:50:00";"1830";"sem vítima";"301.4";"BR-116/SC";"Norte";"Saida de Pista";0;0;1;0;0;0;0;0;0;0;1;0;0;0;0
"20/05/2014";"04:45:00";"1841";"sem vítima";"165";"BR-116/SC";"Sul";"Atropelamento de Animal";1;0;0;0;0;0;0;0;0;0;1;0;0;0;0
"20/05/2014";"09:12:00";"1854";"sem vítima";"152";"BR-116/SC";"Sul";"Choque - Cancela de Pedagio";1;0;0;0;0;0;0;0;0;0;1;0;0;0;0
"20/05/2014";"02:13:00";"1897";"sem vítima";"117";"BR-116/PR";"Sul";"Colisão Lateral";1;0;0;0;0;1;0;0;0;0;4;0;0;0;0
"20/05/2014";"04:29:00";"1914";"sem vítima";"117.45";"BR-116/PR";"Sul";"Colisão Traseira";1;0;1;0;0;0;0;0;0;0;2;0;0;0;0
"20/05/2014";"05:02:00";"1915";"sem vítima";"127.7";"BR-116/PR";"Norte";"Colisão Lateral";1;0;1;0;0;0;0;0;0;0;3;0;0;0;0
"20/05/2014";"08:10:00";"1929";"sem vítima";"0";"BR-116/SC";"Norte";"Objeto lançado contra veículo";0;0;1;0;0;0;0;0;0;0;1;0;0;0;0
"20/05/2014";"08:51:00";"1931";"sem vítima";"77";"BR-116/SC";"Sul";"Saida de Pista";1;0;0;0;0;0;0;0;0;0;3;0;0;0;0
"21/05/2014";"08:00:00";"1960";"com vítima";"210";"BR-116/PR";"Norte";"Colisão Transversal";1;0;1;0;0;0;0;0;0;0;1;1;0;0;0
"21/05/2014";"08:01:00";"1961";"com vítima";"246.1";"BR-116/SC";"Norte";"Colisão Transversal";2;0;0;0;0;0;0;0;0;0;1;1;0;0;0
"21/05/2014";"02:02:00";"1988";"sem vítima";"302";"BR-116/SC";"Sul";"Colisão Lateral";0;0;2;0;0;0;0;0;0;0;2;0;0;0;0
"21/05/2014";"04:13:00";"2007";"com vítima";"115";"BR-116/SC";"Sul";"Colisão Traseira";0;0;2;0;0;0;0;0;0;0;2;1;0;0;0
"21/05/2014";"06:14:00";"2022";"sem vítima";"228.2";"BR-116/SC";"Sul";"Colisão Lateral";1;0;1;0;0;0;0;0;0;0;3;0;0;0;0
"21/05/2014";"06:38:00";"2024";"com vítima";"119.2";"BR-116/PR";"Sul";"Choque - Veiculo parado na pista";2;0;1;0;0;0;0;0;0;0;2;1;0;0;0
"21/05/2014";"07:27:00";"2029";"sem vítima";"119.2";"BR-116/PR";"Sul";"Choque - Veiculo parado na pista";3;0;0;0;0;0;0;0;0;0;3;0;0;0;0
"22/05/2014";"12:23:00";"2042";"sem vítima";"231.1";"BR-116/SC";"Norte";"Saida de Pista";1;0;0;0;0;0;0;0;0;0;1;0;0;0;0
"22/05/2014";"06:20:00";"2052";"com vítima";"193.7";"BR-116/PR";"Norte";"Saida de Pista";1;0;0;0;0;0;0;0;0;0;0;1;0;0;0
"22/05/2014";"06:25:00";"2053";"sem vítima";"10.8";"BR-116/SC";"Norte";"Saida de Pista";0;0;1;0;0;0;0;0;0;0;1;0;0;0;0
"22/05/2014";"09:15:00";"2058";"sem vítima";"120.5";"BR-116/PR";"Sul";"Choque - Objeto sobre a pista";1;0;0;0;0;0;0;0;0;0;1;0;0;0;0
"22/05/2014";"10:27:00";"2067";"sem vítima";"179";"BR-116/SC";"Sul";"Objeto lançado contra veículo";1;0;0;0;0;0;0;0;0;0;1;0;0;0;0
"22/05/2014";"12:09:00";"2075";"sem vítima";"152";"BR-116/SC";"Sul";"Colisão Traseira";0;0;2;0;0;0;0;0;0;0;2;0;0;0;0
"22/05/2014";"12:11:00";"2076";"sem vítima";"206.7";"BR-116/SC";"Norte";"Colisão Transversal";2;0;0;0;0;0;0;0;0;0;2;0;0;0;0
"22/05/2014";"03:50:00";"2101";"sem vítima";"105.3";"BR-116/SC";"Norte";"Saida de Pista";0;0;1;0;0;0;0;0;0;0;1;0;0;0;0
"22/05/2014";"06:14:00";"2112";"sem vítima";"190";"BR-116/PR";"Sul";"Atropelamento de Animal";1;0;0;0;0;0;0;0;0;0;1;0;0;0;0
"23/05/2014";"08:55:00";"2158";"sem vítima";"203";"BR-116/PR";"Sul";"Choque - Cancela de Pedagio";0;0;1;0;0;0;0;0;0;0;1;0;0;0;0
"23/05/2014";"10:29:00";"2169";"com vítima";"63.5";"BR-116/SC";"Sul";"Colisão Frontal";2;0;0;0;0;0;0;0;0;0;2;1;0;0;0
"23/05/2014";"12:40:00";"2179";"sem vítima";"126.5";"BR-116/SC";"Norte";"Saida de Pista";1;0;0;0;0;0;0;0;0;0;2;0;0;0;0
"23/05/2014";"12:51:00";"2181";"sem vítima";"100";"BR-116/SC";"Sul";"Objeto lançado contra veículo";1;0;1;0;0;0;0;0;0;0;2;0;0;0;0
"23/05/2014";"05:55:00";"2207";"sem vítima";"206.7";"BR-116/PR";"Norte";"Objeto lançado contra veículo";1;0;0;0;0;0;0;0;0;0;1;0;0;0;0
"23/05/2014";"06:03:00";"2209";"sem vítima";"143.5";"BR-116/PR";"Sul";"Colisão Lateral";2;0;0;0;0;0;0;0;0;0;2;0;0;0;0
"23/05/2014";"06:19:00";"2211";"sem vítima";"6.3";"BR-116/SC";"Norte";"Objeto lançado contra veículo";1;0;0;0;0;0;0;0;0;0;1;0;0;0;0
"23/05/2014";"07:32:00";"2221";"sem vítima";"205";"BR-116/PR";"Norte";"Objeto lançado contra veículo";1;0;0;0;0;0;0;0;0;0;2;0;0;0;0
"23/05/2014";"07:40:00";"2223";"sem vítima";"83";"BR-116/SC";"Norte";"Objeto lançado contra veículo";0;0;1;0;0;0;0;0;0;0;1;0;0;0;0
"23/05/2014";"09:00:00";"2229";"com vítima";"159.05";"BR-116/PR";"Sul";"Colisão Frontal";2;0;0;0;0;0;0;0;0;0;0;1;0;1;1
"24/05/2014";"12:04:00";"2243";"com vítima";"128";"BR-116/PR";"Sul";"Colisão Frontal";2;0;0;1;0;0;0;0;0;0;2;0;0;1;0
"24/05/2014";"12:19:00";"2286";"sem vítima";"253.17";"BR-116/SC";"Norte";"Choque - Objeto sobre a pista";1;0;0;0;0;0;0;0;0;0;2;0;0;0;0
"24/05/2014";"12:29:00";"2288";"sem vítima";"161.4";"BR-116/SC";"Sul";"Colisão Frontal";2;0;0;0;0;0;0;0;0;0;4;0;0;0;0
"24/05/2014";"12:50:00";"2291";"sem vítima";"24";"BR-116/SC";"Norte";"Objeto lançado contra veículo";1;0;0;0;0;0;0;0;0;0;1;0;0;0;0
"24/05/2014";"03:58:00";"2310";"com vítima";"107.7";"BR-116/SC";"Sul";"Tombamento";0;0;0;1;0;0;0;0;0;0;0;1;0;0;0
"24/05/2014";"06:45:00";"2327";"com vítima";"299.1";"BR-116/SC";"Sul";"Atropelamento - Andarilho";0;0;0;0;0;1;0;0;0;0;1;1;0;0;0
"24/05/2014";"07:30:00";"2338";"sem vítima";"100.2";"BR-116/SC";"Sul";"Choque - Objeto sobre a pista";1;0;0;0;0;0;0;0;0;0;5;0;0;0;0
"24/05/2014";"09:17:00";"2344";"com vítima";"192.7";"BR-116/PR";"Norte";"Colisão Lateral";2;0;2;0;0;0;0;0;0;0;5;2;0;0;0
"24/05/2014";"10:47:00";"2348";"sem vítima";"53";"BR-116/SC";"Norte";"Saida de Pista";1;0;0;0;0;0;0;0;0;0;2;0;0;0;0
"24/05/2014";"11:36:00";"2350";"com vítima";"245";"BR-116/SC";"Norte";"Colisão Transversal";1;0;0;1;0;0;0;0;0;0;1;1;0;0;0
"25/05/2014";"07:14:00";"2364";"com vítima";"119.4";"BR-116/PR";"Sul";"Colisão Transversal";2;0;0;0;0;0;0;0;0;0;1;2;0;0;0
"25/05/2014";"02:34:00";"2395";"com vítima";"119.4";"BR-116/PR";"Norte";"Colisão Traseira";2;0;0;0;0;0;0;0;0;0;5;1;0;0;0
"25/05/2014";"03:29:00";"2401";"sem vítima";"234.5";"BR-116/SC";"Norte";"Tombamento";0;0;1;0;0;0;0;0;0;0;1;0;0;0;0