data;horario;n_da_ocorrencia;tipo_de_ocorrencia;km;trecho;sentido;tipo_de_acidente;automovel;bicicleta;caminhao;moto;onibus;outros;tracao_animal;transporte_de_cargas_especiais;trator_maquinas;utilitarios;ilesos;levemente_feridos;moderadamente_feridos;gravemente_feridos;mortos
"19/06/2014";"05:33:00";"1842";"sem vítima";"262.4";"BR-116/SC";"Sul";"Saida de Pista";0;0;0;0;0;0;0;0;0;1;2;0;0;0;0
"19/06/2014";"06:59:00";"1848";"sem vítima";"136.5";"BR-116/SC";"Sul";"Saida de Pista";1;0;0;0;0;0;0;0;0;0;1;0;0;0;0
"19/06/2014";"08:36:00";"1854";"com vítima";"96.8";"BR-116/SC";"Norte";"Saida de Pista";1;0;0;0;0;0;0;0;0;0;1;1;0;0;0
"19/06/2014";"03:00:00";"1881";"sem vítima";"239";"BR-116/SC";"Norte";"Colisão Traseira";2;0;0;0;0;0;0;0;0;0;2;0;0;0;0
"19/06/2014";"09:04:00";"1910";"com vítima";"191.9";"BR-116/SC";"Sul";"Saida de Pista";1;0;0;0;0;0;0;0;0;0;0;1;0;0;0
"20/06/2014";"02:31:00";"1919";"sem vítima";"201.6";"BR-116/PR";"Sul";"Saida de Pista";1;0;0;0;0;0;0;0;0;0;1;0;0;0;0
"20/06/2014";"05:11:00";"1922";"sem vítima";"239.4";"BR-116/SC";"Norte";"Atropelamento de Animal";1;0;0;0;0;0;0;0;0;0;2;0;0;0;0
"20/06/2014";"10:23:00";"1938";"com vítima";"176.3";"BR-116/SC";"Norte";"Colisão Frontal";0;0;4;0;0;0;0;0;0;0;5;5;0;0;0
"20/06/2014";"01:36:00";"1952";"sem vítima";"41";"BR-116/SC";"Sul";"Colisão Lateral";1;0;1;0;0;0;0;0;0;0;2;0;0;0;0
"20/06/2014";"06:03:00";"1982";"sem vítima";"202";"BR-116/PR";"Sul";"Objeto lançado contra veículo";0;0;0;0;0;0;0;0;0;1;1;0;0;0;0
"20/06/2014";"08:18:00";"1993";"sem vítima";"68";"BR-116/SC";"Norte";"Objeto lançado contra veículo";0;0;1;0;0;0;0;0;0;0;1;0;0;0;0
"21/06/2014";"06:32:00";"2016";"sem vítima";"235.72";"BR-116/SC";"Sul";"Saida de Pista";1;0;0;0;0;0;0;0;0;0;2;0;0;0;0
"21/06/2014";"09:20:00";"2028";"com vítima";"128.3";"BR-116/PR";"Norte";"Colisão Transversal";1;1;0;0;0;0;0;0;0;0;1;1;0;0;0
"21/06/2014";"07:36:00";"2076";"com vítima";"178.8";"BR-116/SC";"Sul";"Saida de Pista";1;0;0;0;0;0;0;0;0;0;4;0;0;1;0
"21/06/2014";"07:38:00";"2077";"sem vítima";"134";"BR-116/PR";"Sul";"Queda de Moto";0;0;0;1;0;0;0;0;0;0;2;0;0;0;0
"21/06/2014";"09:48:00";"2081";"sem vítima";"126.2";"BR-116/PR";"Norte";"Colisão Traseira";1;0;1;0;0;0;0;0;0;0;2;0;0;0;0
"21/06/2014";"10:48:00";"2085";"sem vítima";"119";"BR-116/PR";"Norte";"Colisão Lateral";0;0;0;0;1;1;0;0;0;0;2;0;0;0;0
"22/06/2014";"06:08:00";"2099";"sem vítima";"193";"BR-116/PR";"Norte";"Choque - Defensa, barreira ou "submarino"";0;0;1;0;0;0;0;0;0;0;1;0;0;0;0
"22/06/2014";"06:35:00";"2101";"com vítima";"119";"BR-116/PR";"Sul";"Colisão Transversal";0;0;0;2;0;0;0;0;0;0;0;2;0;0;0
"22/06/2014";"09:46:00";"2115";"com vítima";"161.4";"BR-116/PR";"Norte";"Choque - Veiculo parado na pista";1;0;1;1;0;0;0;0;0;0;5;0;0;0;1
"22/06/2014";"01:19:00";"2129";"com vítima";"7";"BR-116/SC";"Norte";"Colisão Transversal";1;0;0;1;0;0;0;0;0;0;2;1;0;0;0
"22/06/2014";"04:07:00";"2143";"sem vítima";"141.5";"BR-116/PR";"Sul";"Colisão Lateral";1;0;0;0;0;1;0;0;0;0;3;0;0;0;0
"22/06/2014";"04:52:00";"2149";"sem vítima";"300";"BR-116/SC";"Sul";"Colisão Traseira";1;0;0;0;0;1;0;0;0;0;4;0;0;0;0
"22/06/2014";"05:01:00";"2150";"sem vítima";"166.8";"BR-116/PR";"Norte";"Colisão Transversal";2;0;0;0;0;0;0;0;0;0;5;0;0;0;0
"22/06/2014";"06:07:00";"2156";"sem vítima";"133";"BR-116/PR";"Norte";"Colisão Traseira";1;0;0;0;0;2;0;0;0;0;5;0;0;0;0
"22/06/2014";"06:52:00";"2165";"sem vítima";"108";"BR-116/SC";"Norte";"Choque - Objeto sobre a pista";1;0;0;0;0;0;0;0;0;0;2;0;0;0;0
"22/06/2014";"06:57:00";"2167";"sem vítima";"117";"BR-116/PR";"Norte";"Colisão Traseira";2;0;0;0;0;0;0;0;0;0;2;0;0;0;0
"22/06/2014";"11:11:00";"2186";"sem vítima";"233.5";"BR-116/SC";"Sul";"Atropelamento de Animal";0;0;0;0;0;0;0;0;0;1;1;0;0;0;0
"23/06/2014";"07:00:00";"2202";"sem vítima";"117";"BR-116/PR";"Norte";"Colisão Traseira";1;0;1;0;0;0;0;0;0;0;2;0;0;0;0
"23/06/2014";"07:37:00";"2205";"com vítima";"125.6";"BR-116/PR";"Norte";"Colisão Lateral";1;0;0;1;0;0;0;0;0;0;2;1;0;0;0
"23/06/2014";"09:48:00";"2218";"sem vítima";"233";"BR-116/SC";"Norte";"Choque - Cancela de Pedagio";0;0;1;0;0;0;0;0;0;0;1;0;0;0;0
"23/06/2014";"01:43:00";"2240";"com vítima";"1";"BR-116/SC";"Norte";"Tombamento";0;0;1;0;0;0;0;0;0;0;0;1;0;0;0
"23/06/2014";"07:09:00";"2259";"sem vítima";"61";"BR-116/SC";"Norte";"Choque - Objeto sobre a pista";1;0;0;0;0;0;0;0;0;0;1;0;0;0;0
"23/06/2014";"07:09:00";"2260";"sem vítima";"61";"BR-116/SC";"Norte";"Choque - Objeto sobre a pista";1;0;0;0;0;0;0;0;0;0;1;0;0;0;0
"24/06/2014";"12:17:00";"2277";"sem vítima";"210.1";"BR-116/SC";"Sul";"Saida de Pista";1;0;0;0;0;0;0;0;0;0;1;0;0;0;0
"24/06/2014";"07:23:00";"2292";"sem vítima";"167.8";"BR-116/SC";"Sul";"Colisão Traseira";1;0;1;0;0;0;0;0;0;0;2;0;0;0;0
"24/06/2014";"10:14:00";"2309";"sem vítima";"309";"BR-116/SC";"Sul";"Saida de Pista";1;0;0;0;0;0;0;0;0;0;1;0;0;0;0
"24/06/2014";"11:16:00";"2316";"sem vítima";"81.6";"BR-116/SC";"Sul";"Colisão Traseira";1;0;1;0;0;0;0;0;0;0;3;0;0;0;0
"24/06/2014";"11:31:00";"2318";"sem vítima";"4.5";"BR-116/SC";"Sul";"Colisão Traseira";2;0;0;0;0;0;0;0;0;0;2;0;0;0;0
"24/06/2014";"02:15:00";"2335";"sem vítima";"147";"BR-116/PR";"Norte";"Objeto lançado contra veículo";0;0;0;0;0;0;0;0;0;1;1;0;0;0;0
"24/06/2014";"07:01:00";"2359";"sem vítima";"136.05";"BR-116/PR";"Norte";"Colisão Transversal";0;0;0;0;0;0;0;0;0;2;2;0;0;0;0
"24/06/2014";"08:21:00";"2367";"sem vítima";"193";"BR-116/PR";"Norte";"Colisão Traseira";0;0;2;0;0;0;0;0;0;0;2;0;0;0;0
"24/06/2014";"09:11:00";"2368";"sem vítima";"92";"BR-116/SC";"Norte";"Choque - Objeto sobre a pista";0;0;1;0;0;0;0;0;0;0;1;0;0;0;0
"25/06/2014";"12:09:00";"2418";"sem vítima";"59";"BR-116/SC";"Norte";"Saida de Pista";0;0;1;0;0;0;0;0;0;0;1;0;0;0;0
"25/06/2014";"05:35:00";"2442";"com vítima";"310";"BR-116/SC";"Norte";"Colisão Lateral";0;0;2;0;0;0;0;0;0;0;1;1;0;0;0
"25/06/2014";"09:07:00";"2455";"com vítima";"129.3";"BR-116/PR";"Norte";"Colisão Traseira";0;0;0;1;0;1;0;0;0;0;1;1;0;0;0
"25/06/2014";"10:29:00";"2459";"sem vítima";"204.2";"BR-116/PR";"Norte";"Colisão Traseira";1;0;0;0;0;1;0;0;0;0;2;0;0;0;0
"26/06/2014";"03:12:00";"2468";"sem vítima";"47.2";"BR-116/SC";"Sul";"Choque - Outros";0;0;1;0;0;0;0;0;0;0;1;0;0;0;0
"26/06/2014";"08:01:00";"2478";"sem vítima";"17";"BR-116/SC";"Sul";"Choque - Objeto sobre a pista";1;0;0;0;0;0;0;0;0;0;1;0;0;0;0
"26/06/2014";"08:46:00";"2483";"sem vítima";"127.7";"BR-116/PR";"Norte";"Colisão Lateral";1;0;1;0;0;0;0;0;0;0;2;0;0;0;0
"26/06/2014";"10:57:00";"2491";"com vítima";"180";"BR-116/PR";"Norte";"Tombamento";0;0;1;0;0;0;0;0;0;0;0;0;0;1;0
"26/06/2014";"11:36:00";"2492";"sem vítima";"117";"BR-116/PR";"Sul";"Choque - Objeto sobre a pista";1;0;0;0;0;0;0;0;0;0;1;0;0;0;0
"26/06/2014";"04:10:00";"2523";"sem vítima";"118";"BR-116/PR";"Sul";"Colisão Traseira";1;0;1;0;0;0;0;0;0;0;2;0;0;0;0
"26/06/2014";"04:20:00";"2524";"com vítima";"235";"BR-116/SC";"Sul";"Saida de Pista";0;0;1;0;0;0;0;0;0;0;0;1;0;0;0
"26/06/2014";"05:20:00";"2532";"sem vítima";"226.4";"BR-116/SC";"Norte";"Colisão Transversal";2;0;0;0;0;0;0;0;0;0;4;0;0;0;0
"26/06/2014";"06:17:00";"2537";"sem vítima";"308";"BR-116/SC";"Sul";"Atropelamento de Animal";1;0;0;0;0;0;0;0;0;0;3;0;0;0;0
"27/06/2014";"06:05:00";"2569";"com vítima";"140.9";"BR-116/SC";"Norte";"Colisão Frontal";1;0;0;0;1;0;0;0;0;0;42;0;0;1;0
"27/06/2014";"06:30:00";"2571";"com vítima";"1.8";"BR-116/SC";"Norte";"Queda de Moto";0;0;0;1;0;0;0;0;0;0;0;1;0;0;0
"27/06/2014";"07:30:00";"2670";"sem vítima";"116.1";"BR-116/PR";"Norte";"Colisão Traseira";3;0;0;0;0;0;0;0;0;0;6;0;0;0;0
"27/06/2014";"08:48:00";"2668";"sem vítima";"118.7";"BR-116/PR";"Norte";"Colisão Traseira";3;0;0;0;0;0;0;0;0;0;4;0;0;0;0
"27/06/2014";"01:52:00";"2579";"com vítima";"117";"BR-116/PR";"Sul";"Tombamento";0;0;1;0;0;0;0;0;0;0;0;1;0;0;0
"27/06/2014";"05:28:00";"2594";"sem vítima";"4.5";"BR-116/SC";"Norte";"Objeto lançado contra veículo";1;0;0;0;0;0;0;0;0;0;1;0;0;0;0
"27/06/2014";"06:23:00";"2597";"sem vítima";"145";"BR-116/SC";"Norte";"Objeto lançado contra veículo";0;0;0;0;0;0;0;0;0;1;1;0;0;0;0
"27/06/2014";"07:45:00";"2619";"sem vítima";"117";"BR-116/PR";"Norte";"Colisão Traseira";1;0;1;0;0;0;0;0;0;0;2;0;0;0;0
"27/06/2014";"10:34:00";"2640";"sem vítima";"222.05";"BR-116/SC";"Sul";"Colisão Traseira";1;0;1;0;0;0;0;0;0;0;2;0;0;0;0
"28/06/2014";"08:17:00";"2683";"sem vítima";"232";"BR-116/SC";"Sul";"Saida de Pista";1;0;0;0;0;0;0;0;0;0;2;0;0;0;0
"28/06/2014";"10:37:00";"2696";"sem vítima";"205";"BR-116/PR";"Norte";"Objeto lançado contra veículo";1;0;0;0;0;0;0;0;0;0;4;0;0;0;0
"28/06/2014";"12:46:00";"2708";"sem vítima";"119.4";"BR-116/PR";"Norte";"Colisão Lateral";3;0;0;0;0;0;0;0;0;0;10;0;0;0;0
"28/06/2014";"04:46:00";"2723";"com vítima";"218";"BR-116/SC";"Norte";"Colisão Traseira";1;0;0;0;0;0;0;0;0;1;2;1;0;0;0
"28/06/2014";"06:54:00";"2735";"sem vítima";"45";"BR-116/SC";"Norte";"Colisão Lateral";0;0;1;0;0;1;0;0;0;0;2;0;0;0;0
"28/06/2014";"07:33:00";"2737";"com vítima";"117.2";"BR-116/PR";"Sul";"Queda de Moto";0;0;0;1;0;0;0;0;0;0;1;1;0;0;0
"28/06/2014";"07:47:00";"2738";"sem vítima";"241";"BR-116/SC";"Sul";"Saida de Pista";1;0;0;0;0;0;0;0;0;0;1;0;0;0;0
"28/06/2014";"08:54:00";"2743";"sem vítima";"117.3";"BR-116/PR";"Norte";"Colisão Traseira";1;0;0;0;0;1;0;0;0;0;3;0;0;0;0
"28/06/2014";"11:38:00";"2755";"sem vítima";"205";"BR-116/PR";"Norte";"Saida de Pista";1;0;0;0;0;0;0;0;0;0;1;0;0;0;0
"29/06/2014";"03:36:00";"2762";"com vítima";"117";"BR-116/PR";"Norte";"Colisão Lateral";2;0;0;0;0;0;0;0;0;0;0;2;0;0;0
"29/06/2014";"10:31:00";"2791";"sem vítima";"3";"BR-116/SC";"Sul";"Queda de Moto";0;0;0;1;0;0;0;0;0;0;1;0;0;0;0
"29/06/2014";"11:07:00";"2795";"sem vítima";"134";"BR-116/PR";"Sul";"Choque - Cancela de Pedagio";1;0;0;0;0;0;0;0;0;0;1;0;0;0;0
"29/06/2014";"12:04:00";"2798";"sem vítima";"34";"BR-116/SC";"Sul";"Colisão Traseira";0;0;2;0;0;0;0;0;0;0;2;0;0;0;0
"29/06/2014";"01:26:00";"2807";"com vítima";"141.6";"BR-116/PR";"Norte";"Colisão Transversal";1;0;1;0;0;0;0;0;0;0;2;1;0;0;0
"29/06/2014";"05:37:00";"2827";"sem vítima";"134.8";"BR-116/SC";"Norte";"Outros";0;0;1;0;0;0;0;0;0;0;1;0;0;0;0
"29/06/2014";"06:16:00";"2830";"sem vítima";"140.3";"BR-116/PR";"Norte";"Saida de Pista";1;0;0;0;0;0;0;0;0;0;1;0;0;0;0
"29/06/2014";"07:58:00";"2840";"com vítima";"182.8";"BR-116/PR";"Norte";"Saida de Pista";1;0;0;0;0;0;0;0;0;0;0;2;0;0;0
"30/06/2014";"10:02:00";"2885";"com vítima";"193";"BR-116/SC";"Norte";"Choque - Objeto sobre a pista";1;0;0;0;0;0;0;0;0;0;0;1;0;0;0
"01/07/2014";"04:35:00";"13";"sem vítima";"108.6";"BR-116/SC";"Norte";"Choque - Objeto sobre a pista";0;0;1;0;0;0;0;0;0;0;1;0;0;0;0
"01/07/2014";"05:58:00";"17";"com vítima";"59";"BR-116/SC";"Sul";"Colisão Traseira";0;0;1;1;0;0;0;0;0;0;1;1;0;0;0
"01/07/2014";"07:38:00";"27";"sem vítima";"12";"BR-116/SC";"Sul";"Colisão Transversal";1;0;1;0;0;0;0;0;0;0;2;0;0;0;0
"01/07/2014";"11:04:00";"44";"sem vítima";"66";"BR-116/SC";"Sul";"Choque - Objeto sobre a pista";0;0;1;0;0;0;0;0;0;0;1;0;0;0;0
"01/07/2014";"06:29:00";"90";"com vítima";"270.925";"BR-116/SC";"Sul";"Saida de Pista";1;0;0;0;0;0;0;0;0;0;0;0;0;1;1
"02/07/2014";"06:59:00";"120";"com vítima";"49";"BR-116/SC";"Norte";"Queda de Moto";0;0;0;1;0;0;0;0;0;0;0;1;0;0;0
"02/07/2014";"09:23:00";"138";"sem vítima";"152";"BR-116/SC";"Sul";"Choque - Cancela de Pedagio";1;0;0;0;0;0;0;0;0;0;1;0;0;0;0
"02/07/2014";"10:40:00";"147";"sem vítima";"168.2";"BR-116/SC";"Sul";"Tombamento";0;0;1;0;0;0;0;0;0;0;1;0;0;0;0
"02/07/2014";"12:01:00";"155";"sem vítima";"59.8";"BR-116/SC";"Norte";"Colisão Transversal";0;0;2;0;0;0;0;0;0;0;2;0;0;0;0
"02/07/2014";"01:11:00";"159";"sem vítima";"205.5";"BR-116/SC";"Norte";"Colisão Lateral";1;0;0;0;0;0;0;0;0;1;2;0;0;0;0
"02/07/2014";"06:29:00";"203";"sem vítima";"129";"BR-116/PR";"Sul";"Colisão Traseira";0;0;0;1;0;1;0;0;0;0;2;0;0;0;0
"02/07/2014";"08:25:00";"209";"com vítima";"128.1";"BR-116/PR";"Sul";"Colisão Transversal";0;0;1;1;0;0;0;0;0;0;1;2;0;0;0
"02/07/2014";"09:17:00";"214";"sem vítima";"125.8";"BR-116/PR";"Sul";"Colisão Transversal";2;0;0;0;0;0;0;0;0;0;2;0;0;0;0
"02/07/2014";"10:41:00";"221";"sem vítima";"245.6";"BR-116/SC";"Norte";"Colisão Traseira";1;0;0;0;0;1;0;0;0;0;3;0;0;0;0
"03/07/2014";"01:15:00";"298";"sem vítima";"30";"BR-116/SC";"Norte";"Objeto lançado contra veículo";1;0;0;0;0;0;0;0;0;0;1;0;0;0;0
"03/07/2014";"09:28:00";"333";"sem vítima";"211.7";"BR-116/SC";"Norte";"Capotamento";1;0;0;0;0;0;0;0;0;0;1;0;0;0;0
"04/07/2014";"08:26:00";"362";"sem vítima";"115";"BR-116/PR";"Norte";"Engavetamento";3;0;0;0;0;0;0;0;0;0;3;0;0;0;0
"04/07/2014";"11:23:00";"384";"sem vítima";"121.1";"BR-116/PR";"Sul";"Colisão Traseira";2;0;0;0;0;0;0;0;0;0;6;0;0;0;0
"04/07/2014";"12:13:00";"388";"sem vítima";"122";"BR-116/PR";"Sul";"Colisão Lateral";1;0;1;0;0;0;0;0;0;0;2;0;0;0;0
"04/07/2014";"01:01:00";"392";"sem vítima";"118.5";"BR-116/PR";"Sul";"Saida de Pista";1;0;0;0;0;0;0;0;0;0;1;0;0;0;0
"04/07/2014";"03:29:00";"404";"com vítima";"128";"BR-116/PR";"Norte";"Colisão Transversal";1;0;0;0;0;0;0;0;0;1;1;2;0;1;0
"04/07/2014";"03:57:00";"409";"sem vítima";"226";"BR-116/SC";"Norte";"Outros";1;0;0;0;0;0;0;0;0;0;1;0;0;0;0
"04/07/2014";"08:19:00";"429";"sem vítima";"129";"BR-116/PR";"Norte";"Colisão Frontal";1;0;0;0;0;1;0;0;0;0;2;0;0;0;0
"04/07/2014";"08:41:00";"431";"com vítima";"60.8";"BR-116/SC";"Norte";"Colisão Lateral";1;0;1;0;0;0;0;0;0;0;1;1;0;0;0
"04/07/2014";"10:54:00";"438";"sem vítima";"125";"BR-116/PR";"Sul";"Choque - Objeto sobre a pista";1;0;0;0;0;0;0;0;0;0;1;0;0;0;0
"05/07/2014";"05:37:00";"501";"sem vítima";"167.1";"BR-116/SC";"Sul";"Colisão Lateral";2;0;0;0;0;0;0;0;0;0;4;0;0;0;0
"05/07/2014";"09:05:00";"520";"com vítima";"158.7";"BR-116/PR";"Norte";"Capotamento";1;0;0;0;0;0;0;0;0;0;0;1;0;0;0
"05/07/2014";"10:55:00";"527";"com vítima";"176.8";"BR-116/SC";"Norte";"Saida de Pista";0;0;0;0;0;0;0;0;0;1;0;1;0;0;0
"06/07/2014";"04:10:00";"540";"sem vítima";"144.3";"BR-116/PR";"Norte";"Saida de Pista";1;0;0;0;0;0;0;0;0;0;1;0;0;0;0
"06/07/2014";"09:38:00";"558";"com vítima";"91.4";"BR-116/SC";"Sul";"Colisão Lateral";1;0;1;0;0;0;0;0;0;0;4;1;0;0;0
"06/07/2014";"12:20:00";"571";"sem vítima";"128";"BR-116/PR";"Norte";"Colisão Traseira";1;0;1;0;0;0;0;0;0;0;3;0;0;0;0
"06/07/2014";"04:29:00";"592";"com vítima";"144.9";"BR-116/SC";"Norte";"Colisão Transversal";1;0;1;0;0;0;0;0;0;0;1;1;0;0;0
"06/07/2014";"11:37:00";"644";"sem vítima";"235";"BR-116/SC";"Norte";"Choque - Objeto sobre a pista";1;0;0;0;0;0;0;0;0;0;1;0;0;0;0
"07/07/2014";"08:38:00";"667";"sem vítima";"237";"BR-116/SC";"Sul";"Capotamento";1;0;0;0;0;0;0;0;0;0;1;0;0;0;0
"07/07/2014";"05:57:00";"733";"sem vítima";"145.6";"BR-116/PR";"Norte";"Colisão Transversal";2;0;0;0;0;0;0;0;0;0;3;0;0;0;0
"07/07/2014";"06:05:00";"734";"sem vítima";"133";"BR-116/PR";"Norte";"Saida de Pista";1;0;0;0;0;0;0;0;0;0;3;0;0;0;0
"07/07/2014";"07:15:00";"737";"sem vítima";"7";"BR-116/SC";"Norte";"Colisão Transversal";1;0;1;0;0;0;0;0;0;0;2;0;0;0;0
"07/07/2014";"07:56:00";"739";"sem vítima";"127.8";"BR-116/PR";"Sul";"Colisão Traseira";2;0;0;0;0;0;0;0;0;0;4;0;0;0;0
"08/07/2014";"12:20:00";"755";"sem vítima";"81";"BR-116/SC";"Norte";"Colisão Lateral";1;0;0;0;0;1;0;0;0;0;3;0;0;0;0
"08/07/2014";"06:48:00";"765";"sem vítima";"120";"BR-116/PR";"Norte";"Colisão Traseira";2;0;0;0;0;0;0;0;0;0;2;0;0;0;0
"08/07/2014";"08:49:00";"789";"com vítima";"146.2";"BR-116/PR";"Norte";"Saida de Pista";1;0;0;0;0;0;0;0;0;0;0;1;0;0;0
"08/07/2014";"09:04:00";"795";"com vítima";"286.24";"BR-116/SC";"Sul";"Saida de Pista";0;0;1;0;0;0;0;0;0;0;0;1;0;0;0
"08/07/2014";"07:00:00";"850";"com vítima";"124";"BR-116/PR";"Norte";"Choque - Defensa, barreira ou "submarino"";1;0;0;0;0;0;0;0;0;0;0;1;0;0;0
"08/07/2014";"09:15:00";"859";"com vítima";"215";"BR-116/SC";"Norte";"Saida de Pista";1;0;0;0;0;0;0;0;0;0;0;1;0;0;0
"08/07/2014";"09:29:00";"861";"sem vítima";"28.5";"BR-116/SC";"Sul";"Colisão Lateral";1;0;1;0;0;0;0;0;0;0;2;0;0;0;0
"09/07/2014";"09:13:00";"894";"sem vítima";"132";"BR-116/PR";"Sul";"Colisão Transversal";2;0;0;0;0;0;0;0;0;0;2;0;0;0;0
"09/07/2014";"01:04:00";"920";"com vítima";"221.3";"BR-116/SC";"Norte";"Colisão Transversal";3;0;1;0;0;0;0;0;1;0;4;2;0;0;0
"09/07/2014";"02:40:00";"924";"com vítima";"197.2";"BR-116/PR";"Norte";"Outros";0;0;1;0;0;0;0;0;0;0;0;1;0;0;0
"09/07/2014";"04:37:00";"940";"sem vítima";"233";"BR-116/SC";"Norte";"Colisão Traseira";0;0;2;0;0;0;0;0;0;0;2;0;0;0;0
"09/07/2014";"09:08:00";"969";"com vítima";"105.4";"BR-116/SC";"Norte";"Colisão Lateral";0;0;3;0;0;0;0;0;0;0;3;0;0;1;0
"10/07/2014";"02:52:00";"984";"sem vítima";"266";"BR-116/SC";"Norte";"Choque - Objeto sobre a pista";1;0;0;0;0;0;0;0;0;0;1;0;0;0;0
"10/07/2014";"05:37:00";"1072";"sem vítima";"142";"BR-116/PR";"Norte";"Choque - Objeto sobre a pista";1;0;0;0;0;0;0;0;0;0;1;0;0;0;0
"10/07/2014";"06:06:00";"1075";"sem vítima";"170.6";"BR-116/SC";"Sul";"Colisão Traseira";0;0;1;0;0;0;0;0;1;0;2;0;0;0;0
"11/07/2014";"06:52:00";"1103";"com vítima";"120.6";"BR-116/PR";"Norte";"Choque - Veiculo parado na pista";3;0;0;0;0;0;0;0;0;0;3;2;0;0;0
"11/07/2014";"09:56:00";"1130";"sem vítima";"141.5";"BR-116/SC";"Norte";"Colisão Lateral";1;0;1;0;0;0;0;0;0;0;2;0;0;0;0
"11/07/2014";"01:31:00";"1154";"sem vítima";"42";"BR-116/SC";"Norte";"Objeto lançado contra veículo";1;0;0;0;0;0;0;0;0;0;1;0;0;0;0
"11/07/2014";"06:22:00";"1191";"sem vítima";"9";"BR-116/SC";"Sul";"Colisão Lateral";1;0;1;0;0;0;0;0;0;0;6;0;0;0;0
"11/07/2014";"06:36:00";"1193";"com vítima";"135.2";"BR-116/PR";"Norte";"Colisão Lateral";1;0;0;1;0;0;0;0;0;0;3;1;0;0;0
"11/07/2014";"07:13:00";"1197";"sem vítima";"55.4";"BR-116/SC";"Sul";"Saida de Pista";1;0;0;0;0;0;0;0;0;0;1;0;0;0;0
"11/07/2014";"07:38:00";"1200";"sem vítima";"124";"BR-116/PR";"Sul";"Saida de Pista";1;0;0;0;0;0;0;0;0;0;1;0;0;0;0
"11/07/2014";"08:28:00";"1203";"sem vítima";"26";"BR-116/SC";"Norte";"Saida de Pista";1;0;0;0;0;0;0;0;0;0;1;0;0;0;0
"12/07/2014";"06:21:00";"1227";"com vítima";"37.6";"BR-116/SC";"Sul";"Colisão Lateral";2;0;0;0;0;1;0;0;0;0;1;1;0;2;4
"12/07/2014";"06:42:00";"1229";"sem vítima";"124";"BR-116/PR";"Sul";"Saida de Pista";1;0;0;0;0;0;0;0;0;0;1;0;0;0;0
"12/07/2014";"09:05:00";"1239";"sem vítima";"184";"BR-116/SC";"Sul";"Colisão Traseira";2;0;0;0;0;0;0;0;0;0;6;0;0;0;0
"12/07/2014";"09:48:00";"1242";"sem vítima";"297";"BR-116/SC";"Norte";"Colisão Lateral";0;0;1;0;0;1;0;0;0;0;2;0;0;0;0
"12/07/2014";"02:54:00";"1273";"com vítima";"166.5";"BR-116/SC";"Sul";"Colisão Transversal";1;0;1;0;0;0;0;0;0;0;1;0;0;1;0
"12/07/2014";"03:37:00";"1280";"sem vítima";"117.4";"BR-116/PR";"Norte";"Saida de Pista";0;0;0;0;0;0;0;0;0;1;2;0;0;0;0
"12/07/2014";"04:11:00";"1286";"com vítima";"112.7";"BR-116/SC";"Sul";"Saida de Pista";1;0;0;0;0;0;0;0;0;0;1;1;0;0;0
"12/07/2014";"05:36:00";"1290";"sem vítima";"236";"BR-116/SC";"Norte";"Saida de Pista";1;0;0;0;0;0;0;0;0;0;1;0;0;0;0
"13/07/2014";"02:11:00";"1310";"com vítima";"126.3";"BR-116/SC";"Norte";"Colisão Transversal";1;0;0;0;0;1;0;0;0;0;4;1;0;0;0
"13/07/2014";"11:08:00";"1340";"sem vítima";"257.3";"BR-116/SC";"Sul";"Saida de Pista";1;0;0;0;0;0;0;0;0;0;2;0;0;0;0
"13/07/2014";"08:53:00";"1384";"com vítima";"49.35";"BR-116/SC";"Sul";"Choque - Veiculo parado no acostamento";1;0;1;1;0;0;0;0;0;0;2;0;0;1;1
"13/07/2014";"10:35:00";"1389";"com vítima";"162.4";"BR-116/PR";"Norte";"Queda de Moto";0;0;0;1;0;0;0;0;0;0;0;1;0;0;0
"14/07/2014";"01:16:00";"1392";"sem vítima";"120.3";"BR-116/PR";"Sul";"Saida de Pista";1;0;0;0;0;0;0;0;0;0;1;0;0;0;0
"14/07/2014";"10:16:00";"1425";"sem vítima";"116.2";"BR-116/PR";"Sul";"Colisão Traseira";1;0;1;0;0;0;0;0;0;0;3;0;0;0;0
"14/07/2014";"11:01:00";"1434";"sem vítima";"12";"BR-116/SC";"Norte";"Colisão Transversal";2;0;0;0;0;0;0;0;0;0;6;0;0;0;0
"14/07/2014";"12:15:00";"1443";"com vítima";"220.5";"BR-116/SC";"Norte";"Colisão Transversal";1;0;1;0;0;0;0;0;0;0;1;1;0;0;0
"14/07/2014";"02:23:00";"1451";"sem vítima";"34.5";"BR-116/SC";"Sul";"Choque - Veiculo parado na pista";2;0;0;0;0;0;0;0;0;0;5;0;0;0;0
"14/07/2014";"11:20:00";"1507";"com vítima";"149";"BR-116/PR";"Norte";"Capotamento";1;0;0;0;0;0;0;0;0;0;0;2;0;0;0
"15/07/2014";"09:11:00";"1534";"sem vítima";"5";"BR-116/SC";"Sul";"Colisão Traseira";2;0;0;0;0;0;0;0;0;0;3;0;0;0;0
"17/07/2014";"02:27:00";"1719";"sem vítima";"53.7";"BR-116/SC";"Norte";"Choque - Outros";0;0;0;0;0;0;0;0;0;1;5;0;0;0;0