data;horario;n_da_ocorrencia;tipo_de_ocorrencia;km;trecho;sentido;tipo_de_acidente;automovel;bicicleta;caminhao;moto;onibus;outros;tracao_animal;transporte_de_cargas_especiais;trator_maquinas;utilitarios;ilesos;levemente_feridos;moderadamente_feridos;gravemente_feridos;mortos
"17/07/2014";"04:35:00";"1725";"sem vítima";"59.5";"BR-116/SC";"Sul";"Atropelamento de Animal";0;0;0;0;1;0;0;0;0;0;40;0;0;0;0
"17/07/2014";"08:09:00";"1739";"sem vítima";"204.05";"BR-116/PR";"Norte";"Choque - Objeto sobre a pista";0;0;1;0;0;0;0;0;0;0;1;0;0;0;0
"17/07/2014";"08:27:00";"1743";"sem vítima";"209.3";"BR-116/SC";"Norte";"Saida de Pista";0;0;1;0;0;0;0;0;0;0;1;0;0;0;0
"17/07/2014";"09:59:00";"1754";"sem vítima";"208";"BR-116/PR";"Norte";"Saida de Pista";0;0;1;0;0;0;0;0;0;0;1;0;0;0;0
"17/07/2014";"11:15:00";"1760";"sem vítima";"120.7";"BR-116/PR";"Sul";"Colisão Traseira";2;0;0;0;0;0;0;0;0;0;2;0;0;0;0
"17/07/2014";"11:57:00";"1762";"com vítima";"177.5";"BR-116/PR";"Sul";"Tombamento";0;0;1;0;0;0;0;0;0;0;0;0;0;1;0
"17/07/2014";"01:27:00";"1765";"sem vítima";"197.2";"BR-116/PR";"Sul";"Saida de Pista";0;0;0;0;0;0;0;0;0;1;6;0;0;0;0
"17/07/2014";"02:50:00";"1777";"sem vítima";"117.3";"BR-116/PR";"Norte";"Colisão Traseira";2;0;0;0;0;0;0;0;0;0;2;0;0;0;0
"17/07/2014";"06:20:00";"1797";"com vítima";"220.5";"BR-116/SC";"Sul";"Colisão Transversal";1;0;1;0;0;0;0;0;0;0;1;0;0;1;0
"17/07/2014";"08:10:00";"1810";"sem vítima";"134";"BR-116/PR";"Norte";"Choque - Outros";0;0;0;0;0;1;0;0;0;0;1;0;0;0;0
"17/07/2014";"08:33:00";"1813";"com vítima";"166.1";"BR-116/PR";"Sul";"Colisão Transversal";0;0;0;1;0;1;0;0;0;0;1;1;0;0;0
"18/07/2014";"04:09:00";"1825";"com vítima";"304.3";"BR-116/SC";"Sul";"Saida de Pista";1;0;0;0;0;0;0;0;0;0;0;4;0;0;0
"18/07/2014";"07:05:00";"1837";"com vítima";"197.4";"BR-116/SC";"Norte";"Saida de Pista";1;0;0;0;0;0;0;0;0;0;0;3;0;0;0
"18/07/2014";"11:25:00";"1871";"sem vítima";"47.95";"BR-116/SC";"Norte";"Colisão Transversal";0;0;2;0;0;0;0;0;1;0;3;0;0;0;0
"18/07/2014";"06:12:00";"1913";"com vítima";"59.9";"BR-116/SC";"Norte";"Colisão Transversal";1;0;1;0;0;0;0;0;0;0;1;2;0;0;0
"18/07/2014";"07:52:00";"1922";"com vítima";"172.8";"BR-116/SC";"Sul";"Colisão Frontal";1;0;1;0;0;0;0;0;0;0;1;0;0;1;1
"19/07/2014";"01:34:00";"1941";"com vítima";"266.3";"BR-116/SC";"Norte";"Atropelamento - Usuário";0;0;0;0;0;1;0;0;0;0;1;0;0;0;1
"19/07/2014";"04:42:00";"1945";"com vítima";"235.7";"BR-116/SC";"Sul";"Saida de Pista";1;0;0;0;0;0;0;0;0;0;0;2;0;0;0
"19/07/2014";"06:44:00";"1951";"com vítima";"125.6";"BR-116/PR";"Norte";"Choque - Veiculo parado na pista";3;0;1;0;0;0;0;0;0;0;4;1;0;0;0
"19/07/2014";"06:52:00";"1954";"com vítima";"134";"BR-116/PR";"Norte";"Queda de Moto";0;0;0;1;0;0;0;0;0;0;0;1;0;0;0
"19/07/2014";"12:25:00";"1982";"sem vítima";"183.2";"BR-116/SC";"Sul";"Saida de Pista";1;0;0;0;0;0;0;0;0;0;1;0;0;0;0
"19/07/2014";"12:55:00";"1985";"com vítima";"145";"BR-116/PR";"Norte";"Atropelamento - Outros";0;0;1;0;0;0;0;0;0;0;0;1;0;0;0
"19/07/2014";"03:18:00";"1998";"sem vítima";"139.5";"BR-116/PR";"Sul";"Colisão Traseira";1;0;0;1;0;0;0;0;0;0;2;0;0;0;0
"19/07/2014";"05:02:00";"2007";"sem vítima";"126";"BR-116/PR";"Norte";"Colisão Transversal";2;0;0;0;0;0;0;0;0;0;8;0;0;0;0
"19/07/2014";"06:57:00";"2017";"sem vítima";"152";"BR-116/SC";"Sul";"Choque - Veiculo parado na pista";0;0;2;0;0;0;0;0;0;0;2;0;0;0;0
"19/07/2014";"07:05:00";"2019";"sem vítima";"200.6";"BR-116/PR";"Norte";"Saida de Pista";1;0;0;0;0;0;0;0;0;0;2;0;0;0;0
"19/07/2014";"07:08:00";"2020";"sem vítima";"119.2";"BR-116/PR";"Sul";"Choque - Defensa, barreira ou "submarino"";1;0;0;0;0;1;0;0;0;0;2;0;0;0;0
"19/07/2014";"08:13:00";"2026";"com vítima";"124.9";"BR-116/PR";"Sul";"Choque - Defensa, barreira ou "submarino"";1;0;0;0;0;0;0;0;0;0;0;2;0;0;0
"19/07/2014";"08:28:00";"2028";"com vítima";"121";"BR-116/PR";"Norte";"Saida de Pista";1;0;0;0;0;0;0;0;0;0;0;1;0;0;0
"20/07/2014";"07:49:00";"2058";"com vítima";"6.9";"BR-116/SC";"Norte";"Colisão Transversal";1;0;1;0;0;0;0;0;0;0;1;0;0;0;2
"20/07/2014";"08:21:00";"2060";"sem vítima";"120.9";"BR-116/PR";"Sul";"Colisão Traseira";2;0;0;0;0;0;0;0;0;0;2;0;0;0;0
"20/07/2014";"09:29:00";"2064";"sem vítima";"119.4";"BR-116/PR";"Sul";"Choque - Veiculo parado na pista";2;0;0;0;0;0;0;0;0;0;5;0;0;0;0
"20/07/2014";"10:33:00";"2072";"com vítima";"162.6";"BR-116/PR";"Sul";"Colisão Lateral";2;0;0;0;0;0;0;0;0;0;3;3;0;0;0
"20/07/2014";"10:37:00";"2073";"com vítima";"210.7";"BR-116/PR";"Sul";"Colisão Transversal";1;0;0;1;0;0;0;0;0;0;1;0;0;1;0
"20/07/2014";"11:12:00";"2076";"sem vítima";"142";"BR-116/SC";"Norte";"Colisão Lateral";1;0;0;0;0;0;0;0;0;1;2;0;0;0;0
"20/07/2014";"03:08:00";"2097";"sem vítima";"193.3";"BR-116/PR";"Sul";"Colisão Traseira";0;0;1;0;0;0;0;0;0;1;6;0;0;0;0
"20/07/2014";"03:27:00";"2102";"com vítima";"142";"BR-116/PR";"Norte";"Atropelamento - Usuário";1;0;0;0;0;0;0;0;0;0;3;0;0;1;0
"20/07/2014";"04:43:00";"2114";"sem vítima";"119.95";"BR-116/PR";"Norte";"Colisão Traseira";1;0;0;0;0;0;0;0;0;1;4;0;0;0;0
"20/07/2014";"06:05:00";"2123";"sem vítima";"150.5";"BR-116/PR";"Norte";"Colisão Transversal";2;0;0;0;0;0;0;0;0;0;2;0;0;0;0
"20/07/2014";"06:31:00";"2125";"sem vítima";"147";"BR-116/SC";"Sul";"Colisão Lateral";0;0;2;0;0;0;0;0;0;0;2;0;0;0;0
"20/07/2014";"06:44:00";"2127";"sem vítima";"132";"BR-116/PR";"Sul";"Colisão Traseira";2;0;0;0;0;0;0;0;0;0;3;0;0;0;0
"20/07/2014";"07:01:00";"2131";"sem vítima";"76";"BR-116/SC";"Norte";"Atropelamento de Animal";1;0;0;0;0;0;0;0;0;0;1;0;0;0;0
"20/07/2014";"07:23:00";"2134";"sem vítima";"152.5";"BR-116/PR";"Norte";"Engavetamento";3;0;0;0;0;1;0;0;0;0;4;0;0;0;0
"20/07/2014";"07:48:00";"2139";"com vítima";"154.4";"BR-116/PR";"Sul";"Atropelamento - Usuário";0;0;0;0;0;0;0;0;0;1;1;0;0;0;1
"20/07/2014";"08:08:00";"2144";"com vítima";"171.7";"BR-116/PR";"Sul";"Queda de Moto";0;0;0;1;0;0;0;0;0;0;0;1;0;0;0
"20/07/2014";"08:51:00";"2150";"sem vítima";"233";"BR-116/SC";"Norte";"Choque - Cancela de Pedagio";1;0;0;0;0;0;0;0;0;0;2;0;0;0;0
"20/07/2014";"09:07:00";"2151";"sem vítima";"183.2";"BR-116/SC";"Sul";"Saida de Pista";1;0;0;0;0;0;0;0;0;0;3;0;0;0;0
"20/07/2014";"10:01:00";"2158";"sem vítima";"246.3";"BR-116/SC";"Sul";"Colisão Lateral";2;0;0;0;0;0;0;0;0;0;2;0;0;0;0
"20/07/2014";"11:22:00";"2163";"com vítima";"189.8";"BR-116/SC";"Sul";"Capotamento";1;0;0;0;0;0;0;0;0;0;1;1;0;0;0
"21/07/2014";"08:12:00";"2179";"sem vítima";"166.1";"BR-116/SC";"Norte";"Colisão Traseira";1;0;0;0;0;1;0;0;0;1;3;0;0;0;0
"21/07/2014";"08:30:00";"2180";"com vítima";"166";"BR-116/PR";"Norte";"Colisão Transversal";1;0;0;1;0;0;0;0;0;0;1;2;0;0;0
"21/07/2014";"01:10:00";"2205";"sem vítima";"127";"BR-116/PR";"Norte";"Objeto lançado contra veículo";1;0;0;0;0;0;0;0;0;0;1;0;0;0;0
"21/07/2014";"04:22:00";"2234";"sem vítima";"118";"BR-116/PR";"Sul";"Colisão Traseira";1;0;1;0;0;0;0;0;0;0;2;0;0;0;0
"21/07/2014";"08:28:00";"2260";"sem vítima";"152";"BR-116/SC";"Sul";"Objeto lançado contra veículo";1;0;0;0;0;0;0;0;0;0;1;0;0;0;0
"22/07/2014";"12:26:00";"2273";"sem vítima";"219";"BR-116/SC";"Sul";"Colisão Lateral";1;0;1;0;0;0;0;0;0;0;2;0;0;0;0
"22/07/2014";"09:48:00";"2394";"sem vítima";"139";"BR-116/PR";"Sul";"Choque - Veiculo parado na pista";1;0;1;0;0;1;0;0;0;0;4;0;0;0;0
"23/07/2014";"06:16:00";"2410";"com vítima";"145.1";"BR-116/PR";"Norte";"Colisão Frontal";2;0;0;0;0;0;0;0;0;0;1;1;0;0;0
"23/07/2014";"06:34:00";"2411";"sem vítima";"146.5";"BR-116/PR";"Norte";"Saida de Pista";0;0;1;0;0;0;0;0;0;0;1;0;0;0;0
"23/07/2014";"08:28:00";"2418";"sem vítima";"105.1";"BR-116/SC";"Sul";"Saida de Pista";0;0;1;0;0;0;0;0;0;0;1;0;0;0;0
"23/07/2014";"03:16:00";"2462";"sem vítima";"117";"BR-116/PR";"Norte";"Colisão Lateral";1;0;1;0;0;0;0;0;0;0;2;0;0;0;0
"23/07/2014";"04:05:00";"2471";"sem vítima";"117";"BR-116/PR";"Norte";"Colisão Lateral";1;0;1;0;0;0;0;0;0;0;2;0;0;0;0
"23/07/2014";"07:41:00";"2490";"com vítima";"63";"BR-116/SC";"Norte";"Colisão Traseira";1;0;0;0;0;0;0;0;0;1;1;1;0;0;0
"23/07/2014";"08:46:00";"2492";"sem vítima";"245";"BR-116/SC";"Norte";"Choque - Objeto sobre a pista";0;0;1;0;0;0;0;0;0;0;1;0;0;0;0
"23/07/2014";"10:48:00";"2500";"sem vítima";"242";"BR-116/SC";"Sul";"Saida de Pista";1;0;0;0;0;0;0;0;0;0;1;0;0;0;0
"24/07/2014";"12:36:00";"2505";"sem vítima";"127";"BR-116/PR";"Norte";"Saida de Pista";1;0;0;0;0;0;0;0;0;0;1;0;0;0;0
"24/07/2014";"07:13:00";"2515";"sem vítima";"160";"BR-116/PR";"Sul";"Colisão Traseira";1;0;1;0;0;0;0;0;0;0;3;0;0;0;0
"24/07/2014";"09:02:00";"2529";"sem vítima";"59";"BR-116/SC";"Norte";"Colisão Transversal";1;0;1;0;0;0;0;0;0;0;2;0;0;0;0
"24/07/2014";"10:17:00";"2535";"sem vítima";"193";"BR-116/SC";"Norte";"Tombamento";0;0;1;0;0;0;0;0;0;0;1;0;0;0;0
"24/07/2014";"04:29:00";"2581";"sem vítima";"81.6";"BR-116/SC";"Sul";"Choque - Objeto não identificado";0;0;1;0;0;0;0;0;0;0;1;0;0;0;0
"24/07/2014";"05:46:00";"2591";"com vítima";"122";"BR-116/PR";"Sul";"Saida de Pista";1;0;0;0;0;0;0;0;0;0;0;1;0;0;0
"24/07/2014";"06:12:00";"2594";"sem vítima";"140";"BR-116/PR";"Norte";"Saida de Pista";1;0;0;0;0;0;0;0;0;0;1;0;0;0;0
"24/07/2014";"06:44:00";"2595";"com vítima";"296.7";"BR-116/SC";"Norte";"Saida de Pista";1;0;0;0;0;0;0;0;0;0;0;3;0;0;0
"25/07/2014";"03:21:00";"2612";"com vítima";"125.1";"BR-116/PR";"Norte";"Capotamento";1;0;0;0;0;0;0;0;0;0;0;1;0;0;0
"25/07/2014";"05:13:00";"2613";"sem vítima";"122.7";"BR-116/PR";"Norte";"Colisão Lateral";1;0;0;0;0;1;0;0;0;0;3;0;0;0;0
"25/07/2014";"09:46:00";"2641";"sem vítima";"16";"BR-116/SC";"Norte";"Colisão Lateral";0;0;1;0;0;0;0;0;0;1;2;0;0;0;0
"25/07/2014";"09:50:00";"2642";"sem vítima";"119";"BR-116/PR";"Norte";"Colisão Transversal";1;0;1;0;0;0;0;0;0;0;2;0;0;0;0
"25/07/2014";"12:19:00";"2651";"sem vítima";"245";"BR-116/SC";"Norte";"Colisão Transversal";1;0;1;0;0;0;0;0;0;0;2;0;0;0;0
"25/07/2014";"04:08:00";"2669";"sem vítima";"247.9";"BR-116/SC";"Norte";"Objeto lançado contra veículo";1;0;1;0;0;0;0;0;0;0;4;0;0;0;0
"25/07/2014";"04:24:00";"2673";"sem vítima";"247.8";"BR-116/SC";"Norte";"Colisão Transversal";2;0;0;0;0;0;0;0;0;0;3;0;0;0;0
"25/07/2014";"09:39:00";"2690";"com vítima";"15";"BR-116/SC";"Norte";"Colisão Lateral";1;0;0;0;0;0;0;0;0;1;0;6;0;0;0
"25/07/2014";"11:33:00";"2692";"sem vítima";"141";"BR-116/PR";"Norte";"Colisão Lateral";1;0;1;0;0;0;0;0;0;0;4;0;0;0;0
"26/07/2014";"07:57:00";"2709";"com vítima";"165";"BR-116/SC";"Norte";"Tombamento";0;0;1;0;0;0;0;0;0;0;0;1;0;0;0
"26/07/2014";"10:04:00";"2725";"sem vítima";"130.8";"BR-116/PR";"Norte";"Choque - Objeto sobre a pista";1;0;0;0;0;0;0;0;0;0;1;0;0;0;0
"26/07/2014";"11:54:00";"2733";"sem vítima";"5.5";"BR-116/SC";"Sul";"Colisão Traseira";1;0;1;0;0;0;0;0;0;0;6;0;0;0;0
"26/07/2014";"02:32:00";"2746";"sem vítima";"119.4";"BR-116/PR";"Sul";"Colisão Traseira";2;0;0;0;0;0;0;0;0;0;5;0;0;0;0
"26/07/2014";"07:04:00";"2775";"com vítima";"62.7";"BR-116/SC";"Sul";"Colisão Frontal";2;0;0;0;0;0;0;0;0;0;0;5;0;0;0
"26/07/2014";"07:07:00";"2776";"sem vítima";"165.7";"BR-116/PR";"Sul";"Colisão Traseira";2;0;0;0;0;0;0;0;0;0;6;0;0;0;0
"27/07/2014";"01:05:00";"2799";"sem vítima";"134";"BR-116/PR";"Norte";"Colisão Traseira";2;0;0;0;0;0;0;0;0;0;3;0;0;0;0
"27/07/2014";"06:24:00";"2810";"sem vítima";"88.3";"BR-116/SC";"Sul";"Objeto lançado contra veículo";1;0;0;0;0;0;0;0;0;0;1;0;0;0;0
"27/07/2014";"10:26:00";"2823";"sem vítima";"119";"BR-116/PR";"Sul";"Colisão Traseira";0;0;2;0;0;0;0;0;0;0;2;0;0;0;0
"27/07/2014";"10:55:00";"2826";"com vítima";"152";"BR-116/PR";"Sul";"Objeto lançado contra veículo";0;0;0;1;0;0;0;0;0;0;0;1;0;0;0
"27/07/2014";"04:50:00";"2853";"sem vítima";"134";"BR-116/PR";"Norte";"Choque - Defensa, barreira ou "submarino"";0;0;1;0;0;0;0;0;0;0;1;0;0;0;0
"27/07/2014";"06:42:00";"2868";"sem vítima";"99";"BR-116/SC";"Sul";"Outros";1;0;0;0;0;0;0;0;0;0;2;0;0;0;0
"27/07/2014";"07:24:00";"2871";"com vítima";"178.1";"BR-116/PR";"Norte";"Atropelamento - Andarilho";0;0;0;0;0;1;0;0;0;0;1;1;0;0;0
"27/07/2014";"08:06:00";"2878";"sem vítima";"88.3";"BR-116/SC";"Sul";"Outros";1;0;0;0;0;0;0;0;0;0;4;0;0;0;0
"27/07/2014";"08:52:00";"2880";"sem vítima";"214.1";"BR-116/SC";"Sul";"Saida de Pista";1;0;0;0;0;0;0;0;0;0;1;0;0;0;0
"28/07/2014";"03:24:00";"2902";"sem vítima";"127.8";"BR-116/PR";"Sul";"Saida de Pista";1;0;0;0;0;0;0;0;0;0;1;0;0;0;0
"28/07/2014";"08:20:00";"2916";"sem vítima";"48";"BR-116/SC";"Sul";"Colisão Lateral";2;0;0;0;0;0;0;0;0;0;2;0;0;0;0
"28/07/2014";"09:59:00";"2929";"com vítima";"53.9";"BR-116/SC";"Sul";"Colisão Lateral";1;0;1;0;0;0;0;0;0;0;1;0;0;1;0
"28/07/2014";"07:01:00";"2981";"com vítima";"141.3";"BR-116/SC";"Sul";"Colisão Transversal";1;0;0;1;0;0;0;0;0;0;1;1;0;0;0
"29/07/2014";"12:12:00";"3050";"sem vítima";"143.52";"BR-116/PR";"Norte";"Colisão Traseira";2;0;0;0;0;0;0;0;0;0;5;0;0;0;0
"29/07/2014";"05:42:00";"3092";"sem vítima";"134";"BR-116/PR";"Sul";"Choque - Cancela de Pedagio";0;0;1;0;0;0;0;0;0;0;1;0;0;0;0
"29/07/2014";"06:14:00";"3096";"sem vítima";"233";"BR-116/SC";"Sul";"Colisão Lateral";1;0;1;0;0;0;0;0;0;0;2;0;0;0;0
"30/07/2014";"08:22:00";"3141";"sem vítima";"125.7";"BR-116/PR";"Norte";"Colisão Traseira";2;0;0;0;0;1;0;0;0;0;4;0;0;0;0
"30/07/2014";"12:44:00";"3170";"com vítima";"115";"BR-116/PR";"Sul";"Engavetamento";3;0;0;0;0;0;0;0;0;0;3;1;0;0;0
"30/07/2014";"03:06:00";"3190";"sem vítima";"119";"BR-116/PR";"Norte";"Choque - Veiculo parado na pista";0;0;2;0;0;0;0;0;0;0;5;0;0;0;0
"30/07/2014";"07:08:00";"3221";"sem vítima";"171.2";"BR-116/SC";"Norte";"Choque - Veiculo parado na pista";0;0;1;0;0;0;0;0;0;1;2;0;0;0;0
"30/07/2014";"08:10:00";"3227";"com vítima";"90.1";"BR-116/SC";"Norte";"Atropelamento de Animal";0;0;0;1;0;0;0;0;0;0;0;1;0;0;0
"30/07/2014";"08:31:00";"3230";"com vítima";"119.4";"BR-116/PR";"Sul";"Colisão Transversal";1;0;0;1;0;0;0;0;0;0;1;1;0;0;0
"31/07/2014";"05:53:00";"3249";"com vítima";"117";"BR-116/PR";"Norte";"Choque - Defensa, barreira ou "submarino"";1;0;0;0;0;0;0;0;0;0;0;1;0;0;0
"31/07/2014";"10:15:00";"3273";"sem vítima";"124.7";"BR-116/SC";"Norte";"Objeto lançado contra veículo";0;0;1;0;0;0;0;0;0;0;1;0;0;0;0
"31/07/2014";"10:16:00";"3274";"sem vítima";"124.7";"BR-116/SC";"Norte";"Objeto lançado contra veículo";0;0;1;0;0;0;0;0;0;0;1;0;0;0;0
"31/07/2014";"10:23:00";"3277";"sem vítima";"124.7";"BR-116/SC";"Norte";"Objeto lançado contra veículo";0;0;1;0;0;0;0;0;0;0;1;0;0;0;0
"31/07/2014";"10:54:00";"3279";"com vítima";"218";"BR-116/SC";"Sul";"Colisão Transversal";2;0;0;0;0;0;0;0;0;0;1;1;0;0;0
"31/07/2014";"05:36:00";"3325";"sem vítima";"71.8";"BR-116/SC";"Sul";"Objeto lançado contra veículo";0;0;1;0;0;0;0;0;0;0;1;0;0;0;0
"31/07/2014";"05:47:00";"3328";"sem vítima";"71.8";"BR-116/SC";"Sul";"Objeto lançado contra veículo";0;0;1;0;0;0;0;0;0;0;1;0;0;0;0
"31/07/2014";"06:58:00";"3339";"sem vítima";"174.7";"BR-116/SC";"Sul";"Colisão Lateral";0;0;1;0;0;0;0;0;0;1;3;0;0;0;0
"31/07/2014";"10:40:00";"3355";"sem vítima";"203";"BR-116/PR";"Sul";"Colisão Traseira";2;0;0;0;0;0;0;0;0;0;2;0;0;0;0
"01/08/2014";"06:51:00";"10";"sem vítima";"41.5";"BR-116/SC";"Sul";"Saida de Pista";1;0;0;0;0;0;0;0;0;0;1;0;0;0;0
"01/08/2014";"07:53:00";"15";"sem vítima";"115.5";"BR-116/PR";"Norte";"Colisão Transversal";2;0;0;0;0;0;0;0;0;0;2;0;0;0;0
"01/08/2014";"12:36:00";"45";"com vítima";"117.4";"BR-116/PR";"Sul";"Colisão Lateral";1;0;0;1;0;0;0;0;0;0;2;1;0;0;0
"01/08/2014";"05:12:00";"71";"sem vítima";"180";"BR-116/SC";"Norte";"Colisão Transversal";1;0;1;0;0;0;0;0;0;0;2;0;0;0;0
"01/08/2014";"06:49:00";"80";"sem vítima";"115";"BR-116/PR";"Norte";"Colisão Traseira";3;0;0;0;0;0;0;0;0;0;3;0;0;0;0
"01/08/2014";"07:28:00";"86";"sem vítima";"116";"BR-116/PR";"Norte";"Colisão Traseira";2;0;0;1;0;0;0;0;0;0;6;0;0;0;0
"01/08/2014";"09:37:00";"98";"com vítima";"129.7";"BR-116/PR";"Norte";"Colisão Lateral";2;0;0;0;0;0;0;0;0;0;2;1;0;0;0
"01/08/2014";"10:52:00";"104";"sem vítima";"125.3";"BR-116/PR";"Sul";"Colisão Lateral";1;0;0;0;0;1;0;0;0;0;4;0;0;0;0
"02/08/2014";"08:18:00";"130";"sem vítima";"305";"BR-116/SC";"Norte";"Colisão Traseira";1;0;0;0;0;0;0;0;0;1;7;0;0;0;0
"02/08/2014";"08:56:00";"134";"sem vítima";"108.3";"BR-116/SC";"Sul";"Choque - Veiculo parado no acostamento";0;0;0;0;0;0;0;0;0;2;2;0;0;0;0
"02/08/2014";"09:10:00";"136";"sem vítima";"128.5";"BR-116/PR";"Norte";"Engavetamento";4;0;0;0;0;0;0;0;0;0;5;0;0;0;0
"02/08/2014";"09:19:00";"138";"com vítima";"9.6";"BR-116/SC";"Norte";"Colisão Transversal";1;0;0;0;0;0;0;0;0;1;2;1;0;0;0
"02/08/2014";"02:13:00";"160";"sem vítima";"4.5";"BR-116/SC";"Norte";"Saida de Pista";1;0;0;0;0;0;0;0;0;0;3;0;0;0;0
"02/08/2014";"03:18:00";"166";"sem vítima";"233.16";"BR-116/SC";"Sul";"Choque - Cancela de Pedagio";0;0;0;0;0;1;0;0;0;0;1;0;0;0;0
"02/08/2014";"07:48:00";"196";"sem vítima";"119";"BR-116/PR";"Norte";"Colisão Frontal";2;0;0;0;0;0;0;0;0;0;6;0;0;0;0
"02/08/2014";"10:29:00";"201";"com vítima";"30.4";"BR-116/SC";"Sul";"Colisão Transversal";2;0;0;0;0;0;0;0;0;0;4;1;0;0;0
"03/08/2014";"04:55:00";"218";"sem vítima";"65";"BR-116/SC";"Sul";"Saida de Pista";1;0;0;0;0;0;0;0;0;0;1;0;0;0;0
"03/08/2014";"10:53:00";"245";"sem vítima";"134";"BR-116/PR";"Sul";"Colisão Traseira";2;0;0;0;0;0;0;0;0;0;3;0;0;0;0
"03/08/2014";"01:19:00";"258";"sem vítima";"204";"BR-116/PR";"Norte";"Choque - Cancela de Pedagio";1;0;0;0;0;0;0;0;0;0;1;0;0;0;0
"03/08/2014";"05:58:00";"289";"sem vítima";"140.8";"BR-116/PR";"Norte";"Colisão Traseira";2;0;0;0;0;0;0;0;0;0;5;0;0;0;0
"03/08/2014";"06:54:00";"294";"sem vítima";"141.3";"BR-116/PR";"Norte";"Colisão Traseira";2;0;0;0;0;0;0;0;0;0;8;0;0;0;0
"03/08/2014";"07:11:00";"296";"sem vítima";"4.5";"BR-116/SC";"Norte";"Colisão Transversal";1;0;0;0;0;0;0;0;0;1;4;0;0;0;0
"03/08/2014";"08:10:00";"305";"com vítima";"130.1";"BR-116/PR";"Norte";"Colisão Transversal";3;0;0;0;0;0;0;0;0;0;5;1;0;0;0
"03/08/2014";"09:12:00";"312";"sem vítima";"138.8";"BR-116/PR";"Sul";"Colisão Lateral";2;0;0;0;0;0;0;0;0;0;5;0;0;0;0
"03/08/2014";"11:36:00";"318";"sem vítima";"149";"BR-116/SC";"Sul";"Choque - Outros";1;0;0;0;0;0;0;0;0;0;5;0;0;0;0
"04/08/2014";"01:33:00";"358";"sem vítima";"119";"BR-116/PR";"Sul";"Choque - Defensa, barreira ou "submarino"";1;0;0;0;0;0;0;0;0;0;2;0;0;0;0
"04/08/2014";"05:16:00";"378";"com vítima";"142.1";"BR-116/PR";"Sul";"Colisão Transversal";1;0;0;1;0;0;0;0;0;0;2;1;0;0;0
"04/08/2014";"06:40:00";"391";"com vítima";"116.9";"BR-116/PR";"Sul";"Colisão Traseira";1;0;0;1;0;0;0;0;0;0;1;1;0;0;0
"04/08/2014";"06:52:00";"392";"com vítima";"9";"BR-116/SC";"Sul";"Colisão Traseira";0;0;0;1;0;1;0;0;0;0;1;0;0;1;0
"04/08/2014";"10:38:00";"406";"sem vítima";"84";"BR-116/SC";"Sul";"Colisão Lateral";1;0;1;0;0;0;0;0;0;0;3;0;0;0;0
"05/08/2014";"01:43:00";"460";"sem vítima";"167.2";"BR-116/SC";"Norte";"Colisão Lateral";1;0;1;0;0;0;0;0;0;0;2;0;0;0;0
"05/08/2014";"03:11:00";"470";"sem vítima";"140.8";"BR-116/SC";"Sul";"Colisão Traseira";1;0;1;0;0;0;0;0;0;0;2;0;0;0;0
"05/08/2014";"06:07:00";"494";"com vítima";"166";"BR-116/PR";"Sul";"Colisão Transversal";1;0;0;0;0;0;0;0;0;1;2;1;0;0;0
"05/08/2014";"09:25:00";"516";"sem vítima";"157";"BR-116/PR";"Norte";"Choque - Objeto sobre a pista";0;0;1;0;0;1;0;0;0;0;2;0;0;0;0
"05/08/2014";"09:25:00";"515";"sem vítima";"126";"BR-116/PR";"Sul";"Choque - Veiculo parado na pista";2;0;0;0;0;0;0;0;0;0;3;0;0;0;0
"06/08/2014";"06:08:00";"536";"sem vítima";"180.5";"BR-116/SC";"Sul";"Atropelamento de Animal";0;0;1;0;0;0;0;0;0;0;1;0;0;0;0
"06/08/2014";"07:55:00";"539";"sem vítima";"119.4";"BR-116/PR";"Norte";"Colisão Lateral";1;0;1;0;0;0;0;0;0;0;2;0;0;0;0
"06/08/2014";"01:20:00";"570";"sem vítima";"166";"BR-116/PR";"Sul";"Colisão Lateral";1;0;0;0;0;1;0;0;0;0;4;0;0;0;0
"06/08/2014";"07:03:00";"606";"sem vítima";"209";"BR-116/PR";"Sul";"Colisão Transversal";0;0;1;0;0;1;0;0;0;0;2;0;0;0;0
"06/08/2014";"11:06:00";"623";"sem vítima";"5.4";"BR-116/SC";"Norte";"Choque - Objeto sobre a pista";1;0;0;0;0;0;0;0;0;0;1;0;0;0;0
"07/08/2014";"01:13:00";"669";"sem vítima";"204";"BR-116/SC";"Norte";"Choque - Cancela de Pedagio";1;0;0;0;0;0;0;0;0;0;1;0;0;0;0
"07/08/2014";"02:14:00";"674";"sem vítima";"173.1";"BR-116/PR";"Sul";"Saida de Pista";0;0;1;0;0;0;0;0;0;0;1;0;0;0;0
"07/08/2014";"05:37:00";"701";"com vítima";"280.3";"BR-116/SC";"Norte";"Saida de Pista";1;0;0;0;0;0;0;0;0;0;0;1;0;0;0
"07/08/2014";"06:35:00";"708";"com vítima";"118.5";"BR-116/PR";"Sul";"Queda de Moto";0;0;0;1;0;0;0;0;0;0;0;1;0;0;0