data;horario;n_da_ocorrencia;tipo_de_ocorrencia;km;trecho;sentido;tipo_de_acidente;automovel;bicicleta;caminhao;moto;onibus;outros;tracao_animal;transporte_de_cargas_especiais;trator_maquinas;utilitarios;ilesos;levemente_feridos;moderadamente_feridos;gravemente_feridos;mortos
"07/08/2014";"10:31:00";"729";"com vítima";"119";"BR-116/PR";"Sul";"Colisão Traseira";6;0;0;0;0;0;0;0;0;0;5;2;0;0;0
"08/08/2014";"03:59:00";"742";"sem vítima";"47.5";"BR-116/SC";"Sul";"Saida de Pista";0;0;1;0;0;0;0;0;0;0;1;0;0;0;0
"08/08/2014";"06:32:00";"746";"sem vítima";"233.4";"BR-116/SC";"Norte";"Colisão Lateral";1;0;0;0;0;0;0;0;0;0;1;0;0;0;0
"08/08/2014";"07:11:00";"749";"sem vítima";"119.4";"BR-116/PR";"Norte";"Colisão Lateral";1;0;1;0;0;0;0;0;0;0;2;0;0;0;0
"08/08/2014";"08:33:00";"756";"com vítima";"118";"BR-116/PR";"Norte";"Queda de Moto";0;0;0;1;0;0;0;0;0;0;0;1;0;0;0
"08/08/2014";"10:02:00";"765";"com vítima";"180.82";"BR-116/SC";"Norte";"Tombamento";0;0;1;0;0;0;0;0;0;0;0;0;0;1;0
"08/08/2014";"11:58:00";"779";"sem vítima";"212.6";"BR-116/SC";"Norte";"Saida de Pista";1;0;0;0;0;0;0;0;0;0;2;0;0;0;0
"08/08/2014";"07:39:00";"818";"sem vítima";"245.8";"BR-116/SC";"Sul";"Colisão Lateral";2;0;0;0;0;0;0;0;0;0;2;0;0;0;0
"08/08/2014";"11:22:00";"831";"sem vítima";"126";"BR-116/PR";"Norte";"Colisão Traseira";2;0;0;0;0;0;0;0;0;0;2;0;0;0;0
"09/08/2014";"08:38:00";"847";"sem vítima";"37.5";"BR-116/SC";"Sul";"Atropelamento de Animal";1;0;0;0;0;0;0;0;0;0;2;0;0;0;0
"09/08/2014";"02:09:00";"877";"sem vítima";"204";"BR-116/PR";"Sul";"Choque - Outros";0;0;1;0;0;0;0;0;0;0;1;0;0;0;0
"09/08/2014";"05:39:00";"893";"com vítima";"121";"BR-116/PR";"Norte";"Colisão Transversal";1;0;0;1;0;0;0;0;0;0;1;2;0;0;0
"09/08/2014";"06:58:00";"903";"sem vítima";"119";"BR-116/PR";"Norte";"Colisão Traseira";1;0;0;0;0;0;0;0;0;1;3;0;0;0;0
"09/08/2014";"08:28:00";"905";"sem vítima";"123.5";"BR-116/PR";"Sul";"Capotamento";1;0;0;0;0;0;0;0;0;0;2;0;0;0;0
"10/08/2014";"12:47:00";"920";"sem vítima";"125.8";"BR-116/PR";"Sul";"Saida de Pista";1;0;0;0;0;0;0;0;0;0;1;0;0;0;0
"10/08/2014";"01:12:00";"921";"com vítima";"125";"BR-116/PR";"Norte";"Colisão Transversal";2;0;0;0;0;0;0;0;0;0;2;1;0;0;0
"10/08/2014";"01:19:00";"922";"sem vítima";"63.9";"BR-116/SC";"Sul";"Saida de Pista";1;0;0;0;0;0;0;0;0;0;1;0;0;0;0
"10/08/2014";"03:10:00";"930";"com vítima";"157.465";"BR-116/PR";"Sul";"Colisão Lateral";1;0;0;0;0;0;0;0;0;1;3;1;0;0;1
"10/08/2014";"02:53:00";"951";"com vítima";"245.8";"BR-116/SC";"Sul";"Tombamento";0;0;1;0;0;0;0;0;0;0;0;1;0;0;0
"10/08/2014";"05:05:00";"963";"sem vítima";"203.3";"BR-116/PR";"Norte";"Colisão Traseira";2;0;0;0;0;0;0;0;0;0;6;0;0;0;0
"10/08/2014";"07:52:00";"981";"com vítima";"159.9";"BR-116/PR";"Norte";"Saida de Pista";1;0;0;0;0;0;0;0;0;0;3;1;0;0;0
"10/08/2014";"10:59:00";"996";"sem vítima";"119";"BR-116/SC";"Norte";"Colisão Traseira";1;0;0;0;0;1;0;0;0;0;2;0;0;0;0
"11/08/2014";"02:57:00";"1038";"sem vítima";"209";"BR-116/PR";"Sul";"Objeto lançado contra veículo";1;0;0;0;0;0;0;0;0;0;1;0;0;0;0
"11/08/2014";"04:13:00";"1048";"sem vítima";"129";"BR-116/PR";"Norte";"Colisão Traseira";0;0;2;0;0;0;0;0;0;0;2;0;0;0;0
"11/08/2014";"06:59:00";"1065";"sem vítima";"132";"BR-116/PR";"Norte";"Saida de Pista";1;0;0;0;0;0;0;0;0;0;3;0;0;0;0
"11/08/2014";"07:49:00";"1069";"sem vítima";"124.2";"BR-116/SC";"Norte";"Colisão Lateral";0;0;1;0;0;1;0;0;0;0;2;0;0;0;0
"11/08/2014";"09:35:00";"1076";"sem vítima";"69";"BR-116/SC";"Norte";"Objeto lançado contra veículo";0;0;1;0;0;0;0;0;0;0;1;0;0;0;0
"11/08/2014";"09:51:00";"1077";"sem vítima";"117";"BR-116/PR";"Sul";"Choque - Veiculo parado na pista";1;0;1;0;0;0;0;0;0;0;2;0;0;0;0
"11/08/2014";"09:57:00";"1078";"sem vítima";"69";"BR-116/SC";"Norte";"Objeto lançado contra veículo";0;0;1;0;0;0;0;0;0;0;1;0;0;0;0
"12/08/2014";"04:04:00";"1087";"com vítima";"120.5";"BR-116/PR";"Norte";"Colisão Traseira";1;0;2;0;0;0;0;0;0;0;2;1;0;0;0
"12/08/2014";"12:30:00";"1115";"sem vítima";"246";"BR-116/SC";"Sul";"Objeto lançado contra veículo";0;0;1;0;0;0;0;0;0;0;1;0;0;0;0
"12/08/2014";"01:57:00";"1118";"sem vítima";"205";"BR-116/PR";"Norte";"Colisão Lateral";1;0;0;0;0;1;0;0;0;0;3;0;0;0;0
"12/08/2014";"04:14:00";"1133";"com vítima";"191.7";"BR-116/SC";"Norte";"Saida de Pista";0;0;1;0;0;0;0;0;0;0;0;0;0;0;1
"12/08/2014";"04:24:00";"1136";"sem vítima";"153.6";"BR-116/PR";"Norte";"Colisão Traseira";1;0;1;0;0;0;0;0;0;0;4;0;0;0;0
"12/08/2014";"06:11:00";"1147";"sem vítima";"34";"BR-116/SC";"Sul";"Choque - Arvore";0;0;1;0;0;0;0;0;0;0;1;0;0;0;0
"12/08/2014";"06:12:00";"1148";"sem vítima";"196";"BR-116/PR";"Sul";"Outros";0;0;0;0;0;0;0;0;0;1;4;0;0;0;0
"12/08/2014";"06:41:00";"1154";"sem vítima";"122.6";"BR-116/PR";"Sul";"Colisão Lateral";1;0;1;0;0;0;0;0;0;0;2;0;0;0;0
"13/08/2014";"08:10:00";"1189";"com vítima";"246.1";"BR-116/SC";"Norte";"Colisão Transversal";2;0;0;0;0;0;0;0;0;0;5;1;0;0;0
"13/08/2014";"08:30:00";"1192";"sem vítima";"73.6";"BR-116/SC";"Sul";"Objeto lançado contra veículo";0;0;2;0;0;0;0;0;0;0;2;0;0;0;0
"13/08/2014";"09:48:00";"1196";"com vítima";"119.1";"BR-116/PR";"Norte";"Choque - Veiculo parado no acostamento";2;0;0;0;0;0;0;0;0;0;2;1;0;0;0
"13/08/2014";"10:41:00";"1199";"sem vítima";"117.5";"BR-116/PR";"Sul";"Colisão Traseira";4;0;0;0;0;0;0;0;0;0;4;0;0;0;0
"13/08/2014";"01:49:00";"1216";"sem vítima";"146";"BR-116/PR";"Sul";"Colisão Lateral";1;0;1;0;0;0;0;0;0;0;2;0;0;0;0
"13/08/2014";"02:27:00";"1218";"sem vítima";"142";"BR-116/PR";"Sul";"Objeto lançado contra veículo";1;0;0;0;0;0;0;0;0;0;1;0;0;0;0
"13/08/2014";"10:01:00";"1253";"com vítima";"266.3";"BR-116/SC";"Sul";"Saida de Pista";0;0;1;0;0;0;0;0;0;0;0;2;0;0;0
"13/08/2014";"10:11:00";"1256";"sem vítima";"118";"BR-116/PR";"Sul";"Colisão Lateral";1;0;1;0;0;0;0;0;0;0;2;0;0;0;0
"13/08/2014";"11:17:00";"1258";"com vítima";"81.3";"BR-116/SC";"Sul";"Colisão Traseira";1;0;1;0;0;0;0;0;0;0;2;1;0;0;0
"14/08/2014";"12:04:00";"1260";"sem vítima";"123";"BR-116/PR";"Sul";"Queda de Moto";0;0;0;1;0;0;0;0;0;0;1;0;0;0;0
"14/08/2014";"07:01:00";"1273";"sem vítima";"211.6";"BR-116/PR";"Norte";"Choque - Veiculo parado na pista";0;0;2;0;0;0;0;0;0;0;2;0;0;0;0
"14/08/2014";"07:33:00";"1276";"sem vítima";"118.6";"BR-116/PR";"Norte";"Queda de Moto";0;0;0;1;0;0;0;0;0;0;2;0;0;0;0
"14/08/2014";"08:22:00";"1284";"sem vítima";"118.5";"BR-116/PR";"Norte";"Colisão Traseira";2;0;0;0;0;0;0;0;0;0;2;0;0;0;0
"14/08/2014";"03:00:00";"1329";"sem vítima";"4.5";"BR-116/SC";"Norte";"Colisão Transversal";1;0;0;0;0;0;0;0;0;1;4;0;0;0;0
"14/08/2014";"03:03:00";"1331";"sem vítima";"134";"BR-116/PR";"Norte";"Choque - Cancela de Pedagio";0;0;1;0;0;0;0;0;0;0;2;0;0;0;0
"14/08/2014";"03:06:00";"1332";"sem vítima";"117.7";"BR-116/PR";"Norte";"Colisão Lateral";1;0;1;0;0;0;0;0;0;0;2;0;0;0;0
"14/08/2014";"05:18:00";"1347";"sem vítima";"126";"BR-116/PR";"Norte";"Colisão Traseira";1;0;1;0;0;0;0;0;0;0;2;0;0;0;0
"14/08/2014";"08:10:00";"1365";"com vítima";"171.3";"BR-116/SC";"Norte";"Colisão Frontal";2;0;1;0;0;0;0;0;0;0;2;0;0;0;2
"15/08/2014";"12:11:00";"1372";"com vítima";"125.4";"BR-116/PR";"Sul";"Colisão Transversal";1;0;0;1;0;0;0;0;0;0;1;0;0;1;0
"15/08/2014";"11:46:00";"1402";"sem vítima";"117.9";"BR-116/PR";"Norte";"Colisão Lateral";0;0;1;0;0;0;0;0;0;1;2;0;0;0;0
"15/08/2014";"01:24:00";"1405";"com vítima";"122";"BR-116/PR";"Norte";"Colisão Transversal";1;0;0;1;0;0;0;0;0;0;1;0;0;1;0
"15/08/2014";"02:11:00";"1407";"sem vítima";"134";"BR-116/PR";"Norte";"Choque - Cancela de Pedagio";1;0;0;0;0;0;0;0;0;0;1;0;0;0;0
"15/08/2014";"03:40:00";"1416";"com vítima";"46.7";"BR-116/SC";"Sul";"Saida de Pista";0;0;1;0;0;0;0;0;0;0;0;1;0;0;0
"15/08/2014";"08:51:00";"1443";"sem vítima";"217.3";"BR-116/SC";"Norte";"Colisão Transversal";1;0;1;0;0;0;0;0;0;0;2;0;0;0;0
"15/08/2014";"08:51:00";"1444";"sem vítima";"209";"BR-116/PR";"Sul";"Colisão Transversal";1;0;0;1;0;0;0;0;0;0;2;0;0;0;0
"15/08/2014";"10:25:00";"1452";"sem vítima";"202";"BR-116/PR";"Sul";"Atropelamento de Animal";1;0;0;0;0;0;0;0;0;0;1;0;0;0;0
"15/08/2014";"10:42:00";"1456";"com vítima";"138.3";"BR-116/SC";"Norte";"Colisão Transversal";2;0;0;0;0;0;0;0;0;0;2;1;0;0;0
"16/08/2014";"06:42:00";"1470";"sem vítima";"210";"BR-116/SC";"Sul";"Colisão Lateral";1;0;0;0;0;1;0;0;0;0;2;0;0;0;0
"16/08/2014";"09:52:00";"1479";"sem vítima";"134.8";"BR-116/PR";"Sul";"Colisão Traseira";1;0;0;0;0;0;0;0;0;1;7;0;0;0;0
"16/08/2014";"11:46:00";"1489";"sem vítima";"194.7";"BR-116/PR";"Sul";"Saida de Pista";0;0;1;0;0;0;0;0;0;0;1;0;0;0;0
"16/08/2014";"05:32:00";"1522";"com vítima";"153";"BR-116/PR";"Sul";"Colisão Transversal";2;0;0;0;0;0;0;0;0;0;2;1;0;0;0
"16/08/2014";"09:32:00";"1533";"sem vítima";"38";"BR-116/SC";"Sul";"Atropelamento de Animal";0;0;1;0;0;0;0;0;0;0;1;0;0;0;0
"16/08/2014";"09:37:00";"1534";"sem vítima";"160.25";"BR-116/SC";"Sul";"Saida de Pista";1;0;0;0;0;0;0;0;0;0;1;0;0;0;0
"16/08/2014";"10:00:00";"1536";"sem vítima";"141.2";"BR-116/PR";"Sul";"Saida de Pista";1;0;0;0;0;0;0;0;0;0;1;0;0;0;0
"16/08/2014";"11:00:00";"1539";"sem vítima";"187.9";"BR-116/SC";"Sul";"Saida de Pista";1;0;0;0;0;0;0;0;0;0;1;0;0;0;0
"17/08/2014";"06:31:00";"1602";"sem vítima";"131.1";"BR-116/PR";"Norte";"Saida de Pista";1;0;0;0;0;0;0;0;0;0;2;0;0;0;0
"17/08/2014";"06:42:00";"1606";"sem vítima";"267";"BR-116/SC";"Sul";"Atropelamento de Animal";1;0;0;0;0;0;0;0;0;0;5;0;0;0;0
"17/08/2014";"07:10:00";"1608";"sem vítima";"52.3";"BR-116/SC";"Norte";"Outros";1;0;0;0;0;0;0;0;0;0;2;0;0;0;0
"17/08/2014";"09:46:00";"1618";"sem vítima";"135";"BR-116/PR";"Norte";"Atropelamento de Animal";1;0;0;0;0;0;0;0;0;0;1;0;0;0;0
"17/08/2014";"11:29:00";"1623";"sem vítima";"160";"BR-116/SC";"Sul";"Choque - Objeto sobre a pista";1;0;0;0;0;0;0;0;0;0;1;0;0;0;0
"18/08/2014";"12:32:00";"1625";"com vítima";"147.7";"BR-116/PR";"Norte";"Saida de Pista";1;0;0;0;0;0;0;0;0;0;0;2;0;0;0
"18/08/2014";"07:00:00";"1645";"sem vítima";"40.8";"BR-116/SC";"Sul";"Atropelamento de Animal";1;0;0;0;0;0;0;0;0;0;2;0;0;0;0
"18/08/2014";"07:20:00";"1648";"sem vítima";"126.4";"BR-116/PR";"Norte";"Colisão Lateral";1;0;1;0;0;0;0;0;0;0;2;0;0;0;0
"18/08/2014";"07:27:00";"1649";"com vítima";"126.4";"BR-116/PR";"Norte";"Colisão Transversal";1;0;0;1;0;0;0;0;0;0;1;1;0;0;0
"18/08/2014";"10:11:00";"1664";"sem vítima";"54.9";"BR-116/SC";"Norte";"Colisão Frontal";1;0;1;0;0;0;0;0;0;0;3;0;0;0;0
"18/08/2014";"10:50:00";"1670";"com vítima";"70";"BR-116/SC";"Norte";"Colisão Transversal";1;0;0;0;0;0;0;0;0;1;6;1;0;0;0
"18/08/2014";"10:58:00";"1671";"sem vítima";"305.3";"BR-116/SC";"Norte";"Tombamento";0;0;1;0;0;0;0;0;0;0;1;0;0;0;0
"18/08/2014";"11:17:00";"1672";"com vítima";"88";"BR-116/SC";"Sul";"Saida de Pista";1;0;0;0;0;0;0;0;0;0;0;1;0;0;0
"18/08/2014";"01:39:00";"1682";"sem vítima";"263";"BR-116/SC";"Norte";"Saida de Pista";1;0;1;0;0;0;0;0;0;0;2;0;0;0;0
"18/08/2014";"02:03:00";"1685";"sem vítima";"23";"BR-116/SC";"Norte";"Engavetamento";1;0;3;0;0;0;0;0;0;1;6;0;0;0;0
"18/08/2014";"08:43:00";"1716";"sem vítima";"23.1";"BR-116/SC";"Sul";"Choque - Veiculo parado no acostamento";1;0;0;0;0;0;0;0;0;0;1;0;0;0;0
"19/08/2014";"03:55:00";"1732";"sem vítima";"245.5";"BR-116/SC";"Norte";"Colisão Transversal";1;0;1;0;0;0;0;0;0;0;2;0;0;0;0
"19/08/2014";"07:01:00";"1742";"sem vítima";"34";"BR-116/SC";"Sul";"Atropelamento de Animal";1;0;0;0;0;0;0;0;0;0;1;0;0;0;0
"19/08/2014";"07:53:00";"1747";"sem vítima";"52";"BR-116/SC";"Sul";"Choque - Objeto sobre a pista";1;0;0;0;0;0;0;0;0;0;1;0;0;0;0
"19/08/2014";"01:37:00";"1776";"sem vítima";"127";"BR-116/PR";"Norte";"Colisão Traseira";2;0;0;0;1;0;0;0;0;0;3;0;0;0;0
"19/08/2014";"01:54:00";"1779";"com vítima";"120";"BR-116/PR";"Sul";"Choque - Veiculo parado na pista";1;0;1;0;0;0;0;0;0;0;2;1;0;0;0
"19/08/2014";"04:47:00";"1800";"sem vítima";"174";"BR-116/SC";"Sul";"Objeto lançado contra veículo";0;0;0;0;0;0;0;0;0;1;1;0;0;0;0
"19/08/2014";"07:55:00";"1816";"com vítima";"135.7";"BR-116/PR";"Sul";"Atropelamento - Usuário";0;0;0;1;0;0;0;0;0;0;1;1;0;0;0
"20/08/2014";"07:17:00";"1849";"sem vítima";"117.3";"BR-116/PR";"Norte";"Colisão Traseira";2;0;0;0;0;0;0;0;0;0;2;0;0;0;0
"20/08/2014";"08:33:00";"1854";"sem vítima";"134";"BR-116/PR";"Sul";"Choque - Cancela de Pedagio";1;0;0;0;0;0;0;0;0;0;1;0;0;0;0
"20/08/2014";"03:23:00";"1884";"sem vítima";"134";"BR-116/PR";"Sul";"Choque - Cancela de Pedagio";1;0;0;0;0;0;0;0;0;0;1;0;0;0;0
"20/08/2014";"03:49:00";"1886";"sem vítima";"171.1";"BR-116/PR";"Norte";"Atropelamento de Animal";1;0;0;0;0;0;0;0;0;0;1;0;0;0;0
"20/08/2014";"11:53:00";"1929";"sem vítima";"125.8";"BR-116/PR";"Sul";"Colisão Transversal";2;0;0;0;0;0;0;0;0;0;3;0;0;0;0
"21/08/2014";"09:32:00";"1954";"sem vítima";"233.1";"BR-116/SC";"Norte";"Colisão Traseira";0;0;2;0;0;0;0;0;0;0;2;0;0;0;0
"21/08/2014";"10:42:00";"1964";"sem vítima";"166.1";"BR-116/PR";"Norte";"Colisão Transversal";2;0;0;0;0;0;0;0;0;0;3;0;0;0;0
"21/08/2014";"11:39:00";"1972";"sem vítima";"245";"BR-116/SC";"Norte";"Colisão Transversal";1;0;0;1;0;0;0;0;0;0;2;0;0;0;0
"21/08/2014";"12:47:00";"1976";"com vítima";"187.9";"BR-116/SC";"Sul";"Queda de Moto";0;0;0;1;0;0;0;0;0;0;0;0;0;2;0
"22/08/2014";"02:03:00";"2035";"sem vítima";"123";"BR-116/PR";"Sul";"Atropelamento de Animal";0;0;1;0;0;0;0;0;0;0;1;0;0;0;0
"22/08/2014";"06:26:00";"2037";"sem vítima";"117.4";"BR-116/PR";"Norte";"Colisão Lateral";1;0;0;1;0;0;0;0;0;0;2;0;0;0;0
"22/08/2014";"07:42:00";"2043";"com vítima";"129.6";"BR-116/PR";"Sul";"Colisão Transversal";1;0;0;1;0;0;0;0;0;0;1;2;0;0;0
"22/08/2014";"08:58:00";"2045";"sem vítima";"117.7";"BR-116/PR";"Norte";"Colisão Traseira";2;0;0;0;0;0;0;0;0;0;2;0;0;0;0
"22/08/2014";"11:45:00";"2063";"sem vítima";"123";"BR-116/PR";"Sul";"Colisão Lateral";1;0;1;0;0;0;0;0;0;0;2;0;0;0;0
"22/08/2014";"12:14:00";"2066";"sem vítima";"81";"BR-116/SC";"Sul";"Choque - Cancela de Pedagio";1;0;0;0;0;0;0;0;0;0;2;0;0;0;0
"22/08/2014";"04:15:00";"2084";"sem vítima";"221.6";"BR-116/SC";"Norte";"Choque - Veiculo parado na pista";0;0;1;0;1;0;0;0;0;0;17;0;0;0;0
"22/08/2014";"09:35:00";"2111";"sem vítima";"4.5";"BR-116/SC";"Norte";"Colisão Transversal";0;0;1;1;0;0;0;0;0;0;2;0;0;0;0
"23/08/2014";"02:49:00";"2133";"com vítima";"125.8";"BR-116/PR";"Norte";"Colisão Transversal";1;0;1;0;0;0;0;0;0;0;2;1;0;0;0
"23/08/2014";"08:10:00";"2149";"com vítima";"172.8";"BR-116/PR";"Norte";"Colisão Frontal";1;0;0;0;0;0;0;0;0;1;1;2;0;2;0
"23/08/2014";"04:00:00";"2178";"com vítima";"215.4";"BR-116/SC";"Sul";"Colisão Frontal";0;0;1;1;0;0;0;0;0;0;1;0;0;0;2
"23/08/2014";"07:51:00";"2197";"sem vítima";"69.5";"BR-116/SC";"Sul";"Colisão Transversal";1;0;1;0;0;0;0;0;0;0;3;0;0;0;0
"23/08/2014";"08:54:00";"2203";"sem vítima";"119";"BR-116/PR";"Sul";"Colisão Traseira";2;0;0;0;0;0;0;0;0;0;2;0;0;0;0
"23/08/2014";"10:23:00";"2206";"com vítima";"131.03";"BR-116/PR";"Sul";"Colisão Transversal";2;0;0;1;0;0;0;0;0;0;0;4;0;0;0
"24/08/2014";"02:03:00";"2217";"sem vítima";"125.8";"BR-116/PR";"Norte";"Colisão Transversal";2;0;0;0;0;0;0;0;0;0;2;0;0;0;0
"24/08/2014";"03:08:00";"2220";"sem vítima";"168";"BR-116/SC";"Sul";"Queda de Moto";0;0;0;1;0;0;0;0;0;0;1;0;0;0;0
"24/08/2014";"08:46:00";"2229";"sem vítima";"243";"BR-116/SC";"Norte";"Saida de Pista";1;0;0;0;0;0;0;0;0;0;1;0;0;0;0
"24/08/2014";"10:45:00";"2242";"sem vítima";"146.2";"BR-116/PR";"Sul";"Choque - Objeto sobre a pista";1;0;0;0;0;0;0;0;0;0;3;0;0;0;0
"24/08/2014";"02:53:00";"2260";"sem vítima";"168.1";"BR-116/SC";"Sul";"Colisão Lateral";1;0;1;0;0;0;0;0;0;0;5;0;0;0;0
"24/08/2014";"05:39:00";"2289";"sem vítima";"191";"BR-116/PR";"Sul";"Outros";0;0;2;0;0;0;0;0;0;0;2;0;0;0;0
"24/08/2014";"06:36:00";"2297";"com vítima";"119.1";"BR-116/PR";"Sul";"Colisão Lateral";0;0;0;2;0;0;0;0;0;0;1;2;0;0;0
"24/08/2014";"07:11:00";"2302";"com vítima";"126.1";"BR-116/PR";"Norte";"Colisão Transversal";0;0;0;1;0;1;0;0;0;0;1;1;0;0;0
"24/08/2014";"07:22:00";"2303";"com vítima";"124";"BR-116/PR";"Sul";"Capotamento";1;0;0;0;0;0;0;0;0;0;0;2;0;0;0
"25/08/2014";"06:33:00";"2332";"sem vítima";"13";"BR-116/SC";"Sul";"Atropelamento de Animal";1;0;0;0;0;0;0;0;0;0;4;0;0;0;0
"25/08/2014";"06:52:00";"2334";"com vítima";"135.33";"BR-116/PR";"Sul";"Colisão Frontal";0;0;1;0;0;0;0;0;0;1;1;0;0;0;2
"25/08/2014";"08:32:00";"2340";"sem vítima";"55.5";"BR-116/SC";"Norte";"Objeto lançado contra veículo";1;0;0;0;0;0;0;0;0;0;1;0;0;0;0
"25/08/2014";"08:58:00";"2345";"com vítima";"225.2";"BR-116/SC";"Norte";"Colisão Traseira";0;0;0;1;0;1;0;0;0;0;1;1;0;0;0
"26/08/2014";"01:05:00";"2431";"sem vítima";"81.5";"BR-116/SC";"Sul";"Saida de Pista";0;0;1;0;0;0;0;0;0;0;1;0;0;0;0
"26/08/2014";"02:56:00";"2438";"com vítima";"21";"BR-116/SC";"Sul";"Queda de Moto";0;0;0;1;0;0;0;0;0;0;0;1;0;0;0
"26/08/2014";"09:19:00";"2461";"sem vítima";"129";"BR-116/PR";"Sul";"Colisão Transversal";2;0;0;0;0;0;0;0;0;0;2;0;0;0;0
"26/08/2014";"03:53:00";"2501";"sem vítima";"125";"BR-116/PR";"Sul";"Objeto lançado contra veículo";0;0;0;0;0;0;0;0;0;1;1;0;0;0;0
"26/08/2014";"05:22:00";"2508";"sem vítima";"176.5";"BR-116/PR";"Norte";"Colisão Traseira";2;0;0;0;0;0;0;0;0;0;3;0;0;0;0
"26/08/2014";"08:47:00";"2524";"sem vítima";"129.3";"BR-116/PR";"Norte";"Colisão Transversal";1;0;1;0;0;0;0;0;0;0;2;0;0;0;0
"27/08/2014";"10:43:00";"2573";"sem vítima";"153";"BR-116/SC";"Norte";"Objeto lançado contra veículo";1;0;0;0;0;0;0;0;0;0;1;0;0;0;0
"27/08/2014";"11:47:00";"2582";"sem vítima";"204";"BR-116/PR";"Sul";"Choque - Cancela de Pedagio";0;0;1;0;0;0;0;0;0;0;2;0;0;0;0
"27/08/2014";"01:55:00";"2594";"com vítima";"117.5";"BR-116/PR";"Sul";"Queda de Moto";0;0;0;1;0;0;0;0;0;0;0;0;0;1;0
"27/08/2014";"04:34:00";"2616";"sem vítima";"131.8";"BR-116/PR";"Sul";"Choque - Veiculo parado na pista";1;0;0;0;0;1;0;0;0;0;2;0;0;0;0
"27/08/2014";"05:04:00";"2620";"sem vítima";"267.72";"BR-116/SC";"Norte";"Colisão Transversal";1;0;1;0;0;0;0;0;0;0;3;0;0;0;0
"27/08/2014";"06:47:00";"2626";"sem vítima";"191";"BR-116/PR";"Sul";"Não Def.";2;0;0;0;0;0;0;0;0;0;2;0;0;0;0
"27/08/2014";"11:47:00";"2640";"sem vítima";"125.9";"BR-116/PR";"Sul";"Capotamento";1;0;0;0;0;0;0;0;0;0;1;0;0;0;0
"28/08/2014";"09:18:00";"2661";"sem vítima";"62.85";"BR-116/SC";"Sul";"Colisão Lateral";1;0;1;0;0;0;0;0;0;0;2;0;0;0;0
"28/08/2014";"12:49:00";"2675";"sem vítima";"196.8";"BR-116/SC";"Sul";"Capotamento";1;0;0;0;0;0;0;0;0;0;2;0;0;0;0
"28/08/2014";"05:30:00";"2714";"com vítima";"117";"BR-116/PR";"Norte";"Queda de Moto";0;0;0;1;0;1;0;0;0;0;1;1;0;0;0
"28/08/2014";"06:06:00";"2718";"sem vítima";"233";"BR-116/SC";"Sul";"Choque - Cancela de Pedagio";0;0;1;0;0;0;0;0;0;0;1;0;0;0;0
"28/08/2014";"10:00:00";"2730";"com vítima";"180";"BR-116/SC";"Norte";"Queda de Moto";0;0;0;2;0;0;0;0;0;0;2;1;0;0;0
"29/08/2014";"03:29:00";"2743";"sem vítima";"219";"BR-116/SC";"Sul";"Objeto lançado contra veículo";0;0;0;0;1;0;0;0;0;0;1;0;0;0;0
"29/08/2014";"03:58:00";"2746";"sem vítima";"219";"BR-116/SC";"Sul";"Objeto lançado contra veículo";0;0;1;0;0;0;0;0;0;0;1;0;0;0;0
"29/08/2014";"04:13:00";"2747";"sem vítima";"227";"BR-116/SC";"Sul";"Colisão Lateral";0;0;1;0;0;0;0;0;0;1;4;0;0;0;0
"29/08/2014";"07:35:00";"2756";"sem vítima";"184.3";"BR-116/SC";"Norte";"Colisão Traseira";0;0;2;0;0;0;0;0;0;0;2;0;0;0;0
"29/08/2014";"08:01:00";"2759";"sem vítima";"116.4";"BR-116/PR";"Norte";"Colisão Lateral";1;0;0;1;0;0;0;0;0;0;2;0;0;0;0
"29/08/2014";"09:41:00";"2767";"sem vítima";"3.6";"BR-116/SC";"Sul";"Colisão Lateral";1;0;1;0;0;0;0;0;0;0;2;0;0;0;0
"29/08/2014";"10:40:00";"2774";"sem vítima";"119.3";"BR-116/PR";"Norte";"Colisão Lateral";2;0;0;0;0;0;0;0;0;0;2;0;0;0;0
"29/08/2014";"12:12:00";"2782";"sem vítima";"196";"BR-116/PR";"Norte";"Saida de Pista";0;0;1;0;0;0;0;0;0;0;1;0;0;0;0
"29/08/2014";"06:08:00";"2820";"sem vítima";"210.9";"BR-116/SC";"Sul";"Choque - Veiculo parado na pista";1;0;1;0;0;0;0;0;0;0;3;0;0;0;0
"30/08/2014";"04:30:00";"2905";"sem vítima";"167.5";"BR-116/PR";"Sul";"Colisão Traseira";1;0;1;0;0;0;0;0;0;0;2;0;0;0;0
"30/08/2014";"06:49:00";"2922";"com vítima";"236.1";"BR-116/SC";"Norte";"Colisão Lateral";1;0;1;0;0;0;0;0;0;0;1;1;0;0;0
"30/08/2014";"09:14:00";"2931";"sem vítima";"129.8";"BR-116/PR";"Norte";"Colisão Traseira";2;0;0;0;0;0;0;0;0;0;2;0;0;0;0
"30/08/2014";"11:22:00";"2937";"com vítima";"122.7";"BR-116/PR";"Norte";"Colisão Traseira";2;0;0;0;0;0;0;0;0;0;2;2;0;0;0
"31/08/2014";"11:05:00";"2968";"sem vítima";"195.6";"BR-116/PR";"Norte";"Saida de Pista";2;0;0;0;0;0;0;0;0;0;2;0;0;0;0