data;horario;n_da_ocorrencia;tipo_de_ocorrencia;km;trecho;sentido;tipo_de_acidente;automovel;bicicleta;caminhao;moto;onibus;outros;tracao_animal;transporte_de_cargas_especiais;trator_maquinas;utilitarios;ilesos;levemente_feridos;moderadamente_feridos;gravemente_feridos;mortos
"19/10/2014";"10:39:00";"2117";"sem vítima";"116";"BR-116/PR";"Norte";"Colisão Lateral";1;0;0;0;0;1;0;0;0;0;2;0;0;0;0
"20/10/2014";"06:36:00";"2131";"sem vítima";"305";"BR-116/SC";"Sul";"Choque - Talude";0;0;1;0;0;0;0;0;0;0;1;0;0;0;0
"20/10/2014";"09:14:00";"2148";"sem vítima";"197";"BR-116/PR";"Sul";"Objeto lançado contra veículo";1;0;0;0;0;0;0;0;0;0;1;0;0;0;0
"20/10/2014";"02:15:00";"2169";"com vítima";"209.9";"BR-116/PR";"Norte";"Colisão Frontal";0;0;1;1;0;0;0;0;0;0;1;0;0;0;1
"20/10/2014";"02:47:00";"2172";"com vítima";"64";"BR-116/SC";"Norte";"Queda de Moto";0;0;0;1;0;0;0;0;0;0;0;1;0;0;0
"20/10/2014";"04:41:00";"2184";"sem vítima";"167";"BR-116/PR";"Norte";"Colisão Lateral";2;0;0;0;0;0;0;0;0;0;4;0;0;0;0
"21/10/2014";"07:25:00";"2235";"com vítima";"184.5";"BR-116/SC";"Norte";"Colisão Transversal";2;0;0;0;0;0;0;0;0;0;1;1;0;0;0
"21/10/2014";"07:27:00";"2236";"sem vítima";"193";"BR-116/PR";"Norte";"Saida de Pista";0;0;1;0;0;0;0;0;0;0;1;0;0;0;0
"21/10/2014";"11:44:00";"2270";"sem vítima";"80";"BR-116/SC";"Sul";"Objeto lançado contra veículo";0;0;1;0;0;0;0;0;0;0;1;0;0;0;0
"21/10/2014";"11:48:00";"2271";"com vítima";"131";"BR-116/SC";"Norte";"Colisão Lateral";1;1;0;0;0;0;0;0;0;0;1;1;0;0;0
"21/10/2014";"05:34:00";"2298";"com vítima";"23.5";"BR-116/SC";"Sul";"Colisão Transversal";1;0;0;0;0;0;0;0;0;1;2;1;0;0;0
"21/10/2014";"06:45:00";"2304";"com vítima";"115";"BR-116/PR";"Sul";"Colisão Traseira";0;0;0;1;0;1;0;0;0;0;1;1;0;0;0
"21/10/2014";"07:03:00";"2305";"com vítima";"142.2";"BR-116/PR";"Sul";"Colisão Transversal";1;0;0;1;0;0;0;0;0;0;2;1;0;0;0
"21/10/2014";"08:15:00";"2310";"com vítima";"152";"BR-116/PR";"Norte";"Colisão Transversal";0;0;0;1;0;0;0;0;0;1;1;1;0;0;0
"21/10/2014";"08:16:00";"2311";"sem vítima";"276";"BR-116/SC";"Sul";"Objeto lançado contra veículo";1;0;0;0;0;0;0;0;0;0;1;0;0;0;0
"21/10/2014";"08:39:00";"2313";"sem vítima";"118.4";"BR-116/PR";"Sul";"Saida de Pista";1;0;0;0;0;0;0;0;0;0;1;0;0;0;0
"22/10/2014";"08:03:00";"2347";"com vítima";"116.1";"BR-116/PR";"Norte";"Colisão Traseira";1;0;0;1;0;0;0;0;0;0;2;1;0;0;0
"22/10/2014";"01:45:00";"2380";"com vítima";"283";"BR-116/SC";"Norte";"Colisão Lateral";0;0;1;0;0;1;0;0;0;0;1;1;0;0;0
"22/10/2014";"03:17:00";"2392";"sem vítima";"192.9";"BR-116/PR";"Sul";"Saida de Pista";0;0;1;0;0;0;0;0;0;0;1;0;0;0;0
"22/10/2014";"04:37:00";"2407";"sem vítima";"37";"BR-116/SC";"Norte";"Objeto lançado contra veículo";1;0;0;0;0;0;0;0;0;0;1;0;0;0;0
"22/10/2014";"04:41:00";"2408";"sem vítima";"177";"BR-116/PR";"Sul";"Objeto lançado contra veículo";1;0;0;0;0;0;0;0;0;0;1;0;0;0;0
"22/10/2014";"05:02:00";"2409";"sem vítima";"230.2";"BR-116/SC";"Sul";"Colisão Lateral";0;0;1;0;0;0;0;0;0;1;2;0;0;0;0
"22/10/2014";"10:42:00";"2430";"com vítima";"121.5";"BR-116/PR";"Sul";"Choque - Objeto sobre a pista";0;0;0;1;0;0;0;0;0;0;0;1;0;0;0
"23/10/2014";"08:05:00";"2462";"sem vítima";"5.5";"BR-116/SC";"Sul";"Colisão Transversal";2;0;0;0;0;0;0;0;0;0;2;0;0;0;0
"23/10/2014";"09:33:00";"2476";"sem vítima";"47.8";"BR-116/SC";"Norte";"Colisão Traseira";2;0;0;0;0;0;0;0;0;0;2;0;0;0;0
"23/10/2014";"03:36:00";"2516";"com vítima";"115.4";"BR-116/PR";"Norte";"Queda de Moto";0;0;0;1;0;0;0;0;0;0;0;1;0;0;0
"23/10/2014";"05:22:00";"2532";"sem vítima";"141";"BR-116/SC";"Sul";"Outros";0;0;2;0;0;0;0;0;0;0;2;0;0;0;0
"23/10/2014";"05:41:00";"2534";"sem vítima";"220.5";"BR-116/SC";"Sul";"Choque - Veiculo parado na pista";1;0;1;0;0;0;0;0;0;0;9;0;0;0;0
"23/10/2014";"06:59:00";"2547";"sem vítima";"115";"BR-116/PR";"Norte";"Colisão Lateral";1;0;0;0;0;1;0;0;0;0;2;0;0;0;0
"23/10/2014";"08:43:00";"2557";"sem vítima";"253.6";"BR-116/SC";"Norte";"Objeto lançado contra veículo";1;0;0;0;0;0;0;0;0;0;2;0;0;0;0
"23/10/2014";"09:03:00";"2560";"sem vítima";"15.3";"BR-116/SC";"Sul";"Colisão Frontal";2;0;0;0;0;0;0;0;0;0;4;0;0;0;0
"23/10/2014";"10:38:00";"2568";"sem vítima";"24.8";"BR-116/SC";"Norte";"Atropelamento de Animal";0;0;1;0;0;0;0;0;0;0;1;0;0;0;0
"24/10/2014";"07:12:00";"2586";"com vítima";"115.1";"BR-116/PR";"Norte";"Colisão Traseira";0;0;1;1;0;0;0;0;0;0;3;1;0;0;0
"24/10/2014";"07:35:00";"2589";"sem vítima";"271.5";"BR-116/SC";"Sul";"Choque - Objeto sobre a pista";1;0;0;0;0;1;0;0;0;0;2;0;0;0;0
"24/10/2014";"11:02:00";"2619";"sem vítima";"198";"BR-116/PR";"Norte";"Colisão Traseira";1;0;1;0;0;0;0;0;0;0;3;0;0;0;0
"24/10/2014";"01:38:00";"2630";"sem vítima";"150.2";"BR-116/PR";"Norte";"Choque - Objeto não identificado";1;0;0;0;0;0;0;0;0;0;2;0;0;0;0
"24/10/2014";"05:32:00";"2654";"com vítima";"115";"BR-116/PR";"Norte";"Colisão Traseira";2;0;0;0;0;0;0;0;0;0;1;1;0;0;0
"24/10/2014";"09:03:00";"2674";"com vítima";"68";"BR-116/SC";"Norte";"Colisão Frontal";1;0;1;0;0;0;0;0;0;0;2;1;0;0;0
"24/10/2014";"11:36:00";"2683";"sem vítima";"116.2";"BR-116/PR";"Sul";"Colisão Traseira";2;0;0;0;0;0;0;0;0;0;2;0;0;0;0
"25/10/2014";"12:58:00";"2688";"sem vítima";"127";"BR-116/PR";"Sul";"Queda de Moto";0;0;0;1;0;0;0;0;0;0;2;0;0;0;0
"25/10/2014";"09:42:00";"2714";"sem vítima";"122";"BR-116/PR";"Norte";"Colisão Traseira";2;0;0;0;0;0;0;0;0;0;2;0;0;0;0
"25/10/2014";"09:50:00";"2715";"sem vítima";"302";"BR-116/SC";"Sul";"Choque - Outros";1;0;0;0;0;0;0;0;0;0;1;0;0;0;0
"25/10/2014";"12:13:00";"2728";"com vítima";"139";"BR-116/PR";"Norte";"Queda de Moto";0;0;0;1;0;0;0;0;0;0;0;1;0;0;0
"25/10/2014";"02:02:00";"2738";"sem vítima";"65.7";"BR-116/SC";"Sul";"Objeto lançado contra veículo";0;0;2;0;0;0;0;0;0;0;2;0;0;0;0
"25/10/2014";"11:31:00";"2786";"sem vítima";"126";"BR-116/PR";"Sul";"Colisão Traseira";2;0;0;0;0;0;0;0;0;0;4;0;0;0;0
"26/10/2014";"04:47:00";"2844";"com vítima";"114.6";"BR-116/SC";"Sul";"Colisão Frontal";0;0;2;0;0;0;0;0;0;0;1;1;0;0;0
"26/10/2014";"05:47:00";"2855";"sem vítima";"153.6";"BR-116/PR";"Norte";"Colisão Transversal";1;0;0;0;0;1;0;0;0;0;3;0;0;0;0
"26/10/2014";"06:19:00";"2858";"com vítima";"86";"BR-116/SC";"Sul";"Colisão Lateral";2;0;0;0;0;0;0;0;0;0;3;1;0;1;0
"26/10/2014";"07:22:00";"2862";"sem vítima";"282";"BR-116/SC";"Norte";"Choque - Outros";1;0;0;0;0;0;0;0;0;0;1;0;0;0;0
"26/10/2014";"10:11:00";"2872";"com vítima";"148.1";"BR-116/PR";"Sul";"Saida de Pista";1;0;0;0;0;0;0;0;0;0;0;1;0;0;0
"27/10/2014";"02:29:00";"2882";"sem vítima";"47.5";"BR-116/SC";"Sul";"Saida de Pista";0;0;1;0;0;0;0;0;0;0;1;0;0;0;0
"27/10/2014";"08:05:00";"2900";"sem vítima";"129";"BR-116/PR";"Sul";"Objeto lançado contra veículo";1;0;0;0;0;0;0;0;0;0;1;0;0;0;0
"27/10/2014";"10:51:00";"2915";"sem vítima";"39";"BR-116/SC";"Sul";"Objeto lançado contra veículo";1;0;0;0;0;0;0;0;0;0;1;0;0;0;0
"27/10/2014";"11:02:00";"2918";"sem vítima";"126.2";"BR-116/PR";"Sul";"Colisão Traseira";0;0;2;0;0;0;0;0;0;0;2;0;0;0;0
"27/10/2014";"11:42:00";"2921";"com vítima";"152";"BR-116/PR";"Norte";"Colisão Transversal";2;0;0;0;0;0;0;0;0;0;2;1;0;0;0
"27/10/2014";"03:53:00";"2945";"com vítima";"220.5";"BR-116/SC";"Norte";"Colisão Transversal";2;0;0;0;0;0;0;0;0;0;2;1;0;0;0
"27/10/2014";"04:58:00";"2949";"sem vítima";"134";"BR-116/PR";"Norte";"Choque - Cancela de Pedagio";1;0;0;0;0;0;0;0;0;0;2;0;0;0;0
"28/10/2014";"07:37:00";"2996";"sem vítima";"170";"BR-116/PR";"Norte";"Tombamento";0;0;1;0;0;0;0;0;0;0;2;0;0;0;0
"28/10/2014";"08:46:00";"3000";"sem vítima";"132";"BR-116/PR";"Sul";"Objeto lançado contra veículo";1;0;0;0;0;0;0;0;0;0;1;0;0;0;0
"28/10/2014";"10:12:00";"3019";"sem vítima";"198";"BR-116/PR";"Sul";"Objeto lançado contra veículo";0;0;0;0;0;0;0;0;0;1;2;0;0;0;0
"28/10/2014";"01:05:00";"3032";"sem vítima";"92.5";"BR-116/SC";"Sul";"Choque - Objeto sobre a pista";1;0;0;0;0;0;0;0;0;0;1;0;0;0;0
"28/10/2014";"01:15:00";"3038";"com vítima";"89.5";"BR-116/SC";"Norte";"Colisão Traseira";0;0;2;0;0;0;0;0;0;0;1;0;0;1;0
"28/10/2014";"01:26:00";"3034";"sem vítima";"139";"BR-116/PR";"Norte";"Atropelamento de Animal";1;0;0;0;0;0;0;0;0;0;1;0;0;0;0
"28/10/2014";"01:36:00";"3035";"sem vítima";"132";"BR-116/PR";"Sul";"Objeto lançado contra veículo";1;0;0;0;0;0;0;0;0;0;1;0;0;0;0
"28/10/2014";"03:51:00";"3047";"com vítima";"116.8";"BR-116/PR";"Norte";"Colisão Lateral";0;0;0;1;0;0;0;0;0;1;1;1;0;0;0
"28/10/2014";"03:58:00";"3049";"com vítima";"178";"BR-116/PR";"Norte";"Colisão Transversal";2;0;0;0;0;0;0;0;0;0;2;1;0;0;0
"28/10/2014";"05:02:00";"3057";"com vítima";"129.7";"BR-116/PR";"Sul";"Colisão Lateral";1;0;1;0;0;0;0;0;0;0;1;1;0;0;0
"28/10/2014";"06:55:00";"3067";"com vítima";"236";"BR-116/SC";"Sul";"Colisão Lateral";0;0;1;0;1;0;0;0;0;0;2;1;0;0;0
"28/10/2014";"09:25:00";"3075";"sem vítima";"134";"BR-116/PR";"Norte";"Choque - Cancela de Pedagio";1;0;0;0;0;0;0;0;0;0;3;0;0;0;0
"28/10/2014";"09:37:00";"3077";"sem vítima";"122";"BR-116/PR";"Sul";"Saida de Pista";1;0;0;0;0;0;0;0;0;0;1;0;0;0;0
"29/10/2014";"01:48:00";"3134";"sem vítima";"117.5";"BR-116/PR";"Norte";"Objeto lançado contra veículo";1;0;0;0;0;0;0;0;0;0;1;0;0;0;0
"29/10/2014";"03:45:00";"3145";"sem vítima";"200";"BR-116/PR";"Sul";"Objeto lançado contra veículo";1;0;0;0;0;0;0;0;0;0;1;0;0;0;0
"29/10/2014";"05:50:00";"3157";"sem vítima";"119.2";"BR-116/PR";"Sul";"Saida de Pista";1;0;0;0;0;0;0;0;0;0;1;0;0;0;0
"29/10/2014";"06:06:00";"3160";"sem vítima";"9.7";"BR-116/SC";"Norte";"Choque - Veiculo parado na pista";2;0;0;0;0;0;0;0;0;0;3;0;0;0;0
"30/10/2014";"01:26:00";"3252";"sem vítima";"204";"BR-116/PR";"Sul";"Choque - Cancela de Pedagio";1;0;0;0;0;0;0;0;0;0;1;0;0;0;0
"30/10/2014";"01:37:00";"3253";"com vítima";"122";"BR-116/PR";"Norte";"Queda de Moto";0;0;0;1;0;0;0;0;0;0;0;2;0;0;0
"30/10/2014";"01:51:00";"3254";"sem vítima";"175";"BR-116/PR";"Sul";"Objeto lançado contra veículo";1;0;0;0;0;0;0;0;0;0;1;0;0;0;0
"30/10/2014";"01:52:00";"3255";"sem vítima";"131";"BR-116/PR";"Norte";"Colisão Transversal";2;0;0;0;0;0;0;0;0;0;5;0;0;0;0
"30/10/2014";"02:02:00";"3256";"sem vítima";"172";"BR-116/PR";"Sul";"Objeto lançado contra veículo";1;0;0;0;0;0;0;0;0;0;1;0;0;0;0
"30/10/2014";"04:13:00";"3278";"sem vítima";"140";"BR-116/PR";"Norte";"Objeto lançado contra veículo";1;0;0;0;0;0;0;0;0;0;1;0;0;0;0
"30/10/2014";"05:50:00";"3290";"sem vítima";"219.5";"BR-116/SC";"Sul";"Choque - Objeto sobre a pista";1;0;1;0;0;0;0;0;0;0;3;0;0;0;0
"30/10/2014";"08:56:00";"3302";"sem vítima";"204";"BR-116/PR";"Norte";"Objeto lançado contra veículo";1;0;0;0;0;0;0;0;0;0;1;0;0;0;0
"30/10/2014";"09:48:00";"3303";"sem vítima";"117.6";"BR-116/PR";"Sul";"Colisão Traseira";1;0;0;0;1;0;0;0;0;0;2;0;0;0;0
"31/10/2014";"10:04:00";"3351";"sem vítima";"2.45";"BR-116/SC";"Norte";"Colisão Traseira";0;0;2;0;0;0;0;0;0;0;2;0;0;0;0
"31/10/2014";"12:22:00";"3371";"com vítima";"178.1";"BR-116/SC";"Norte";"Atropelamento - Morador";1;0;0;0;0;0;0;0;0;0;1;2;0;0;0
"31/10/2014";"03:16:00";"3387";"sem vítima";"161";"BR-116/PR";"Sul";"Saida de Pista";1;0;0;0;0;0;0;0;0;0;1;0;0;0;0
"31/10/2014";"06:32:00";"3418";"sem vítima";"81";"BR-116/SC";"Sul";"Choque - Cancela de Pedagio";0;0;1;0;0;0;0;0;0;0;1;0;0;0;0
"31/10/2014";"06:53:00";"3422";"sem vítima";"135";"BR-116/PR";"Norte";"Saida de Pista";1;0;0;0;0;0;0;0;0;1;5;0;0;0;0
"31/10/2014";"08:30:00";"3436";"sem vítima";"85";"BR-116/SC";"Sul";"Saida de Pista";1;0;0;0;0;0;0;0;0;0;1;0;0;0;0
"01/11/2014";"08:33:00";"16";"sem vítima";"134";"BR-116/PR";"Sul";"Colisão Traseira";2;0;0;0;0;0;0;0;0;0;2;0;0;0;0
"01/11/2014";"10:28:00";"27";"sem vítima";"34";"BR-116/SC";"Sul";"Colisão Lateral";0;0;1;0;0;1;0;0;0;0;2;0;0;0;0
"01/11/2014";"12:01:00";"32";"sem vítima";"267.7";"BR-116/SC";"Norte";"Colisão Transversal";0;0;2;0;0;0;0;0;0;0;2;0;0;0;0
"01/11/2014";"12:13:00";"33";"com vítima";"12";"BR-116/SC";"Sul";"Queda de Moto";0;0;0;1;0;0;0;0;0;0;0;1;0;0;0
"01/11/2014";"12:26:00";"34";"com vítima";"154";"BR-116/PR";"Norte";"Saida de Pista";1;0;0;0;0;0;0;0;0;0;0;1;0;0;0
"01/11/2014";"09:57:00";"81";"com vítima";"207.5";"BR-116/SC";"Sul";"Colisão Transversal";2;0;0;0;0;0;0;0;0;0;1;2;0;0;0
"02/11/2014";"12:19:00";"90";"sem vítima";"14";"BR-116/SC";"Norte";"Choque - Objeto sobre a pista";1;0;1;0;0;0;0;0;0;0;2;0;0;0;0
"02/11/2014";"12:28:00";"91";"sem vítima";"164";"BR-116/PR";"Sul";"Saida de Pista";1;0;0;0;0;0;0;0;0;0;4;0;0;0;0
"02/11/2014";"12:59:00";"92";"sem vítima";"170";"BR-116/PR";"Sul";"Saida de Pista";1;0;0;0;0;0;0;0;0;0;1;0;0;0;0
"02/11/2014";"05:35:00";"101";"sem vítima";"147";"BR-116/PR";"Norte";"Queda de Moto";0;0;0;1;0;0;0;0;0;0;1;0;0;0;0
"02/11/2014";"10:00:00";"109";"sem vítima";"204";"BR-116/PR";"Norte";"Colisão Traseira";1;0;1;0;0;0;0;0;0;0;2;0;0;0;0
"02/11/2014";"01:00:00";"117";"sem vítima";"199.7";"BR-116/PR";"Sul";"Saida de Pista";1;0;0;0;0;0;0;0;0;0;1;0;0;0;0
"02/11/2014";"04:06:00";"130";"sem vítima";"210.8";"BR-116/PR";"Sul";"Colisão Transversal";2;0;0;0;0;0;0;0;0;0;5;0;0;0;0
"02/11/2014";"04:35:00";"133";"sem vítima";"151.1";"BR-116/PR";"Sul";"Colisão Lateral";2;0;0;0;0;0;0;0;0;0;3;0;0;0;0
"02/11/2014";"09:28:00";"161";"com vítima";"267.7";"BR-116/SC";"Sul";"Colisão Transversal";2;0;0;0;0;0;0;0;0;0;2;1;0;0;0
"02/11/2014";"09:52:00";"162";"sem vítima";"122";"BR-116/PR";"Sul";"Colisão Lateral";2;0;0;0;0;0;0;0;0;0;2;0;0;0;0
"02/11/2014";"10:02:00";"164";"com vítima";"127.8";"BR-116/PR";"Norte";"Colisão Traseira";3;0;0;0;0;0;0;0;0;0;7;1;0;0;0
"02/11/2014";"10:03:00";"166";"com vítima";"224.2";"BR-116/SC";"Norte";"Colisão Traseira";2;0;0;0;0;0;0;0;0;0;2;2;0;0;0
"02/11/2014";"11:53:00";"172";"sem vítima";"138";"BR-116/PR";"Norte";"Objeto lançado contra veículo";1;0;0;0;0;0;0;0;0;0;2;0;0;0;0
"03/11/2014";"07:38:00";"187";"sem vítima";"122.5";"BR-116/PR";"Norte";"Engavetamento";4;0;0;0;0;0;0;0;0;0;4;0;0;0;0
"03/11/2014";"07:48:00";"188";"com vítima";"139";"BR-116/PR";"Sul";"Colisão Traseira";0;0;0;1;0;1;0;0;0;0;1;1;0;0;0
"03/11/2014";"11:51:00";"220";"com vítima";"115.4";"BR-116/PR";"Norte";"Colisão Lateral";1;0;0;1;0;0;0;0;0;0;1;0;0;1;0
"04/11/2014";"08:32:00";"306";"sem vítima";"115.5";"BR-116/PR";"Norte";"Engavetamento";5;0;0;0;0;0;0;0;0;0;5;0;0;0;0
"04/11/2014";"11:48:00";"325";"sem vítima";"234.8";"BR-116/SC";"Norte";"Saida de Pista";1;0;0;0;0;0;0;0;0;0;3;0;0;0;0
"04/11/2014";"03:57:00";"346";"com vítima";"199.4";"BR-116/PR";"Norte";"Colisão Frontal";1;0;0;0;0;0;0;0;0;1;1;1;0;0;0
"04/11/2014";"04:53:00";"353";"sem vítima";"154.9";"BR-116/PR";"Norte";"Saida de Pista";1;0;0;0;0;0;0;0;0;0;2;0;0;0;0
"04/11/2014";"06:05:00";"356";"sem vítima";"199.45";"BR-116/PR";"Norte";"Saida de Pista";0;0;1;0;0;0;0;0;0;0;2;0;0;0;0
"04/11/2014";"10:52:00";"373";"sem vítima";"208.05";"BR-116/PR";"Sul";"Colisão Traseira";0;0;2;0;0;0;0;0;0;0;2;0;0;0;0
"05/11/2014";"12:01:00";"420";"com vítima";"211";"BR-116/PR";"Sul";"Atropelamento - Usuário";0;1;0;0;0;1;0;0;0;0;1;1;0;0;0
"05/11/2014";"01:12:00";"426";"sem vítima";"142";"BR-116/PR";"Sul";"Objeto lançado contra veículo";1;0;0;0;0;0;0;0;0;0;1;0;0;0;0
"05/11/2014";"01:39:00";"429";"sem vítima";"191.2";"BR-116/SC";"Norte";"Saida de Pista";1;0;0;0;0;0;0;0;0;0;1;0;0;0;0
"05/11/2014";"05:51:00";"465";"sem vítima";"219.1";"BR-116/SC";"Sul";"Atropelamento de Animal";1;0;0;0;0;0;0;0;0;0;1;0;0;0;0
"06/11/2014";"06:58:00";"494";"com vítima";"128.4";"BR-116/PR";"Norte";"Colisão Lateral";1;0;0;1;0;0;0;0;0;0;2;1;0;0;0
"06/11/2014";"08:42:00";"503";"sem vítima";"141";"BR-116/PR";"Norte";"Colisão Lateral";1;0;1;0;0;0;0;0;0;0;2;0;0;0;0
"06/11/2014";"12:20:00";"533";"com vítima";"124.2";"BR-116/PR";"Norte";"Colisão Traseira";1;0;0;0;0;1;0;0;0;0;1;1;0;0;0
"06/11/2014";"11:39:00";"595";"com vítima";"127";"BR-116/PR";"Sul";"Choque - Veiculo parado na pista";1;0;0;1;0;0;0;0;0;0;1;1;0;0;0
"07/11/2014";"01:03:00";"599";"com vítima";"43.5";"BR-116/SC";"Sul";"Saida de Pista";0;0;0;0;0;0;0;0;0;1;0;1;0;0;0
"07/11/2014";"08:07:00";"606";"sem vítima";"203";"BR-116/PR";"Norte";"Choque - Cancela de Pedagio";0;0;1;0;0;0;0;0;0;0;1;0;0;0;0
"07/11/2014";"12:51:00";"630";"sem vítima";"149.4";"BR-116/PR";"Sul";"Saida de Pista";1;0;0;0;0;0;0;0;0;0;1;0;0;0;0
"07/11/2014";"12:54:00";"631";"com vítima";"85.5";"BR-116/SC";"Norte";"Colisão Frontal";1;0;0;0;0;0;0;0;0;1;0;1;0;2;2
"07/11/2014";"01:32:00";"632";"sem vítima";"89.2";"BR-116/SC";"Sul";"Colisão Frontal";2;0;0;0;0;0;0;0;0;0;2;0;0;0;0
"07/11/2014";"01:51:00";"633";"com vítima";"151.5";"BR-116/PR";"Sul";"Colisão Traseira";0;0;1;1;0;0;0;0;0;0;3;1;0;0;0
"07/11/2014";"02:45:00";"639";"sem vítima";"204";"BR-116/PR";"Sul";"Choque - Cancela de Pedagio";0;0;1;0;0;0;0;0;0;0;1;0;0;0;0
"07/11/2014";"03:24:00";"642";"sem vítima";"122.4";"BR-116/PR";"Sul";"Colisão Transversal";1;0;1;0;0;0;0;0;0;0;2;0;0;0;0
"07/11/2014";"07:46:00";"665";"com vítima";"149.95";"BR-116/PR";"Sul";"Colisão Transversal";1;0;1;0;0;0;0;0;0;0;1;2;0;0;0
"08/11/2014";"04:54:00";"687";"sem vítima";"247.7";"BR-116/SC";"Norte";"Saida de Pista";1;0;0;0;0;0;0;0;0;0;2;0;0;0;0
"08/11/2014";"06:05:00";"689";"sem vítima";"166";"BR-116/SC";"Norte";"Choque - Objeto sobre a pista";0;0;1;0;0;0;0;0;0;0;1;0;0;0;0
"08/11/2014";"09:10:00";"705";"sem vítima";"119.15";"BR-116/PR";"Norte";"Colisão Lateral";2;0;0;0;0;1;0;0;0;0;3;0;0;0;0
"08/11/2014";"03:50:00";"748";"sem vítima";"210.2";"BR-116/PR";"Sul";"Colisão Lateral";1;0;1;0;0;0;0;0;0;0;4;0;0;0;0
"08/11/2014";"04:52:00";"760";"sem vítima";"210.2";"BR-116/PR";"Sul";"Choque - Veiculo parado no acostamento";0;1;1;0;0;0;0;0;0;0;2;0;0;0;0
"08/11/2014";"05:46:00";"763";"sem vítima";"120.6";"BR-116/PR";"Norte";"Colisão Traseira";1;0;1;0;0;0;0;0;0;0;2;0;0;0;0
"08/11/2014";"06:24:00";"765";"com vítima";"163.75";"BR-116/SC";"Sul";"Atropelamento - Andarilho";0;0;0;0;0;1;0;0;0;0;1;1;0;0;0
"08/11/2014";"08:17:00";"777";"sem vítima";"221.2";"BR-116/SC";"Sul";"Colisão Traseira";2;0;0;0;0;0;0;0;0;0;5;0;0;0;0
"08/11/2014";"08:18:00";"778";"sem vítima";"124";"BR-116/PR";"Norte";"Colisão Traseira";2;0;0;0;0;1;0;0;0;0;3;0;0;0;0
"08/11/2014";"08:19:00";"779";"sem vítima";"97.6";"BR-116/SC";"Sul";"Saida de Pista";0;0;1;0;0;0;0;0;0;0;1;0;0;0;0
"08/11/2014";"09:06:00";"781";"sem vítima";"97.4";"BR-116/SC";"Norte";"Choque - Veiculo parado na pista";1;0;1;0;0;0;0;0;0;0;2;0;0;0;0
"08/11/2014";"09:09:00";"783";"com vítima";"140.6";"BR-116/SC";"Norte";"Colisão Lateral";1;0;1;0;0;0;0;0;0;0;4;1;0;0;0
"08/11/2014";"09:48:00";"787";"sem vítima";"140.5";"BR-116/PR";"Sul";"Colisão Transversal";1;0;0;0;0;0;0;0;0;1;2;0;0;0;0
"08/11/2014";"10:06:00";"788";"sem vítima";"140.5";"BR-116/PR";"Norte";"Colisão Traseira";0;0;0;0;0;0;0;0;0;2;2;0;0;0;0
"09/11/2014";"01:02:00";"800";"sem vítima";"63.4";"BR-116/SC";"Norte";"Queda de Moto";0;0;0;1;0;0;0;0;0;0;1;0;0;0;0
"09/11/2014";"03:46:00";"805";"sem vítima";"195";"BR-116/PR";"Sul";"Atropelamento de Animal";1;0;0;0;0;0;0;0;0;0;1;0;0;0;0
"09/11/2014";"06:27:00";"810";"sem vítima";"4.3";"BR-116/SC";"Norte";"Choque - Objeto sobre a pista";1;0;0;0;0;0;0;0;0;0;1;0;0;0;0
"09/11/2014";"01:55:00";"837";"sem vítima";"78";"BR-116/SC";"Norte";"Saida de Pista";1;0;0;0;0;0;0;0;0;0;1;0;0;0;0
"09/11/2014";"04:34:00";"853";"sem vítima";"127";"BR-116/PR";"Norte";"Colisão Lateral";1;0;1;0;0;0;0;0;0;0;2;0;0;0;0
"10/11/2014";"12:34:00";"893";"sem vítima";"205.95";"BR-116/PR";"Sul";"Saida de Pista";1;0;0;0;0;0;0;0;0;0;1;0;0;0;0
"10/11/2014";"11:39:00";"936";"sem vítima";"70";"BR-116/SC";"Norte";"Choque - Objeto sobre a pista";0;0;1;0;0;1;0;0;0;0;2;0;0;0;0
"11/11/2014";"07:21:00";"1022";"sem vítima";"148.9";"BR-116/PR";"Norte";"Saida de Pista";1;0;0;0;0;0;0;0;0;0;1;0;0;0;0
"11/11/2014";"07:39:00";"1026";"com vítima";"117";"BR-116/PR";"Norte";"Colisão Lateral";1;0;0;1;0;0;0;0;0;0;2;1;0;0;0
"11/11/2014";"10:54:00";"1050";"sem vítima";"203.3";"BR-116/SC";"Sul";"Colisão Lateral";1;0;2;0;0;0;0;0;0;0;3;0;0;0;0
"11/11/2014";"12:05:00";"1057";"com vítima";"5.5";"BR-116/SC";"Sul";"Colisão Transversal";1;0;0;1;0;0;0;0;0;0;2;1;0;0;0
"11/11/2014";"08:56:00";"1136";"com vítima";"129.3";"BR-116/PR";"Norte";"Atropelamento - Usuário";0;0;0;0;0;1;0;0;0;0;1;0;0;1;0
"12/11/2014";"07:31:00";"1151";"com vítima";"117.2";"BR-116/PR";"Sul";"Colisão Lateral";1;0;0;1;0;0;0;0;0;0;1;1;0;0;0
"12/11/2014";"07:47:00";"1152";"com vítima";"115.9";"BR-116/PR";"Norte";"Colisão Lateral";1;0;0;1;0;0;0;0;0;0;1;0;0;1;0
"12/11/2014";"11:01:00";"1178";"sem vítima";"168.5";"BR-116/SC";"Norte";"Colisão Transversal";0;0;1;0;0;0;0;0;1;0;2;0;0;0;0