data;horario;n_da_ocorrencia;tipo_de_ocorrencia;km;trecho;sentido;tipo_de_acidente;automovel;bicicleta;caminhao;moto;onibus;outros;tracao_animal;transporte_de_cargas_especiais;trator_maquinas;utilitarios;ilesos;levemente_feridos;moderadamente_feridos;gravemente_feridos;mortos
"28/12/2014";"06:20:00";"2923";"com vítima";"107";"BR-116/SC";"Sul";"Colisão Lateral";1;0;1;0;0;0;0;0;0;0;4;2;0;0;0
"29/12/2014";"04:51:00";"2965";"sem vítima";"184.6";"BR-116/SC";"Norte";"Saida de Pista";1;0;0;0;0;0;0;0;0;0;4;0;0;0;0
"29/12/2014";"08:32:00";"2974";"sem vítima";"12";"BR-116/SC";"Sul";"Colisão Transversal";1;0;0;0;0;1;0;0;0;0;6;0;0;0;0
"29/12/2014";"10:20:00";"2980";"sem vítima";"117";"BR-116/PR";"Norte";"Colisão Lateral";1;0;1;0;0;0;0;0;0;0;3;0;0;0;0
"29/12/2014";"10:43:00";"2982";"com vítima";"288";"BR-116/SC";"Sul";"Saida de Pista";0;0;1;0;0;0;0;0;0;0;0;1;0;1;0
"30/12/2014";"01:15:00";"3048";"sem vítima";"139.4";"BR-116/SC";"Sul";"Choque - Objeto sobre a pista";0;0;2;0;0;0;0;0;0;0;2;0;0;0;0
"30/12/2014";"08:04:00";"3064";"sem vítima";"126";"BR-116/PR";"Norte";"Colisão Traseira";2;0;0;0;0;0;0;0;0;0;2;0;0;0;0
"30/12/2014";"11:11:00";"3141";"com vítima";"13.5";"BR-116/SC";"Sul";"Colisão Traseira";1;0;0;1;0;0;0;0;0;0;2;1;0;0;0
"31/12/2014";"06:16:00";"3153";"sem vítima";"142.8";"BR-116/SC";"Norte";"Colisão Traseira";2;0;1;1;0;0;0;0;0;0;5;0;0;0;0
"31/12/2014";"06:37:00";"3154";"sem vítima";"169.15";"BR-116/PR";"Norte";"Saida de Pista";1;0;0;0;0;0;0;0;0;0;1;0;0;0;0
"31/12/2014";"10:54:00";"3182";"sem vítima";"202.2";"BR-116/PR";"Sul";"Colisão Traseira";1;0;0;1;0;0;0;0;0;0;2;0;0;0;0
"31/12/2014";"04:11:00";"3202";"sem vítima";"245";"BR-116/SC";"Norte";"Colisão Traseira";1;0;0;0;0;0;0;0;0;0;2;0;0;0;0
"31/12/2014";"07:02:00";"3211";"sem vítima";"106.5";"BR-116/SC";"Sul";"Saida de Pista";1;0;0;0;0;0;0;0;0;0;1;0;0;0;0
"31/12/2014";"10:21:00";"3218";"sem vítima";"141.6";"BR-116/PR";"Sul";"Colisão Lateral";1;0;1;0;0;0;0;0;0;0;2;0;0;0;0
"01/01/2015";"02:22:00";"4";"sem vítima";"220.4";"BR-116/SC";"Sul";"Colisão Transversal";2;0;0;0;0;0;0;0;0;0;2;0;0;0;0
"01/01/2015";"10:34:00";"54";"sem vítima";"98.4";"BR-116/SC";"Norte";"Atropelamento de Animal";1;0;0;0;0;0;0;0;0;0;1;0;0;0;0
"02/01/2015";"09:00:00";"120";"sem vítima";"152";"BR-116/PR";"Sul";"Colisão Transversal";1;0;0;0;0;0;0;0;0;1;5;0;0;0;0
"03/01/2015";"12:37:00";"157";"sem vítima";"204";"BR-116/PR";"Sul";"Choque - Cancela de Pedagio";1;0;0;0;0;0;0;0;0;0;1;0;0;0;0
"03/01/2015";"02:03:00";"163";"sem vítima";"134";"BR-116/PR";"Norte";"Choque - Cancela de Pedagio";1;0;0;0;0;0;0;0;0;0;2;0;0;0;0
"03/01/2015";"03:54:00";"169";"sem vítima";"310.24";"BR-116/SC";"Sul";"Colisão Traseira";2;0;0;0;0;0;0;0;0;0;6;0;0;0;0
"03/01/2015";"04:40:00";"173";"sem vítima";"145.4";"BR-116/PR";"Norte";"Queda de Moto";0;0;0;1;0;0;0;0;0;0;1;0;0;0;0
"04/01/2015";"09:01:00";"221";"sem vítima";"146";"BR-116/PR";"Sul";"Capotamento";2;0;0;0;0;0;0;0;0;0;8;0;0;0;0
"04/01/2015";"12:38:00";"232";"sem vítima";"134";"BR-116/PR";"Sul";"Choque - Cancela de Pedagio";0;0;0;0;0;0;0;0;0;1;2;0;0;0;0
"04/01/2015";"01:52:00";"236";"com vítima";"258.7";"BR-116/SC";"Norte";"Colisão Frontal";2;0;0;0;0;0;0;0;0;0;0;3;0;1;0
"04/01/2015";"06:33:00";"266";"sem vítima";"117";"BR-116/PR";"Norte";"Colisão Traseira";2;0;0;0;0;0;0;0;0;0;2;0;0;0;0
"05/01/2015";"07:13:00";"305";"sem vítima";"267";"BR-116/SC";"Sul";"Saida de Pista";1;0;0;0;0;0;0;0;0;0;2;0;0;0;0
"05/01/2015";"10:44:00";"321";"sem vítima";"204";"BR-116/PR";"Norte";"Choque - Cancela de Pedagio";1;0;0;0;0;0;0;0;0;0;1;0;0;0;0
"05/01/2015";"02:22:00";"333";"sem vítima";"204";"BR-116/SC";"Sul";"Choque - Cancela de Pedagio";1;0;0;0;0;0;0;0;0;0;1;0;0;0;0
"05/01/2015";"09:19:00";"362";"sem vítima";"10.9";"BR-116/SC";"Sul";"Choque - Arvore";1;0;0;0;0;0;0;0;0;0;1;0;0;0;0
"05/01/2015";"09:22:00";"363";"sem vítima";"10.9";"BR-116/SC";"Sul";"Choque - Arvore";1;0;0;0;0;0;0;0;0;0;1;0;0;0;0
"06/01/2015";"04:53:00";"376";"sem vítima";"40";"BR-116/SC";"Sul";"Saida de Pista";1;0;0;0;0;0;0;0;0;0;1;0;0;0;0
"06/01/2015";"08:24:00";"382";"sem vítima";"134";"BR-116/SC";"Sul";"Choque - Cancela de Pedagio";1;0;0;0;0;0;0;0;0;0;1;0;0;0;0
"06/01/2015";"11:01:00";"398";"sem vítima";"134.6";"BR-116/PR";"Sul";"Choque - Cancela de Pedagio";1;0;0;0;0;0;0;0;0;0;2;0;0;0;0
"06/01/2015";"12:45:00";"408";"sem vítima";"145.8";"BR-116/PR";"Sul";"Choque - Objeto sobre a pista";1;0;0;0;0;0;0;0;0;0;3;0;0;0;0
"06/01/2015";"06:02:00";"444";"sem vítima";"134";"BR-116/PR";"Norte";"Choque - Defensa, barreira ou "submarino"";1;0;0;0;0;0;0;0;0;0;1;0;0;0;0
"07/01/2015";"05:08:00";"562";"sem vítima";"136.4";"BR-116/SC";"Norte";"Choque - Veiculo parado na pista";2;0;1;0;0;0;0;0;0;0;3;0;0;0;0
"07/01/2015";"08:06:00";"580";"sem vítima";"233";"BR-116/SC";"Sul";"Choque - Cancela de Pedagio";1;0;0;0;0;0;0;0;0;0;3;0;0;0;0
"08/01/2015";"12:55:00";"602";"sem vítima";"115";"BR-116/PR";"Sul";"Colisão Transversal";1;0;0;1;0;0;0;0;0;0;3;0;0;0;0
"08/01/2015";"01:49:00";"667";"sem vítima";"204";"BR-116/PR";"Sul";"Choque - Objeto não identificado";1;0;0;0;0;0;0;0;0;0;1;0;0;0;0
"08/01/2015";"02:16:00";"668";"sem vítima";"117";"BR-116/PR";"Sul";"Choque - Veiculo parado na pista";2;0;0;0;0;0;0;0;0;0;3;0;0;0;0
"08/01/2015";"02:55:00";"673";"sem vítima";"216.1";"BR-116/SC";"Norte";"Saida de Pista";1;0;0;0;0;0;0;0;0;0;1;0;0;0;0
"08/01/2015";"05:01:00";"696";"sem vítima";"233";"BR-116/SC";"Norte";"Choque - Outros";1;0;0;0;0;0;0;0;0;0;4;0;0;0;0
"08/01/2015";"06:24:00";"705";"sem vítima";"2";"BR-116/SC";"Norte";"Choque - Defensa, barreira ou "submarino"";1;0;0;0;0;0;0;0;0;0;1;0;0;0;0
"08/01/2015";"06:30:00";"706";"sem vítima";"154.5";"BR-116/PR";"Sul";"Saida de Pista";0;0;0;0;0;0;0;0;0;1;3;0;0;0;0
"09/01/2015";"11:24:00";"752";"sem vítima";"134.4";"BR-116/PR";"Norte";"Colisão Lateral";2;0;0;0;0;0;0;0;0;0;2;0;0;0;0
"09/01/2015";"12:18:00";"759";"sem vítima";"142";"BR-116/PR";"Sul";"Choque - Objeto não identificado";1;0;0;0;0;0;0;0;0;0;1;0;0;0;0
"09/01/2015";"06:34:00";"801";"sem vítima";"245.6";"BR-116/SC";"Sul";"Colisão Transversal";2;0;0;0;0;0;0;0;0;0;8;0;0;0;0
"10/01/2015";"09:23:00";"848";"sem vítima";"193";"BR-116/PR";"Sul";"Objeto lançado contra veículo";1;0;0;0;0;0;0;0;0;0;4;0;0;0;0
"10/01/2015";"09:49:00";"850";"sem vítima";"134";"BR-116/PR";"Sul";"Choque - Cancela de Pedagio";1;0;0;0;0;0;0;0;0;0;4;0;0;0;0
"10/01/2015";"02:43:00";"868";"com vítima";"255";"BR-116/SC";"Sul";"Colisão Transversal";0;0;0;1;1;0;0;0;0;0;25;2;0;0;0
"10/01/2015";"02:55:00";"869";"sem vítima";"152.2";"BR-116/PR";"Sul";"Colisão Traseira";1;0;1;0;0;0;0;0;0;0;2;0;0;0;0
"10/01/2015";"06:05:00";"882";"sem vítima";"148";"BR-116/PR";"Sul";"Saida de Pista";1;0;0;0;0;0;0;0;0;0;1;0;0;0;0
"10/01/2015";"06:45:00";"887";"sem vítima";"140.6";"BR-116/SC";"Norte";"Choque - Objeto sobre a pista";1;0;0;0;0;0;0;0;0;0;1;0;0;0;0
"10/01/2015";"09:42:00";"900";"com vítima";"126.2";"BR-116/PR";"Sul";"Colisão Traseira";3;0;0;0;0;0;0;0;0;0;7;1;0;0;0
"11/01/2015";"12:18:00";"906";"com vítima";"62.7";"BR-116/SC";"Sul";"Colisão Lateral";2;0;0;0;0;0;0;0;0;0;1;2;0;0;0
"11/01/2015";"12:20:00";"907";"com vítima";"131.3";"BR-116/PR";"Sul";"Colisão Transversal";1;0;1;0;0;0;0;0;0;0;1;3;0;0;0
"11/01/2015";"07:05:00";"913";"sem vítima";"145.5";"BR-116/PR";"Sul";"Saida de Pista";1;0;0;0;0;0;0;0;0;0;2;0;0;0;0
"11/01/2015";"09:45:00";"921";"sem vítima";"275";"BR-116/SC";"Norte";"Choque - Objeto sobre a pista";1;0;0;0;0;0;0;0;0;0;4;0;0;0;0
"11/01/2015";"02:09:00";"944";"sem vítima";"89.9";"BR-116/SC";"Norte";"Saida de Pista";0;0;1;0;0;0;0;0;0;0;1;0;0;0;0
"11/01/2015";"06:31:00";"976";"sem vítima";"207.5";"BR-116/PR";"Norte";"Choque - Objeto sobre a pista";1;0;0;0;0;0;0;0;0;0;4;0;0;0;0
"11/01/2015";"07:08:00";"978";"com vítima";"129";"BR-116/PR";"Norte";"Engavetamento";5;0;0;0;0;0;0;0;0;0;5;1;0;0;0
"11/01/2015";"07:11:00";"980";"com vítima";"67.7";"BR-116/SC";"Sul";"Saida de Pista";1;0;0;0;0;0;0;0;0;0;0;1;0;0;0
"11/01/2015";"08:24:00";"989";"sem vítima";"209";"BR-116/PR";"Norte";"Colisão Transversal";1;0;0;0;1;0;0;0;0;0;2;0;0;0;0
"11/01/2015";"09:13:00";"992";"com vítima";"156.9";"BR-116/PR";"Sul";"Colisão Frontal";3;0;0;0;0;0;0;0;0;0;2;1;0;1;0
"12/01/2015";"06:49:00";"1014";"sem vítima";"129";"BR-116/PR";"Norte";"Colisão Transversal";1;0;1;0;0;0;0;0;0;0;6;0;0;0;0
"12/01/2015";"01:04:00";"1043";"sem vítima";"234.44";"BR-116/SC";"Sul";"Colisão Lateral";1;0;2;0;0;0;0;0;0;0;7;0;0;0;0
"12/01/2015";"02:48:00";"1052";"sem vítima";"4.5";"BR-116/SC";"Sul";"Objeto lançado contra veículo";1;0;0;0;0;0;0;0;0;0;1;0;0;0;0
"12/01/2015";"09:30:00";"1096";"com vítima";"140.5";"BR-116/SC";"Sul";"Colisão Lateral";0;0;1;1;0;0;0;0;0;0;1;0;0;1;0
"13/01/2015";"08:17:00";"1121";"com vítima";"233";"BR-116/SC";"Sul";"Choque - Defensa, barreira ou "submarino"";0;0;1;0;0;0;0;0;0;0;0;1;0;1;0
"13/01/2015";"09:30:00";"1126";"sem vítima";"256.6";"BR-116/SC";"Norte";"Objeto lançado contra veículo";0;0;1;0;0;0;0;0;0;0;1;0;0;0;0
"13/01/2015";"06:21:00";"1189";"com vítima";"134";"BR-116/SC";"Sul";"Choque - Veiculo parado na pista";1;0;0;1;0;0;0;0;0;0;1;1;0;0;0
"13/01/2015";"06:25:00";"1191";"sem vítima";"120.5";"BR-116/PR";"Norte";"Colisão Traseira";1;0;0;1;0;0;0;0;0;0;2;0;0;0;0
"13/01/2015";"06:42:00";"1192";"sem vítima";"199";"BR-116/PR";"Norte";"Colisão Lateral";1;0;1;0;0;0;0;0;0;0;2;0;0;0;0
"13/01/2015";"10:33:00";"1207";"sem vítima";"107.7";"BR-116/SC";"Norte";"Saida de Pista";1;0;0;0;0;0;0;0;0;0;1;0;0;0;0
"13/01/2015";"11:09:00";"1213";"sem vítima";"175";"BR-116/PR";"Norte";"Colisão Lateral";1;0;1;0;0;0;0;0;0;0;2;0;0;0;0
"14/01/2015";"08:01:00";"1235";"sem vítima";"134";"BR-116/PR";"Sul";"Choque - Cancela de Pedagio";1;0;0;0;0;0;0;0;0;0;1;0;0;0;0
"14/01/2015";"12:29:00";"1266";"sem vítima";"80";"BR-116/SC";"Sul";"Objeto lançado contra veículo";1;0;0;0;0;0;0;0;0;0;1;0;0;0;0
"14/01/2015";"05:15:00";"1307";"sem vítima";"114";"BR-116/SC";"Norte";"Colisão Lateral";1;0;1;0;0;0;0;0;0;0;4;0;0;0;0
"14/01/2015";"07:57:00";"1319";"sem vítima";"123";"BR-116/PR";"Norte";"Objeto lançado contra veículo";1;0;0;0;0;0;0;0;0;0;1;0;0;0;0
"15/01/2015";"02:39:00";"1334";"sem vítima";"204.7";"BR-116/SC";"Sul";"Atropelamento - Funcionário";0;0;0;0;0;0;0;0;0;1;1;0;0;0;0
"15/01/2015";"08:31:00";"1354";"com vítima";"12.3";"BR-116/SC";"Norte";"Colisão Transversal";2;0;0;0;0;0;0;0;0;0;2;1;0;0;0
"15/01/2015";"03:03:00";"1402";"sem vítima";"130";"BR-116/PR";"Sul";"Choque - Objeto não identificado";0;0;1;0;0;0;0;0;0;0;1;0;0;0;0
"15/01/2015";"03:42:00";"1412";"sem vítima";"134";"BR-116/PR";"Norte";"Choque - Cancela de Pedagio";1;0;0;0;0;0;0;0;0;0;1;0;0;0;0
"15/01/2015";"06:20:00";"1434";"sem vítima";"1.4";"BR-116/SC";"Norte";"Colisão Lateral";1;0;0;0;0;0;0;0;0;1;2;0;0;0;0
"15/01/2015";"11:00:00";"1450";"com vítima";"87.8";"BR-116/SC";"Sul";"Saida de Pista";1;0;0;0;0;0;0;0;0;0;0;1;0;0;0
"16/01/2015";"08:04:00";"1469";"sem vítima";"117.3";"BR-116/PR";"Norte";"Engavetamento";4;0;0;0;0;0;0;0;0;0;4;0;0;0;0
"16/01/2015";"10:40:00";"1497";"sem vítima";"133.8";"BR-116/PR";"Norte";"Tombamento";0;0;1;0;0;0;0;0;0;0;1;0;0;0;0
"16/01/2015";"03:29:00";"1532";"sem vítima";"193.7";"BR-116/PR";"Sul";"Colisão Traseira";0;0;3;0;0;0;0;0;0;0;3;0;0;0;0
"16/01/2015";"06:50:00";"1566";"sem vítima";"141";"BR-116/PR";"Sul";"Saida de Pista";1;0;0;0;0;0;0;0;0;0;1;0;0;0;0
"16/01/2015";"08:07:00";"1581";"sem vítima";"134";"BR-116/PR";"Sul";"Choque - Cancela de Pedagio";1;0;0;0;0;0;0;0;0;0;1;0;0;0;0
"16/01/2015";"09:10:00";"1587";"com vítima";"145.4";"BR-116/PR";"Norte";"Colisão Frontal";1;0;0;1;0;0;0;0;0;1;5;0;0;0;1
"17/01/2015";"04:18:00";"1604";"sem vítima";"128";"BR-116/PR";"Norte";"Saida de Pista";1;0;0;0;0;0;0;0;0;0;2;0;0;0;0
"17/01/2015";"08:54:00";"1614";"sem vítima";"135.3";"BR-116/SC";"Sul";"Saida de Pista";0;0;0;0;0;0;0;0;0;1;1;0;0;0;0
"17/01/2015";"12:24:00";"1623";"sem vítima";"138";"BR-116/PR";"Sul";"Choque - Objeto sobre a pista";1;0;0;0;0;0;0;0;0;0;1;0;0;0;0
"17/01/2015";"12:32:00";"1625";"sem vítima";"204";"BR-116/PR";"Norte";"Choque - Cancela de Pedagio";1;0;0;0;0;0;0;0;0;0;1;0;0;0;0
"17/01/2015";"01:58:00";"1633";"com vítima";"129";"BR-116/PR";"Norte";"Queda de Moto";0;0;0;1;0;1;0;0;0;0;1;1;0;0;0
"17/01/2015";"02:08:00";"1635";"sem vítima";"141";"BR-116/PR";"Norte";"Saida de Pista";1;0;0;0;0;0;0;0;0;0;1;0;0;0;0
"17/01/2015";"06:25:00";"1669";"sem vítima";"134";"BR-116/PR";"Sul";"Choque - Cancela de Pedagio";1;0;0;0;0;0;0;0;0;0;1;0;0;0;0
"17/01/2015";"07:29:00";"1679";"sem vítima";"204";"BR-116/PR";"Norte";"Choque - Cancela de Pedagio";1;0;0;0;0;0;0;0;0;0;1;0;0;0;0
"18/01/2015";"04:54:00";"1701";"sem vítima";"175";"BR-116/SC";"Norte";"Saida de Pista";1;0;0;0;0;0;0;0;0;0;1;0;0;0;0
"18/01/2015";"10:19:00";"1713";"sem vítima";"134";"BR-116/PR";"Sul";"Choque - Cancela de Pedagio";0;0;0;0;0;0;0;0;0;1;1;0;0;0;0
"18/01/2015";"02:18:00";"1718";"com vítima";"117";"BR-116/PR";"Sul";"Queda de Moto";0;0;0;1;0;0;0;0;0;0;0;1;0;0;0
"18/01/2015";"06:29:00";"1740";"sem vítima";"131";"BR-116/PR";"Norte";"Colisão Transversal";2;0;0;0;0;0;0;0;0;0;2;0;0;0;0
"18/01/2015";"08:58:00";"1753";"sem vítima";"144";"BR-116/PR";"Norte";"Colisão Transversal";2;0;0;0;0;0;0;0;0;0;3;0;0;0;0
"18/01/2015";"10:25:00";"1763";"sem vítima";"138";"BR-116/SC";"Sul";"Objeto lançado contra veículo";1;0;0;0;0;0;0;0;0;0;1;0;0;0;0
"18/01/2015";"10:41:00";"1764";"sem vítima";"211.5";"BR-116/SC";"Norte";"Saida de Pista";1;0;0;0;0;0;0;0;0;0;1;0;0;0;0
"19/01/2015";"07:34:00";"1787";"sem vítima";"204";"BR-116/PR";"Sul";"Choque - Cancela de Pedagio";1;0;0;0;0;0;0;0;0;0;1;0;0;0;0
"19/01/2015";"08:34:00";"1792";"sem vítima";"214";"BR-116/SC";"Sul";"Choque - Objeto sobre a pista";1;0;0;0;0;1;0;0;0;0;2;0;0;0;0
"19/01/2015";"02:20:00";"1822";"sem vítima";"233";"BR-116/SC";"Norte";"Choque - Cancela de Pedagio";1;0;0;0;0;0;0;0;0;0;1;0;0;0;0
"19/01/2015";"03:27:00";"1834";"sem vítima";"233";"BR-116/SC";"Norte";"Colisão Traseira";1;0;1;0;0;0;0;0;0;0;5;0;0;0;0
"19/01/2015";"05:27:00";"1855";"sem vítima";"245.5";"BR-116/SC";"Norte";"Colisão Traseira";2;0;0;0;0;0;0;0;0;0;4;0;0;0;0
"20/01/2015";"12:06:00";"1887";"sem vítima";"47.5";"BR-116/SC";"Norte";"Saida de Pista";1;0;0;0;0;0;0;0;0;0;2;0;0;0;0
"20/01/2015";"08:19:00";"1904";"sem vítima";"68.6";"BR-116/SC";"Norte";"Saida de Pista";1;0;0;0;0;0;0;0;0;0;1;0;0;0;0
"20/01/2015";"02:27:00";"1938";"sem vítima";"263";"BR-116/SC";"Sul";"Saida de Pista";1;0;0;0;0;0;0;0;0;0;1;0;0;0;0
"20/01/2015";"02:39:00";"1940";"com vítima";"1.7";"BR-116/SC";"Norte";"Engavetamento";0;0;4;0;0;0;0;0;0;0;2;2;0;0;0
"20/01/2015";"06:19:00";"1964";"sem vítima";"128.8";"BR-116/PR";"Sul";"Colisão Traseira";1;0;1;0;0;0;0;0;0;0;2;0;0;0;0
"21/01/2015";"01:18:00";"1989";"sem vítima";"116";"BR-116/PR";"Sul";"Colisão Traseira";0;0;2;0;0;0;0;0;0;0;2;0;0;0;0
"21/01/2015";"05:47:00";"2001";"sem vítima";"47";"BR-116/SC";"Sul";"Choque - Suporte de Sinalização";0;0;1;0;0;0;0;0;0;0;1;0;0;0;0
"21/01/2015";"05:59:00";"2002";"sem vítima";"122";"BR-116/PR";"Norte";"Choque - Defensa, barreira ou "submarino"";1;0;0;0;0;0;0;0;0;0;1;0;0;0;0
"21/01/2015";"08:12:00";"2007";"com vítima";"126";"BR-116/PR";"Norte";"Colisão Traseira";1;0;0;1;0;0;0;0;0;0;5;1;0;0;0
"21/01/2015";"09:52:00";"2099";"sem vítima";"268";"BR-116/SC";"Norte";"Atropelamento de Animal";1;0;0;0;0;0;0;0;0;0;1;0;0;0;0
"22/01/2015";"03:00:00";"2107";"sem vítima";"137.3";"BR-116/SC";"Sul";"Choque - Arvore";0;0;1;0;0;0;0;0;0;0;2;0;0;0;0
"22/01/2015";"08:05:00";"2121";"sem vítima";"195.7";"BR-116/SC";"Norte";"Colisão Traseira";2;0;0;0;0;0;0;0;0;0;2;0;0;0;0
"22/01/2015";"01:43:00";"2162";"com vítima";"48";"BR-116/SC";"Sul";"Choque - Veiculo parado na pista";0;0;2;0;1;0;0;0;0;0;2;0;0;0;1
"22/01/2015";"03:57:00";"2175";"sem vítima";"153";"BR-116/SC";"Sul";"Saida de Pista";0;0;1;0;0;0;0;0;0;0;1;0;0;0;0
"22/01/2015";"04:02:00";"2176";"sem vítima";"48.5";"BR-116/SC";"Sul";"Choque - Veiculo parado na pista";0;0;2;0;0;0;0;0;0;0;2;0;0;0;0
"23/01/2015";"07:35:00";"2226";"sem vítima";"145";"BR-116/SC";"Sul";"Atropelamento de Animal";1;0;0;0;0;0;0;0;0;0;1;0;0;0;0
"23/01/2015";"03:46:00";"2278";"sem vítima";"134";"BR-116/PR";"Sul";"Choque - Cancela de Pedagio";0;0;0;0;0;0;0;0;0;1;1;0;0;0;0
"23/01/2015";"04:13:00";"2283";"com vítima";"117.1";"BR-116/PR";"Sul";"Queda de Moto";0;0;0;1;0;0;0;0;0;0;0;1;0;0;0
"23/01/2015";"06:31:00";"2299";"sem vítima";"134";"BR-116/PR";"Sul";"Choque - Cancela de Pedagio";1;0;0;0;0;0;0;0;0;0;1;0;0;0;0
"23/01/2015";"07:41:00";"2308";"sem vítima";"130.2";"BR-116/SC";"Sul";"Colisão Traseira";0;0;2;0;0;0;0;0;0;0;2;0;0;0;0
"24/01/2015";"03:50:00";"2329";"sem vítima";"152.4";"BR-116/PR";"Norte";"Colisão Transversal";2;0;0;0;0;0;0;0;0;0;2;0;0;0;0
"24/01/2015";"06:13:00";"2332";"com vítima";"131.1";"BR-116/PR";"Norte";"Colisão Transversal";2;0;0;0;0;0;0;0;0;0;3;2;0;0;0
"24/01/2015";"06:26:00";"2333";"sem vítima";"81";"BR-116/SC";"Norte";"Colisão Traseira";0;0;1;0;1;0;0;0;0;0;2;0;0;0;0
"24/01/2015";"06:42:00";"2334";"sem vítima";"120";"BR-116/PR";"Sul";"Colisão Lateral";1;0;1;0;0;0;0;0;0;0;2;0;0;0;0
"24/01/2015";"10:11:00";"2353";"com vítima";"264.7";"BR-116/SC";"Norte";"Choque - Defensa, barreira ou "submarino"";0;0;1;0;0;0;0;0;0;0;0;3;0;0;0
"24/01/2015";"11:24:00";"2359";"sem vítima";"152";"BR-116/SC";"Sul";"Choque - Cancela de Pedagio";1;0;0;0;0;0;0;0;0;0;1;0;0;0;0
"24/01/2015";"12:05:00";"2364";"com vítima";"165";"BR-116/PR";"Sul";"Colisão Transversal";2;0;0;0;0;0;0;0;0;0;3;1;0;0;0
"24/01/2015";"03:10:00";"2377";"sem vítima";"219.3";"BR-116/SC";"Sul";"Colisão Transversal";2;0;0;0;0;0;0;0;0;0;7;0;0;0;0
"24/01/2015";"06:30:00";"2392";"com vítima";"245";"BR-116/SC";"Norte";"Colisão Transversal";1;0;1;0;0;0;0;0;0;0;1;2;0;0;0
"24/01/2015";"08:22:00";"2403";"sem vítima";"153";"BR-116/PR";"Sul";"Atropelamento de Animal";1;0;0;0;0;0;0;0;0;0;1;0;0;0;0
"24/01/2015";"10:49:00";"2414";"sem vítima";"133.7";"BR-116/PR";"Sul";"Choque - Objeto sobre a pista";1;0;0;0;0;0;0;0;0;0;4;0;0;0;0
"24/01/2015";"10:49:00";"2415";"sem vítima";"133.8";"BR-116/PR";"Sul";"Saida de Pista";1;0;0;0;0;0;0;0;0;0;1;0;0;0;0
"25/01/2015";"08:31:00";"2438";"sem vítima";"134";"BR-116/PR";"Sul";"Choque - Cancela de Pedagio";0;0;0;0;0;0;0;0;0;1;1;0;0;0;0
"25/01/2015";"06:41:00";"2484";"sem vítima";"140.6";"BR-116/SC";"Norte";"Colisão Transversal";2;0;0;0;0;0;0;0;0;0;2;0;0;0;0
"25/01/2015";"06:42:00";"2485";"sem vítima";"152.4";"BR-116/PR";"Sul";"Colisão Lateral";2;0;0;0;0;0;0;0;0;0;2;0;0;0;0
"25/01/2015";"06:56:00";"2491";"com vítima";"155.2";"BR-116/PR";"Sul";"Saida de Pista";1;0;0;0;0;0;0;0;0;0;1;4;0;0;0
"25/01/2015";"07:25:00";"2498";"com vítima";"155.5";"BR-116/PR";"Sul";"Engavetamento";2;0;1;0;0;0;0;0;0;0;3;1;0;0;0
"25/01/2015";"08:27:00";"2504";"sem vítima";"139.8";"BR-116/PR";"Norte";"Colisão Traseira";1;0;0;0;0;0;0;0;0;1;2;0;0;0;0
"25/01/2015";"08:34:00";"2507";"sem vítima";"129";"BR-116/PR";"Norte";"Colisão Traseira";1;0;1;0;0;0;0;0;0;0;2;0;0;0;0
"25/01/2015";"08:43:00";"2510";"sem vítima";"196.3";"BR-116/PR";"Norte";"Choque - Arvore";1;0;0;0;0;0;0;0;0;0;1;0;0;0;0
"25/01/2015";"08:59:00";"2512";"com vítima";"128";"BR-116/PR";"Norte";"Engavetamento";3;0;0;0;0;0;0;0;0;0;9;1;0;0;0
"26/01/2015";"07:11:00";"2524";"sem vítima";"61";"BR-116/SC";"Sul";"Choque - Outros";1;0;0;0;0;0;0;0;0;0;1;0;0;0;0
"26/01/2015";"09:24:00";"2537";"com vítima";"232.2";"BR-116/SC";"Norte";"Colisão Frontal";1;0;1;0;0;0;0;0;0;0;1;0;0;3;2
"26/01/2015";"10:23:00";"2541";"com vítima";"117.5";"BR-116/PR";"Sul";"Colisão Lateral";1;0;0;1;0;0;0;0;0;0;1;1;0;0;0
"26/01/2015";"07:34:00";"2603";"sem vítima";"129.2";"BR-116/PR";"Norte";"Colisão Transversal";2;0;0;0;0;0;0;0;0;0;3;0;0;0;0
"27/01/2015";"10:09:00";"2656";"com vítima";"115";"BR-116/PR";"Sul";"Colisão Lateral";0;0;1;1;0;0;0;0;0;0;1;0;0;1;0
"27/01/2015";"05:44:00";"2713";"com vítima";"129.7";"BR-116/PR";"Sul";"Colisão Transversal";2;0;0;1;0;0;0;0;0;0;2;1;0;0;0
"27/01/2015";"06:06:00";"2715";"com vítima";"181.2";"BR-116/SC";"Norte";"Saida de Pista";0;0;1;0;0;0;0;0;0;0;0;1;0;0;0
"28/01/2015";"01:40:00";"2737";"com vítima";"176.8";"BR-116/SC";"Sul";"Choque - Arvore";1;0;0;0;0;0;0;0;0;0;0;1;0;0;0
"28/01/2015";"12:41:00";"2788";"com vítima";"2.3";"BR-116/SC";"Sul";"Colisão Lateral";0;0;0;1;0;0;0;0;0;1;1;1;0;0;0