data;horario;n_da_ocorrencia;tipo_de_ocorrencia;km;trecho;sentido;tipo_de_acidente;automovel;bicicleta;caminhao;moto;onibus;outros;tracao_animal;transporte_de_cargas_especiais;trator_maquinas;utilitarios;ilesos;levemente_feridos;moderadamente_feridos;gravemente_feridos;mortos
"20/02/2015";"06:50:00";"2271";"sem vítima";"8";"BR-116/SC";"Sul";"Colisão Traseira";0;0;0;0;2;0;0;0;0;0;4;0;0;0;0
"20/02/2015";"10:45:00";"2290";"sem vítima";"138.5";"BR-116/PR";"Sul";"Saida de Pista";0;0;0;1;0;0;0;0;0;0;1;0;0;0;0
"21/02/2015";"04:46:00";"2306";"com vítima";"230.7";"BR-116/SC";"Norte";"Capotamento";1;0;0;0;0;0;0;0;0;0;1;1;0;0;0
"21/02/2015";"08:27:00";"2320";"sem vítima";"110.8";"BR-116/SC";"Sul";"Saida de Pista";1;0;0;0;0;0;0;0;0;0;1;0;0;0;0
"21/02/2015";"01:23:00";"2353";"sem vítima";"245";"BR-116/SC";"Sul";"Colisão Transversal";2;0;0;0;0;0;0;0;0;0;5;0;0;0;0
"21/02/2015";"03:59:00";"2371";"com vítima";"140.9";"BR-116/PR";"Norte";"Atropelamento - Usuário";1;0;0;0;0;0;0;0;0;0;4;2;0;0;0
"21/02/2015";"09:50:00";"2396";"com vítima";"52";"BR-116/SC";"Sul";"Colisão Frontal";1;0;1;0;0;0;0;0;0;0;1;1;0;0;0
"21/02/2015";"11:38:00";"2405";"sem vítima";"125";"BR-116/PR";"Norte";"Saida de Pista";1;0;0;0;0;0;0;0;0;0;2;0;0;0;0
"22/02/2015";"04:23:00";"2413";"com vítima";"116.95";"BR-116/PR";"Sul";"Colisão Traseira";1;0;0;1;0;0;0;0;0;0;1;1;0;0;0
"22/02/2015";"01:53:00";"2443";"sem vítima";"245.5";"BR-116/SC";"Sul";"Colisão Transversal";2;0;0;0;0;0;0;0;0;0;5;0;0;0;0
"22/02/2015";"02:08:00";"2446";"sem vítima";"119";"BR-116/PR";"Sul";"Saida de Pista";1;0;0;0;0;0;0;0;0;0;4;0;0;0;0
"22/02/2015";"04:46:00";"2461";"sem vítima";"150.5";"BR-116/PR";"Norte";"Objeto lançado contra veículo";1;0;0;0;0;0;0;0;0;0;2;0;0;0;0
"22/02/2015";"07:02:00";"2474";"com vítima";"173";"BR-116/PR";"Sul";"Saida de Pista";1;0;0;0;0;0;0;0;0;0;3;1;0;0;0
"22/02/2015";"11:06:00";"2493";"sem vítima";"203.6";"BR-116/SC";"Sul";"Choque - Defensa, barreira ou "submarino"";1;0;0;0;0;0;0;0;0;0;1;0;0;0;0
"23/02/2015";"12:35:00";"2499";"sem vítima";"243";"BR-116/SC";"Sul";"Saida de Pista";0;0;1;0;0;0;0;0;0;0;1;0;0;0;0
"23/02/2015";"06:35:00";"2510";"sem vítima";"246.3";"BR-116/SC";"Sul";"Colisão Traseira";0;0;0;0;0;1;0;0;0;1;2;0;0;0;0
"23/02/2015";"09:00:00";"2523";"sem vítima";"152";"BR-116/SC";"Sul";"Objeto lançado contra veículo";1;0;0;0;0;0;0;0;0;0;1;0;0;0;0
"23/02/2015";"11:18:00";"2537";"sem vítima";"138";"BR-116/PR";"Norte";"Choque - Outros";1;0;0;0;0;0;0;0;0;0;1;0;0;0;0
"23/02/2015";"11:24:00";"2539";"sem vítima";"179.7";"BR-116/SC";"Sul";"Objeto lançado contra veículo";1;0;0;0;0;0;0;0;0;0;1;0;0;0;0
"23/02/2015";"11:36:00";"2538";"sem vítima";"134";"BR-116/PR";"Norte";"Choque - Cancela de Pedagio";1;0;0;0;0;0;0;0;0;0;1;0;0;0;0
"23/02/2015";"01:53:00";"2547";"sem vítima";"134";"BR-116/PR";"Sul";"Choque - Cancela de Pedagio";1;0;0;0;0;0;0;0;0;0;1;0;0;0;0
"23/02/2015";"10:24:00";"2603";"sem vítima";"213.4";"BR-116/SC";"Sul";"Atropelamento de Animal";1;0;0;0;0;0;0;0;0;0;1;0;0;0;0
"24/02/2015";"06:04:00";"2615";"sem vítima";"117.5";"BR-116/PR";"Norte";"Colisão Traseira";2;0;0;0;0;0;0;0;0;0;2;0;0;0;0
"24/02/2015";"08:00:00";"2627";"com vítima";"117";"BR-116/PR";"Norte";"Colisão Traseira";1;0;0;1;0;0;0;0;0;0;1;1;0;0;0
"25/02/2015";"08:21:00";"2746";"sem vítima";"279.34";"BR-116/SC";"Norte";"Colisão Traseira";2;0;0;0;0;0;0;0;0;0;2;0;0;0;0
"25/02/2015";"08:48:00";"2750";"sem vítima";"169";"BR-116/PR";"Norte";"Saida de Pista";1;0;0;0;0;0;0;0;0;0;1;0;0;0;0
"25/02/2015";"11:55:00";"2777";"sem vítima";"219.9";"BR-116/SC";"Norte";"Colisão Traseira";1;0;0;0;0;0;0;0;0;1;2;0;0;0;0
"25/02/2015";"02:55:00";"2799";"sem vítima";"143.4";"BR-116/PR";"Norte";"Colisão Traseira";2;0;0;0;0;1;0;0;0;0;4;0;0;0;0
"25/02/2015";"04:09:00";"2807";"sem vítima";"204";"BR-116/PR";"Sul";"Colisão Traseira";0;0;1;0;0;0;0;0;0;1;2;0;0;0;0
"25/02/2015";"10:52:00";"2841";"sem vítima";"204";"BR-116/PR";"Sul";"Choque - Objeto sobre a pista";1;0;0;0;0;0;0;0;0;0;1;0;0;0;0
"26/02/2015";"07:23:00";"2876";"sem vítima";"5.5";"BR-116/SC";"Sul";"Colisão Transversal";2;0;0;0;0;0;0;0;0;0;2;0;0;0;0
"26/02/2015";"08:56:00";"2882";"sem vítima";"204";"BR-116/SC";"Norte";"Choque - Cancela de Pedagio";0;0;0;0;0;0;0;0;0;1;1;0;0;0;0
"26/02/2015";"04:29:00";"2936";"com vítima";"7.05";"BR-116/SC";"Sul";"Colisão Transversal";0;0;1;1;0;0;0;0;0;0;1;1;0;0;0
"26/02/2015";"06:48:00";"2953";"sem vítima";"98.6";"BR-116/SC";"Sul";"Colisão Traseira";1;0;0;0;0;1;0;0;0;0;2;0;0;0;0
"26/02/2015";"07:37:00";"2958";"sem vítima";"98.4";"BR-116/SC";"Norte";"Colisão Lateral";0;0;2;0;0;0;0;0;0;0;2;0;0;0;0
"27/02/2015";"06:18:00";"3096";"sem vítima";"129";"BR-116/PR";"Norte";"Colisão Traseira";2;0;0;0;0;0;0;0;0;0;2;0;0;0;0
"27/02/2015";"06:31:00";"3097";"sem vítima";"134";"BR-116/PR";"Norte";"Choque - Defensa, barreira ou "submarino"";0;0;1;0;0;0;0;0;0;0;1;0;0;0;0
"27/02/2015";"08:37:00";"3108";"sem vítima";"150.2";"BR-116/PR";"Norte";"Choque - Objeto sobre a pista";1;0;0;0;0;0;0;0;0;0;1;0;0;0;0
"28/02/2015";"12:16:00";"3136";"sem vítima";"164";"BR-116/PR";"Norte";"Saida de Pista";1;0;0;0;0;0;0;0;0;0;1;0;0;0;0
"28/02/2015";"01:29:00";"3140";"com vítima";"148";"BR-116/PR";"Norte";"Saida de Pista";1;0;0;0;0;0;0;0;0;0;3;1;0;0;0
"28/02/2015";"09:23:00";"3166";"sem vítima";"139";"BR-116/PR";"Norte";"Objeto lançado contra veículo";1;0;0;0;0;0;0;0;0;0;1;0;0;0;0
"28/02/2015";"03:58:00";"3197";"com vítima";"266";"BR-116/SC";"Sul";"Colisão Lateral";1;0;1;0;0;0;0;0;0;0;1;2;0;0;0
"28/02/2015";"10:37:00";"3233";"com vítima";"155";"BR-116/PR";"Sul";"Colisão Lateral";1;0;2;0;0;0;0;0;0;0;2;1;0;0;0
"01/03/2015";"04:48:00";"15";"sem vítima";"143.1";"BR-116/SC";"Norte";"Saida de Pista";1;0;0;0;0;0;0;0;0;0;1;0;0;0;0
"01/03/2015";"05:02:00";"16";"com vítima";"105.7";"BR-116/SC";"Norte";"Saida de Pista";0;0;1;0;0;0;0;0;0;0;0;0;0;1;0
"01/03/2015";"05:22:00";"17";"com vítima";"130";"BR-116/PR";"Norte";"Capotamento";2;0;0;0;0;0;0;0;0;0;1;1;0;0;0
"01/03/2015";"06:19:00";"18";"sem vítima";"33";"BR-116/SC";"Norte";"Saida de Pista";1;0;0;0;0;0;0;0;0;0;1;0;0;0;0
"01/03/2015";"06:40:00";"23";"sem vítima";"50.2";"BR-116/SC";"Sul";"Saida de Pista";0;0;1;0;0;0;0;0;0;0;1;0;0;0;0
"01/03/2015";"06:55:00";"24";"sem vítima";"146.2";"BR-116/PR";"Sul";"Saida de Pista";1;0;0;0;0;0;0;0;0;0;4;0;0;0;0
"01/03/2015";"07:21:00";"26";"sem vítima";"165";"BR-116/SC";"Norte";"Choque - Objeto sobre a pista";0;0;1;0;0;0;0;0;0;0;1;0;0;0;0
"01/03/2015";"08:25:00";"28";"com vítima";"148.1";"BR-116/PR";"Sul";"Saida de Pista";1;0;0;0;0;0;0;0;0;0;0;1;0;0;0
"01/03/2015";"08:46:00";"31";"sem vítima";"125.5";"BR-116/PR";"Norte";"Colisão Traseira";0;0;1;0;0;1;0;0;0;0;2;0;0;0;0
"01/03/2015";"10:08:00";"33";"sem vítima";"133.8";"BR-116/PR";"Norte";"Colisão Lateral";1;0;0;0;0;1;0;0;0;0;2;0;0;0;0
"01/03/2015";"10:24:00";"34";"sem vítima";"209";"BR-116/PR";"Sul";"Colisão Transversal";2;0;0;0;0;0;0;0;0;0;2;0;0;0;0
"01/03/2015";"12:02:00";"38";"sem vítima";"134";"BR-116/PR";"Sul";"Choque - Cancela de Pedagio";1;0;0;0;0;0;0;0;0;0;1;0;0;0;0
"01/03/2015";"12:25:00";"40";"sem vítima";"143";"BR-116/SC";"Sul";"Choque - Objeto sobre a pista";0;0;0;0;0;1;0;0;0;1;4;0;0;0;0
"01/03/2015";"07:15:00";"87";"sem vítima";"134";"BR-116/PR";"Norte";"Colisão Lateral";2;0;1;0;0;0;0;0;0;0;3;0;0;0;0
"01/03/2015";"09:42:00";"102";"sem vítima";"128";"BR-116/PR";"Norte";"Colisão Lateral";1;0;0;1;0;0;0;0;0;0;3;0;0;0;0
"02/03/2015";"07:07:00";"126";"sem vítima";"129.5";"BR-116/PR";"Norte";"Saida de Pista";1;0;0;0;0;0;0;0;0;0;1;0;0;0;0
"02/03/2015";"03:55:00";"189";"sem vítima";"4.5";"BR-116/SC";"Sul";"Objeto lançado contra veículo";1;0;0;0;0;0;0;0;0;0;1;0;0;0;0
"03/03/2015";"09:58:00";"4123";"sem vítima";"132.4";"BR-116/SC";"Sul";"Colisão Traseira";0;0;3;0;0;0;0;0;0;0;3;0;0;0;0
"03/03/2015";"01:45:00";"233";"com vítima";"139";"BR-116/SC";"Sul";"Colisão Transversal";1;0;0;0;0;0;0;0;0;1;1;1;0;0;0
"03/03/2015";"06:43:00";"264";"sem vítima";"134";"BR-116/PR";"Norte";"Choque - Cancela de Pedagio";1;0;0;0;0;0;0;0;0;0;1;0;0;0;0
"03/03/2015";"07:43:00";"270";"sem vítima";"171.8";"BR-116/PR";"Sul";"Saida de Pista";1;0;0;0;0;0;0;0;0;0;3;0;0;0;0
"03/03/2015";"07:47:00";"271";"com vítima";"115";"BR-116/PR";"Sul";"Colisão Lateral";2;0;0;1;0;0;0;0;0;0;2;1;0;0;0
"03/03/2015";"09:17:00";"276";"sem vítima";"133.5";"BR-116/PR";"Sul";"Tombamento";1;0;0;0;0;0;0;0;0;0;2;0;0;0;0
"04/03/2015";"07:27:00";"329";"sem vítima";"4.5";"BR-116/SC";"Sul";"Colisão Traseira";2;0;0;0;0;0;0;0;0;0;2;0;0;0;0
"04/03/2015";"07:34:00";"331";"sem vítima";"119.85";"BR-116/PR";"Norte";"Colisão Lateral";2;0;0;0;0;0;0;0;0;0;2;0;0;0;0
"04/03/2015";"09:07:00";"339";"sem vítima";"145.6";"BR-116/SC";"Norte";"Tombamento";0;0;2;0;0;0;0;0;0;0;2;0;0;0;0
"04/03/2015";"10:24:00";"352";"sem vítima";"138.5";"BR-116/PR";"Sul";"Colisão Traseira";0;0;2;0;0;0;0;0;0;0;2;0;0;0;0
"04/03/2015";"10:41:00";"357";"sem vítima";"138.5";"BR-116/PR";"Norte";"Colisão Traseira";1;0;1;0;0;0;0;0;0;0;2;0;0;0;0
"04/03/2015";"12:41:00";"368";"sem vítima";"216.5";"BR-116/SC";"Norte";"Saida de Pista";1;0;0;0;0;0;0;0;0;0;1;0;0;0;0
"04/03/2015";"01:27:00";"377";"sem vítima";"134.8";"BR-116/SC";"Sul";"Choque - Veiculo parado no acostamento";0;0;2;0;0;0;0;0;0;0;2;0;0;0;0
"04/03/2015";"03:59:00";"394";"com vítima";"134.7";"BR-116/SC";"Sul";"Queda de Moto";0;0;0;1;0;0;0;0;0;0;0;0;0;1;0
"04/03/2015";"04:45:00";"401";"com vítima";"145.8";"BR-116/PR";"Sul";"Colisão Transversal";0;0;0;1;0;0;0;0;0;1;1;1;0;0;0
"04/03/2015";"04:48:00";"402";"sem vítima";"137.14";"BR-116/SC";"Sul";"Choque - Veiculo parado na pista";3;0;0;0;0;0;0;0;0;0;3;0;0;0;0
"04/03/2015";"05:28:00";"403";"com vítima";"144";"BR-116/PR";"Norte";"Outros";0;0;0;0;0;3;0;0;0;0;2;1;0;0;0
"04/03/2015";"08:00:00";"429";"com vítima";"172";"BR-116/SC";"Sul";"Tombamento";0;0;1;0;0;0;0;0;0;0;0;1;0;0;0
"05/03/2015";"05:11:00";"591";"sem vítima";"126";"BR-116/PR";"Norte";"Colisão Lateral";2;0;1;0;0;0;0;0;0;0;6;0;0;0;0
"05/03/2015";"06:16:00";"600";"sem vítima";"141.5";"BR-116/PR";"Norte";"Colisão Traseira";1;0;1;0;0;0;0;0;0;0;2;0;0;0;0
"05/03/2015";"06:22:00";"603";"sem vítima";"129";"BR-116/PR";"Norte";"Engavetamento";1;0;2;0;0;0;0;0;0;0;3;0;0;0;0
"05/03/2015";"06:38:00";"606";"com vítima";"132";"BR-116/PR";"Sul";"Colisão Transversal";1;0;0;1;0;0;0;0;0;0;2;1;0;0;0
"06/03/2015";"05:49:00";"673";"com vítima";"182.9";"BR-116/PR";"Norte";"Colisão Lateral";0;0;1;0;0;1;0;0;0;0;1;0;0;1;0
"06/03/2015";"03:16:00";"730";"sem vítima";"118.8";"BR-116/PR";"Norte";"Tombamento";0;0;1;0;0;0;0;0;0;0;3;0;0;0;0
"06/03/2015";"03:58:00";"732";"sem vítima";"191.4";"BR-116/PR";"Sul";"Saida de Pista";0;0;1;0;0;0;0;0;0;0;1;0;0;0;0
"06/03/2015";"04:06:00";"733";"com vítima";"158";"BR-116/SC";"Sul";"Saida de Pista";1;0;0;0;0;0;0;0;0;0;1;1;0;0;0
"06/03/2015";"04:24:00";"736";"sem vítima";"305.28";"BR-116/SC";"Norte";"Colisão Lateral";1;0;1;0;0;0;0;0;0;0;2;0;0;0;0
"06/03/2015";"04:40:00";"739";"sem vítima";"140.5";"BR-116/PR";"Norte";"Colisão Transversal";2;0;0;0;0;0;0;0;0;0;2;0;0;0;0
"06/03/2015";"07:06:00";"752";"sem vítima";"118";"BR-116/PR";"Norte";"Choque - Veiculo parado no acostamento";2;0;0;0;0;0;0;0;0;0;2;0;0;0;0
"06/03/2015";"07:46:00";"754";"sem vítima";"47.5";"BR-116/SC";"Norte";"Saida de Pista";1;0;0;0;0;0;0;0;0;0;2;0;0;0;0
"06/03/2015";"08:20:00";"757";"sem vítima";"4.5";"BR-116/SC";"Sul";"Colisão Transversal";0;0;2;0;0;0;0;0;0;0;2;0;0;0;0
"06/03/2015";"08:42:00";"764";"sem vítima";"184";"BR-116/SC";"Norte";"Colisão Transversal";2;0;0;0;0;0;0;0;0;0;2;0;0;0;0
"06/03/2015";"09:08:00";"767";"com vítima";"293.41";"BR-116/SC";"Sul";"Colisão Frontal";1;0;1;0;0;0;0;0;0;0;1;0;0;1;3
"07/03/2015";"12:01:00";"778";"sem vítima";"206";"BR-116/SC";"Sul";"Atropelamento de Animal";1;0;0;0;0;0;0;0;0;0;1;0;0;0;0
"07/03/2015";"07:20:00";"817";"com vítima";"119.9";"BR-116/PR";"Norte";"Queda de Moto";1;0;0;1;0;0;0;0;0;1;2;1;0;0;0
"07/03/2015";"08:46:00";"826";"com vítima";"191";"BR-116/PR";"Norte";"Saida de Pista";1;0;0;0;0;0;0;0;0;0;0;2;0;0;0
"07/03/2015";"10:54:00";"839";"com vítima";"106.3";"BR-116/SC";"Sul";"Queda de Moto";0;0;0;1;0;0;0;0;0;0;0;1;0;0;0
"07/03/2015";"11:26:00";"840";"sem vítima";"119";"BR-116/PR";"Sul";"Choque - Outros";0;0;2;0;0;0;0;0;0;0;2;0;0;0;0
"07/03/2015";"05:20:00";"886";"sem vítima";"81";"BR-116/SC";"Sul";"Colisão Traseira";1;0;1;0;0;0;0;0;0;0;2;0;0;0;0
"07/03/2015";"06:34:00";"891";"sem vítima";"117";"BR-116/PR";"Sul";"Colisão Lateral";1;0;0;1;0;0;0;0;0;0;2;0;0;0;0
"08/03/2015";"12:44:00";"920";"sem vítima";"235";"BR-116/SC";"Norte";"Saida de Pista";1;0;0;0;0;0;0;0;0;0;2;0;0;0;0
"08/03/2015";"04:53:00";"939";"com vítima";"193.7";"BR-116/SC";"Norte";"Colisão Transversal";1;0;1;0;0;0;0;0;0;0;1;0;0;4;3
"08/03/2015";"06:47:00";"943";"sem vítima";"184";"BR-116/PR";"Norte";"Saida de Pista";0;0;1;0;0;0;0;0;0;0;1;0;0;0;0
"08/03/2015";"09:19:00";"950";"sem vítima";"66";"BR-116/SC";"Norte";"Saida de Pista";1;0;0;0;0;0;0;0;0;0;1;0;0;0;0
"08/03/2015";"09:24:00";"951";"sem vítima";"44";"BR-116/SC";"Norte";"Choque - Objeto sobre a pista";1;0;0;0;0;0;0;0;0;0;1;0;0;0;0
"08/03/2015";"11:50:00";"962";"com vítima";"235.1";"BR-116/SC";"Sul";"Saida de Pista";1;0;0;0;0;0;0;0;0;0;0;2;0;0;0
"08/03/2015";"11:57:00";"964";"sem vítima";"196";"BR-116/PR";"Sul";"Saida de Pista";1;0;0;0;0;0;0;0;0;0;1;0;0;0;0
"08/03/2015";"12:17:00";"966";"sem vítima";"152";"BR-116/SC";"Sul";"Colisão Traseira";2;0;0;0;0;0;0;0;0;0;2;0;0;0;0
"08/03/2015";"01:58:00";"976";"sem vítima";"117";"BR-116/PR";"Norte";"Colisão Traseira";2;0;0;0;0;0;0;0;0;0;4;0;0;0;0
"08/03/2015";"06:38:00";"1007";"sem vítima";"204";"BR-116/PR";"Norte";"Colisão Traseira";0;0;2;0;0;0;0;0;0;0;2;0;0;0;0
"09/03/2015";"03:58:00";"1059";"sem vítima";"228";"BR-116/SC";"Norte";"Atropelamento de Animal";1;0;0;0;0;0;0;0;0;0;1;0;0;0;0
"09/03/2015";"06:13:00";"1069";"com vítima";"155.7";"BR-116/PR";"Sul";"Colisão Lateral";1;0;1;0;0;0;0;0;0;0;1;0;0;1;0
"09/03/2015";"07:41:00";"1077";"sem vítima";"117";"BR-116/PR";"Sul";"Queda de Moto";0;0;0;1;0;0;0;0;0;0;1;0;0;0;0
"09/03/2015";"12:11:00";"1114";"sem vítima";"139.6";"BR-116/SC";"Sul";"Objeto lançado contra veículo";1;0;0;0;0;0;0;0;0;0;1;0;0;0;0
"09/03/2015";"01:52:00";"1122";"sem vítima";"204";"BR-116/PR";"Sul";"Colisão Transversal";0;0;0;0;0;0;0;0;0;2;5;0;0;0;0
"09/03/2015";"05:28:00";"1162";"sem vítima";"159.6";"BR-116/SC";"Norte";"Saida de Pista";1;0;0;0;0;0;0;0;0;0;2;0;0;0;0
"10/03/2015";"06:30:00";"1211";"sem vítima";"122";"BR-116/PR";"Sul";"Choque - Poste";1;0;0;0;0;0;0;0;0;0;2;0;0;0;0
"10/03/2015";"02:56:00";"1282";"sem vítima";"118.9";"BR-116/PR";"Norte";"Colisão Traseira";1;0;0;0;0;0;0;0;0;1;4;0;0;0;0
"10/03/2015";"08:16:00";"1327";"sem vítima";"61.1";"BR-116/SC";"Sul";"Atropelamento de Animal";1;0;0;0;0;0;0;0;0;0;2;0;0;0;0
"10/03/2015";"11:44:00";"1342";"com vítima";"5.1";"BR-116/SC";"Sul";"Saida de Pista";1;0;0;0;0;0;0;0;0;0;0;1;0;0;0
"11/03/2015";"07:35:00";"1374";"com vítima";"135.1";"BR-116/SC";"Sul";"Colisão Traseira";0;0;2;0;0;0;0;0;0;0;1;1;0;0;0
"11/03/2015";"07:45:00";"1376";"sem vítima";"204";"BR-116/PR";"Sul";"Choque - Cancela de Pedagio";0;0;0;0;0;0;0;0;0;1;1;0;0;0;0
"11/03/2015";"11:28:00";"1409";"sem vítima";"125";"BR-116/PR";"Norte";"Colisão Lateral";1;0;1;0;0;0;0;0;0;0;2;0;0;0;0
"11/03/2015";"12:24:00";"1417";"com vítima";"115";"BR-116/SC";"Sul";"Colisão Lateral";0;0;1;0;0;0;0;0;0;1;1;1;0;0;0
"11/03/2015";"04:20:00";"1459";"sem vítima";"124.7";"BR-116/SC";"Sul";"Tombamento";0;0;1;0;0;0;0;0;0;0;1;0;0;0;0
"11/03/2015";"05:20:00";"1462";"sem vítima";"247.7";"BR-116/SC";"Sul";"Colisão Traseira";1;0;0;0;0;0;0;0;0;1;2;0;0;0;0
"11/03/2015";"06:26:00";"1467";"sem vítima";"204";"BR-116/PR";"Sul";"Choque - Cancela de Pedagio";1;0;0;0;0;0;0;0;0;0;2;0;0;0;0
"12/03/2015";"10:54:00";"1563";"sem vítima";"4";"BR-116/SC";"Norte";"Objeto lançado contra veículo";1;0;0;0;0;0;0;0;0;0;1;0;0;0;0
"12/03/2015";"11:30:00";"1566";"sem vítima";"179";"BR-116/SC";"Sul";"Colisão Lateral";1;0;1;0;0;0;0;0;0;0;2;0;0;0;0
"12/03/2015";"12:24:00";"1571";"sem vítima";"204";"BR-116/PR";"Sul";"Choque - Cancela de Pedagio";1;0;0;0;0;0;0;0;0;0;1;0;0;0;0
"12/03/2015";"05:39:00";"1622";"sem vítima";"117";"BR-116/PR";"Sul";"Colisão Lateral";1;0;1;0;0;0;0;0;0;0;2;0;0;0;0
"13/03/2015";"07:11:00";"1702";"com vítima";"142";"BR-116/SC";"Sul";"Queda de Moto";0;0;1;1;0;0;0;0;0;0;1;1;0;0;0
"13/03/2015";"12:50:00";"1761";"sem vítima";"208.8";"BR-116/SC";"Sul";"Choque - Suporte de Sinalização";0;0;1;0;0;0;0;0;0;0;1;0;0;0;0
"13/03/2015";"01:46:00";"1770";"com vítima";"287";"BR-116/SC";"Norte";"Colisão Traseira";1;0;1;0;0;0;0;0;0;0;4;1;0;0;0
"13/03/2015";"04:23:00";"1796";"sem vítima";"115";"BR-116/PR";"Norte";"Objeto lançado contra veículo";0;0;1;0;0;0;0;0;0;1;2;0;0;0;0
"13/03/2015";"04:49:00";"1801";"sem vítima";"134";"BR-116/PR";"Norte";"Choque - Cancela de Pedagio";0;0;0;0;0;0;0;0;0;1;1;0;0;0;0
"13/03/2015";"06:26:00";"1809";"com vítima";"193";"BR-116/SC";"Sul";"Saida de Pista";1;0;0;0;0;0;0;0;0;0;0;1;0;0;0
"14/03/2015";"08:03:00";"1877";"sem vítima";"134";"BR-116/PR";"Sul";"Choque - Cancela de Pedagio";0;0;0;0;0;0;0;0;0;1;1;0;0;0;0
"14/03/2015";"09:53:00";"1891";"sem vítima";"134";"BR-116/PR";"Sul";"Choque - Cancela de Pedagio";0;0;0;0;0;0;0;0;0;1;1;0;0;0;0
"14/03/2015";"11:04:00";"1894";"sem vítima";"129";"BR-116/PR";"Sul";"Colisão Traseira";1;0;1;0;0;0;0;0;0;0;2;0;0;0;0
"14/03/2015";"12:43:00";"1898";"sem vítima";"134";"BR-116/PR";"Norte";"Choque - Cancela de Pedagio";1;0;0;0;0;0;0;0;0;0;1;0;0;0;0
"14/03/2015";"02:34:00";"1910";"com vítima";"153.45";"BR-116/PR";"Sul";"Colisão Lateral";1;0;0;1;0;0;0;0;0;0;1;1;0;0;0
"14/03/2015";"03:03:00";"1920";"sem vítima";"178";"BR-116/PR";"Sul";"Saida de Pista";1;0;0;0;0;0;0;0;0;0;1;0;0;0;0
"14/03/2015";"03:19:00";"1923";"sem vítima";"41";"BR-116/SC";"Norte";"Queda de Moto";0;0;0;1;0;0;0;0;0;0;2;0;0;0;0
"14/03/2015";"05:47:00";"1940";"com vítima";"69";"BR-116/SC";"Norte";"Colisão Lateral";1;0;0;1;0;0;0;0;0;0;1;0;0;1;0
"14/03/2015";"07:12:00";"1945";"com vítima";"167";"BR-116/PR";"Norte";"Colisão Transversal";1;0;0;1;0;0;0;0;0;0;1;1;0;0;0
"14/03/2015";"07:48:00";"1953";"com vítima";"139.6";"BR-116/SC";"Norte";"Colisão Transversal";1;0;1;0;0;0;0;0;0;0;1;1;0;0;0
"14/03/2015";"09:19:00";"1960";"sem vítima";"115";"BR-116/PR";"Norte";"Saida de Pista";0;0;0;0;0;0;0;0;0;1;1;0;0;0;0
"15/03/2015";"12:19:00";"1973";"com vítima";"125.8";"BR-116/PR";"Norte";"Colisão Transversal";1;0;0;1;0;0;0;0;0;0;2;1;0;0;0
"15/03/2015";"01:52:00";"1985";"com vítima";"179.7";"BR-116/SC";"Norte";"Saida de Pista";1;0;0;0;0;0;0;0;0;0;4;1;0;0;0
"15/03/2015";"05:51:00";"1997";"sem vítima";"176";"BR-116/PR";"Norte";"Saida de Pista";1;0;0;0;0;0;0;0;0;0;1;0;0;0;0
"15/03/2015";"05:58:00";"1998";"com vítima";"141";"BR-116/PR";"Norte";"Queda de Moto";0;0;0;1;0;0;0;0;0;0;0;1;0;0;0
"15/03/2015";"08:30:00";"2013";"sem vítima";"139";"BR-116/PR";"Norte";"Choque - Objeto sobre a pista";1;0;0;0;0;0;0;0;0;0;1;0;0;0;0
"15/03/2015";"09:53:00";"2025";"sem vítima";"44.1";"BR-116/SC";"Norte";"Tombamento";0;0;1;0;0;0;0;0;0;0;1;0;0;0;0
"15/03/2015";"11:34:00";"2031";"sem vítima";"134";"BR-116/PR";"Sul";"Choque - Cancela de Pedagio";1;0;0;0;0;0;0;0;0;0;1;0;0;0;0
"15/03/2015";"12:57:00";"2035";"sem vítima";"166.2";"BR-116/PR";"Sul";"Colisão Transversal";2;0;0;0;0;0;0;0;0;0;2;0;0;0;0
"15/03/2015";"07:49:00";"2088";"sem vítima";"56.5";"BR-116/SC";"Sul";"Saida de Pista";1;0;0;0;0;0;0;0;0;0;1;0;0;0;0
"15/03/2015";"08:12:00";"2093";"com vítima";"117";"BR-116/PR";"Norte";"Queda de Moto";0;0;0;1;0;0;0;0;0;0;0;1;0;0;0
"15/03/2015";"09:28:00";"2100";"sem vítima";"214.1";"BR-116/SC";"Norte";"Saida de Pista";1;0;0;0;0;0;0;0;0;0;1;0;0;0;0
"16/03/2015";"05:51:00";"2145";"sem vítima";"203";"BR-116/PR";"Sul";"Choque - Cancela de Pedagio";0;0;1;0;0;0;0;0;0;0;1;0;0;0;0
"16/03/2015";"01:37:00";"2188";"sem vítima";"84";"BR-116/SC";"Sul";"Colisão Traseira";0;0;2;0;0;0;0;0;0;0;2;0;0;0;0
"16/03/2015";"04:44:00";"2217";"com vítima";"184.2";"BR-116/SC";"Norte";"Colisão Traseira";3;0;0;0;0;0;0;0;0;0;4;1;0;1;0
"16/03/2015";"06:24:00";"2225";"sem vítima";"134";"BR-116/PR";"Norte";"Choque - Cancela de Pedagio";1;0;0;0;0;0;0;0;0;0;1;0;0;0;0
"16/03/2015";"06:24:00";"2226";"com vítima";"185.4";"BR-116/SC";"Norte";"Colisão Frontal";1;0;1;0;0;0;0;0;0;0;2;0;0;1;0