data;horario;n_da_ocorrencia;tipo_de_ocorrencia;km;trecho;sentido;tipo_de_acidente;automovel;bicicleta;caminhao;moto;onibus;outros;tracao_animal;transporte_de_cargas_especiais;trator_maquinas;utilitarios;ilesos;levemente_feridos;moderadamente_feridos;gravemente_feridos;mortos
"16/03/2015";"06:58:00";"2230";"sem vítima";"135";"BR-116/PR";"Sul";"Colisão Lateral";1;0;0;1;0;0;0;0;0;0;2;0;0;0;0
"17/03/2015";"08:31:00";"2298";"sem vítima";"134";"BR-116/PR";"Sul";"Colisão Traseira";1;0;1;0;0;0;0;0;0;0;2;0;0;0;0
"17/03/2015";"11:46:00";"2329";"sem vítima";"117.4";"BR-116/SC";"Norte";"Colisão Lateral";0;0;1;0;0;1;0;0;0;0;2;0;0;0;0
"17/03/2015";"02:26:00";"2342";"sem vítima";"204";"BR-116/PR";"Sul";"Choque - Cancela de Pedagio";1;0;0;0;0;0;0;0;0;0;2;0;0;0;0
"17/03/2015";"02:53:00";"2353";"sem vítima";"134";"BR-116/PR";"Sul";"Choque - Cancela de Pedagio";1;0;0;0;0;0;0;0;0;0;1;0;0;0;0
"17/03/2015";"04:44:00";"2374";"com vítima";"5.5";"BR-116/SC";"Norte";"Colisão Transversal";0;0;1;1;0;0;0;0;0;0;1;1;0;0;0
"18/03/2015";"08:23:00";"2450";"sem vítima";"204";"BR-116/PR";"Sul";"Objeto lançado contra veículo";0;0;1;0;0;0;0;0;0;0;1;0;0;0;0
"18/03/2015";"04:36:00";"2529";"sem vítima";"52";"BR-116/SC";"Sul";"Colisão Transversal";0;0;0;1;0;1;0;0;0;0;2;0;0;0;0
"18/03/2015";"05:24:00";"2534";"sem vítima";"81.6";"BR-116/SC";"Sul";"Choque - Cancela de Pedagio";1;0;0;0;0;0;0;0;0;0;1;0;0;0;0
"18/03/2015";"05:59:00";"2537";"sem vítima";"204";"BR-116/PR";"Norte";"Choque - Cancela de Pedagio";1;0;0;0;0;0;0;0;0;0;1;0;0;0;0
"18/03/2015";"06:44:00";"2544";"sem vítima";"175.4";"BR-116/SC";"Sul";"Choque - Veiculo parado no acostamento";0;0;1;0;0;1;0;0;0;0;2;0;0;0;0
"19/03/2015";"02:53:00";"2583";"sem vítima";"192";"BR-116/SC";"Sul";"Atropelamento de Animal";0;0;0;0;0;0;0;0;0;1;9;0;0;0;0
"19/03/2015";"07:00:00";"2599";"sem vítima";"119.9";"BR-116/PR";"Norte";"Colisão Traseira";3;0;0;0;0;0;0;0;0;0;3;0;0;0;0
"19/03/2015";"11:14:00";"2634";"sem vítima";"246";"BR-116/SC";"Sul";"Objeto lançado contra veículo";1;0;1;0;0;0;0;0;0;0;2;0;0;0;0
"19/03/2015";"11:46:00";"2638";"sem vítima";"122";"BR-116/SC";"Sul";"Choque - Veiculo parado no acostamento";0;0;1;0;0;0;0;0;0;1;2;0;0;0;0
"19/03/2015";"12:30:00";"2641";"sem vítima";"173.05";"BR-116/PR";"Sul";"Colisão Lateral";2;0;0;0;0;0;0;0;0;0;2;0;0;0;0
"19/03/2015";"12:33:00";"2642";"com vítima";"245.5";"BR-116/SC";"Sul";"Colisão Transversal";2;0;0;0;0;0;0;0;0;0;2;1;0;0;0
"19/03/2015";"02:26:00";"2646";"sem vítima";"223.2";"BR-116/SC";"Norte";"Colisão Lateral";0;0;2;0;0;0;0;0;0;0;2;0;0;0;0
"20/03/2015";"10:01:00";"2748";"sem vítima";"204";"BR-116/PR";"Sul";"Colisão Transversal";1;0;1;0;0;0;0;0;0;0;2;0;0;0;0
"20/03/2015";"01:56:00";"2781";"sem vítima";"79.3";"BR-116/SC";"Norte";"Choque - Objeto sobre a pista";0;0;1;0;0;0;0;0;0;0;1;0;0;0;0
"20/03/2015";"04:08:00";"2794";"sem vítima";"204";"BR-116/PR";"Sul";"Choque - Cancela de Pedagio";1;0;0;0;0;0;0;0;0;0;1;0;0;0;0
"20/03/2015";"05:24:00";"2803";"com vítima";"210.7";"BR-116/PR";"Norte";"Colisão Transversal";1;0;1;0;0;0;0;0;0;0;1;2;0;0;0
"20/03/2015";"08:41:00";"2825";"sem vítima";"233";"BR-116/SC";"Sul";"Choque - Defensa, barreira ou "submarino"";0;0;1;0;0;0;0;0;0;0;1;0;0;0;0
"20/03/2015";"10:21:00";"2828";"sem vítima";"132.5";"BR-116/SC";"Sul";"Objeto lançado contra veículo";1;0;0;0;0;0;0;0;0;0;2;0;0;0;0
"21/03/2015";"01:28:00";"2843";"sem vítima";"149";"BR-116/PR";"Norte";"Colisão Traseira";1;0;0;0;0;1;0;0;0;0;2;0;0;0;0
"21/03/2015";"05:43:00";"2864";"com vítima";"117";"BR-116/PR";"Norte";"Colisão Lateral";1;0;0;0;0;1;0;0;0;0;1;1;0;0;0
"21/03/2015";"09:48:00";"2885";"sem vítima";"124";"BR-116/PR";"Norte";"Colisão Traseira";1;0;1;0;0;0;0;0;0;1;4;0;0;0;0
"21/03/2015";"05:13:00";"2920";"com vítima";"143.8";"BR-116/PR";"Sul";"Colisão Lateral";2;0;0;0;0;0;0;0;0;0;2;1;0;0;0
"21/03/2015";"06:11:00";"2923";"com vítima";"129.7";"BR-116/PR";"Sul";"Colisão Frontal";2;0;0;0;0;0;0;0;0;0;0;2;0;0;0
"22/03/2015";"01:13:00";"2963";"sem vítima";"125";"BR-116/PR";"Sul";"Colisão Lateral";2;0;0;0;0;0;0;0;0;0;3;0;0;0;0
"22/03/2015";"09:55:00";"2982";"sem vítima";"141";"BR-116/PR";"Norte";"Saida de Pista";1;0;0;0;0;0;0;0;0;0;1;0;0;0;0
"22/03/2015";"10:19:00";"2984";"sem vítima";"204";"BR-116/PR";"Norte";"Choque - Cancela de Pedagio";1;0;0;0;0;0;0;0;0;0;1;0;0;0;0
"22/03/2015";"03:57:00";"2997";"com vítima";"115";"BR-116/SC";"Sul";"Colisão Traseira";1;0;0;1;0;0;0;0;0;0;1;1;0;0;0
"22/03/2015";"06:01:00";"3011";"sem vítima";"192.9";"BR-116/PR";"Norte";"Choque - Objeto sobre a pista";1;0;0;0;0;0;0;0;0;0;1;0;0;0;0
"22/03/2015";"08:04:00";"3017";"sem vítima";"219.7";"BR-116/SC";"Sul";"Objeto lançado contra veículo";1;0;0;0;0;0;0;0;0;1;2;0;0;0;0
"23/03/2015";"07:05:00";"3050";"sem vítima";"116";"BR-116/PR";"Norte";"Colisão Traseira";3;0;0;0;0;1;0;0;0;0;4;0;0;0;0
"23/03/2015";"11:16:00";"3077";"com vítima";"183";"BR-116/PR";"Norte";"Saida de Pista";0;0;0;1;0;0;0;0;0;0;0;0;0;1;0
"23/03/2015";"02:42:00";"3090";"sem vítima";"203.9";"BR-116/SC";"Sul";"Saida de Pista";0;0;1;0;0;0;0;0;0;0;1;0;0;0;0
"23/03/2015";"03:40:00";"3106";"sem vítima";"204";"BR-116/PR";"Sul";"Objeto lançado contra veículo";1;0;0;0;0;0;0;0;0;0;1;0;0;0;0
"23/03/2015";"05:17:00";"3124";"sem vítima";"232";"BR-116/SC";"Sul";"Objeto lançado contra veículo";1;0;0;0;0;0;0;0;0;0;1;0;0;0;0
"23/03/2015";"07:39:00";"3135";"sem vítima";"36";"BR-116/SC";"Norte";"Atropelamento de Animal";1;0;0;0;0;0;0;0;0;0;1;0;0;0;0
"24/03/2015";"01:22:00";"3156";"com vítima";"115.9";"BR-116/PR";"Sul";"Choque - Objeto sobre a pista";0;0;0;1;0;0;0;0;0;0;0;2;0;0;0
"24/03/2015";"02:02:00";"3158";"sem vítima";"115.9";"BR-116/PR";"Sul";"Colisão Lateral";1;0;0;0;0;0;0;0;0;0;1;0;0;0;0
"24/03/2015";"12:59:00";"3211";"sem vítima";"253.4";"BR-116/SC";"Sul";"Atropelamento de Animal";1;0;0;0;0;0;0;0;0;0;1;0;0;0;0
"24/03/2015";"01:47:00";"3218";"com vítima";"151";"BR-116/PR";"Sul";"Saida de Pista";1;0;0;0;0;0;0;0;0;0;0;1;0;0;0
"24/03/2015";"03:39:00";"3236";"sem vítima";"152.4";"BR-116/SC";"Sul";"Colisão Lateral";1;0;1;0;0;0;0;0;0;0;2;0;0;0;0
"24/03/2015";"07:20:00";"3260";"sem vítima";"204";"BR-116/PR";"Sul";"Choque - Cancela de Pedagio";1;0;0;0;0;0;0;0;0;0;1;0;0;0;0
"24/03/2015";"08:53:00";"3265";"sem vítima";"161";"BR-116/PR";"Norte";"Colisão Lateral";1;0;0;0;0;1;0;0;0;0;2;0;0;0;0
"24/03/2015";"10:38:00";"3270";"com vítima";"245.5";"BR-116/SC";"Sul";"Saida de Pista";0;0;0;1;0;0;0;0;0;0;0;1;0;0;0
"25/03/2015";"08:06:00";"3296";"com vítima";"17";"BR-116/SC";"Norte";"Colisão Lateral";1;0;0;0;0;0;0;0;0;1;1;1;0;0;0
"25/03/2015";"08:11:00";"3297";"sem vítima";"115";"BR-116/PR";"Norte";"Engavetamento";4;0;0;0;0;1;0;0;0;0;5;0;0;0;0
"25/03/2015";"08:30:00";"3299";"sem vítima";"117";"BR-116/PR";"Sul";"Colisão Traseira";1;0;0;0;0;1;0;0;0;0;2;0;0;0;0
"25/03/2015";"10:06:00";"3311";"sem vítima";"134";"BR-116/PR";"Sul";"Choque - Cancela de Pedagio";1;0;0;0;0;0;0;0;0;0;1;0;0;0;0
"25/03/2015";"11:30:00";"3322";"sem vítima";"135";"BR-116/PR";"Norte";"Choque - Objeto sobre a pista";1;0;0;0;0;0;0;0;0;0;1;0;0;0;0
"25/03/2015";"11:44:00";"3325";"sem vítima";"186";"BR-116/PR";"Norte";"Choque - Objeto sobre a pista";0;0;1;0;0;0;0;0;0;0;1;0;0;0;0
"25/03/2015";"01:22:00";"3331";"sem vítima";"138";"BR-116/SC";"Norte";"Choque - Objeto sobre a pista";1;0;0;0;0;0;0;0;0;0;1;0;0;0;0
"25/03/2015";"01:25:00";"3333";"sem vítima";"198.3";"BR-116/PR";"Norte";"Choque - Veiculo parado na pista";0;0;2;0;0;0;0;0;0;0;2;0;0;0;0
"25/03/2015";"03:17:00";"3350";"sem vítima";"121";"BR-116/PR";"Sul";"Colisão Traseira";1;0;0;0;0;0;0;0;0;2;4;0;0;0;0
"25/03/2015";"03:37:00";"3353";"com vítima";"115";"BR-116/PR";"Norte";"Atropelamento - Ciclista";0;1;0;1;0;0;0;0;0;0;0;2;0;0;0
"25/03/2015";"04:43:00";"3361";"sem vítima";"119";"BR-116/PR";"Sul";"Colisão Traseira";1;0;0;1;0;0;0;0;0;0;2;0;0;0;0
"25/03/2015";"06:36:00";"3370";"sem vítima";"166";"BR-116/PR";"Norte";"Colisão Transversal";1;0;1;0;0;0;0;0;0;0;2;0;0;0;0
"25/03/2015";"11:39:00";"3383";"sem vítima";"250.25";"BR-116/SC";"Norte";"Saida de Pista";1;0;0;0;0;0;0;0;0;0;1;0;0;0;0
"26/03/2015";"04:26:00";"3405";"com vítima";"117.4";"BR-116/PR";"Norte";"Saida de Pista";1;0;0;0;0;0;0;0;0;0;0;1;0;0;0
"26/03/2015";"06:38:00";"3407";"sem vítima";"123.4";"BR-116/PR";"Norte";"Choque - Defensa, barreira ou "submarino"";1;0;0;0;0;0;0;0;0;0;1;0;0;0;0
"26/03/2015";"10:14:00";"3434";"sem vítima";"118";"BR-116/PR";"Sul";"Objeto lançado contra veículo";1;0;0;0;0;0;0;0;0;0;1;0;0;0;0
"26/03/2015";"02:30:00";"3457";"sem vítima";"118";"BR-116/PR";"Sul";"Colisão Lateral";1;0;0;0;0;0;0;0;0;1;2;0;0;0;0
"27/03/2015";"01:46:00";"3517";"sem vítima";"117.5";"BR-116/PR";"Norte";"Tombamento";0;0;1;0;0;0;0;0;0;0;1;0;0;0;0
"27/03/2015";"06:31:00";"3529";"sem vítima";"171.2";"BR-116/PR";"Norte";"Saida de Pista";0;0;1;0;0;0;0;0;0;0;1;0;0;0;0
"27/03/2015";"11:50:00";"3556";"sem vítima";"134";"BR-116/PR";"Sul";"Choque - Cancela de Pedagio";1;0;0;0;0;0;0;0;0;0;1;0;0;0;0
"27/03/2015";"02:07:00";"3563";"sem vítima";"197.6";"BR-116/PR";"Norte";"Saida de Pista";1;0;0;0;0;0;0;0;0;0;1;0;0;0;0
"27/03/2015";"02:20:00";"3565";"sem vítima";"132.9";"BR-116/PR";"Norte";"Colisão Traseira";1;0;0;0;0;0;0;0;0;1;4;0;0;0;0
"27/03/2015";"02:48:00";"3566";"com vítima";"148.3";"BR-116/SC";"Sul";"Saida de Pista";1;0;0;0;0;0;0;0;0;0;1;1;0;0;0
"27/03/2015";"04:17:00";"3573";"sem vítima";"204";"BR-116/PR";"Sul";"Choque - Cancela de Pedagio";0;0;0;0;0;0;0;0;0;1;2;0;0;0;0
"27/03/2015";"08:17:00";"3602";"com vítima";"125";"BR-116/PR";"Sul";"Colisão Transversal";2;0;0;0;0;0;0;0;0;0;2;2;0;0;0
"28/03/2015";"01:10:00";"3621";"com vítima";"129.7";"BR-116/PR";"Sul";"Colisão Transversal";2;0;0;0;0;0;0;0;0;0;1;1;0;0;0
"28/03/2015";"03:13:00";"3634";"sem vítima";"125.8";"BR-116/PR";"Norte";"Colisão Frontal";2;0;0;0;0;0;0;0;0;0;2;0;0;0;0
"28/03/2015";"06:08:00";"3646";"sem vítima";"257.64";"BR-116/SC";"Sul";"Colisão Frontal";0;0;3;0;0;0;0;0;0;0;3;0;0;0;0
"28/03/2015";"07:03:00";"3649";"com vítima";"231";"BR-116/SC";"Norte";"Colisão Frontal";2;0;0;0;0;0;0;0;0;0;0;3;0;0;0
"28/03/2015";"03:12:00";"3684";"com vítima";"236.5";"BR-116/SC";"Sul";"Colisão Frontal";1;0;1;0;0;0;0;0;0;0;1;2;0;0;0
"28/03/2015";"05:29:00";"3693";"sem vítima";"68";"BR-116/SC";"Norte";"Atropelamento de Animal";1;0;0;0;0;0;0;0;0;0;4;0;0;0;0
"28/03/2015";"06:03:00";"3696";"sem vítima";"134";"BR-116/PR";"Norte";"Choque - Cancela de Pedagio";0;0;0;0;0;0;0;0;0;1;1;0;0;0;0
"28/03/2015";"09:23:00";"3717";"sem vítima";"183.6";"BR-116/PR";"Sul";"Saida de Pista";0;0;1;0;0;0;0;0;0;0;3;0;0;0;0
"29/03/2015";"05:38:00";"3775";"sem vítima";"179";"BR-116/SC";"Norte";"Saida de Pista";1;0;0;0;0;0;0;0;0;0;1;0;0;0;0
"29/03/2015";"11:55:00";"3794";"sem vítima";"183.5";"BR-116/PR";"Sul";"Choque - Veiculo parado no acostamento";0;0;2;0;0;0;0;0;0;0;2;0;0;0;0
"29/03/2015";"05:39:00";"3827";"sem vítima";"117";"BR-116/PR";"Norte";"Saida de Pista";1;0;0;0;0;0;0;0;0;0;4;0;0;0;0
"29/03/2015";"06:56:00";"3832";"sem vítima";"187";"BR-116/PR";"Sul";"Objeto lançado contra veículo";0;0;1;0;0;0;0;0;0;0;1;0;0;0;0
"29/03/2015";"10:20:00";"3853";"sem vítima";"265.4";"BR-116/SC";"Sul";"Choque - Objeto sobre a pista";1;0;0;0;0;0;0;0;0;0;2;0;0;0;0
"30/03/2015";"02:31:00";"3868";"sem vítima";"154";"BR-116/PR";"Sul";"Saida de Pista";1;0;0;0;0;0;0;0;0;0;1;0;0;0;0
"30/03/2015";"03:26:00";"3929";"com vítima";"69";"BR-116/SC";"Norte";"Colisão Traseira";1;0;1;0;0;0;0;0;0;0;2;1;0;0;0
"30/03/2015";"09:05:00";"3958";"com vítima";"8.8";"BR-116/SC";"Sul";"Colisão Frontal";0;0;1;0;0;0;0;0;0;1;0;0;0;5;0
"31/03/2015";"06:52:00";"3988";"sem vítima";"134";"BR-116/PR";"Sul";"Choque - Cancela de Pedagio";1;0;0;0;0;0;0;0;0;0;1;0;0;0;0
"31/03/2015";"07:57:00";"3991";"sem vítima";"146.5";"BR-116/PR";"Sul";"Saida de Pista";1;0;0;0;0;0;0;0;0;0;1;0;0;0;0
"31/03/2015";"08:02:00";"3992";"sem vítima";"149.9";"BR-116/PR";"Sul";"Atropelamento de Animal";1;0;0;0;0;0;0;0;0;0;1;0;0;0;0
"31/03/2015";"08:02:00";"3993";"sem vítima";"11.8";"BR-116/SC";"Norte";"Colisão Lateral";1;0;1;0;0;0;0;0;0;0;2;0;0;0;0
"31/03/2015";"02:06:00";"4019";"sem vítima";"196";"BR-116/PR";"Sul";"Objeto lançado contra veículo";1;0;0;0;0;0;0;0;0;0;1;0;0;0;0
"31/03/2015";"04:04:00";"4045";"sem vítima";"130";"BR-116/PR";"Norte";"Objeto lançado contra veículo";1;0;0;0;0;0;0;0;0;0;1;0;0;0;0
"31/03/2015";"05:03:00";"4050";"sem vítima";"128";"BR-116/PR";"Sul";"Colisão Traseira";1;0;1;0;0;0;0;0;0;0;2;0;0;0;0
"31/03/2015";"08:25:00";"4072";"sem vítima";"17";"BR-116/SC";"Sul";"Atropelamento de Animal";1;0;0;0;0;0;0;0;0;0;1;0;0;0;0
"01/04/2015";"06:02:00";"19";"com vítima";"4.4";"BR-116/SC";"Norte";"Saida de Pista";0;0;1;0;0;0;0;0;0;0;0;1;0;0;0
"01/04/2015";"07:47:00";"23";"com vítima";"15.7";"BR-116/SC";"Norte";"Colisão Traseira";1;0;0;0;0;1;0;0;0;0;1;2;0;0;0
"01/04/2015";"08:03:00";"25";"sem vítima";"16.2";"BR-116/SC";"Norte";"Colisão Traseira";1;0;0;0;0;0;0;0;0;1;2;0;0;0;0
"01/04/2015";"10:23:00";"37";"sem vítima";"125";"BR-116/PR";"Norte";"Objeto lançado contra veículo";1;0;0;0;0;0;0;0;0;0;1;0;0;0;0
"01/04/2015";"10:27:00";"38";"sem vítima";"133";"BR-116/SC";"Sul";"Colisão Traseira";3;0;0;0;0;0;0;0;0;0;3;0;0;0;0
"01/04/2015";"01:39:00";"49";"sem vítima";"226.4";"BR-116/SC";"Norte";"Colisão Traseira";2;0;0;0;0;0;0;0;0;0;2;0;0;0;0
"01/04/2015";"03:25:00";"66";"com vítima";"186.08";"BR-116/PR";"Sul";"Choque - Defensa, barreira ou "submarino"";0;0;2;0;0;0;0;0;0;0;0;1;0;0;1
"01/04/2015";"03:41:00";"69";"sem vítima";"129";"BR-116/PR";"Sul";"Colisão Lateral";1;0;1;0;0;0;0;0;0;0;4;0;0;0;0
"02/04/2015";"12:25:00";"120";"com vítima";"122";"BR-116/PR";"Sul";"Atropelamento - Ciclista";0;1;0;0;0;1;0;0;0;0;1;0;0;0;1
"02/04/2015";"09:39:00";"148";"sem vítima";"134";"BR-116/PR";"Sul";"Objeto lançado contra veículo";1;0;0;0;0;0;0;0;0;0;1;0;0;0;0
"02/04/2015";"10:37:00";"153";"com vítima";"26";"BR-116/SC";"Sul";"Colisão Lateral";1;0;0;0;0;1;0;0;0;0;1;1;0;0;0
"02/04/2015";"12:15:00";"164";"com vítima";"4.5";"BR-116/SC";"Sul";"Queda de Moto";0;0;0;1;0;0;0;0;0;0;0;1;0;0;0
"02/04/2015";"02:05:00";"172";"sem vítima";"128";"BR-116/PR";"Norte";"Colisão Transversal";1;0;1;0;0;0;0;0;0;0;2;0;0;0;0
"02/04/2015";"04:07:00";"192";"sem vítima";"208";"BR-116/PR";"Sul";"Objeto lançado contra veículo";1;0;0;0;0;0;0;0;0;0;1;0;0;0;0
"02/04/2015";"04:11:00";"195";"sem vítima";"134";"BR-116/PR";"Sul";"Choque - Cancela de Pedagio";1;0;0;0;0;0;0;0;0;0;1;0;0;0;0
"02/04/2015";"04:36:00";"202";"com vítima";"116.1";"BR-116/PR";"Sul";"Atropelamento - Usuário";0;0;0;1;0;0;0;0;0;0;1;1;0;0;0
"02/04/2015";"05:39:00";"212";"com vítima";"128";"BR-116/PR";"Norte";"Colisão Traseira";2;0;1;0;0;0;0;0;0;0;4;1;0;0;0
"02/04/2015";"06:15:00";"214";"sem vítima";"128";"BR-116/PR";"Norte";"Colisão Traseira";1;0;0;0;0;1;0;0;0;0;2;0;0;0;0
"02/04/2015";"07:39:00";"229";"com vítima";"131.9";"BR-116/PR";"Norte";"Colisão Transversal";1;0;1;0;0;0;0;0;0;0;1;1;0;0;0
"03/04/2015";"02:23:00";"257";"sem vítima";"205.6";"BR-116/PR";"Sul";"Saida de Pista";1;0;0;0;0;0;0;0;0;0;1;0;0;0;0
"03/04/2015";"11:25:00";"297";"sem vítima";"127";"BR-116/SC";"Norte";"Choque - Suporte de Sinalização";1;0;0;0;0;0;0;0;0;0;1;0;0;0;0
"03/04/2015";"12:18:00";"303";"sem vítima";"134.4";"BR-116/PR";"Sul";"Choque - Veiculo parado na pista";1;0;0;0;0;0;0;0;0;1;8;0;0;0;0
"03/04/2015";"05:25:00";"344";"sem vítima";"131.15";"BR-116/PR";"Norte";"Saida de Pista";1;0;0;0;0;0;0;0;0;0;4;0;0;0;0
"03/04/2015";"06:26:00";"349";"sem vítima";"134";"BR-116/PR";"Sul";"Choque - Cancela de Pedagio";1;0;0;0;0;0;0;0;0;0;2;0;0;0;0
"03/04/2015";"09:07:00";"369";"sem vítima";"33";"BR-116/SC";"Norte";"Choque - Objeto sobre a pista";1;0;0;0;0;0;0;0;0;0;2;0;0;0;0
"04/04/2015";"05:42:00";"415";"com vítima";"173.7";"BR-116/SC";"Sul";"Saida de Pista";1;0;0;0;0;0;0;0;0;0;0;0;0;1;1
"04/04/2015";"01:12:00";"441";"sem vítima";"149";"BR-116/PR";"Norte";"Atropelamento de Animal";1;0;0;0;0;0;0;0;0;0;2;0;0;0;0
"04/04/2015";"05:29:00";"469";"sem vítima";"152";"BR-116/SC";"Norte";"Colisão Traseira";0;0;2;0;0;0;0;0;0;0;2;0;0;0;0
"04/04/2015";"06:47:00";"475";"sem vítima";"118";"BR-116/PR";"Sul";"Colisão Lateral";1;0;1;0;0;0;0;0;0;0;3;0;0;0;0
"05/04/2015";"01:55:00";"559";"com vítima";"167.7";"BR-116/SC";"Sul";"Colisão Lateral";2;0;0;0;0;0;0;0;0;0;5;1;0;0;0
"05/04/2015";"02:38:00";"573";"sem vítima";"35";"BR-116/SC";"Norte";"Objeto lançado contra veículo";0;0;0;0;0;0;0;0;0;1;3;0;0;0;0
"05/04/2015";"02:38:00";"572";"sem vítima";"129.8";"BR-116/PR";"Norte";"Colisão Traseira";2;0;0;0;0;0;0;0;0;0;7;0;0;0;0
"05/04/2015";"03:18:00";"580";"com vítima";"193.2";"BR-116/SC";"Sul";"Capotamento";1;0;0;0;0;0;0;0;0;0;3;1;0;0;0
"05/04/2015";"03:59:00";"582";"com vítima";"287.6";"BR-116/SC";"Norte";"Saida de Pista";1;0;0;0;0;0;0;0;0;0;0;5;0;0;0
"05/04/2015";"04:34:00";"587";"sem vítima";"152.2";"BR-116/PR";"Norte";"Colisão Traseira";2;0;0;0;0;1;0;0;0;0;7;0;0;0;0
"05/04/2015";"05:39:00";"601";"sem vítima";"135";"BR-116/PR";"Sul";"Colisão Transversal";2;0;0;0;0;0;0;0;0;0;5;0;0;0;0
"05/04/2015";"07:19:00";"613";"com vítima";"5.5";"BR-116/SC";"Norte";"Colisão Transversal";2;0;0;0;0;0;0;0;0;0;5;2;0;0;0
"05/04/2015";"08:02:00";"623";"sem vítima";"147";"BR-116/PR";"Norte";"Colisão Traseira";2;0;0;0;0;1;0;0;0;0;4;0;0;0;0
"05/04/2015";"08:42:00";"630";"sem vítima";"145";"BR-116/PR";"Sul";"Saida de Pista";1;0;0;0;0;0;0;0;0;0;1;0;0;0;0
"05/04/2015";"10:35:00";"648";"com vítima";"225";"BR-116/SC";"Sul";"Saida de Pista";1;0;0;0;0;0;0;0;0;0;0;1;0;0;0
"06/04/2015";"05:27:00";"678";"sem vítima";"81";"BR-116/SC";"Norte";"Choque - Cancela de Pedagio";0;0;1;0;0;0;0;0;0;0;1;0;0;0;0
"06/04/2015";"06:11:00";"681";"sem vítima";"129.8";"BR-116/PR";"Norte";"Queda de Moto";0;0;0;1;0;0;0;0;0;0;1;0;0;0;0
"06/04/2015";"07:21:00";"691";"sem vítima";"12.4";"BR-116/SC";"Norte";"Colisão Transversal";2;0;0;0;0;0;0;0;0;0;2;0;0;0;0
"06/04/2015";"07:39:00";"694";"sem vítima";"18.1";"BR-116/SC";"Norte";"Saida de Pista";1;0;0;0;0;0;0;0;0;0;1;0;0;0;0
"06/04/2015";"10:03:00";"721";"sem vítima";"204";"BR-116/PR";"Sul";"Choque - Cancela de Pedagio";0;0;0;0;0;0;0;0;0;1;1;0;0;0;0
"06/04/2015";"11:09:00";"729";"sem vítima";"164.5";"BR-116/PR";"Sul";"Colisão Transversal";2;0;0;0;0;0;0;0;0;0;2;0;0;0;0
"06/04/2015";"11:15:00";"731";"sem vítima";"81";"BR-116/SC";"Norte";"Choque - Cancela de Pedagio";1;0;0;0;0;0;0;0;0;0;1;0;0;0;0
"06/04/2015";"01:46:00";"743";"com vítima";"270";"BR-116/SC";"Sul";"Saida de Pista";1;0;0;0;0;0;0;0;0;0;0;1;0;0;0
"06/04/2015";"03:28:00";"761";"sem vítima";"220";"BR-116/SC";"Norte";"Objeto lançado contra veículo";0;0;2;0;0;0;0;0;0;0;2;0;0;0;0
"06/04/2015";"04:39:00";"772";"sem vítima";"134";"BR-116/PR";"Norte";"Colisão Traseira";0;0;0;0;0;0;0;0;0;2;4;0;0;0;0
"07/04/2015";"12:28:00";"810";"sem vítima";"106.5";"BR-116/SC";"Norte";"Saida de Pista";1;0;0;0;0;0;0;0;0;0;3;0;0;0;0
"07/04/2015";"06:57:00";"828";"sem vítima";"120";"BR-116/PR";"Norte";"Colisão Traseira";2;0;0;0;0;0;0;0;0;0;2;0;0;0;0
"07/04/2015";"04:16:00";"885";"sem vítima";"134";"BR-116/PR";"Norte";"Objeto lançado contra veículo";1;0;0;0;0;0;0;0;0;0;1;0;0;0;0
"07/04/2015";"05:17:00";"892";"sem vítima";"81";"BR-116/SC";"Sul";"Objeto lançado contra veículo";1;0;0;0;0;0;0;0;0;0;1;0;0;0;0
"07/04/2015";"05:46:00";"894";"com vítima";"133";"BR-116/SC";"Norte";"Queda de Moto";0;0;0;1;0;0;0;0;0;0;0;1;0;0;0
"07/04/2015";"06:02:00";"897";"sem vítima";"137";"BR-116/PR";"Norte";"Choque - Cancela de Pedagio";1;0;0;0;0;0;0;0;0;0;1;0;0;0;0
"07/04/2015";"07:32:00";"909";"sem vítima";"210.4";"BR-116/SC";"Sul";"Saida de Pista";1;0;0;0;0;0;0;0;0;0;1;0;0;0;0
"07/04/2015";"07:49:00";"912";"sem vítima";"276";"BR-116/SC";"Sul";"Objeto lançado contra veículo";1;0;0;0;0;0;0;0;0;0;2;0;0;0;0
"08/04/2015";"01:08:00";"934";"sem vítima";"100.5";"BR-116/SC";"Sul";"Saida de Pista";0;0;1;0;0;0;0;0;0;0;1;0;0;0;0
"08/04/2015";"09:46:00";"965";"sem vítima";"233";"BR-116/SC";"Sul";"Choque - Cancela de Pedagio";1;0;0;0;0;0;0;0;0;0;1;0;0;0;0
"08/04/2015";"11:10:00";"976";"sem vítima";"247.9";"BR-116/SC";"Sul";"Colisão Traseira";1;0;1;0;0;0;0;0;0;0;2;0;0;0;0
"08/04/2015";"02:32:00";"1002";"com vítima";"30";"BR-116/SC";"Sul";"Saida de Pista";1;0;0;0;0;0;0;0;0;0;0;1;0;0;0
"08/04/2015";"04:45:00";"1020";"sem vítima";"4.5";"BR-116/SC";"Sul";"Colisão Traseira";1;0;1;0;0;0;0;0;0;0;2;0;0;0;0