data;horario;n_da_ocorrencia;tipo_de_ocorrencia;km;trecho;sentido;tipo_de_acidente;automovel;bicicleta;caminhao;moto;onibus;outros;tracao_animal;transporte_de_cargas_especiais;trator_maquinas;utilitarios;ilesos;levemente_feridos;moderadamente_feridos;gravemente_feridos;mortos
"08/04/2015";"05:24:00";"1025";"sem vítima";"138.9";"BR-116/SC";"Norte";"Objeto lançado contra veículo";1;0;0;0;0;0;0;0;0;0;1;0;0;0;0
"09/04/2015";"09:27:00";"1093";"sem vítima";"213.1";"BR-116/SC";"Norte";"Saida de Pista";1;0;1;0;0;0;0;0;0;0;2;0;0;0;0
"09/04/2015";"12:16:00";"1114";"com vítima";"187.5";"BR-116/SC";"Sul";"Colisão Traseira";1;0;1;0;0;0;0;0;0;0;3;2;0;1;0
"09/04/2015";"02:15:00";"1123";"sem vítima";"245.5";"BR-116/SC";"Norte";"Colisão Transversal";1;0;0;1;0;0;0;0;0;0;2;0;0;0;0
"09/04/2015";"05:48:00";"1148";"sem vítima";"118.9";"BR-116/PR";"Sul";"Colisão Lateral";2;0;0;0;0;0;0;0;0;0;2;0;0;0;0
"09/04/2015";"06:00:00";"1151";"sem vítima";"265.3";"BR-116/SC";"Norte";"Choque - Objeto sobre a pista";0;0;1;0;0;0;0;0;0;0;1;0;0;0;0
"09/04/2015";"06:22:00";"1156";"sem vítima";"115";"BR-116/PR";"Sul";"Colisão Transversal";1;0;1;0;0;0;0;0;0;0;2;0;0;0;0
"09/04/2015";"10:10:00";"1177";"com vítima";"205.3";"BR-116/PR";"Norte";"Colisão Lateral";2;0;1;0;0;0;0;0;0;0;3;1;0;1;0
"10/04/2015";"12:09:00";"1235";"sem vítima";"130";"BR-116/PR";"Sul";"Objeto lançado contra veículo";1;0;1;0;0;0;0;0;0;0;5;0;0;0;0
"10/04/2015";"12:45:00";"1238";"sem vítima";"204";"BR-116/PR";"Norte";"Colisão Lateral";2;0;0;0;0;0;0;0;0;0;3;0;0;0;0
"10/04/2015";"10:59:00";"1308";"sem vítima";"122";"BR-116/SC";"Sul";"Colisão Lateral";1;0;0;0;0;1;0;0;0;0;2;0;0;0;0
"10/04/2015";"11:20:00";"1310";"com vítima";"145.6";"BR-116/PR";"Norte";"Colisão Transversal";1;0;0;1;0;0;0;0;0;0;1;0;0;0;1
"11/04/2015";"07:42:00";"1330";"sem vítima";"19.5";"BR-116/SC";"Norte";"Colisão Traseira";2;0;0;0;0;0;0;0;0;0;2;0;0;0;0
"11/04/2015";"08:02:00";"1334";"com vítima";"209.8";"BR-116/SC";"Sul";"Colisão Transversal";0;0;1;1;0;0;0;0;0;0;1;0;0;1;0
"11/04/2015";"12:13:00";"1359";"sem vítima";"209";"BR-116/PR";"Norte";"Colisão Lateral";1;0;1;0;0;0;0;0;0;0;6;0;0;0;0
"11/04/2015";"02:12:00";"1367";"sem vítima";"134";"BR-116/PR";"Norte";"Choque - Cancela de Pedagio";1;0;0;0;0;0;0;0;0;0;4;0;0;0;0
"11/04/2015";"03:21:00";"1372";"sem vítima";"1.9";"BR-116/SC";"Norte";"Choque - Defensa, barreira ou "submarino"";0;0;1;0;0;0;0;0;0;0;1;0;0;0;0
"11/04/2015";"06:06:00";"1390";"sem vítima";"2";"BR-116/SC";"Norte";"Colisão Lateral";1;0;1;0;0;0;0;0;0;0;3;0;0;0;0
"11/04/2015";"06:21:00";"1394";"sem vítima";"141.6";"BR-116/PR";"Norte";"Colisão Lateral";1;0;1;0;0;0;0;0;0;0;3;0;0;0;0
"11/04/2015";"07:08:00";"1400";"sem vítima";"134";"BR-116/PR";"Sul";"Choque - Cancela de Pedagio";0;0;0;0;0;0;0;0;0;1;2;0;0;0;0
"11/04/2015";"09:26:00";"1414";"com vítima";"210.3";"BR-116/SC";"Sul";"Saida de Pista";1;0;0;0;0;0;0;0;0;0;0;1;0;0;0
"12/04/2015";"02:52:00";"1468";"sem vítima";"134";"BR-116/PR";"Norte";"Choque - Cancela de Pedagio";0;0;1;0;0;0;0;0;0;0;1;0;0;0;0
"12/04/2015";"07:47:00";"1502";"sem vítima";"204";"BR-116/PR";"Norte";"Choque - Cancela de Pedagio";1;0;0;0;0;0;0;0;0;0;2;0;0;0;0
"12/04/2015";"09:04:00";"1513";"sem vítima";"73";"BR-116/SC";"Norte";"Colisão Lateral";2;0;0;0;0;0;0;0;0;0;2;0;0;0;0
"13/04/2015";"05:51:00";"1541";"sem vítima";"256.9";"BR-116/SC";"Sul";"Colisão Traseira";1;0;1;0;0;0;0;0;0;0;2;0;0;0;0
"13/04/2015";"07:39:00";"1546";"sem vítima";"116.7";"BR-116/PR";"Norte";"Engavetamento";7;0;0;0;0;0;0;0;0;0;7;0;0;0;0
"13/04/2015";"08:08:00";"1547";"com vítima";"139";"BR-116/SC";"Norte";"Colisão Transversal";1;0;1;0;0;0;0;0;0;0;1;0;0;1;0
"13/04/2015";"01:08:00";"1584";"sem vítima";"145";"BR-116/PR";"Sul";"Choque - Outros";0;0;2;0;0;0;0;0;0;0;4;0;0;0;0
"13/04/2015";"01:22:00";"1589";"sem vítima";"7";"BR-116/SC";"Sul";"Choque - Objeto sobre a pista";1;0;0;0;0;0;0;0;0;0;4;0;0;0;0
"13/04/2015";"03:19:00";"1604";"com vítima";"68.3";"BR-116/SC";"Norte";"Colisão Traseira";2;0;0;0;0;0;0;0;0;0;5;1;0;0;0
"13/04/2015";"04:14:00";"1612";"sem vítima";"204";"BR-116/PR";"Norte";"Choque - Cancela de Pedagio";0;0;1;0;0;0;0;0;0;0;1;0;0;0;0
"13/04/2015";"04:27:00";"1615";"sem vítima";"129.8";"BR-116/PR";"Norte";"Colisão Transversal";1;0;0;0;0;1;0;0;0;0;2;0;0;0;0
"13/04/2015";"09:53:00";"1638";"com vítima";"131.8";"BR-116/PR";"Norte";"Colisão Transversal";1;0;0;0;0;1;0;0;0;0;3;2;0;0;0
"14/04/2015";"06:27:00";"1659";"com vítima";"126";"BR-116/PR";"Sul";"Colisão Lateral";1;0;0;1;0;0;0;0;0;0;1;1;0;0;0
"14/04/2015";"07:45:00";"1666";"sem vítima";"120.5";"BR-116/PR";"Norte";"Colisão Traseira";2;0;0;0;0;0;0;0;0;0;4;0;0;0;0
"14/04/2015";"08:55:00";"1678";"sem vítima";"161.6";"BR-116/PR";"Sul";"Saida de Pista";1;0;0;0;0;0;0;0;0;0;1;0;0;0;0
"14/04/2015";"02:23:00";"1722";"sem vítima";"139";"BR-116/SC";"Norte";"Colisão Transversal";0;0;1;0;0;0;0;0;0;1;3;0;0;0;0
"14/04/2015";"06:08:00";"1760";"sem vítima";"26.5";"BR-116/SC";"Sul";"Outros";0;0;1;0;0;0;0;0;0;0;1;0;0;0;0
"15/04/2015";"07:03:00";"1798";"com vítima";"22.5";"BR-116/SC";"Sul";"Colisão Frontal";1;0;0;1;0;0;0;0;0;0;1;1;0;0;0
"15/04/2015";"07:49:00";"1800";"sem vítima";"134";"BR-116/PR";"Sul";"Choque - Cancela de Pedagio";1;0;0;0;0;0;0;0;0;0;1;0;0;0;0
"15/04/2015";"08:34:00";"1804";"sem vítima";"197";"BR-116/PR";"Sul";"Choque - Outros";1;0;0;0;0;0;0;0;0;0;1;0;0;0;0
"15/04/2015";"11:28:00";"1818";"sem vítima";"119";"BR-116/PR";"Norte";"Choque - Suporte de Sinalização";0;0;1;0;0;0;0;0;0;0;1;0;0;0;0
"15/04/2015";"11:56:00";"1822";"sem vítima";"12";"BR-116/SC";"Norte";"Colisão Traseira";0;0;2;0;0;0;0;0;0;0;2;0;0;0;0
"15/04/2015";"12:59:00";"1826";"sem vítima";"3.9";"BR-116/SC";"Norte";"Choque - Veiculo parado na pista";2;0;0;0;0;0;0;0;0;0;2;0;0;0;0
"15/04/2015";"07:21:00";"1867";"sem vítima";"116";"BR-116/PR";"Sul";"Colisão Traseira";1;0;1;0;0;0;0;0;0;0;2;0;0;0;0
"15/04/2015";"11:06:00";"1876";"sem vítima";"81";"BR-116/SC";"Sul";"Objeto lançado contra veículo";1;0;0;0;0;0;0;0;0;0;1;0;0;0;0
"16/04/2015";"08:07:00";"1906";"sem vítima";"115";"BR-116/PR";"Norte";"Colisão Traseira";1;0;0;1;0;0;0;0;0;0;2;0;0;0;0
"16/04/2015";"10:05:00";"1923";"sem vítima";"204";"BR-116/PR";"Sul";"Choque - Cancela de Pedagio";1;0;0;0;0;0;0;0;0;0;1;0;0;0;0
"16/04/2015";"10:57:00";"1934";"sem vítima";"204.6";"BR-116/SC";"Sul";"Colisão Traseira";0;0;1;0;0;0;0;0;1;0;2;0;0;0;0
"16/04/2015";"10:57:00";"1935";"sem vítima";"4.5";"BR-116/SC";"Norte";"Colisão Lateral";1;0;0;0;0;1;0;0;0;0;2;0;0;0;0
"16/04/2015";"12:14:00";"1942";"sem vítima";"152";"BR-116/PR";"Norte";"Colisão Transversal";1;0;1;0;0;0;0;0;0;0;2;0;0;0;0
"16/04/2015";"12:55:00";"1946";"com vítima";"180.6";"BR-116/PR";"Sul";"Colisão Transversal";0;0;0;1;0;0;0;0;0;1;2;0;0;1;0
"16/04/2015";"02:34:00";"1954";"sem vítima";"134";"BR-116/PR";"Norte";"Choque - Cancela de Pedagio";1;0;0;0;0;0;0;0;0;0;1;0;0;0;0
"16/04/2015";"03:01:00";"1959";"com vítima";"126";"BR-116/PR";"Sul";"Colisão Lateral";0;0;1;1;0;0;0;0;0;0;1;0;0;1;0
"16/04/2015";"03:46:00";"1968";"com vítima";"242";"BR-116/SC";"Norte";"Colisão Lateral";1;0;0;0;0;0;0;0;0;1;2;3;0;0;0
"16/04/2015";"04:05:00";"1971";"sem vítima";"134";"BR-116/PR";"Norte";"Choque - Cancela de Pedagio";1;0;0;0;0;0;0;0;0;0;1;0;0;0;0
"16/04/2015";"04:19:00";"1975";"sem vítima";"139.5";"BR-116/PR";"Norte";"Saida de Pista";0;0;1;0;0;0;0;0;0;0;1;0;0;0;0
"16/04/2015";"05:47:00";"1985";"sem vítima";"152";"BR-116/SC";"Sul";"Objeto lançado contra veículo";0;0;0;0;0;0;0;0;0;1;1;0;0;0;0
"16/04/2015";"05:54:00";"1986";"sem vítima";"119";"BR-116/PR";"Norte";"Choque - Suporte de Sinalização";0;0;1;0;0;0;0;0;0;0;1;0;0;0;0
"16/04/2015";"05:54:00";"1987";"sem vítima";"117.8";"BR-116/PR";"Norte";"Choque - Suporte de Sinalização";0;0;1;0;0;0;0;0;0;0;1;0;0;0;0
"16/04/2015";"09:59:00";"2004";"sem vítima";"246.9";"BR-116/SC";"Sul";"Colisão Traseira";1;0;1;0;0;0;0;0;0;0;3;0;0;0;0
"17/04/2015";"07:48:00";"2030";"sem vítima";"134";"BR-116/PR";"Norte";"Choque - Objeto sobre a pista";1;0;0;0;0;0;0;0;0;0;1;0;0;0;0
"17/04/2015";"11:53:00";"2053";"com vítima";"11";"BR-116/SC";"Norte";"Choque - Veiculo parado na pista";1;0;2;0;0;0;0;0;0;0;2;1;0;0;0
"17/04/2015";"01:40:00";"2064";"sem vítima";"119";"BR-116/PR";"Sul";"Saida de Pista";1;0;0;0;0;0;0;0;0;0;2;0;0;0;0
"17/04/2015";"10:15:00";"2117";"sem vítima";"162.5";"BR-116/PR";"Norte";"Choque - Objeto sobre a pista";1;0;0;0;0;0;0;0;0;0;1;0;0;0;0
"17/04/2015";"10:32:00";"2120";"sem vítima";"134";"BR-116/PR";"Norte";"Choque - Objeto sobre a pista";1;0;0;0;0;0;0;0;0;0;1;0;0;0;0
"18/04/2015";"09:26:00";"2161";"com vítima";"214.3";"BR-116/SC";"Sul";"Saida de Pista";1;0;0;0;0;0;0;0;0;0;0;1;0;0;0
"18/04/2015";"10:41:00";"2168";"sem vítima";"117";"BR-116/PR";"Sul";"Colisão Lateral";1;0;0;1;0;0;0;0;0;0;2;0;0;0;0
"18/04/2015";"11:34:00";"2172";"sem vítima";"134";"BR-116/PR";"Sul";"Choque - Cancela de Pedagio";1;0;0;0;0;0;0;0;0;0;1;0;0;0;0
"18/04/2015";"11:34:00";"2173";"sem vítima";"134";"BR-116/PR";"Sul";"Choque - Cancela de Pedagio";1;0;0;0;0;0;0;0;0;0;1;0;0;0;0
"18/04/2015";"12:47:00";"2177";"com vítima";"152.3";"BR-116/PR";"Sul";"Colisão Transversal";2;0;0;0;0;0;0;0;0;0;2;1;0;0;0
"18/04/2015";"02:36:00";"2184";"sem vítima";"129.7";"BR-116/PR";"Norte";"Colisão Transversal";2;0;0;0;0;0;0;0;0;0;4;0;0;0;0
"18/04/2015";"04:30:00";"2197";"com vítima";"290.6";"BR-116/SC";"Sul";"Colisão Lateral";1;0;1;0;0;0;0;0;0;0;2;4;0;0;0
"19/04/2015";"11:03:00";"2267";"sem vítima";"117";"BR-116/PR";"Sul";"Colisão Lateral";1;0;1;0;0;0;0;0;0;0;2;0;0;0;0
"19/04/2015";"06:12:00";"2295";"sem vítima";"131.15";"BR-116/PR";"Sul";"Colisão Transversal";2;0;0;0;0;0;0;0;0;0;2;0;0;0;0
"19/04/2015";"06:46:00";"2299";"sem vítima";"130";"BR-116/PR";"Norte";"Colisão Traseira";2;0;0;0;0;0;0;0;0;0;2;0;0;0;0
"19/04/2015";"10:16:00";"2310";"sem vítima";"175.8";"BR-116/SC";"Sul";"Saida de Pista";1;0;0;0;0;0;0;0;0;0;2;0;0;0;0
"20/04/2015";"06:27:00";"2331";"sem vítima";"116";"BR-116/SC";"Norte";"Saida de Pista";0;0;0;0;1;0;0;0;0;0;41;0;0;0;0
"20/04/2015";"07:42:00";"2333";"com vítima";"144";"BR-116/SC";"Norte";"Saida de Pista";0;0;1;0;0;0;0;0;0;0;0;1;0;0;0
"20/04/2015";"07:43:00";"2334";"sem vítima";"126.4";"BR-116/PR";"Norte";"Colisão Lateral";0;0;0;2;0;0;0;0;0;0;2;0;0;0;0
"20/04/2015";"09:18:00";"2340";"sem vítima";"107.7";"BR-116/SC";"Norte";"Tombamento";0;0;1;0;0;0;0;0;0;0;1;0;0;0;0
"20/04/2015";"10:00:00";"2341";"sem vítima";"155";"BR-116/PR";"Norte";"Objeto lançado contra veículo";0;0;1;0;0;1;0;0;0;0;2;0;0;0;0
"20/04/2015";"11:50:00";"2389";"com vítima";"120.5";"BR-116/PR";"Sul";"Colisão Traseira";1;0;1;0;0;0;0;0;0;0;2;0;0;2;0
"21/04/2015";"04:46:00";"2408";"sem vítima";"208";"BR-116/PR";"Sul";"Tombamento";0;0;0;1;0;0;0;0;0;0;1;0;0;0;0
"21/04/2015";"07:39:00";"2416";"sem vítima";"119.2";"BR-116/PR";"Sul";"Atropelamento de Animal";1;0;0;0;0;0;0;0;0;0;1;0;0;0;0
"21/04/2015";"10:11:00";"2433";"sem vítima";"134";"BR-116/PR";"Sul";"Choque - Cancela de Pedagio";1;0;0;0;0;0;0;0;0;0;3;0;0;0;0
"21/04/2015";"11:36:00";"2443";"sem vítima";"120";"BR-116/SC";"Sul";"Objeto lançado contra veículo";1;0;0;0;0;0;0;0;0;0;1;0;0;0;0
"21/04/2015";"11:37:00";"2444";"sem vítima";"75.6";"BR-116/SC";"Norte";"Tombamento";0;0;0;0;0;0;0;0;1;0;1;0;0;0;0
"21/04/2015";"05:28:00";"2466";"sem vítima";"134";"BR-116/PR";"Sul";"Choque - Cancela de Pedagio";1;0;0;0;0;0;0;0;0;0;1;0;0;0;0
"21/04/2015";"05:35:00";"2469";"sem vítima";"58.9";"BR-116/SC";"Norte";"Saida de Pista";1;0;0;0;0;0;0;0;0;0;1;0;0;0;0
"21/04/2015";"06:58:00";"2473";"sem vítima";"141.9";"BR-116/SC";"Norte";"Colisão Frontal";2;0;0;0;0;0;0;0;0;0;3;0;0;0;0
"21/04/2015";"08:46:00";"2482";"com vítima";"148";"BR-116/PR";"Sul";"Colisão Transversal";1;0;1;0;0;0;0;0;0;0;1;1;0;0;0
"22/04/2015";"01:08:00";"2496";"sem vítima";"117";"BR-116/PR";"Sul";"Saida de Pista";1;0;0;0;0;0;0;0;0;0;2;0;0;0;0
"22/04/2015";"06:28:00";"2516";"sem vítima";"122.8";"BR-116/PR";"Norte";"Colisão Traseira";0;0;1;0;0;0;0;0;0;1;2;0;0;0;0
"22/04/2015";"05:49:00";"2580";"sem vítima";"134";"BR-116/PR";"Norte";"Choque - Cancela de Pedagio";1;0;0;0;0;0;0;0;0;0;1;0;0;0;0
"23/04/2015";"01:38:00";"2611";"sem vítima";"42";"BR-116/SC";"Sul";"Colisão Traseira";0;0;4;0;0;0;0;0;0;0;7;0;0;0;0
"23/04/2015";"11:58:00";"2659";"sem vítima";"201.7";"BR-116/SC";"Norte";"Saida de Pista";0;0;1;0;0;0;0;0;0;0;1;0;0;0;0
"23/04/2015";"01:44:00";"2666";"sem vítima";"134";"BR-116/PR";"Norte";"Choque - Cancela de Pedagio";1;0;0;0;0;0;0;0;0;0;1;0;0;0;0
"23/04/2015";"01:54:00";"2668";"sem vítima";"134";"BR-116/PR";"Norte";"Choque - Cancela de Pedagio";0;0;0;0;0;0;0;0;0;1;1;0;0;0;0
"23/04/2015";"04:39:00";"2688";"sem vítima";"134";"BR-116/PR";"Norte";"Choque - Cancela de Pedagio";1;0;0;0;0;0;0;0;0;0;1;0;0;0;0
"23/04/2015";"06:02:00";"2693";"sem vítima";"134";"BR-116/PR";"Norte";"Choque - Cancela de Pedagio";1;0;0;0;0;0;0;0;0;0;1;0;0;0;0
"23/04/2015";"07:44:00";"2700";"com vítima";"149.4";"BR-116/SC";"Sul";"Saida de Pista";1;0;0;0;0;0;0;0;0;0;1;0;0;0;1
"24/04/2015";"07:22:00";"2737";"sem vítima";"119";"BR-116/PR";"Sul";"Colisão Lateral";1;0;0;0;0;1;0;0;0;0;2;0;0;0;0
"24/04/2015";"07:46:00";"2739";"sem vítima";"121";"BR-116/PR";"Norte";"Colisão Traseira";1;0;0;0;0;0;0;0;0;0;1;0;0;0;0
"24/04/2015";"01:30:00";"2770";"com vítima";"9.6";"BR-116/SC";"Sul";"Colisão Transversal";1;1;0;0;0;0;0;0;0;0;1;0;0;0;1
"24/04/2015";"07:02:00";"2811";"sem vítima";"115";"BR-116/PR";"Norte";"Colisão Traseira";3;0;0;0;0;0;0;0;0;0;3;0;0;0;0
"24/04/2015";"07:59:00";"2816";"sem vítima";"132";"BR-116/PR";"Sul";"Colisão Transversal";2;0;0;0;0;0;0;0;0;0;4;0;0;0;0
"24/04/2015";"08:29:00";"2821";"com vítima";"152";"BR-116/PR";"Sul";"Colisão Frontal";1;0;1;0;0;0;0;0;0;0;1;0;0;1;0
"25/04/2015";"01:50:00";"2836";"sem vítima";"4.5";"BR-116/SC";"Norte";"Colisão Transversal";1;0;1;0;0;0;0;0;0;0;2;0;0;0;0
"25/04/2015";"12:05:00";"2878";"sem vítima";"232";"BR-116/SC";"Sul";"Choque - Cancela de Pedagio";1;0;0;0;0;0;0;0;0;0;1;0;0;0;0
"25/04/2015";"02:01:00";"2887";"sem vítima";"247.1";"BR-116/SC";"Sul";"Objeto lançado contra veículo";1;0;0;0;0;0;0;0;0;0;3;0;0;0;0
"25/04/2015";"02:30:00";"2891";"sem vítima";"173.008";"BR-116/SC";"Sul";"Saida de Pista";1;0;0;0;0;0;0;0;0;0;1;0;0;0;0
"25/04/2015";"04:35:00";"2905";"sem vítima";"115.4";"BR-116/PR";"Norte";"Colisão Lateral";1;0;0;1;0;0;0;0;0;0;2;0;0;0;0
"26/04/2015";"07:39:00";"2953";"sem vítima";"280";"BR-116/SC";"Sul";"Saida de Pista";1;0;0;0;0;0;0;0;0;0;1;0;0;0;0
"26/04/2015";"07:38:00";"3010";"com vítima";"254.6";"BR-116/SC";"Sul";"Colisão Transversal";2;0;0;0;0;0;0;0;0;0;2;3;0;0;0
"27/04/2015";"06:17:00";"3039";"sem vítima";"193.1";"BR-116/PR";"Norte";"Colisão Traseira";1;0;1;0;0;0;0;0;0;0;6;0;0;0;0
"27/04/2015";"08:52:00";"3049";"sem vítima";"152";"BR-116/SC";"Sul";"Choque - Cancela de Pedagio";0;0;0;0;0;0;0;0;0;1;1;0;0;0;0
"27/04/2015";"09:25:00";"3053";"sem vítima";"167";"BR-116/PR";"Norte";"Choque - Veiculo parado no acostamento";0;0;1;0;0;0;0;0;0;1;2;0;0;0;0
"27/04/2015";"11:20:00";"3079";"com vítima";"5.5";"BR-116/SC";"Sul";"Colisão Transversal";1;0;0;1;0;0;0;0;0;0;2;1;0;0;0
"27/04/2015";"03:44:00";"3103";"sem vítima";"204";"BR-116/PR";"Norte";"Choque - Cancela de Pedagio";1;0;0;0;0;0;0;0;0;0;1;0;0;0;0
"27/04/2015";"10:49:00";"3152";"com vítima";"223.5";"BR-116/SC";"Norte";"Tombamento";0;0;1;0;0;0;0;0;0;0;0;1;0;0;0
"28/04/2015";"06:14:00";"3170";"com vítima";"308.7";"BR-116/SC";"Norte";"Tombamento";0;0;1;0;0;0;0;0;0;0;0;1;0;0;0
"28/04/2015";"07:34:00";"3171";"sem vítima";"129.7";"BR-116/PR";"Sul";"Colisão Transversal";2;0;0;0;0;0;0;0;0;0;2;0;0;0;0
"28/04/2015";"08:04:00";"3173";"sem vítima";"131.5";"BR-116/PR";"Norte";"Saida de Pista";1;0;0;0;0;0;0;0;0;0;1;0;0;0;0
"28/04/2015";"08:11:00";"3175";"sem vítima";"115.4";"BR-116/PR";"Norte";"Colisão Traseira";1;0;1;0;0;0;0;0;0;0;2;0;0;0;0
"28/04/2015";"10:48:00";"3192";"sem vítima";"81";"BR-116/SC";"Sul";"Objeto lançado contra veículo";1;0;0;0;0;0;0;0;0;0;1;0;0;0;0
"28/04/2015";"02:47:00";"3210";"sem vítima";"126";"BR-116/PR";"Norte";"Colisão Lateral";1;0;1;0;0;0;0;0;0;0;5;0;0;0;0
"28/04/2015";"05:22:00";"3232";"com vítima";"134.7";"BR-116/SC";"Sul";"Colisão Traseira";0;0;2;0;0;0;0;0;0;0;1;1;0;0;0
"28/04/2015";"05:26:00";"3233";"sem vítima";"119";"BR-116/PR";"Norte";"Colisão Lateral";0;0;1;0;0;0;0;0;0;1;2;0;0;0;0
"28/04/2015";"08:12:00";"3251";"com vítima";"60";"BR-116/SC";"Sul";"Colisão Transversal";1;0;0;1;0;0;0;0;0;0;2;0;0;1;0
"29/04/2015";"08:04:00";"3306";"com vítima";"248.5";"BR-116/SC";"Sul";"Colisão Lateral";1;0;0;1;0;0;0;0;0;0;2;1;0;0;0
"29/04/2015";"01:08:00";"3359";"sem vítima";"130";"BR-116/PR";"Sul";"Choque - Veiculo parado no acostamento";2;0;0;0;0;0;0;0;0;0;2;0;0;0;0
"29/04/2015";"02:30:00";"3368";"com vítima";"85";"BR-116/SC";"Sul";"Colisão Transversal";0;1;0;0;0;0;0;0;0;1;1;0;0;0;1
"30/04/2015";"05:41:00";"3437";"sem vítima";"122";"BR-116/PR";"Norte";"Colisão Traseira";1;0;1;0;0;0;0;0;0;0;2;0;0;0;0
"30/04/2015";"08:41:00";"3460";"sem vítima";"134";"BR-116/PR";"Sul";"Choque - Cancela de Pedagio";1;0;0;0;0;0;0;0;0;0;1;0;0;0;0
"30/04/2015";"06:04:00";"3544";"com vítima";"69";"BR-116/SC";"Sul";"Colisão Transversal";0;0;0;1;0;1;0;0;0;0;1;1;0;0;0
"30/04/2015";"07:04:00";"3549";"com vítima";"140";"BR-116/SC";"Norte";"Colisão Frontal";2;0;1;0;0;0;0;0;0;0;2;2;0;0;0
"30/04/2015";"07:17:00";"3553";"com vítima";"131.1";"BR-116/PR";"Sul";"Colisão Transversal";1;0;1;0;0;0;0;0;0;0;3;1;0;0;0
"01/05/2015";"09:15:00";"33";"sem vítima";"135";"BR-116/PR";"Norte";"Objeto lançado contra veículo";0;0;0;0;0;1;0;0;0;1;2;0;0;0;0
"01/05/2015";"02:50:00";"48";"com vítima";"252.2";"BR-116/SC";"Norte";"Colisão Traseira";0;0;0;2;0;0;0;0;0;0;1;2;0;0;0
"01/05/2015";"10:34:00";"89";"com vítima";"131.1";"BR-116/PR";"Sul";"Colisão Transversal";1;0;1;0;0;0;0;0;0;0;1;2;0;0;0
"02/05/2015";"09:38:00";"116";"sem vítima";"127";"BR-116/PR";"Sul";"Colisão Lateral";2;0;0;0;0;0;0;0;0;0;2;0;0;0;0
"02/05/2015";"12:09:00";"121";"sem vítima";"63.35";"BR-116/SC";"Sul";"Saida de Pista";1;0;0;0;0;0;0;0;0;0;1;0;0;0;0
"02/05/2015";"01:22:00";"125";"com vítima";"275.1";"BR-116/SC";"Norte";"Colisão Traseira";1;0;1;0;0;0;0;0;0;0;1;1;0;0;0
"02/05/2015";"02:10:00";"127";"com vítima";"137";"BR-116/SC";"Sul";"Saida de Pista";1;0;0;0;0;0;0;0;0;0;0;1;0;0;0
"02/05/2015";"02:46:00";"128";"sem vítima";"148.2";"BR-116/PR";"Sul";"Colisão Transversal";1;0;1;0;0;0;0;0;0;0;2;0;0;0;0
"02/05/2015";"07:03:00";"158";"com vítima";"126";"BR-116/PR";"Norte";"Queda de Moto";1;0;0;1;0;0;0;0;0;0;1;1;0;0;0
"02/05/2015";"08:29:00";"161";"sem vítima";"141";"BR-116/PR";"Norte";"Colisão Transversal";1;0;1;0;0;0;0;0;0;0;2;0;0;0;0
"03/05/2015";"12:59:00";"168";"sem vítima";"171.2";"BR-116/PR";"Norte";"Saida de Pista";1;0;0;0;0;0;0;0;0;0;2;0;0;0;0
"03/05/2015";"05:23:00";"183";"sem vítima";"49.5";"BR-116/SC";"Norte";"Colisão Lateral";1;0;2;0;0;0;0;0;0;0;3;0;0;0;0
"03/05/2015";"04:45:00";"210";"sem vítima";"261.7";"BR-116/SC";"Sul";"Colisão Lateral";1;0;1;0;0;0;0;0;0;0;3;0;0;0;0
"03/05/2015";"07:35:00";"227";"sem vítima";"245.5";"BR-116/SC";"Norte";"Colisão Transversal";2;0;0;0;0;0;0;0;0;0;2;0;0;0;0
"03/05/2015";"07:48:00";"229";"sem vítima";"134";"BR-116/PR";"Norte";"Colisão Lateral";1;0;1;0;0;0;0;0;0;0;2;0;0;0;0
"03/05/2015";"10:29:00";"238";"sem vítima";"18.4";"BR-116/SC";"Norte";"Saida de Pista";0;0;0;1;0;0;0;0;0;0;1;0;0;0;0
"04/05/2015";"12:08:00";"245";"sem vítima";"203.8";"BR-116/SC";"Sul";"Colisão Frontal";2;0;0;0;0;0;0;0;0;0;4;0;0;0;0
"04/05/2015";"06:51:00";"263";"sem vítima";"309";"BR-116/SC";"Sul";"Saida de Pista";1;0;0;0;0;0;0;0;0;0;1;0;0;0;0
"04/05/2015";"09:25:00";"280";"sem vítima";"115";"BR-116/SC";"Norte";"Colisão Traseira";1;0;0;0;0;0;0;0;0;2;3;0;0;0;0
"04/05/2015";"11:29:00";"292";"sem vítima";"150.2";"BR-116/PR";"Sul";"Colisão Lateral";0;0;2;0;0;0;0;0;0;0;2;0;0;0;0
"04/05/2015";"12:25:00";"297";"sem vítima";"81";"BR-116/SC";"Sul";"Choque - Cancela de Pedagio";1;0;0;0;0;0;0;0;0;0;1;0;0;0;0
"04/05/2015";"06:25:00";"333";"com vítima";"164";"BR-116/PR";"Norte";"Atropelamento - Ciclista";1;1;0;0;0;0;0;0;0;0;1;1;0;0;0
"05/05/2015";"12:35:00";"351";"sem vítima";"224.8";"BR-116/SC";"Norte";"Atropelamento de Animal";1;0;0;0;0;0;0;0;0;0;1;0;0;0;0
"05/05/2015";"07:20:00";"372";"com vítima";"118.1";"BR-116/PR";"Norte";"Atropelamento - Usuário";1;0;0;0;0;0;0;0;0;0;1;1;0;0;0