data;horario;n_da_ocorrencia;tipo_de_ocorrencia;km;trecho;sentido;tipo_de_acidente;automovel;bicicleta;caminhao;moto;onibus;outros;tracao_animal;transporte_de_cargas_especiais;trator_maquinas;utilitarios;ilesos;levemente_feridos;moderadamente_feridos;gravemente_feridos;mortos
"05/05/2015";"08:27:00";"380";"sem vítima";"233";"BR-116/SC";"Sul";"Choque - Cancela de Pedagio";1;0;0;0;0;0;0;0;0;0;1;0;0;0;0
"05/05/2015";"09:06:00";"384";"com vítima";"141.05";"BR-116/PR";"Norte";"Queda de Moto";0;0;0;1;0;0;0;0;0;0;0;1;0;0;0
"05/05/2015";"10:02:00";"393";"sem vítima";"128";"BR-116/PR";"Sul";"Colisão Lateral";1;0;1;0;0;0;0;0;0;0;2;0;0;0;0
"05/05/2015";"10:34:00";"399";"sem vítima";"197";"BR-116/SC";"Sul";"Objeto lançado contra veículo";0;0;1;0;0;0;0;0;0;0;1;0;0;0;0
"05/05/2015";"12:10:00";"410";"sem vítima";"245.6";"BR-116/SC";"Norte";"Colisão Transversal";1;0;1;0;0;0;0;0;0;0;2;0;0;0;0
"05/05/2015";"12:22:00";"414";"sem vítima";"81";"BR-116/SC";"Norte";"Objeto lançado contra veículo";1;0;0;0;0;0;0;0;0;0;1;0;0;0;0
"05/05/2015";"05:47:00";"458";"sem vítima";"130";"BR-116/PR";"Sul";"Objeto lançado contra veículo";1;0;0;0;0;0;0;0;0;0;1;0;0;0;0
"05/05/2015";"05:59:00";"461";"sem vítima";"173.1";"BR-116/PR";"Sul";"Saida de Pista";1;0;0;0;0;0;0;0;0;0;1;0;0;0;0
"05/05/2015";"10:45:00";"479";"sem vítima";"37.4";"BR-116/SC";"Sul";"Saida de Pista";1;0;0;0;0;0;0;0;0;0;1;0;0;0;0
"06/05/2015";"08:57:00";"525";"sem vítima";"42";"BR-116/SC";"Norte";"Objeto lançado contra veículo";1;0;0;0;0;0;0;0;0;0;1;0;0;0;0
"06/05/2015";"10:08:00";"533";"sem vítima";"134";"BR-116/PR";"Norte";"Choque - Cancela de Pedagio";0;0;0;0;0;0;0;0;0;1;3;0;0;0;0
"06/05/2015";"10:50:00";"541";"sem vítima";"204";"BR-116/PR";"Sul";"Colisão Lateral";0;0;1;0;0;1;0;0;0;0;2;0;0;0;0
"06/05/2015";"10:54:00";"545";"sem vítima";"115";"BR-116/PR";"Sul";"Colisão Transversal";1;0;1;0;0;0;0;0;0;0;2;0;0;0;0
"06/05/2015";"02:28:00";"558";"sem vítima";"81";"BR-116/SC";"Norte";"Choque - Cancela de Pedagio";0;0;0;0;0;0;0;0;0;1;1;0;0;0;0
"06/05/2015";"04:33:00";"579";"com vítima";"129";"BR-116/PR";"Norte";"Colisão Transversal";0;1;0;1;0;0;0;0;0;0;1;2;0;0;0
"06/05/2015";"08:00:00";"599";"sem vítima";"134";"BR-116/PR";"Norte";"Choque - Cancela de Pedagio";0;0;0;0;0;0;0;0;0;1;1;0;0;0;0
"06/05/2015";"10:33:00";"612";"com vítima";"133";"BR-116/SC";"Norte";"Colisão Frontal";1;0;1;0;0;0;0;0;0;0;1;1;0;1;0
"06/05/2015";"10:44:00";"613";"com vítima";"64.4";"BR-116/SC";"Norte";"Colisão Lateral";0;0;1;0;0;1;0;0;0;0;1;1;0;0;0
"06/05/2015";"11:31:00";"616";"sem vítima";"128";"BR-116/PR";"Norte";"Saida de Pista";1;0;0;0;0;0;0;0;0;0;1;0;0;0;0
"07/05/2015";"08:05:00";"645";"sem vítima";"118.8";"BR-116/PR";"Sul";"Colisão Lateral";2;0;0;0;0;0;0;0;0;0;2;0;0;0;0
"07/05/2015";"04:00:00";"709";"sem vítima";"173.8";"BR-116/SC";"Sul";"Saida de Pista";0;0;0;0;0;0;0;0;0;1;1;0;0;0;0
"07/05/2015";"05:29:00";"715";"com vítima";"115";"BR-116/PR";"Norte";"Colisão Lateral";0;0;0;1;0;0;0;0;0;1;1;1;0;0;0
"07/05/2015";"09:54:00";"730";"sem vítima";"235.8";"BR-116/SC";"Norte";"Saida de Pista";1;0;0;0;0;0;0;0;0;0;1;0;0;0;0
"08/05/2015";"02:28:00";"742";"com vítima";"180.1";"BR-116/SC";"Norte";"Colisão Frontal";1;0;1;0;0;0;0;0;0;0;1;1;0;0;0
"08/05/2015";"08:50:00";"767";"sem vítima";"115";"BR-116/PR";"Norte";"Colisão Traseira";1;0;0;1;0;0;0;0;0;0;2;0;0;0;0
"08/05/2015";"12:25:00";"794";"sem vítima";"134";"BR-116/PR";"Sul";"Choque - Suporte de Sinalização";1;0;0;0;0;0;0;0;0;0;1;0;0;0;0
"08/05/2015";"12:36:00";"796";"sem vítima";"139";"BR-116/SC";"Norte";"Colisão Traseira";2;0;0;0;0;0;0;0;0;0;2;0;0;0;0
"08/05/2015";"01:25:00";"799";"sem vítima";"204";"BR-116/PR";"Norte";"Choque - Cancela de Pedagio";1;0;0;0;0;0;0;0;0;0;1;0;0;0;0
"08/05/2015";"03:23:00";"812";"com vítima";"30.8";"BR-116/SC";"Sul";"Colisão Lateral";2;0;0;1;0;0;0;0;0;0;2;1;0;0;0
"08/05/2015";"04:28:00";"823";"com vítima";"161";"BR-116/SC";"Sul";"Outros";0;0;0;0;0;0;0;0;0;1;4;1;0;0;0
"08/05/2015";"04:36:00";"824";"com vítima";"265.6";"BR-116/SC";"Sul";"Saida de Pista";1;0;0;0;0;0;0;0;0;0;0;1;0;0;0
"08/05/2015";"05:30:00";"828";"com vítima";"169.1";"BR-116/SC";"Sul";"Saida de Pista";1;0;0;0;0;0;0;0;0;0;0;3;0;0;0
"08/05/2015";"06:42:00";"837";"sem vítima";"138";"BR-116/SC";"Norte";"Colisão Lateral";0;0;2;0;0;0;0;0;0;1;3;0;0;0;0
"08/05/2015";"09:34:00";"847";"sem vítima";"204";"BR-116/PR";"Sul";"Choque - Cancela de Pedagio";1;0;0;0;0;0;0;0;0;0;1;0;0;0;0
"09/05/2015";"05:27:00";"874";"sem vítima";"129.8";"BR-116/PR";"Norte";"Colisão Lateral";1;0;0;1;0;0;0;0;0;0;3;0;0;0;0
"09/05/2015";"08:41:00";"882";"sem vítima";"203";"BR-116/PR";"Norte";"Choque - Cancela de Pedagio";1;0;0;0;0;0;0;0;0;0;1;0;0;0;0
"09/05/2015";"10:14:00";"891";"sem vítima";"134";"BR-116/PR";"Sul";"Colisão Lateral";1;0;1;0;0;0;0;0;0;0;2;0;0;0;0
"09/05/2015";"12:24:00";"900";"sem vítima";"134";"BR-116/PR";"Norte";"Choque - Cancela de Pedagio";1;0;0;0;0;0;0;0;0;0;1;0;0;0;0
"09/05/2015";"12:28:00";"901";"sem vítima";"134";"BR-116/PR";"Norte";"Choque - Cancela de Pedagio";1;0;0;0;0;0;0;0;0;0;1;0;0;0;0
"09/05/2015";"01:28:00";"906";"sem vítima";"117.5";"BR-116/PR";"Norte";"Queda de Moto";0;0;0;1;0;1;0;0;0;0;2;0;0;0;0
"09/05/2015";"06:23:00";"949";"sem vítima";"121";"BR-116/PR";"Norte";"Colisão Traseira";2;0;0;0;0;0;0;0;0;0;3;0;0;0;0
"09/05/2015";"08:05:00";"962";"com vítima";"148.1";"BR-116/PR";"Sul";"Colisão Lateral";2;0;0;0;0;0;0;0;0;0;0;0;0;1;3
"09/05/2015";"11:06:00";"972";"com vítima";"235.2";"BR-116/SC";"Sul";"Saida de Pista";1;0;0;0;0;0;0;0;0;0;0;1;0;0;0
"10/05/2015";"01:13:00";"984";"com vítima";"231.6";"BR-116/SC";"Sul";"Colisão Traseira";2;0;0;0;0;1;0;0;0;0;5;1;0;0;0
"10/05/2015";"03:00:00";"991";"com vítima";"217.5";"BR-116/SC";"Sul";"Colisão Transversal";2;0;0;0;0;0;0;0;0;0;0;2;0;0;0
"10/05/2015";"05:12:00";"1003";"sem vítima";"117.2";"BR-116/SC";"Sul";"Saida de Pista";1;0;0;0;0;0;0;0;0;0;2;0;0;0;0
"10/05/2015";"07:38:00";"1005";"sem vítima";"118";"BR-116/PR";"Sul";"Saida de Pista";1;0;0;0;0;0;0;0;0;0;1;0;0;0;0
"10/05/2015";"11:34:00";"1027";"com vítima";"144.7";"BR-116/SC";"Norte";"Colisão Frontal";1;0;1;0;0;0;0;0;0;0;1;0;0;1;0
"10/05/2015";"11:38:00";"1029";"sem vítima";"117";"BR-116/PR";"Sul";"Colisão Lateral";2;0;0;0;0;0;0;0;0;0;2;0;0;0;0
"10/05/2015";"08:43:00";"1095";"com vítima";"114.9";"BR-116/SC";"Sul";"Saida de Pista";1;0;0;0;0;0;0;0;0;0;5;1;0;0;0
"11/05/2015";"06:44:00";"1119";"sem vítima";"142.1";"BR-116/PR";"Norte";"Colisão Lateral";0;0;1;0;0;0;0;0;0;1;2;0;0;0;0
"11/05/2015";"12:54:00";"1164";"sem vítima";"4";"BR-116/SC";"Norte";"Objeto lançado contra veículo";1;0;0;0;0;1;0;0;0;0;2;0;0;0;0
"11/05/2015";"05:05:00";"1195";"sem vítima";"204";"BR-116/PR";"Sul";"Choque - Cancela de Pedagio";1;0;0;0;0;0;0;0;0;0;1;0;0;0;0
"11/05/2015";"05:36:00";"1199";"com vítima";"155";"BR-116/PR";"Norte";"Saida de Pista";1;0;0;0;0;0;0;0;0;0;0;1;0;0;0
"11/05/2015";"06:37:00";"1203";"sem vítima";"115";"BR-116/PR";"Norte";"Colisão Traseira";3;0;0;0;0;0;0;0;0;0;3;0;0;0;0
"11/05/2015";"07:37:00";"1207";"sem vítima";"134";"BR-116/PR";"Norte";"Choque - Cancela de Pedagio";1;0;0;0;0;0;0;0;0;0;1;0;0;0;0
"12/05/2015";"09:22:00";"1252";"com vítima";"155.2";"BR-116/SC";"Sul";"Saida de Pista";0;0;1;0;0;0;0;0;0;0;0;1;0;1;0
"12/05/2015";"12:01:00";"1261";"sem vítima";"134";"BR-116/PR";"Sul";"Choque - Cancela de Pedagio";1;0;0;0;0;0;0;0;0;0;1;0;0;0;0
"12/05/2015";"06:08:00";"1309";"com vítima";"116.8";"BR-116/SC";"Norte";"Saida de Pista";1;0;0;0;0;0;0;0;0;0;0;2;0;3;0
"12/05/2015";"06:46:00";"1313";"sem vítima";"116.7";"BR-116/SC";"Norte";"Choque - Objeto sobre a pista";1;0;0;0;0;0;0;0;0;0;4;0;0;0;0
"12/05/2015";"07:04:00";"1317";"sem vítima";"140.85";"BR-116/SC";"Sul";"Choque - Talude";1;0;0;0;0;0;0;0;0;0;1;0;0;0;0
"12/05/2015";"09:54:00";"1324";"com vítima";"246.9";"BR-116/SC";"Sul";"Colisão Transversal";1;0;0;1;0;0;0;0;0;0;2;1;0;0;0
"13/05/2015";"08:32:00";"1357";"sem vítima";"203";"BR-116/PR";"Sul";"Choque - Cancela de Pedagio";1;0;0;0;0;0;0;0;0;0;1;0;0;0;0
"13/05/2015";"09:03:00";"1360";"sem vítima";"137";"BR-116/PR";"Norte";"Objeto lançado contra veículo";0;0;1;0;0;0;0;0;0;0;1;0;0;0;0
"13/05/2015";"10:53:00";"1371";"sem vítima";"181";"BR-116/SC";"Norte";"Saida de Pista";1;0;0;0;0;0;0;0;0;0;1;0;0;0;0
"13/05/2015";"11:56:00";"1378";"sem vítima";"262.86";"BR-116/SC";"Sul";"Colisão Lateral";0;0;2;0;0;0;0;0;0;0;2;0;0;0;0
"13/05/2015";"01:31:00";"1387";"com vítima";"122.9";"BR-116/PR";"Norte";"Atropelamento de Animal";0;0;0;1;0;0;0;0;0;0;0;1;0;0;0
"13/05/2015";"05:32:00";"1425";"sem vítima";"228";"BR-116/SC";"Sul";"Choque - Objeto sobre a pista";1;0;0;0;0;0;0;0;0;0;3;0;0;0;0
"13/05/2015";"05:39:00";"1428";"sem vítima";"191.3";"BR-116/PR";"Norte";"Colisão Lateral";0;0;0;0;0;0;0;0;0;2;2;0;0;0;0
"13/05/2015";"05:57:00";"1430";"com vítima";"107.8";"BR-116/SC";"Sul";"Colisão Lateral";0;0;2;0;0;0;0;0;0;0;1;0;0;1;0
"14/05/2015";"07:45:00";"1479";"com vítima";"148.9";"BR-116/PR";"Norte";"Colisão Frontal";1;0;0;1;0;0;0;0;0;0;0;1;0;1;0
"14/05/2015";"09:10:00";"1490";"sem vítima";"197";"BR-116/PR";"Sul";"Objeto lançado contra veículo";1;0;0;0;0;0;0;0;0;0;1;0;0;0;0
"14/05/2015";"09:47:00";"1496";"sem vítima";"236";"BR-116/SC";"Sul";"Objeto lançado contra veículo";1;0;0;0;0;1;0;0;0;0;2;0;0;0;0
"14/05/2015";"10:27:00";"1502";"sem vítima";"135.8";"BR-116/PR";"Sul";"Colisão Transversal";0;0;1;0;0;0;0;0;0;1;2;0;0;0;0
"14/05/2015";"11:19:00";"1510";"sem vítima";"204";"BR-116/PR";"Sul";"Choque - Cancela de Pedagio";0;0;1;0;0;0;0;0;0;0;1;0;0;0;0
"14/05/2015";"12:05:00";"1511";"sem vítima";"134";"BR-116/PR";"Norte";"Choque - Cancela de Pedagio";1;0;0;0;0;0;0;0;0;0;1;0;0;0;0
"14/05/2015";"02:25:00";"1521";"sem vítima";"204";"BR-116/PR";"Sul";"Choque - Cancela de Pedagio";1;0;0;0;0;0;0;0;0;0;1;0;0;0;0
"14/05/2015";"05:00:00";"1543";"sem vítima";"244.7";"BR-116/SC";"Sul";"Saida de Pista";0;0;1;0;0;0;0;0;0;0;1;0;0;0;0
"14/05/2015";"05:35:00";"1545";"sem vítima";"133.5";"BR-116/PR";"Sul";"Choque - Defensa, barreira ou "submarino"";1;0;0;0;0;0;0;0;0;0;1;0;0;0;0
"14/05/2015";"06:19:00";"1549";"sem vítima";"117.1";"BR-116/SC";"Norte";"Saida de Pista";1;0;0;0;0;0;0;0;0;0;3;0;0;0;0
"14/05/2015";"11:01:00";"1562";"sem vítima";"131";"BR-116/SC";"Norte";"Saida de Pista";1;0;0;0;0;0;0;0;0;0;3;0;0;0;0
"15/05/2015";"08:59:00";"1607";"sem vítima";"205";"BR-116/PR";"Norte";"Saida de Pista";1;0;0;0;0;0;0;0;0;0;1;0;0;0;0
"15/05/2015";"09:30:00";"1613";"sem vítima";"134";"BR-116/PR";"Norte";"Choque - Cancela de Pedagio";0;0;0;0;0;0;0;0;0;1;1;0;0;0;0
"15/05/2015";"09:34:00";"1614";"sem vítima";"245";"BR-116/SC";"Sul";"Colisão Traseira";1;0;1;0;0;0;0;0;0;0;3;0;0;0;0
"15/05/2015";"11:43:00";"1631";"sem vítima";"121.1";"BR-116/SC";"Sul";"Queda de Moto";0;0;0;1;0;0;0;0;0;0;1;0;0;0;0
"15/05/2015";"02:31:00";"1644";"sem vítima";"1.008";"BR-116/SC";"Norte";"Colisão Traseira";1;0;0;1;0;0;0;0;0;0;2;0;0;0;0
"15/05/2015";"03:17:00";"1652";"sem vítima";"126";"BR-116/PR";"Sul";"Outros";1;0;0;0;0;0;0;0;0;0;1;0;0;0;0
"15/05/2015";"06:31:00";"1675";"sem vítima";"30.7";"BR-116/SC";"Sul";"Colisão Transversal";1;0;0;0;0;0;0;0;0;1;2;0;0;0;0
"16/05/2015";"08:13:00";"1736";"sem vítima";"117.5";"BR-116/PR";"Sul";"Colisão Traseira";1;0;1;0;0;0;0;0;0;0;2;0;0;0;0
"16/05/2015";"05:45:00";"1800";"sem vítima";"132";"BR-116/PR";"Sul";"Colisão Transversal";1;0;0;0;0;0;0;0;0;1;2;0;0;0;0
"16/05/2015";"07:09:00";"1809";"com vítima";"242";"BR-116/SC";"Norte";"Saida de Pista";1;0;0;0;0;0;0;0;0;0;1;1;0;0;0
"16/05/2015";"07:52:00";"1814";"com vítima";"125";"BR-116/PR";"Sul";"Queda de Moto";0;0;0;1;0;0;0;0;0;0;0;1;0;0;0
"16/05/2015";"08:52:00";"1819";"sem vítima";"132";"BR-116/PR";"Sul";"Colisão Frontal";2;0;0;0;0;0;0;0;0;0;2;0;0;0;0
"16/05/2015";"09:55:00";"1822";"com vítima";"152.5";"BR-116/PR";"Sul";"Colisão Transversal";3;0;0;0;0;0;0;0;0;0;2;2;0;0;0
"16/05/2015";"10:21:00";"1824";"com vítima";"115.5";"BR-116/PR";"Norte";"Colisão Transversal";1;0;0;1;0;0;0;0;0;0;1;1;0;0;0
"17/05/2015";"12:23:00";"1841";"com vítima";"107.8";"BR-116/SC";"Norte";"Saida de Pista";0;0;1;0;0;0;0;0;0;0;0;0;0;0;1
"17/05/2015";"12:56:00";"1844";"sem vítima";"59.75";"BR-116/SC";"Sul";"Colisão Transversal";1;0;0;0;0;1;0;0;0;0;3;0;0;0;0
"17/05/2015";"06:08:00";"1861";"sem vítima";"117";"BR-116/PR";"Sul";"Saida de Pista";1;0;0;0;0;0;0;0;0;0;1;0;0;0;0
"17/05/2015";"05:13:00";"1906";"sem vítima";"113";"BR-116/SC";"Sul";"Saida de Pista";1;0;0;0;0;0;0;0;0;0;1;0;0;0;0
"17/05/2015";"06:04:00";"1915";"com vítima";"167";"BR-116/PR";"Norte";"Outros";0;1;0;0;0;0;0;0;0;0;0;1;0;0;0
"18/05/2015";"03:05:00";"1948";"sem vítima";"135.1";"BR-116/SC";"Sul";"Choque - Defensa, barreira ou "submarino"";1;0;0;0;0;0;0;0;0;0;1;0;0;0;0
"18/05/2015";"06:55:00";"1961";"sem vítima";"126.4";"BR-116/PR";"Sul";"Colisão Traseira";1;0;0;0;1;0;0;0;0;0;2;0;0;0;0
"18/05/2015";"09:19:00";"1972";"sem vítima";"155.1";"BR-116/SC";"Sul";"Saida de Pista";0;0;1;0;0;0;0;0;0;0;1;0;0;0;0
"18/05/2015";"12:57:00";"1994";"sem vítima";"4.5";"BR-116/SC";"Sul";"Colisão Transversal";1;0;0;1;0;0;0;0;0;0;2;0;0;0;0
"18/05/2015";"03:39:00";"2020";"com vítima";"36.4";"BR-116/SC";"Norte";"Colisão Frontal";1;0;1;0;0;0;0;0;0;0;1;0;0;1;0
"18/05/2015";"09:29:00";"2045";"com vítima";"129.7";"BR-116/PR";"Norte";"Colisão Transversal";1;1;0;0;0;0;0;0;0;0;3;1;0;0;0
"18/05/2015";"10:13:00";"2046";"sem vítima";"235.7";"BR-116/SC";"Norte";"Saida de Pista";1;0;0;0;0;0;0;0;0;0;1;0;0;0;0
"19/05/2015";"07:44:00";"2077";"sem vítima";"240";"BR-116/SC";"Norte";"Atropelamento de Animal";1;0;0;0;0;0;0;0;0;0;1;0;0;0;0
"19/05/2015";"10:27:00";"2092";"sem vítima";"203";"BR-116/PR";"Norte";"Choque - Cancela de Pedagio";0;0;0;0;0;0;0;0;0;1;1;0;0;0;0
"19/05/2015";"10:32:00";"2096";"com vítima";"118";"BR-116/PR";"Sul";"Colisão Lateral";0;0;2;0;0;0;0;0;0;0;1;1;0;0;0
"19/05/2015";"11:11:00";"2097";"sem vítima";"203";"BR-116/PR";"Sul";"Choque - Cancela de Pedagio";0;0;1;0;0;0;0;0;0;0;1;0;0;0;0
"19/05/2015";"02:45:00";"2104";"sem vítima";"4.5";"BR-116/SC";"Norte";"Colisão Transversal";1;0;1;0;0;0;0;0;0;0;2;0;0;0;0
"19/05/2015";"04:11:00";"2122";"sem vítima";"134";"BR-116/PR";"Sul";"Choque - Cancela de Pedagio";1;0;0;0;0;0;0;0;0;0;1;0;0;0;0
"19/05/2015";"05:02:00";"2128";"com vítima";"32.3";"BR-116/SC";"Sul";"Colisão Traseira";1;0;1;0;0;0;0;0;0;0;1;2;0;0;0
"19/05/2015";"05:20:00";"2129";"sem vítima";"134";"BR-116/PR";"Norte";"Choque - Cancela de Pedagio";1;0;0;0;0;0;0;0;0;0;1;0;0;0;0
"20/05/2015";"06:50:00";"2174";"sem vítima";"212.1";"BR-116/SC";"Sul";"Colisão Traseira";0;0;2;0;0;0;0;0;0;0;2;0;0;0;0
"20/05/2015";"09:20:00";"2181";"sem vítima";"117";"BR-116/PR";"Norte";"Colisão Traseira";2;0;0;0;0;0;0;0;0;0;2;0;0;0;0
"20/05/2015";"01:02:00";"2204";"sem vítima";"43";"BR-116/SC";"Sul";"Objeto lançado contra veículo";1;0;0;0;0;0;0;0;0;0;1;0;0;0;0
"20/05/2015";"01:08:00";"2206";"sem vítima";"139";"BR-116/PR";"Norte";"Objeto lançado contra veículo";1;0;0;0;0;0;0;0;0;0;1;0;0;0;0
"20/05/2015";"01:24:00";"2208";"sem vítima";"232";"BR-116/SC";"Sul";"Choque - Cancela de Pedagio";1;0;0;0;0;0;0;0;0;0;1;0;0;0;0
"20/05/2015";"01:45:00";"2210";"com vítima";"221.2";"BR-116/SC";"Sul";"Colisão Lateral";2;0;0;0;0;0;0;0;0;0;3;1;0;0;0
"20/05/2015";"08:36:00";"2259";"sem vítima";"135.2";"BR-116/SC";"Sul";"Saida de Pista";1;0;0;0;0;0;0;0;0;0;1;0;0;0;0
"20/05/2015";"10:03:00";"2267";"sem vítima";"207";"BR-116/SC";"Norte";"Objeto lançado contra veículo";1;0;0;0;0;0;0;0;0;0;1;0;0;0;0
"20/05/2015";"10:11:00";"2269";"com vítima";"176.3";"BR-116/SC";"Sul";"Saida de Pista";0;0;1;0;0;0;0;0;0;0;0;1;0;0;0
"21/05/2015";"12:41:00";"2274";"com vítima";"210.9";"BR-116/PR";"Sul";"Saida de Pista";1;0;0;0;0;0;0;0;0;0;0;0;0;1;0
"21/05/2015";"05:17:00";"2283";"com vítima";"115.3";"BR-116/PR";"Sul";"Colisão Traseira";1;0;1;0;0;0;0;0;0;0;1;1;0;0;0
"21/05/2015";"05:51:00";"2284";"com vítima";"204.3";"BR-116/SC";"Norte";"Choque - Defensa, barreira ou "submarino"";0;0;1;0;0;0;0;0;0;0;2;1;0;0;0
"21/05/2015";"07:28:00";"2287";"sem vítima";"134";"BR-116/PR";"Sul";"Choque - Cancela de Pedagio";1;0;0;0;0;0;0;0;0;0;1;0;0;0;0
"21/05/2015";"08:15:00";"2291";"com vítima";"128";"BR-116/PR";"Norte";"Atropelamento - Usuário";0;0;1;0;0;0;0;0;0;0;1;1;0;0;0
"21/05/2015";"10:10:00";"2297";"sem vítima";"0.5";"BR-116/SC";"Sul";"Objeto lançado contra veículo";1;0;0;0;0;0;0;0;0;0;1;0;0;0;0
"21/05/2015";"11:07:00";"2306";"sem vítima";"134";"BR-116/PR";"Sul";"Colisão Traseira";1;0;1;0;0;0;0;0;0;0;2;0;0;0;0
"22/05/2015";"06:22:00";"2395";"com vítima";"121";"BR-116/PR";"Norte";"Colisão Lateral";0;0;0;1;0;1;0;0;0;0;2;1;0;0;0
"22/05/2015";"09:27:00";"2408";"com vítima";"219.86";"BR-116/SC";"Sul";"Colisão Lateral";1;1;0;0;0;0;0;0;0;0;1;1;0;0;0
"22/05/2015";"05:29:00";"2469";"sem vítima";"152";"BR-116/PR";"Norte";"Colisão Transversal";0;0;1;0;0;0;0;0;0;1;5;0;0;0;0
"22/05/2015";"06:04:00";"2472";"sem vítima";"117";"BR-116/PR";"Sul";"Colisão Traseira";0;0;1;0;1;0;0;0;0;0;4;0;0;0;0
"23/05/2015";"02:45:00";"2579";"sem vítima";"143";"BR-116/PR";"Norte";"Objeto lançado contra veículo";1;0;0;0;0;0;0;0;0;0;1;0;0;0;0
"23/05/2015";"06:44:00";"2612";"sem vítima";"179.8";"BR-116/SC";"Sul";"Colisão Transversal";1;0;0;0;0;0;0;0;0;1;2;0;0;0;0
"23/05/2015";"08:00:00";"2620";"com vítima";"302.5";"BR-116/SC";"Sul";"Saida de Pista";1;0;0;0;0;0;0;0;0;0;1;1;0;0;0
"23/05/2015";"08:46:00";"2623";"com vítima";"26.8";"BR-116/SC";"Norte";"Choque - Objeto sobre a pista";0;0;0;1;0;0;0;0;0;0;0;1;0;0;0
"24/05/2015";"01:40:00";"2639";"sem vítima";"205";"BR-116/SC";"Norte";"Saida de Pista";0;0;0;1;0;0;0;0;0;0;1;0;0;0;0
"24/05/2015";"01:55:00";"2640";"sem vítima";"247";"BR-116/SC";"Sul";"Colisão Traseira";1;0;0;0;0;1;0;0;0;0;2;0;0;0;0
"24/05/2015";"10:11:00";"2666";"sem vítima";"204.5";"BR-116/PR";"Norte";"Choque - Suporte de Sinalização";1;0;0;0;0;0;0;0;0;0;1;0;0;0;0
"24/05/2015";"01:51:00";"2679";"com vítima";"119";"BR-116/PR";"Norte";"Choque - Defensa, barreira ou "submarino"";1;0;0;0;0;0;0;0;0;0;0;1;0;0;0
"24/05/2015";"05:40:00";"2697";"sem vítima";"130";"BR-116/PR";"Norte";"Colisão Transversal";1;0;0;1;0;0;0;0;0;0;2;0;0;0;0
"24/05/2015";"05:59:00";"2698";"sem vítima";"182.7";"BR-116/SC";"Norte";"Colisão Transversal";0;0;1;0;0;0;0;0;0;1;3;0;0;0;0
"24/05/2015";"06:34:00";"2702";"sem vítima";"188";"BR-116/SC";"Sul";"Saida de Pista";1;0;0;0;0;0;0;0;0;0;1;0;0;0;0
"24/05/2015";"09:08:00";"2717";"sem vítima";"14";"BR-116/SC";"Norte";"Colisão Traseira";1;0;0;0;0;1;0;0;0;0;6;0;0;0;0
"24/05/2015";"09:58:00";"2719";"sem vítima";"218.8";"BR-116/SC";"Sul";"Saida de Pista";1;0;0;0;0;0;0;0;0;0;1;0;0;0;0
"24/05/2015";"10:24:00";"2720";"sem vítima";"53";"BR-116/SC";"Sul";"Saida de Pista";1;0;0;0;0;0;0;0;0;0;1;0;0;0;0
"25/05/2015";"06:26:00";"2749";"sem vítima";"138.4";"BR-116/PR";"Sul";"Saida de Pista";0;0;1;0;0;0;0;0;0;0;1;0;0;0;0
"25/05/2015";"06:32:00";"2750";"sem vítima";"201";"BR-116/PR";"Sul";"Objeto lançado contra veículo";1;0;0;0;0;1;0;0;0;0;2;0;0;0;0
"25/05/2015";"03:02:00";"2807";"com vítima";"116";"BR-116/PR";"Norte";"Colisão Lateral";1;0;0;1;0;0;0;0;0;0;1;1;0;0;0
"25/05/2015";"03:05:00";"2809";"sem vítima";"266";"BR-116/SC";"Norte";"Colisão Lateral";1;0;1;0;0;0;0;0;0;0;2;0;0;0;0
"25/05/2015";"05:28:00";"2827";"sem vítima";"143.5";"BR-116/SC";"Norte";"Objeto lançado contra veículo";1;0;0;0;0;0;0;0;0;0;1;0;0;0;0
"25/05/2015";"07:10:00";"2833";"com vítima";"7";"BR-116/SC";"Sul";"Colisão Transversal";2;0;0;0;0;0;0;0;0;0;2;3;0;0;0
"25/05/2015";"07:36:00";"2836";"sem vítima";"48";"BR-116/SC";"Norte";"Atropelamento de Animal";1;0;0;0;0;0;0;0;0;0;1;0;0;0;0
"26/05/2015";"12:56:00";"2856";"sem vítima";"47.5";"BR-116/SC";"Norte";"Saida de Pista";0;0;1;0;0;0;0;0;0;0;1;0;0;0;0
"26/05/2015";"08:50:00";"2879";"sem vítima";"204";"BR-116/PR";"Sul";"Choque - Cancela de Pedagio";1;0;0;0;0;0;0;0;0;0;1;0;0;0;0
"26/05/2015";"10:36:00";"2890";"sem vítima";"103.7";"BR-116/SC";"Norte";"Objeto lançado contra veículo";0;0;1;0;0;1;0;0;0;0;2;0;0;0;0
"26/05/2015";"11:59:00";"2905";"sem vítima";"134";"BR-116/PR";"Sul";"Choque - Cancela de Pedagio";1;0;0;0;0;0;0;0;0;0;1;0;0;0;0
"26/05/2015";"12:05:00";"2907";"sem vítima";"177";"BR-116/SC";"Norte";"Objeto lançado contra veículo";1;0;0;0;0;0;0;0;0;0;1;0;0;0;0
"26/05/2015";"12:14:00";"2908";"sem vítima";"205";"BR-116/PR";"Norte";"Colisão Traseira";0;0;0;0;0;0;0;0;0;2;2;0;0;0;0