data;horario;n_da_ocorrencia;tipo_de_ocorrencia;km;trecho;sentido;tipo_de_acidente;automovel;bicicleta;caminhao;moto;onibus;outros;tracao_animal;transporte_de_cargas_especiais;trator_maquinas;utilitarios;ilesos;levemente_feridos;moderadamente_feridos;gravemente_feridos;mortos
"26/05/2015";"12:24:00";"2909";"sem vítima";"129.5";"BR-116/PR";"Norte";"Colisão Frontal";1;0;0;1;0;0;0;0;0;0;2;0;0;0;0
"26/05/2015";"02:11:00";"2923";"sem vítima";"164.95";"BR-116/PR";"Norte";"Saida de Pista";1;0;0;0;0;0;0;0;0;0;1;0;0;0;0
"26/05/2015";"03:45:00";"2937";"sem vítima";"204";"BR-116/PR";"Sul";"Choque - Suporte de Sinalização";1;0;0;0;0;0;0;0;0;0;1;0;0;0;0
"26/05/2015";"04:58:00";"2946";"sem vítima";"93.3";"BR-116/SC";"Sul";"Objeto lançado contra veículo";0;0;1;0;0;0;0;0;0;0;3;0;0;0;0
"26/05/2015";"05:46:00";"2950";"sem vítima";"133";"BR-116/PR";"Norte";"Colisão Lateral";0;0;2;0;0;0;0;0;0;0;2;0;0;0;0
"26/05/2015";"06:38:00";"2957";"sem vítima";"133";"BR-116/SC";"Sul";"Colisão Traseira";1;0;0;0;0;0;0;0;0;1;2;0;0;0;0
"26/05/2015";"08:06:00";"2963";"sem vítima";"118";"BR-116/PR";"Sul";"Colisão Traseira";2;0;0;0;0;0;0;0;0;0;2;0;0;0;0
"26/05/2015";"08:40:00";"2966";"sem vítima";"210";"BR-116/SC";"Sul";"Saida de Pista";0;0;1;0;0;0;0;0;0;0;1;0;0;0;0
"26/05/2015";"10:54:00";"2973";"com vítima";"137.3";"BR-116/SC";"Sul";"Saida de Pista";1;0;0;0;0;0;0;0;0;0;0;0;0;1;0
"27/05/2015";"12:59:00";"2977";"sem vítima";"127.8";"BR-116/PR";"Norte";"Outros";1;0;0;0;0;0;0;0;0;0;1;0;0;0;0
"27/05/2015";"01:00:00";"2978";"sem vítima";"127.8";"BR-116/PR";"Norte";"Outros";1;0;0;0;0;0;0;0;0;0;1;0;0;0;0
"27/05/2015";"01:26:00";"2981";"sem vítima";"127.8";"BR-116/PR";"Norte";"Outros";1;0;0;0;0;0;0;0;0;0;1;0;0;0;0
"27/05/2015";"06:56:00";"2998";"sem vítima";"140";"BR-116/SC";"Norte";"Colisão Lateral";2;0;0;0;0;0;0;0;0;0;3;0;0;0;0
"27/05/2015";"12:33:00";"3029";"sem vítima";"203.9";"BR-116/PR";"Norte";"Colisão Lateral";0;0;2;0;0;0;0;0;0;0;2;0;0;0;0
"27/05/2015";"01:52:00";"3031";"sem vítima";"193";"BR-116/PR";"Norte";"Objeto lançado contra veículo";1;0;0;0;0;0;0;0;0;0;1;0;0;0;0
"27/05/2015";"02:24:00";"3036";"sem vítima";"7.2";"BR-116/SC";"Sul";"Objeto lançado contra veículo";0;0;1;0;0;0;0;0;0;0;1;0;0;0;0
"27/05/2015";"02:46:00";"3040";"sem vítima";"34.5";"BR-116/SC";"Sul";"Saida de Pista";0;0;0;0;0;0;0;0;0;1;1;0;0;0;0
"27/05/2015";"04:15:00";"3050";"sem vítima";"134";"BR-116/PR";"Sul";"Choque - Cancela de Pedagio";0;0;0;0;0;0;0;0;0;1;1;0;0;0;0
"27/05/2015";"05:26:00";"3058";"sem vítima";"175.4";"BR-116/SC";"Norte";"Saida de Pista";1;0;0;0;0;0;0;0;0;0;2;0;0;0;0
"27/05/2015";"08:30:00";"3069";"sem vítima";"155";"BR-116/PR";"Sul";"Atropelamento de Animal";1;0;0;0;0;0;0;0;0;0;1;0;0;0;0
"27/05/2015";"09:15:00";"3071";"sem vítima";"214.3";"BR-116/SC";"Norte";"Saida de Pista";1;0;0;0;0;0;0;0;0;0;2;0;0;0;0
"28/05/2015";"09:58:00";"3118";"sem vítima";"142.2";"BR-116/PR";"Sul";"Colisão Transversal";1;0;0;0;0;0;0;0;0;1;2;0;0;0;0
"28/05/2015";"10:47:00";"3128";"sem vítima";"134";"BR-116/PR";"Norte";"Choque - Cancela de Pedagio";1;0;0;0;0;0;0;0;0;0;1;0;0;0;0
"28/05/2015";"04:04:00";"3163";"com vítima";"129";"BR-116/PR";"Norte";"Colisão Transversal";1;0;1;0;0;0;0;0;0;0;2;2;0;0;0
"28/05/2015";"04:30:00";"3168";"sem vítima";"81";"BR-116/SC";"Norte";"Choque - Cancela de Pedagio";0;0;1;0;0;0;0;0;0;0;1;0;0;0;0
"28/05/2015";"06:01:00";"3177";"sem vítima";"134";"BR-116/PR";"Norte";"Choque - Cancela de Pedagio";1;0;0;0;0;0;0;0;0;0;1;0;0;0;0
"28/05/2015";"06:41:00";"3178";"sem vítima";"208.4";"BR-116/SC";"Sul";"Saida de Pista";1;0;0;0;0;0;0;0;0;0;1;0;0;0;0
"28/05/2015";"07:47:00";"3183";"sem vítima";"230.4";"BR-116/SC";"Sul";"Saida de Pista";1;0;0;0;0;0;0;0;0;0;1;0;0;0;0
"28/05/2015";"09:24:00";"3187";"sem vítima";"33.5";"BR-116/SC";"Norte";"Colisão Lateral";0;0;0;0;0;1;0;0;0;1;2;0;0;0;0
"29/05/2015";"08:47:00";"3217";"sem vítima";"189";"BR-116/SC";"Sul";"Objeto lançado contra veículo";0;0;1;0;0;0;0;0;0;0;1;0;0;0;0
"29/05/2015";"12:29:00";"3244";"sem vítima";"204";"BR-116/PR";"Norte";"Choque - Cancela de Pedagio";1;0;0;0;0;0;0;0;0;0;1;0;0;0;0
"29/05/2015";"01:51:00";"3249";"sem vítima";"134";"BR-116/PR";"Norte";"Choque - Cancela de Pedagio";1;0;0;0;0;0;0;0;0;0;1;0;0;0;0
"29/05/2015";"03:13:00";"3263";"sem vítima";"81";"BR-116/SC";"Sul";"Colisão Traseira";1;0;1;0;0;0;0;0;0;0;2;0;0;0;0
"29/05/2015";"04:11:00";"3273";"sem vítima";"204";"BR-116/PR";"Sul";"Choque - Cancela de Pedagio";0;0;0;0;0;0;0;0;0;1;1;0;0;0;0
"29/05/2015";"06:51:00";"3290";"sem vítima";"209";"BR-116/PR";"Sul";"Colisão Traseira";2;0;0;0;0;0;0;0;0;0;2;0;0;0;0
"29/05/2015";"11:13:00";"3312";"sem vítima";"120";"BR-116/PR";"Sul";"Saida de Pista";1;0;0;0;0;0;0;0;0;0;1;0;0;0;0
"30/05/2015";"04:38:00";"3328";"sem vítima";"212";"BR-116/SC";"Norte";"Saida de Pista";1;0;0;0;0;0;0;0;0;0;1;0;0;0;0
"30/05/2015";"05:43:00";"3335";"sem vítima";"115";"BR-116/PR";"Norte";"Choque - Defensa, barreira ou "submarino"";1;0;0;0;0;0;0;0;0;0;1;0;0;0;0
"30/05/2015";"07:08:00";"3342";"com vítima";"274.8";"BR-116/SC";"Sul";"Saida de Pista";1;0;0;0;0;0;0;0;0;0;0;2;0;0;0
"30/05/2015";"09:35:00";"3346";"sem vítima";"81";"BR-116/SC";"Sul";"Choque - Cancela de Pedagio";1;0;0;0;0;0;0;0;0;0;1;0;0;0;0
"30/05/2015";"10:28:00";"3354";"sem vítima";"81";"BR-116/SC";"Sul";"Colisão Traseira";0;0;1;0;0;1;0;0;0;0;2;0;0;0;0
"30/05/2015";"10:49:00";"3357";"com vítima";"116";"BR-116/PR";"Norte";"Colisão Traseira";1;0;0;1;0;0;0;0;0;0;1;1;0;0;0
"30/05/2015";"10:58:00";"3358";"sem vítima";"152";"BR-116/PR";"Norte";"Colisão Transversal";0;0;1;0;0;0;0;0;0;1;2;0;0;0;0
"30/05/2015";"11:23:00";"3362";"com vítima";"57.3";"BR-116/SC";"Norte";"Colisão Lateral";1;0;2;0;0;0;0;0;0;1;3;4;0;1;0
"30/05/2015";"02:22:00";"3367";"com vítima";"116.4";"BR-116/PR";"Sul";"Choque - Defensa, barreira ou "submarino"";1;0;0;0;0;0;0;0;0;0;0;1;0;0;0
"30/05/2015";"02:32:00";"3369";"sem vítima";"134";"BR-116/PR";"Norte";"Choque - Cancela de Pedagio";0;0;0;0;0;0;0;0;0;1;1;0;0;0;0
"30/05/2015";"06:58:00";"3393";"sem vítima";"134";"BR-116/PR";"Sul";"Choque - Cancela de Pedagio";1;0;0;0;0;0;0;0;0;0;1;0;0;0;0
"30/05/2015";"07:01:00";"3394";"com vítima";"135";"BR-116/SC";"Sul";"Atropelamento - Usuário";1;0;0;0;0;0;0;0;0;0;2;1;0;0;0
"31/05/2015";"03:36:00";"3428";"com vítima";"137.3";"BR-116/SC";"Norte";"Saida de Pista";1;0;0;0;0;0;0;0;0;0;0;2;0;0;0
"31/05/2015";"05:00:00";"3432";"sem vítima";"235.7";"BR-116/SC";"Sul";"Saida de Pista";1;0;0;0;0;0;0;0;0;0;3;0;0;0;0
"31/05/2015";"06:39:00";"3438";"sem vítima";"124";"BR-116/PR";"Sul";"Saida de Pista";1;0;0;0;0;0;0;0;0;0;1;0;0;0;0
"31/05/2015";"08:25:00";"3443";"sem vítima";"21.9";"BR-116/SC";"Norte";"Saida de Pista";1;0;0;0;0;0;0;0;0;0;1;0;0;0;0
"31/05/2015";"06:22:00";"3498";"com vítima";"185.2";"BR-116/SC";"Norte";"Atropelamento - Usuário";0;0;0;1;0;0;0;0;0;0;0;1;0;1;0
"01/06/2015";"08:57:00";"30";"sem vítima";"265";"BR-116/SC";"Sul";"Choque - Talude";0;0;1;0;0;0;0;0;0;0;1;0;0;0;0
"01/06/2015";"09:01:00";"31";"sem vítima";"134";"BR-116/PR";"Sul";"Choque - Suporte de Sinalização";1;0;0;0;0;0;0;0;0;0;1;0;0;0;0
"01/06/2015";"09:24:00";"33";"sem vítima";"123.5";"BR-116/SC";"Norte";"Colisão Lateral";1;0;0;0;0;1;0;0;0;0;2;0;0;0;0
"01/06/2015";"01:20:00";"55";"sem vítima";"146";"BR-116/PR";"Norte";"Colisão Traseira";2;0;0;0;0;0;0;0;0;1;3;0;0;0;0
"01/06/2015";"03:54:00";"78";"sem vítima";"134";"BR-116/PR";"Norte";"Choque - Cancela de Pedagio";1;0;0;0;0;0;0;0;0;0;1;0;0;0;0
"01/06/2015";"04:24:00";"84";"sem vítima";"134";"BR-116/PR";"Norte";"Choque - Cancela de Pedagio";0;0;0;0;0;0;0;0;0;1;1;0;0;0;0
"01/06/2015";"05:53:00";"92";"sem vítima";"134";"BR-116/PR";"Sul";"Choque - Cancela de Pedagio";0;0;1;0;0;0;0;0;0;0;1;0;0;0;0
"02/06/2015";"09:29:00";"145";"sem vítima";"204";"BR-116/PR";"Sul";"Choque - Cancela de Pedagio";1;0;0;0;0;0;0;0;0;0;1;0;0;0;0
"02/06/2015";"12:07:00";"165";"com vítima";"126";"BR-116/PR";"Norte";"Colisão Lateral";0;0;1;1;0;0;0;0;0;0;1;1;0;0;0
"02/06/2015";"02:04:00";"173";"com vítima";"146";"BR-116/PR";"Norte";"Colisão Traseira";2;0;0;0;0;0;0;0;0;0;3;2;0;0;0
"02/06/2015";"02:20:00";"175";"com vítima";"153";"BR-116/PR";"Norte";"Colisão Transversal";1;0;0;1;0;0;0;0;0;0;1;0;0;1;0
"02/06/2015";"09:47:00";"222";"sem vítima";"198.4";"BR-116/PR";"Norte";"Saida de Pista";1;0;0;0;0;0;0;0;0;0;1;0;0;0;0
"03/06/2015";"03:50:00";"244";"sem vítima";"179.1";"BR-116/PR";"Norte";"Tombamento";0;0;1;0;0;0;0;0;0;0;1;0;0;0;0
"03/06/2015";"08:13:00";"259";"com vítima";"54.1";"BR-116/SC";"Norte";"Atropelamento de Animal";0;0;0;1;0;0;0;0;0;0;0;1;0;0;0
"03/06/2015";"08:40:00";"261";"com vítima";"142";"BR-116/PR";"Sul";"Colisão Transversal";1;0;0;1;0;0;0;0;0;0;1;1;0;0;0
"03/06/2015";"02:08:00";"288";"sem vítima";"134";"BR-116/PR";"Sul";"Choque - Cancela de Pedagio";1;0;0;0;0;0;0;0;0;0;1;0;0;0;0
"03/06/2015";"05:23:00";"313";"com vítima";"138.3";"BR-116/SC";"Sul";"Colisão Lateral";0;0;0;1;0;1;0;0;0;0;1;1;0;0;0
"03/06/2015";"11:34:00";"354";"com vítima";"45.4";"BR-116/SC";"Norte";"Choque - Veiculo parado na pista";1;0;0;0;0;1;0;0;0;0;1;2;0;0;0
"04/06/2015";"12:31:00";"361";"sem vítima";"53.4";"BR-116/SC";"Sul";"Colisão Traseira";2;0;0;0;0;0;0;0;0;0;7;0;0;0;0
"04/06/2015";"05:50:00";"376";"sem vítima";"129.5";"BR-116/PR";"Sul";"Saida de Pista";1;0;0;0;0;0;0;0;0;0;1;0;0;0;0
"04/06/2015";"07:49:00";"383";"com vítima";"126";"BR-116/PR";"Sul";"Engavetamento";4;0;1;0;0;0;0;0;0;0;5;2;0;0;0
"04/06/2015";"11:02:00";"402";"sem vítima";"134";"BR-116/PR";"Sul";"Colisão Traseira";2;0;0;0;0;0;0;0;0;0;2;0;0;0;0
"04/06/2015";"04:43:00";"436";"com vítima";"131";"BR-116/PR";"Sul";"Colisão Transversal";1;0;0;0;0;0;0;0;0;1;2;2;0;0;0
"04/06/2015";"05:34:00";"440";"sem vítima";"126";"BR-116/PR";"Norte";"Saida de Pista";1;0;0;0;0;0;0;0;0;0;1;0;0;0;0
"04/06/2015";"07:19:00";"446";"sem vítima";"297";"BR-116/SC";"Sul";"Atropelamento de Animal";0;0;0;0;1;0;0;0;0;0;32;0;0;0;0
"04/06/2015";"09:48:00";"465";"sem vítima";"204";"BR-116/PR";"Sul";"Choque - Cancela de Pedagio";0;0;0;0;0;0;0;0;0;1;1;0;0;0;0
"05/06/2015";"12:19:00";"470";"sem vítima";"133";"BR-116/PR";"Sul";"Choque - Objeto sobre a pista";0;0;0;0;0;0;0;0;0;1;1;0;0;0;0
"05/06/2015";"06:50:00";"487";"sem vítima";"133.3";"BR-116/PR";"Norte";"Saida de Pista";1;0;0;0;0;0;0;0;0;0;1;0;0;0;0
"05/06/2015";"10:10:00";"506";"sem vítima";"234";"BR-116/SC";"Norte";"Saida de Pista";0;0;0;0;0;0;0;0;0;1;1;0;0;0;0
"05/06/2015";"11:26:00";"511";"sem vítima";"134";"BR-116/PR";"Sul";"Choque - Cancela de Pedagio";1;0;0;0;0;0;0;0;0;0;1;0;0;0;0
"05/06/2015";"11:26:00";"510";"sem vítima";"134";"BR-116/PR";"Sul";"Choque - Cancela de Pedagio";0;0;0;0;0;0;0;0;0;1;1;0;0;0;0
"05/06/2015";"12:02:00";"514";"sem vítima";"140";"BR-116/PR";"Sul";"Objeto lançado contra veículo";1;0;0;0;0;0;0;0;0;0;1;0;0;0;0
"05/06/2015";"03:28:00";"537";"sem vítima";"118.9";"BR-116/PR";"Sul";"Colisão Transversal";0;0;1;1;0;0;0;0;0;0;2;0;0;0;0
"05/06/2015";"05:01:00";"544";"sem vítima";"131";"BR-116/PR";"Norte";"Colisão Transversal";2;0;0;0;0;0;0;0;0;0;3;0;0;0;0
"05/06/2015";"05:24:00";"550";"sem vítima";"117";"BR-116/PR";"Sul";"Queda de Moto";0;0;0;1;0;0;0;0;0;0;1;0;0;0;0
"05/06/2015";"05:52:00";"555";"sem vítima";"134";"BR-116/PR";"Norte";"Choque - Cancela de Pedagio";0;0;0;0;0;0;0;0;0;1;1;0;0;0;0
"05/06/2015";"06:39:00";"559";"com vítima";"236.6";"BR-116/SC";"Sul";"Colisão Frontal";1;0;0;1;0;0;0;0;0;0;1;0;0;0;1
"05/06/2015";"07:59:00";"572";"com vítima";"152";"BR-116/PR";"Sul";"Colisão Lateral";1;0;0;1;0;0;0;0;0;0;2;1;0;0;0
"06/06/2015";"02:22:00";"590";"sem vítima";"114.6";"BR-116/SC";"Sul";"Saida de Pista";1;0;0;0;0;1;0;0;0;0;2;0;0;0;0
"06/06/2015";"09:34:00";"622";"sem vítima";"12.4";"BR-116/SC";"Sul";"Colisão Transversal";1;0;1;0;0;0;0;0;0;0;2;0;0;0;0
"06/06/2015";"08:17:00";"675";"sem vítima";"44";"BR-116/SC";"Sul";"Atropelamento de Animal";1;0;0;0;0;0;0;0;0;0;1;0;0;0;0
"06/06/2015";"10:06:00";"684";"com vítima";"55";"BR-116/SC";"Norte";"Colisão Frontal";0;0;0;1;0;1;0;0;0;0;1;1;0;0;0
"06/06/2015";"10:29:00";"685";"sem vítima";"117.5";"BR-116/PR";"Sul";"Engavetamento";3;0;0;0;0;0;0;0;0;0;7;0;0;0;0
"07/06/2015";"03:10:00";"701";"com vítima";"130.5";"BR-116/PR";"Norte";"Queda de Moto";0;0;0;1;0;0;0;0;0;0;0;1;0;0;0
"07/06/2015";"04:22:00";"708";"com vítima";"206.3";"BR-116/PR";"Norte";"Saida de Pista";1;0;0;0;0;0;0;0;0;0;1;0;0;1;0
"07/06/2015";"06:35:00";"714";"sem vítima";"117";"BR-116/PR";"Sul";"Saida de Pista";1;0;0;0;0;0;0;0;0;0;1;0;0;0;0
"07/06/2015";"11:34:00";"738";"sem vítima";"129.7";"BR-116/PR";"Sul";"Colisão Transversal";2;0;0;0;0;0;0;0;0;0;2;0;0;0;0
"07/06/2015";"11:45:00";"739";"sem vítima";"81";"BR-116/SC";"Norte";"Objeto lançado contra veículo";0;0;1;0;0;0;0;0;0;0;1;0;0;0;0
"07/06/2015";"12:56:00";"741";"sem vítima";"81";"BR-116/SC";"Norte";"Choque - Cancela de Pedagio";1;0;0;0;0;0;0;0;0;0;1;0;0;0;0
"07/06/2015";"03:03:00";"757";"sem vítima";"81";"BR-116/SC";"Norte";"Choque - Cancela de Pedagio";1;0;0;0;0;0;0;0;0;0;1;0;0;0;0
"07/06/2015";"06:13:00";"785";"com vítima";"169";"BR-116/PR";"Norte";"Colisão Lateral";2;0;0;0;0;0;0;0;0;0;4;1;0;0;0
"07/06/2015";"06:22:00";"787";"sem vítima";"233";"BR-116/SC";"Sul";"Choque - Cancela de Pedagio";1;0;0;0;0;0;0;0;0;0;1;0;0;0;0
"07/06/2015";"07:54:00";"796";"com vítima";"151";"BR-116/PR";"Norte";"Colisão Transversal";2;0;0;0;0;0;0;0;0;0;2;1;0;0;0
"07/06/2015";"08:08:00";"797";"com vítima";"164.6";"BR-116/PR";"Sul";"Colisão Lateral";1;0;0;0;1;0;0;0;0;0;3;0;0;0;1
"07/06/2015";"09:01:00";"802";"sem vítima";"47";"BR-116/SC";"Norte";"Atropelamento de Animal";1;0;0;0;0;0;0;0;0;0;2;0;0;0;0
"08/06/2015";"12:05:00";"817";"com vítima";"138.5";"BR-116/PR";"Sul";"Saida de Pista";1;0;0;0;0;0;0;0;0;0;3;1;0;0;0
"08/06/2015";"01:42:00";"818";"com vítima";"183.1";"BR-116/SC";"Norte";"Colisão Frontal";2;0;0;0;0;0;0;0;0;0;2;1;0;0;0
"08/06/2015";"10:14:00";"860";"com vítima";"171.9";"BR-116/PR";"Norte";"Saida de Pista";1;0;0;0;0;0;0;0;0;0;0;1;0;0;0
"08/06/2015";"12:48:00";"879";"sem vítima";"183";"BR-116/PR";"Norte";"Colisão Traseira";2;0;0;0;0;0;0;0;0;0;2;0;0;0;0
"08/06/2015";"04:02:00";"908";"sem vítima";"210";"BR-116/SC";"Sul";"Saida de Pista";1;0;0;0;0;0;0;0;0;0;1;0;0;0;0
"08/06/2015";"07:03:00";"927";"sem vítima";"117.7";"BR-116/PR";"Norte";"Engavetamento";2;0;0;0;0;0;0;0;0;1;3;0;0;0;0
"08/06/2015";"10:06:00";"934";"com vítima";"248.6";"BR-116/SC";"Sul";"Atropelamento de Animal";1;0;0;0;0;0;0;0;0;0;1;1;0;0;0
"09/06/2015";"07:31:00";"962";"sem vítima";"119";"BR-116/PR";"Norte";"Colisão Traseira";1;0;1;0;0;0;0;0;0;0;2;0;0;0;0
"09/06/2015";"10:19:00";"993";"sem vítima";"233";"BR-116/SC";"Sul";"Choque - Cancela de Pedagio";1;0;0;0;0;0;0;0;0;0;1;0;0;0;0
"09/06/2015";"10:36:00";"994";"sem vítima";"134";"BR-116/PR";"Sul";"Choque - Cancela de Pedagio";1;0;0;0;0;0;0;0;0;0;1;0;0;0;0
"09/06/2015";"01:29:00";"1013";"com vítima";"148";"BR-116/PR";"Norte";"Queda de Moto";0;0;0;1;0;0;0;0;0;0;0;2;0;0;0
"09/06/2015";"02:37:00";"1019";"sem vítima";"233";"BR-116/SC";"Sul";"Choque - Cancela de Pedagio";0;0;0;0;0;0;0;0;0;1;1;0;0;0;0
"09/06/2015";"09:55:00";"1053";"sem vítima";"117.6";"BR-116/PR";"Norte";"Colisão Lateral";0;0;1;0;1;0;0;0;0;0;2;0;0;0;0
"10/06/2015";"01:35:00";"1067";"sem vítima";"42";"BR-116/SC";"Sul";"Choque - Objeto sobre a pista";1;0;0;0;0;0;0;0;0;0;4;0;0;0;0
"10/06/2015";"06:44:00";"1088";"sem vítima";"115";"BR-116/PR";"Norte";"Colisão Traseira";2;0;0;0;0;1;0;0;0;0;3;0;0;0;0
"10/06/2015";"06:56:00";"1090";"sem vítima";"122";"BR-116/PR";"Norte";"Colisão Traseira";1;0;0;0;0;1;0;0;0;0;2;0;0;0;0
"10/06/2015";"07:46:00";"1093";"sem vítima";"204";"BR-116/PR";"Norte";"Choque - Cancela de Pedagio";0;0;1;0;0;0;0;0;0;0;1;0;0;0;0
"10/06/2015";"08:40:00";"1102";"sem vítima";"81";"BR-116/SC";"Sul";"Choque - Cancela de Pedagio";0;0;1;0;0;0;0;0;0;0;1;0;0;0;0
"10/06/2015";"11:38:00";"1128";"sem vítima";"56";"BR-116/SC";"Norte";"Objeto lançado contra veículo";1;0;0;0;0;1;0;0;0;0;2;0;0;0;0
"10/06/2015";"12:07:00";"1130";"sem vítima";"120";"BR-116/SC";"Sul";"Choque - Outros";0;0;0;0;0;0;0;0;0;1;1;0;0;0;0
"10/06/2015";"12:26:00";"1133";"sem vítima";"220";"BR-116/SC";"Sul";"Colisão Lateral";1;0;0;0;0;0;0;0;0;1;2;0;0;0;0
"10/06/2015";"01:55:00";"1142";"sem vítima";"134";"BR-116/PR";"Sul";"Choque - Cancela de Pedagio";0;0;0;0;0;0;0;0;0;1;1;0;0;0;0
"10/06/2015";"03:29:00";"1161";"sem vítima";"117.4";"BR-116/PR";"Sul";"Colisão Lateral";1;0;0;0;0;0;0;0;0;0;1;0;0;0;0
"10/06/2015";"06:12:00";"1185";"sem vítima";"116.3";"BR-116/PR";"Norte";"Colisão Lateral";2;0;0;0;0;0;0;0;0;0;2;0;0;0;0
"11/06/2015";"04:37:00";"1232";"sem vítima";"209.2";"BR-116/PR";"Sul";"Colisão Traseira";1;0;0;0;0;1;0;0;0;0;3;0;0;0;0
"11/06/2015";"07:28:00";"1236";"sem vítima";"120";"BR-116/PR";"Norte";"Colisão Traseira";2;0;0;0;0;0;0;0;0;0;2;0;0;0;0
"11/06/2015";"01:47:00";"1280";"sem vítima";"140";"BR-116/SC";"Sul";"Objeto lançado contra veículo";0;0;1;0;0;1;0;0;0;0;2;0;0;0;0
"11/06/2015";"03:30:00";"1295";"sem vítima";"232";"BR-116/SC";"Norte";"Choque - Cancela de Pedagio";0;0;1;0;0;0;0;0;0;0;1;0;0;0;0
"11/06/2015";"03:57:00";"1298";"sem vítima";"115";"BR-116/PR";"Norte";"Colisão Traseira";2;0;0;0;0;0;0;0;0;0;2;0;0;0;0
"11/06/2015";"05:26:00";"1306";"sem vítima";"173";"BR-116/SC";"Sul";"Objeto lançado contra veículo";1;0;0;0;0;0;0;0;0;0;1;0;0;0;0
"11/06/2015";"06:08:00";"1310";"com vítima";"49";"BR-116/SC";"Sul";"Colisão Lateral";0;0;1;1;0;0;0;0;0;0;1;0;0;1;0
"11/06/2015";"08:25:00";"1321";"sem vítima";"246.06";"BR-116/SC";"Norte";"Colisão Transversal";2;0;0;0;0;0;0;0;0;0;2;0;0;0;0
"11/06/2015";"09:38:00";"1322";"sem vítima";"180";"BR-116/PR";"Sul";"Saida de Pista";0;0;1;0;0;0;0;0;0;0;1;0;0;0;0
"12/06/2015";"02:36:00";"1388";"sem vítima";"181.4";"BR-116/SC";"Norte";"Tombamento";0;0;1;0;0;0;0;0;0;0;1;0;0;0;0
"12/06/2015";"05:36:00";"1398";"sem vítima";"134";"BR-116/PR";"Norte";"Colisão Traseira";2;0;0;0;0;0;0;0;0;0;2;0;0;0;0
"12/06/2015";"10:35:00";"1423";"sem vítima";"182.5";"BR-116/PR";"Sul";"Saida de Pista";1;0;0;0;0;0;0;0;0;0;1;0;0;0;0
"12/06/2015";"10:52:00";"1427";"sem vítima";"32";"BR-116/SC";"Norte";"Choque - Objeto sobre a pista";1;0;0;0;0;0;0;0;0;0;1;0;0;0;0
"13/06/2015";"12:52:00";"1435";"sem vítima";"125";"BR-116/PR";"Sul";"Saida de Pista";1;0;0;0;0;0;0;0;0;0;1;0;0;0;0
"13/06/2015";"04:54:00";"1448";"com vítima";"115";"BR-116/PR";"Norte";"Colisão Frontal";2;0;0;0;0;0;0;0;0;0;0;3;0;0;0
"13/06/2015";"04:36:00";"1482";"sem vítima";"120";"BR-116/PR";"Norte";"Queda de Moto";0;0;0;1;0;0;0;0;0;0;1;0;0;0;0
"13/06/2015";"05:51:00";"1486";"sem vítima";"235.2";"BR-116/SC";"Sul";"Saida de Pista";0;0;0;0;0;0;0;0;0;1;3;0;0;0;0
"13/06/2015";"08:06:00";"1500";"sem vítima";"140";"BR-116/SC";"Sul";"Colisão Traseira";2;0;0;0;0;0;0;0;0;0;4;0;0;0;0
"14/06/2015";"12:08:00";"1509";"sem vítima";"107.7";"BR-116/SC";"Norte";"Saida de Pista";0;0;1;0;0;0;0;0;0;0;1;0;0;0;0
"14/06/2015";"02:10:00";"1517";"sem vítima";"152";"BR-116/PR";"Sul";"Saida de Pista";1;0;0;0;0;0;0;0;0;0;1;0;0;0;0
"14/06/2015";"06:42:00";"1527";"sem vítima";"115";"BR-116/PR";"Sul";"Saida de Pista";1;0;0;0;0;0;0;0;0;0;1;0;0;0;0
"14/06/2015";"10:32:00";"1545";"sem vítima";"241.9";"BR-116/SC";"Sul";"Saida de Pista";1;0;0;0;0;0;0;0;0;0;1;0;0;0;0
"14/06/2015";"09:50:00";"1590";"sem vítima";"204";"BR-116/PR";"Sul";"Choque - Cancela de Pedagio";0;0;0;0;0;0;0;0;0;1;3;0;0;0;0
"15/06/2015";"09:39:00";"1634";"sem vítima";"299";"BR-116/SC";"Norte";"Objeto lançado contra veículo";1;0;0;0;0;0;0;0;0;0;1;0;0;0;0
"15/06/2015";"12:39:00";"1654";"sem vítima";"117";"BR-116/PR";"Sul";"Queda de Moto";0;0;0;1;0;0;0;0;0;0;1;0;0;0;0
"15/06/2015";"02:14:00";"1662";"sem vítima";"117";"BR-116/PR";"Sul";"Queda de Moto";0;0;0;1;0;0;0;0;0;0;1;0;0;0;0
"15/06/2015";"05:04:00";"1685";"sem vítima";"5.5";"BR-116/SC";"Norte";"Colisão Transversal";1;0;0;0;0;0;0;0;0;1;2;0;0;0;0
"16/06/2015";"07:40:00";"1742";"sem vítima";"134";"BR-116/PR";"Norte";"Choque - Defensa, barreira ou "submarino"";0;0;1;0;0;0;0;0;0;0;1;0;0;0;0
"16/06/2015";"07:43:00";"1744";"sem vítima";"204";"BR-116/PR";"Norte";"Colisão Traseira";2;0;0;0;0;0;0;0;0;0;2;0;0;0;0
"16/06/2015";"08:54:00";"1754";"com vítima";"7";"BR-116/SC";"Sul";"Colisão Transversal";0;0;1;1;0;0;0;0;0;0;1;1;0;0;0