data;horario;n_da_ocorrencia;tipo_de_ocorrencia;km;trecho;sentido;tipo_de_acidente;automovel;bicicleta;caminhao;moto;onibus;outros;tracao_animal;transporte_de_cargas_especiais;trator_maquinas;utilitarios;ilesos;levemente_feridos;moderadamente_feridos;gravemente_feridos;mortos
"10/09/2015";"03:44:00";"1090";"sem vítima";"204";"BR-116/PR";"Norte";"Choque - Cancela de Pedagio";0;0;0;0;0;0;0;0;0;1;1;0;0;0;0
"10/09/2015";"04:29:00";"1101";"sem vítima";"270";"BR-116/SC";"Norte";"Atropelamento de Animal";1;0;0;0;0;0;0;0;0;0;1;0;0;0;0
"10/09/2015";"04:49:00";"1106";"sem vítima";"145.8";"BR-116/PR";"Sul";"Colisão Traseira";2;0;0;0;0;0;0;0;0;0;3;0;0;0;0
"10/09/2015";"09:49:00";"1128";"sem vítima";"145.7";"BR-116/SC";"Sul";"Saida de Pista";1;0;0;0;0;0;0;0;0;0;1;0;0;0;0
"11/09/2015";"07:40:00";"1162";"sem vítima";"130.4";"BR-116/PR";"Sul";"Capotamento";1;0;0;0;0;0;0;0;0;0;1;0;0;0;0
"11/09/2015";"08:31:00";"1165";"sem vítima";"126";"BR-116/PR";"Norte";"Colisão Transversal";1;0;1;0;0;0;0;0;0;0;2;0;0;0;0
"11/09/2015";"09:35:00";"1176";"sem vítima";"81";"BR-116/SC";"Sul";"Choque - Cancela de Pedagio";0;0;1;0;0;0;0;0;0;0;1;0;0;0;0
"11/09/2015";"05:28:00";"1232";"sem vítima";"117";"BR-116/PR";"Norte";"Colisão Traseira";2;0;0;0;0;0;0;0;0;0;2;0;0;0;0
"11/09/2015";"06:35:00";"1240";"sem vítima";"119";"BR-116/PR";"Norte";"Engavetamento";3;0;0;0;0;1;0;0;0;0;4;0;0;0;0
"11/09/2015";"08:18:00";"1249";"sem vítima";"162.5";"BR-116/SC";"Norte";"Colisão Lateral";1;0;0;0;0;1;0;0;0;0;3;0;0;0;0
"12/09/2015";"10:23:00";"1318";"sem vítima";"65.7";"BR-116/SC";"Sul";"Saida de Pista";1;0;0;0;0;0;0;0;0;0;2;0;0;0;0
"12/09/2015";"11:57:00";"1330";"sem vítima";"264";"BR-116/SC";"Norte";"Objeto lançado contra veículo";0;0;1;0;0;0;0;0;0;0;1;0;0;0;0
"12/09/2015";"02:14:00";"1334";"sem vítima";"161.6";"BR-116/PR";"Sul";"Objeto lançado contra veículo";1;0;0;0;0;0;0;0;0;0;1;0;0;0;0
"12/09/2015";"03:15:00";"1342";"sem vítima";"53";"BR-116/SC";"Sul";"Colisão Traseira";1;0;0;0;0;0;0;0;0;1;2;0;0;0;0
"12/09/2015";"04:21:00";"1351";"sem vítima";"43";"BR-116/SC";"Sul";"Colisão Lateral";1;0;0;0;0;1;0;0;0;0;3;0;0;0;0
"12/09/2015";"04:41:00";"1356";"sem vítima";"134";"BR-116/PR";"Sul";"Choque - Cancela de Pedagio";0;0;0;0;0;0;0;0;0;1;1;0;0;0;0
"12/09/2015";"06:08:00";"1366";"sem vítima";"134";"BR-116/PR";"Norte";"Colisão Traseira";2;0;0;0;0;0;0;0;0;0;2;0;0;0;0
"12/09/2015";"08:24:00";"1375";"sem vítima";"147";"BR-116/SC";"Sul";"Atropelamento de Animal";0;0;1;0;0;0;0;0;0;0;1;0;0;0;0
"12/09/2015";"08:39:00";"1378";"com vítima";"52";"BR-116/SC";"Norte";"Saida de Pista";1;0;0;0;0;0;0;0;0;0;0;2;0;0;0
"12/09/2015";"08:45:00";"1379";"sem vítima";"152";"BR-116/PR";"Sul";"Saida de Pista";1;0;0;0;0;0;0;0;0;0;5;0;0;0;0
"12/09/2015";"09:20:00";"1382";"sem vítima";"161.5";"BR-116/SC";"Norte";"Atropelamento de Animal";1;0;0;0;0;0;0;0;0;0;2;0;0;0;0
"13/09/2015";"09:20:00";"1429";"sem vítima";"204";"BR-116/PR";"Sul";"Choque - Cancela de Pedagio";1;0;0;0;0;0;0;0;0;0;1;0;0;0;0
"13/09/2015";"12:18:00";"1446";"sem vítima";"233";"BR-116/SC";"Sul";"Choque - Cancela de Pedagio";0;0;1;0;0;0;0;0;0;0;1;0;0;0;0
"13/09/2015";"05:29:00";"1476";"com vítima";"140";"BR-116/PR";"Norte";"Colisão Transversal";0;0;1;0;0;0;0;0;0;1;1;1;0;1;0
"13/09/2015";"05:50:00";"1479";"sem vítima";"154";"BR-116/PR";"Sul";"Colisão Transversal";1;0;1;0;0;0;0;0;0;0;2;0;0;0;0
"13/09/2015";"07:59:00";"1491";"sem vítima";"39";"BR-116/SC";"Sul";"Atropelamento de Animal";1;0;0;0;0;0;0;0;0;0;1;0;0;0;0
"13/09/2015";"08:59:00";"1495";"sem vítima";"135.7";"BR-116/SC";"Norte";"Saida de Pista";1;0;0;0;0;0;0;0;0;0;1;0;0;0;0
"14/09/2015";"07:39:00";"1529";"sem vítima";"233.1";"BR-116/SC";"Sul";"Choque - Cancela de Pedagio";0;0;0;0;0;0;0;0;0;1;4;0;0;0;0
"14/09/2015";"08:47:00";"1537";"sem vítima";"115";"BR-116/PR";"Norte";"Colisão Traseira";3;0;0;0;0;0;0;0;0;0;3;0;0;0;0
"14/09/2015";"09:56:00";"1545";"sem vítima";"188.4";"BR-116/SC";"Sul";"Atropelamento de Animal";1;0;0;0;0;0;0;0;0;0;2;0;0;0;0
"14/09/2015";"10:37:00";"1554";"sem vítima";"147";"BR-116/PR";"Norte";"Objeto lançado contra veículo";1;0;0;0;0;0;0;0;0;0;1;0;0;0;0
"14/09/2015";"05:04:00";"1604";"sem vítima";"210";"BR-116/PR";"Sul";"Atropelamento de Animal";1;0;0;0;0;0;0;0;0;0;1;0;0;0;0
"14/09/2015";"05:59:00";"1611";"sem vítima";"125";"BR-116/PR";"Norte";"Choque - Objeto sobre a pista";1;0;0;0;0;0;0;0;0;0;1;0;0;0;0
"14/09/2015";"06:57:00";"1623";"com vítima";"115";"BR-116/PR";"Sul";"Colisão Traseira";1;0;0;1;0;0;0;0;0;0;1;1;0;0;0
"15/09/2015";"08:02:00";"1669";"sem vítima";"116.7";"BR-116/PR";"Norte";"Colisão Traseira";3;0;0;0;0;1;0;0;0;0;4;0;0;0;0
"15/09/2015";"02:24:00";"1703";"sem vítima";"162.2";"BR-116/PR";"Norte";"Objeto lançado contra veículo";1;0;0;0;0;0;0;0;0;0;1;0;0;0;0
"15/09/2015";"04:08:00";"1717";"sem vítima";"132";"BR-116/PR";"Norte";"Objeto lançado contra veículo";1;0;0;0;0;0;0;0;0;0;1;0;0;0;0
"15/09/2015";"09:20:00";"1753";"sem vítima";"133.7";"BR-116/SC";"Sul";"Saida de Pista";0;0;1;0;0;0;0;0;0;0;1;0;0;0;0
"16/09/2015";"07:05:00";"1784";"com vítima";"119";"BR-116/PR";"Sul";"Queda de Moto";0;0;0;1;0;0;0;0;0;0;1;1;0;0;0
"16/09/2015";"07:58:00";"1788";"sem vítima";"169.8";"BR-116/SC";"Sul";"Saida de Pista";1;0;0;0;0;1;0;0;0;0;3;0;0;0;0
"16/09/2015";"10:06:00";"1805";"sem vítima";"180";"BR-116/SC";"Norte";"Colisão Transversal";2;0;0;0;0;0;0;0;0;0;2;0;0;0;0
"16/09/2015";"10:42:00";"1813";"sem vítima";"135";"BR-116/PR";"Sul";"Colisão Traseira";1;0;0;0;0;1;0;0;0;0;2;0;0;0;0
"16/09/2015";"02:12:00";"1830";"sem vítima";"203.6";"BR-116/PR";"Norte";"Choque - Cancela de Pedagio";0;0;1;0;0;0;0;0;0;0;1;0;0;0;0
"16/09/2015";"02:57:00";"1840";"sem vítima";"174.9";"BR-116/SC";"Norte";"Colisão Traseira";0;0;2;0;0;0;0;0;0;0;2;0;0;0;0
"16/09/2015";"03:07:00";"1842";"sem vítima";"165";"BR-116/PR";"Norte";"Objeto lançado contra veículo";1;0;0;0;0;0;0;0;0;0;3;0;0;0;0
"16/09/2015";"06:53:00";"1873";"com vítima";"129.2";"BR-116/PR";"Sul";"Colisão Transversal";1;0;0;1;0;0;0;0;0;1;2;1;0;0;0
"16/09/2015";"09:33:00";"1891";"sem vítima";"193.1";"BR-116/SC";"Norte";"Tombamento";0;0;1;0;0;0;0;0;0;0;1;0;0;0;0
"17/09/2015";"07:10:00";"1917";"sem vítima";"118.9";"BR-116/PR";"Sul";"Saida de Pista";1;0;0;0;0;0;0;0;0;0;1;0;0;0;0
"17/09/2015";"12:29:00";"1947";"sem vítima";"66";"BR-116/SC";"Sul";"Objeto lançado contra veículo";0;0;0;0;0;0;0;0;0;1;1;0;0;0;0
"17/09/2015";"05:05:00";"1977";"sem vítima";"191";"BR-116/PR";"Norte";"Colisão Lateral";1;0;1;0;0;0;0;0;0;0;3;0;0;0;0
"17/09/2015";"05:57:00";"1985";"sem vítima";"115.4";"BR-116/PR";"Norte";"Colisão Traseira";2;0;0;0;0;0;0;0;0;0;2;0;0;0;0
"17/09/2015";"07:31:00";"1991";"com vítima";"116";"BR-116/PR";"Norte";"Colisão Lateral";1;0;1;0;0;0;0;0;0;0;1;1;0;0;0
"17/09/2015";"09:08:00";"1996";"sem vítima";"87";"BR-116/SC";"Sul";"Atropelamento de Animal";1;0;0;0;0;0;0;0;0;0;4;0;0;0;0
"17/09/2015";"10:03:00";"2001";"com vítima";"105.4";"BR-116/SC";"Norte";"Colisão Traseira";0;0;3;0;0;0;0;0;0;0;2;1;0;0;0
"17/09/2015";"10:33:00";"2003";"sem vítima";"137.4";"BR-116/SC";"Sul";"Saida de Pista";1;0;0;0;0;0;0;0;0;0;2;0;0;0;0
"18/09/2015";"09:24:00";"2040";"sem vítima";"178";"BR-116/PR";"Sul";"Objeto lançado contra veículo";0;0;0;0;0;0;0;0;0;1;1;0;0;0;0
"18/09/2015";"11:23:00";"2059";"sem vítima";"152";"BR-116/SC";"Norte";"Colisão Lateral";2;0;0;0;0;0;0;0;0;0;2;0;0;0;0
"18/09/2015";"03:02:00";"2077";"sem vítima";"128";"BR-116/PR";"Sul";"Objeto lançado contra veículo";1;0;0;0;0;0;0;0;0;0;1;0;0;0;0
"18/09/2015";"06:25:00";"2105";"sem vítima";"151.5";"BR-116/PR";"Sul";"Objeto lançado contra veículo";0;0;0;0;0;0;0;0;0;1;3;0;0;0;0
"18/09/2015";"06:28:00";"2107";"sem vítima";"191.5";"BR-116/PR";"Norte";"Engavetamento";3;0;0;0;0;0;0;0;0;0;3;0;0;0;0
"18/09/2015";"06:45:00";"2108";"sem vítima";"115";"BR-116/PR";"Norte";"Colisão Traseira";1;0;0;0;0;1;0;0;0;0;2;0;0;0;0
"18/09/2015";"07:00:00";"2111";"sem vítima";"4.5";"BR-116/SC";"Norte";"Colisão Lateral";1;0;1;0;0;0;0;0;0;0;2;0;0;0;0
"18/09/2015";"09:29:00";"2126";"com vítima";"144.5";"BR-116/PR";"Sul";"Saida de Pista";1;0;0;0;0;0;0;0;0;0;0;0;0;1;0
"19/09/2015";"06:30:00";"2157";"sem vítima";"122.4";"BR-116/PR";"Sul";"Colisão Traseira";0;0;0;1;0;1;0;0;0;0;2;0;0;0;0
"19/09/2015";"07:40:00";"2167";"com vítima";"33.5";"BR-116/SC";"Sul";"Colisão Traseira";1;0;0;0;0;1;0;0;0;0;3;1;0;0;0
"19/09/2015";"09:50:00";"2174";"sem vítima";"122.8";"BR-116/PR";"Sul";"Saida de Pista";1;0;0;0;0;0;0;0;0;0;4;0;0;0;0
"19/09/2015";"10:41:00";"2176";"com vítima";"152.6";"BR-116/PR";"Norte";"Atropelamento - Usuário";1;0;0;0;0;0;0;0;0;0;1;0;0;1;0
"19/09/2015";"06:34:00";"2215";"sem vítima";"126";"BR-116/PR";"Norte";"Colisão Lateral";1;0;0;0;0;1;0;0;0;0;1;0;0;0;0
"19/09/2015";"11:37:00";"2229";"sem vítima";"147.7";"BR-116/PR";"Norte";"Saida de Pista";1;0;0;0;0;0;0;0;0;0;1;0;0;0;0
"20/09/2015";"12:54:00";"2237";"sem vítima";"130.5";"BR-116/PR";"Norte";"Colisão Lateral";1;0;0;0;0;1;0;0;0;0;3;0;0;0;0
"20/09/2015";"11:23:00";"2267";"sem vítima";"152";"BR-116/PR";"Norte";"Colisão Transversal";2;0;0;0;0;0;0;0;0;0;2;0;0;0;0
"20/09/2015";"02:04:00";"2274";"sem vítima";"156.25";"BR-116/SC";"Norte";"Colisão Lateral";1;0;1;0;0;0;0;0;0;0;2;0;0;0;0
"20/09/2015";"02:44:00";"2280";"com vítima";"130.45";"BR-116/PR";"Norte";"Choque - Veiculo parado na pista";2;0;1;0;0;0;0;0;0;0;4;4;0;0;0
"20/09/2015";"04:58:00";"2298";"com vítima";"47.4";"BR-116/SC";"Norte";"Choque - Defensa, barreira ou "submarino"";2;0;1;0;0;0;0;0;0;0;2;4;0;2;2
"20/09/2015";"05:11:00";"2301";"sem vítima";"162";"BR-116/PR";"Norte";"Colisão Lateral";1;0;1;0;0;0;0;0;0;0;2;0;0;0;0
"20/09/2015";"08:36:00";"2313";"com vítima";"71.6";"BR-116/SC";"Sul";"Colisão Lateral";2;0;1;0;0;0;0;0;0;0;2;4;0;0;0
"20/09/2015";"10:37:00";"2323";"sem vítima";"126.1";"BR-116/PR";"Sul";"Colisão Traseira";2;0;0;0;0;0;0;0;0;0;4;0;0;0;0
"21/09/2015";"06:31:00";"2345";"sem vítima";"203.6";"BR-116/PR";"Sul";"Atropelamento de Animal";1;0;0;0;0;0;0;0;0;0;1;0;0;0;0
"21/09/2015";"10:55:00";"2377";"sem vítima";"128";"BR-116/PR";"Norte";"Objeto lançado contra veículo";1;0;0;0;0;0;0;0;0;0;1;0;0;0;0
"21/09/2015";"01:03:00";"2386";"sem vítima";"117.5";"BR-116/PR";"Sul";"Engavetamento";1;0;4;0;0;0;0;0;0;0;5;0;0;0;0
"21/09/2015";"05:17:00";"2423";"sem vítima";"81";"BR-116/SC";"Norte";"Choque - Cancela de Pedagio";1;0;0;0;0;0;0;0;0;0;1;0;0;0;0
"21/09/2015";"08:00:00";"2440";"sem vítima";"172.6";"BR-116/SC";"Norte";"Objeto lançado contra veículo";0;0;1;0;0;0;0;0;0;0;1;0;0;0;0
"21/09/2015";"09:41:00";"2452";"com vítima";"245.5";"BR-116/SC";"Norte";"Colisão Transversal";2;0;0;0;0;0;0;0;0;0;3;1;0;0;0
"22/09/2015";"07:08:00";"2484";"sem vítima";"117.5";"BR-116/PR";"Norte";"Colisão Traseira";0;0;0;1;0;1;0;0;0;0;2;0;0;0;0
"22/09/2015";"10:32:00";"2501";"sem vítima";"152";"BR-116/PR";"Norte";"Colisão Transversal";1;0;0;0;0;0;0;0;0;1;2;0;0;0;0
"22/09/2015";"11:23:00";"2508";"sem vítima";"204";"BR-116/PR";"Norte";"Choque - Cancela de Pedagio";0;0;1;0;0;0;0;0;0;0;1;0;0;0;0
"22/09/2015";"11:45:00";"2511";"sem vítima";"204";"BR-116/PR";"Norte";"Choque - Cancela de Pedagio";1;0;0;0;0;0;0;0;0;0;1;0;0;0;0
"22/09/2015";"01:08:00";"2518";"com vítima";"181";"BR-116/SC";"Sul";"Saida de Pista";0;0;0;0;0;0;0;0;0;1;0;2;0;0;0
"22/09/2015";"02:12:00";"2526";"sem vítima";"204";"BR-116/PR";"Norte";"Choque - Cancela de Pedagio";1;0;0;0;0;0;0;0;0;0;1;0;0;0;0
"22/09/2015";"08:17:00";"2565";"sem vítima";"222.5";"BR-116/SC";"Norte";"Saida de Pista";0;0;1;0;0;0;0;0;0;0;1;0;0;0;0
"22/09/2015";"08:45:00";"2566";"sem vítima";"218.7";"BR-116/SC";"Norte";"Objeto lançado contra veículo";0;0;2;0;0;0;0;0;0;0;2;0;0;0;0
"22/09/2015";"08:52:00";"2567";"com vítima";"58.1";"BR-116/SC";"Sul";"Colisão Lateral";1;0;0;1;0;0;0;0;0;0;2;0;0;1;0
"22/09/2015";"09:14:00";"2569";"sem vítima";"157";"BR-116/SC";"Sul";"Objeto lançado contra veículo";0;0;1;0;0;0;0;0;0;0;1;0;0;0;0
"23/09/2015";"09:39:00";"2616";"sem vítima";"23.6";"BR-116/SC";"Norte";"Colisão Transversal";1;0;1;0;0;0;0;0;0;0;2;0;0;0;0
"23/09/2015";"11:51:00";"2631";"sem vítima";"142.1";"BR-116/SC";"Norte";"Colisão Transversal";2;0;0;0;0;0;0;0;0;0;2;0;0;0;0
"23/09/2015";"01:50:00";"2639";"sem vítima";"23.6";"BR-116/SC";"Sul";"Colisão Traseira";2;0;0;0;0;0;0;0;0;0;5;0;0;0;0
"23/09/2015";"04:11:00";"2665";"sem vítima";"219.3";"BR-116/SC";"Sul";"Colisão Transversal";1;0;0;0;0;1;0;0;0;0;2;0;0;0;0
"23/09/2015";"06:45:00";"2675";"sem vítima";"204";"BR-116/PR";"Sul";"Choque - Cancela de Pedagio";1;0;0;0;0;0;0;0;0;0;1;0;0;0;0
"24/09/2015";"01:01:00";"2705";"sem vítima";"197.8";"BR-116/PR";"Norte";"Saida de Pista";0;0;0;0;0;0;0;0;0;1;1;0;0;0;0
"24/09/2015";"10:30:00";"2754";"sem vítima";"256.72";"BR-116/SC";"Sul";"Outros";0;0;1;0;0;0;0;0;0;0;1;0;0;0;0
"24/09/2015";"11:16:00";"2759";"sem vítima";"204";"BR-116/PR";"Sul";"Choque - Cancela de Pedagio";1;0;0;0;0;0;0;0;0;0;1;0;0;0;0
"24/09/2015";"01:15:00";"2768";"sem vítima";"134";"BR-116/PR";"Sul";"Colisão Traseira";0;0;1;0;0;0;0;0;0;1;2;0;0;0;0
"24/09/2015";"01:59:00";"2770";"sem vítima";"151.5";"BR-116/PR";"Norte";"Colisão Lateral";1;0;0;0;0;1;0;0;0;0;4;0;0;0;0
"24/09/2015";"02:21:00";"2772";"sem vítima";"204";"BR-116/PR";"Norte";"Choque - Cancela de Pedagio";0;0;0;0;0;0;0;0;0;1;1;0;0;0;0
"24/09/2015";"02:32:00";"2773";"sem vítima";"50";"BR-116/SC";"Norte";"Objeto lançado contra veículo";1;0;0;0;0;0;0;0;0;0;1;0;0;0;0
"24/09/2015";"04:44:00";"2795";"com vítima";"119.6";"BR-116/SC";"Sul";"Colisão Traseira";1;0;1;0;0;0;0;0;0;0;1;2;0;0;0
"24/09/2015";"06:11:00";"2805";"com vítima";"247.7";"BR-116/SC";"Norte";"Colisão Lateral";1;0;0;0;0;0;0;0;0;1;2;1;0;0;0
"24/09/2015";"06:48:00";"2809";"com vítima";"116";"BR-116/PR";"Norte";"Colisão Traseira";3;0;0;0;0;0;0;0;0;0;5;1;0;0;0
"25/09/2015";"03:04:00";"2839";"sem vítima";"123.05";"BR-116/PR";"Norte";"Choque - Defensa, barreira ou "submarino"";1;0;0;0;0;0;0;0;0;0;2;0;0;0;0
"25/09/2015";"10:50:00";"2872";"com vítima";"176";"BR-116/PR";"Sul";"Saida de Pista";1;0;0;0;0;0;0;0;0;0;0;1;0;0;0
"25/09/2015";"01:56:00";"2884";"com vítima";"181.4";"BR-116/SC";"Norte";"Tombamento";0;0;1;0;0;0;0;0;0;0;0;2;0;0;0
"26/09/2015";"06:51:00";"2947";"sem vítima";"204";"BR-116/PR";"Norte";"Choque - Cancela de Pedagio";0;0;0;0;0;0;0;0;0;1;1;0;0;0;0
"26/09/2015";"12:35:00";"2966";"sem vítima";"113.5";"BR-116/SC";"Norte";"Colisão Lateral";0;0;1;0;0;0;0;0;0;1;2;0;0;0;0
"26/09/2015";"12:54:00";"2968";"sem vítima";"184.3";"BR-116/SC";"Sul";"Saida de Pista";1;0;0;0;0;0;0;0;0;0;1;0;0;0;0
"26/09/2015";"12:55:00";"2969";"sem vítima";"233";"BR-116/SC";"Norte";"Objeto lançado contra veículo";1;0;0;0;0;1;0;0;0;0;5;0;0;0;0
"26/09/2015";"01:44:00";"2975";"com vítima";"181.3";"BR-116/SC";"Sul";"Saida de Pista";1;0;0;0;0;0;0;0;0;0;0;1;0;0;0
"26/09/2015";"02:39:00";"2980";"sem vítima";"119.5";"BR-116/PR";"Sul";"Choque - Outros";0;0;1;0;0;0;0;0;0;0;1;0;0;0;0
"26/09/2015";"03:02:00";"2987";"sem vítima";"203.6";"BR-116/PR";"Norte";"Choque - Cancela de Pedagio";1;0;0;0;0;0;0;0;0;0;1;0;0;0;0
"26/09/2015";"03:02:00";"2986";"sem vítima";"119.5";"BR-116/PR";"Norte";"Choque - Outros";1;0;0;0;0;0;0;0;0;0;1;0;0;0;0
"26/09/2015";"03:11:00";"2989";"sem vítima";"119.5";"BR-116/PR";"Sul";"Choque - Outros";1;0;0;0;0;0;0;0;0;0;1;0;0;0;0
"26/09/2015";"06:58:00";"3010";"sem vítima";"128";"BR-116/PR";"Norte";"Colisão Traseira";1;0;0;0;0;1;0;0;0;0;3;0;0;0;0
"26/09/2015";"07:31:00";"3013";"com vítima";"140.4";"BR-116/PR";"Sul";"Saida de Pista";1;0;0;0;0;0;0;0;0;0;1;1;0;0;0
"26/09/2015";"08:01:00";"3017";"sem vítima";"258.3";"BR-116/SC";"Sul";"Colisão Frontal";1;0;1;0;0;0;0;0;0;0;3;0;0;0;0
"26/09/2015";"10:16:00";"3021";"sem vítima";"116";"BR-116/PR";"Sul";"Colisão Lateral";2;0;0;0;0;0;0;0;0;0;2;0;0;0;0
"26/09/2015";"11:38:00";"3030";"sem vítima";"178";"BR-116/PR";"Sul";"Objeto lançado contra veículo";0;0;1;0;0;0;0;0;0;0;1;0;0;0;0
"27/09/2015";"04:26:00";"3045";"com vítima";"125.5";"BR-116/PR";"Sul";"Colisão Traseira";2;0;0;0;0;0;0;0;0;0;4;1;0;0;0
"27/09/2015";"05:29:00";"3050";"sem vítima";"157";"BR-116/SC";"Norte";"Tombamento";0;0;1;0;0;0;0;0;0;0;1;0;0;0;0
"27/09/2015";"07:09:00";"3055";"sem vítima";"116.5";"BR-116/PR";"Norte";"Choque - Defensa, barreira ou "submarino"";1;0;0;0;0;0;0;0;0;0;2;0;0;0;0
"27/09/2015";"07:42:00";"3057";"sem vítima";"123.8";"BR-116/SC";"Norte";"Choque - Talude";0;0;1;0;0;0;0;0;0;0;1;0;0;0;0
"27/09/2015";"10:15:00";"3068";"sem vítima";"197.8";"BR-116/PR";"Sul";"Saida de Pista";0;0;1;0;0;0;0;0;0;0;1;0;0;0;0
"27/09/2015";"10:48:00";"3072";"sem vítima";"149.8";"BR-116/PR";"Sul";"Choque - Arvore";0;0;1;0;0;0;0;0;0;0;1;0;0;0;0
"27/09/2015";"10:50:00";"3073";"sem vítima";"149.8";"BR-116/PR";"Norte";"Choque - Arvore";0;0;1;0;0;0;0;0;0;0;1;0;0;0;0
"27/09/2015";"12:17:00";"3081";"com vítima";"181";"BR-116/SC";"Norte";"Saida de Pista";1;0;0;0;0;0;0;0;0;0;1;1;0;0;0
"27/09/2015";"02:13:00";"3086";"sem vítima";"181.3";"BR-116/SC";"Norte";"Saida de Pista";1;0;0;0;0;0;0;0;0;0;1;0;0;0;0
"27/09/2015";"02:54:00";"3089";"com vítima";"70";"BR-116/SC";"Sul";"Saida de Pista";1;0;0;0;0;0;0;0;0;0;2;1;0;0;0
"27/09/2015";"03:59:00";"3094";"com vítima";"77";"BR-116/SC";"Sul";"Saida de Pista";1;0;0;0;0;0;0;0;0;0;0;2;0;0;0
"27/09/2015";"04:24:00";"3097";"sem vítima";"203.6";"BR-116/PR";"Norte";"Choque - Cancela de Pedagio";0;0;1;0;0;0;0;0;0;0;1;0;0;0;0
"27/09/2015";"07:12:00";"3121";"sem vítima";"228.7";"BR-116/SC";"Norte";"Saida de Pista";1;0;0;0;0;0;0;0;0;0;1;0;0;0;0
"27/09/2015";"07:43:00";"3127";"sem vítima";"117";"BR-116/PR";"Sul";"Colisão Traseira";1;0;0;0;0;0;0;0;0;1;2;0;0;0;0
"27/09/2015";"08:28:00";"3137";"sem vítima";"144";"BR-116/PR";"Sul";"Choque - Objeto sobre a pista";1;0;0;0;0;0;0;0;0;0;1;0;0;0;0
"28/09/2015";"01:07:00";"3155";"sem vítima";"217.5";"BR-116/SC";"Sul";"Choque - Outros";1;0;0;0;0;0;0;0;0;0;1;0;0;0;0
"28/09/2015";"01:40:00";"3157";"com vítima";"245.5";"BR-116/SC";"Norte";"Saida de Pista";1;0;0;0;0;0;0;0;0;0;4;1;0;0;0
"28/09/2015";"03:01:00";"3161";"sem vítima";"179.5";"BR-116/PR";"Norte";"Atropelamento de Animal";1;0;0;0;0;0;0;0;0;0;1;0;0;0;0
"28/09/2015";"09:46:00";"3198";"sem vítima";"148.7";"BR-116/PR";"Sul";"Colisão Traseira";2;0;0;0;0;0;0;0;0;0;2;0;0;0;0
"28/09/2015";"02:26:00";"3229";"sem vítima";"203.6";"BR-116/PR";"Norte";"Choque - Cancela de Pedagio";1;0;0;0;0;0;0;0;0;0;1;0;0;0;0
"28/09/2015";"03:02:00";"3236";"sem vítima";"193";"BR-116/SC";"Sul";"Objeto lançado contra veículo";1;0;0;0;0;0;0;0;0;0;1;0;0;0;0
"28/09/2015";"03:54:00";"3247";"com vítima";"116";"BR-116/PR";"Sul";"Colisão Traseira";2;0;0;0;0;0;0;0;0;0;4;2;0;0;0
"28/09/2015";"03:54:00";"3257";"com vítima";"116";"BR-116/PR";"Sul";"Colisão Traseira";1;0;0;1;0;0;0;0;0;0;1;1;0;0;0
"28/09/2015";"10:59:00";"3283";"sem vítima";"128";"BR-116/PR";"Sul";"Outros";0;1;0;0;0;0;0;0;0;0;1;0;0;0;0
"29/09/2015";"09:46:00";"3337";"sem vítima";"124.1";"BR-116/PR";"Sul";"Colisão Lateral";1;0;0;0;0;1;0;0;0;0;2;0;0;0;0
"29/09/2015";"12:36:00";"3348";"com vítima";"207.1";"BR-116/SC";"Norte";"Colisão Traseira";2;0;0;0;0;0;0;0;0;0;1;1;0;0;0
"29/09/2015";"01:26:00";"3354";"sem vítima";"307";"BR-116/SC";"Sul";"Objeto lançado contra veículo";0;0;0;0;0;0;0;0;0;1;1;0;0;0;0
"29/09/2015";"02:39:00";"3360";"com vítima";"265.8";"BR-116/SC";"Norte";"Colisão Traseira";0;0;1;0;0;0;0;0;0;1;1;1;0;0;0
"29/09/2015";"03:04:00";"3365";"com vítima";"142.2";"BR-116/SC";"Sul";"Colisão Traseira";1;0;1;0;0;0;0;0;0;0;2;1;0;0;0
"29/09/2015";"04:05:00";"3377";"sem vítima";"194";"BR-116/PR";"Sul";"Objeto lançado contra veículo";1;0;0;0;0;0;0;0;0;0;1;0;0;0;0
"29/09/2015";"07:11:00";"3404";"sem vítima";"203.6";"BR-116/PR";"Norte";"Choque - Cancela de Pedagio";0;0;1;0;0;0;0;0;0;0;1;0;0;0;0
"30/09/2015";"09:06:00";"3460";"sem vítima";"121";"BR-116/PR";"Sul";"Choque - Objeto sobre a pista";0;0;0;0;0;0;0;0;0;1;1;0;0;0;0
"30/09/2015";"01:04:00";"3478";"com vítima";"209";"BR-116/PR";"Norte";"Colisão Transversal";2;0;0;0;0;0;0;0;0;0;1;1;0;0;0
"30/09/2015";"01:52:00";"3481";"sem vítima";"193";"BR-116/PR";"Sul";"Objeto lançado contra veículo";0;0;1;0;0;0;0;0;0;0;1;0;0;0;0
"30/09/2015";"02:24:00";"3485";"sem vítima";"140";"BR-116/PR";"Sul";"Objeto lançado contra veículo";0;0;1;0;0;0;0;0;0;0;1;0;0;0;0
"30/09/2015";"04:26:00";"3499";"sem vítima";"286.6";"BR-116/SC";"Norte";"Saida de Pista";0;0;0;0;0;0;0;0;0;1;2;0;0;0;0