data;horario;n_da_ocorrencia;tipo_de_ocorrencia;km;trecho;sentido;tipo_de_acidente;automovel;bicicleta;caminhao;moto;onibus;outros;tracao_animal;transporte_de_cargas_especiais;trator_maquinas;utilitarios;ilesos;levemente_feridos;moderadamente_feridos;gravemente_feridos;mortos
"30/09/2015";"05:53:00";"3511";"sem vítima";"63";"BR-116/SC";"Norte";"Objeto lançado contra veículo";1;0;0;0;0;0;0;0;0;0;1;0;0;0;0
"01/10/2015";"02:18:00";"7";"sem vítima";"119.4";"BR-116/PR";"Norte";"Saida de Pista";1;0;0;0;0;0;0;0;0;0;2;0;0;0;0
"01/10/2015";"10:26:00";"102";"sem vítima";"69";"BR-116/SC";"Norte";"Objeto lançado contra veículo";0;0;1;0;0;0;0;0;0;0;1;0;0;0;0
"02/10/2015";"01:27:00";"152";"sem vítima";"70";"BR-116/SC";"Norte";"Objeto lançado contra veículo";0;0;1;0;0;0;0;0;0;0;1;0;0;0;0
"02/10/2015";"02:16:00";"156";"sem vítima";"155.8";"BR-116/PR";"Norte";"Saida de Pista";1;0;0;0;0;0;0;0;0;0;1;0;0;0;0
"02/10/2015";"02:17:00";"157";"sem vítima";"132";"BR-116/PR";"Sul";"Objeto lançado contra veículo";1;0;0;0;0;0;0;0;0;0;1;0;0;0;0
"02/10/2015";"03:11:00";"163";"sem vítima";"193";"BR-116/PR";"Norte";"Choque - Defensa, barreira ou "submarino"";0;0;1;0;0;0;0;0;0;0;1;0;0;0;0
"02/10/2015";"09:19:00";"199";"com vítima";"125.1";"BR-116/PR";"Norte";"Saida de Pista";1;0;0;0;0;0;0;0;0;0;0;3;0;0;0
"03/10/2015";"02:36:00";"221";"sem vítima";"106.5";"BR-116/SC";"Norte";"Saida de Pista";0;0;1;0;0;0;0;0;0;0;1;0;0;0;0
"03/10/2015";"05:37:00";"285";"sem vítima";"203.6";"BR-116/PR";"Norte";"Choque - Cancela de Pedagio";0;0;0;0;0;0;0;0;0;1;1;0;0;0;0
"03/10/2015";"06:31:00";"297";"com vítima";"235";"BR-116/SC";"Sul";"Colisão Transversal";1;0;0;1;0;0;0;0;0;0;1;0;0;1;0
"03/10/2015";"07:26:00";"301";"com vítima";"144.5";"BR-116/PR";"Norte";"Choque - Veiculo parado na pista";0;0;1;1;0;0;0;0;0;0;1;1;0;0;0
"04/10/2015";"12:55:00";"317";"sem vítima";"191.6";"BR-116/PR";"Sul";"Colisão Lateral";1;0;1;0;0;0;0;0;0;0;2;0;0;0;0
"04/10/2015";"01:42:00";"358";"sem vítima";"204.75";"BR-116/SC";"Sul";"Colisão Lateral";1;0;1;0;0;0;0;0;0;0;2;0;0;0;0
"04/10/2015";"03:01:00";"364";"sem vítima";"125.9";"BR-116/PR";"Sul";"Colisão Transversal";2;0;0;0;0;0;0;0;0;0;3;0;0;0;0
"04/10/2015";"05:17:00";"378";"com vítima";"127.8";"BR-116/SC";"Sul";"Queda de Moto";0;0;0;1;0;0;0;0;0;0;0;1;0;0;0
"05/10/2015";"12:14:00";"410";"sem vítima";"204";"BR-116/PR";"Sul";"Choque - Cancela de Pedagio";1;0;0;0;0;0;0;0;0;0;1;0;0;0;0
"05/10/2015";"07:25:00";"431";"sem vítima";"134";"BR-116/PR";"Norte";"Choque - Elemento de Drenagem";1;0;0;0;0;0;0;0;0;0;2;0;0;0;0
"05/10/2015";"10:03:00";"441";"com vítima";"251.29";"BR-116/SC";"Sul";"Colisão Transversal";2;0;0;0;0;0;0;0;0;0;1;4;0;0;0
"05/10/2015";"01:36:00";"456";"sem vítima";"133.8";"BR-116/PR";"Sul";"Objeto lançado contra veículo";1;0;0;0;0;0;0;0;0;0;1;0;0;0;0
"05/10/2015";"03:12:00";"467";"sem vítima";"141.4";"BR-116/PR";"Sul";"Tombamento";0;0;1;0;0;0;0;0;0;0;1;0;0;0;0
"05/10/2015";"07:12:00";"505";"sem vítima";"139.8";"BR-116/SC";"Norte";"Colisão Transversal";2;0;0;0;0;0;0;0;0;0;2;0;0;0;0
"05/10/2015";"07:38:00";"509";"sem vítima";"117.5";"BR-116/PR";"Norte";"Colisão Traseira";2;0;0;0;0;0;0;0;0;0;2;0;0;0;0
"06/10/2015";"01:38:00";"535";"com vítima";"166.9";"BR-116/PR";"Sul";"Colisão Transversal";1;0;0;1;0;0;0;0;0;0;1;0;0;2;0
"06/10/2015";"10:31:00";"582";"sem vítima";"99";"BR-116/SC";"Norte";"Objeto lançado contra veículo";0;0;1;0;0;0;0;0;0;0;1;0;0;0;0
"06/10/2015";"10:37:00";"584";"sem vítima";"134";"BR-116/PR";"Sul";"Choque - Cancela de Pedagio";0;0;0;0;0;0;0;0;0;1;1;0;0;0;0
"06/10/2015";"03:04:00";"616";"sem vítima";"201";"BR-116/PR";"Norte";"Objeto lançado contra veículo";1;0;0;0;0;0;0;0;0;0;1;0;0;0;0
"06/10/2015";"04:26:00";"636";"com vítima";"9";"BR-116/SC";"Sul";"Colisão Lateral";1;0;2;0;0;0;0;0;0;0;2;2;0;0;0
"06/10/2015";"06:29:00";"649";"com vítima";"120";"BR-116/PR";"Sul";"Colisão Lateral";1;0;0;1;0;0;0;0;0;0;1;1;0;0;0
"06/10/2015";"08:06:00";"656";"sem vítima";"121";"BR-116/PR";"Sul";"Colisão Lateral";1;0;0;0;0;1;0;0;0;0;2;0;0;0;0
"06/10/2015";"09:11:00";"657";"sem vítima";"119";"BR-116/PR";"Norte";"Colisão Traseira";2;0;0;0;0;0;0;0;0;0;2;0;0;0;0
"07/10/2015";"07:43:00";"698";"sem vítima";"122";"BR-116/PR";"Norte";"Colisão Traseira";1;0;0;0;0;1;0;0;0;0;2;0;0;0;0
"07/10/2015";"08:04:00";"703";"sem vítima";"5";"BR-116/SC";"Norte";"Colisão Transversal";2;0;0;0;0;0;0;0;0;0;2;0;0;0;0
"07/10/2015";"11:58:00";"729";"sem vítima";"233";"BR-116/SC";"Norte";"Colisão Traseira";0;0;2;0;0;0;0;0;0;0;2;0;0;0;0
"07/10/2015";"02:57:00";"747";"com vítima";"24.1";"BR-116/SC";"Norte";"Choque - Suporte de Sinalização";0;0;0;0;0;1;0;0;0;0;1;1;0;0;0
"07/10/2015";"03:23:00";"752";"sem vítima";"95.6";"BR-116/SC";"Norte";"Colisão Transversal";0;0;2;0;0;0;0;0;0;0;2;0;0;0;0
"07/10/2015";"03:24:00";"753";"sem vítima";"130";"BR-116/PR";"Sul";"Objeto lançado contra veículo";0;0;1;0;0;0;0;0;0;0;1;0;0;0;0
"07/10/2015";"08:45:00";"792";"sem vítima";"204.5";"BR-116/SC";"Sul";"Atropelamento de Animal";1;0;0;0;0;0;0;0;0;0;2;0;0;0;0
"08/10/2015";"07:27:00";"828";"sem vítima";"131";"BR-116/PR";"Sul";"Choque - Objeto sobre a pista";0;0;0;0;0;0;0;0;0;1;1;0;0;0;0
"08/10/2015";"10:04:00";"845";"sem vítima";"124";"BR-116/PR";"Sul";"Objeto lançado contra veículo";1;0;0;0;0;0;0;0;0;0;1;0;0;0;0
"08/10/2015";"12:00:00";"873";"sem vítima";"152";"BR-116/SC";"Sul";"Choque - Cancela de Pedagio";1;0;0;0;0;0;0;0;0;0;1;0;0;0;0
"08/10/2015";"12:47:00";"878";"com vítima";"142.5";"BR-116/PR";"Sul";"Saida de Pista";1;0;0;0;0;0;0;0;0;0;0;1;0;0;0
"08/10/2015";"01:54:00";"881";"com vítima";"115";"BR-116/PR";"Norte";"Colisão Traseira";1;0;0;1;0;0;0;0;0;0;1;1;0;0;0
"08/10/2015";"02:18:00";"884";"sem vítima";"231";"BR-116/SC";"Norte";"Colisão Lateral";1;0;1;0;0;0;0;0;0;0;3;0;0;0;0
"08/10/2015";"04:04:00";"893";"com vítima";"12";"BR-116/SC";"Sul";"Colisão Transversal";1;0;1;0;0;0;0;0;0;0;2;1;0;0;0
"08/10/2015";"04:26:00";"896";"com vítima";"115.1";"BR-116/PR";"Norte";"Queda de Moto";0;0;0;1;0;0;0;0;0;0;0;1;0;0;0
"08/10/2015";"04:54:00";"898";"sem vítima";"226.6";"BR-116/SC";"Norte";"Atropelamento de Animal";1;0;0;0;0;0;0;0;0;0;5;0;0;0;0
"08/10/2015";"10:16:00";"929";"sem vítima";"145.7";"BR-116/SC";"Sul";"Saida de Pista";1;0;0;0;0;0;0;0;0;0;1;0;0;0;0
"09/10/2015";"03:03:00";"946";"sem vítima";"117.5";"BR-116/PR";"Norte";"Saida de Pista";1;0;0;0;0;0;0;0;0;0;4;0;0;0;0
"09/10/2015";"05:45:00";"956";"com vítima";"126.2";"BR-116/PR";"Sul";"Colisão Traseira";1;0;1;0;0;0;0;0;0;0;1;1;0;0;0
"09/10/2015";"06:41:00";"957";"com vítima";"189.4";"BR-116/SC";"Sul";"Saida de Pista";0;0;0;0;0;0;0;0;0;1;1;1;0;0;0
"09/10/2015";"07:11:00";"960";"sem vítima";"181.2";"BR-116/SC";"Norte";"Saida de Pista";0;0;1;0;0;0;0;0;0;0;1;0;0;0;0
"09/10/2015";"10:12:00";"973";"sem vítima";"122";"BR-116/PR";"Sul";"Choque - Objeto sobre a pista";0;0;1;0;0;0;0;0;0;0;1;0;0;0;0
"09/10/2015";"02:50:00";"990";"sem vítima";"5.5";"BR-116/SC";"Sul";"Colisão Traseira";2;0;0;0;0;0;0;0;0;0;2;0;0;0;0
"09/10/2015";"05:54:00";"1001";"sem vítima";"134";"BR-116/PR";"Sul";"Colisão Traseira";1;0;0;0;0;0;0;0;0;1;2;0;0;0;0
"09/10/2015";"06:18:00";"1007";"sem vítima";"12";"BR-116/SC";"Sul";"Colisão Transversal";0;0;1;0;0;0;0;0;0;1;2;0;0;0;0
"09/10/2015";"07:27:00";"1016";"sem vítima";"81";"BR-116/SC";"Sul";"Choque - Cancela de Pedagio";1;0;0;0;0;0;0;0;0;0;1;0;0;0;0
"09/10/2015";"11:04:00";"1031";"sem vítima";"179.9";"BR-116/PR";"Sul";"Saida de Pista";1;0;0;0;0;0;0;0;0;0;1;0;0;0;0
"10/10/2015";"12:21:00";"1094";"com vítima";"118.5";"BR-116/PR";"Sul";"Colisão Lateral";1;0;0;1;0;0;0;0;0;0;2;1;0;0;0
"10/10/2015";"01:21:00";"1101";"sem vítima";"128.7";"BR-116/PR";"Sul";"Colisão Lateral";2;0;0;0;0;0;0;0;0;0;2;0;0;0;0
"10/10/2015";"03:04:00";"1109";"sem vítima";"4.1";"BR-116/SC";"Sul";"Colisão Traseira";1;0;0;0;0;1;0;0;0;0;2;0;0;0;0
"10/10/2015";"03:41:00";"1115";"com vítima";"117.2";"BR-116/PR";"Sul";"Outros";0;1;0;0;0;0;0;0;0;0;0;1;0;0;0
"10/10/2015";"03:53:00";"1116";"sem vítima";"140";"BR-116/PR";"Sul";"Objeto lançado contra veículo";1;0;0;0;0;0;0;0;0;0;1;0;0;0;0
"10/10/2015";"08:45:00";"1144";"sem vítima";"162";"BR-116/PR";"Sul";"Atropelamento de Animal";1;0;0;0;0;0;0;0;0;0;4;0;0;0;0
"11/10/2015";"12:28:00";"1169";"com vítima";"165.1";"BR-116/PR";"Sul";"Colisão Frontal";1;0;1;0;0;0;0;0;0;0;1;0;0;1;2
"11/10/2015";"03:33:00";"1180";"com vítima";"115.9";"BR-116/PR";"Sul";"Colisão Traseira";2;0;0;0;0;0;0;0;0;0;5;2;0;0;0
"11/10/2015";"04:10:00";"1183";"sem vítima";"107";"BR-116/SC";"Norte";"Choque - Objeto sobre a pista";1;0;0;0;0;0;0;0;0;0;1;0;0;0;0
"11/10/2015";"06:52:00";"1197";"com vítima";"118.9";"BR-116/PR";"Sul";"Saida de Pista";1;0;0;0;0;0;0;0;0;0;0;1;0;0;0
"11/10/2015";"10:04:00";"1212";"sem vítima";"247.58";"BR-116/SC";"Sul";"Choque - Objeto sobre a pista";1;0;1;0;0;0;0;0;0;0;2;0;0;0;0
"11/10/2015";"09:07:00";"1262";"sem vítima";"4.5";"BR-116/SC";"Norte";"Outros";1;0;0;0;0;0;0;0;0;0;1;0;0;0;0
"11/10/2015";"09:36:00";"1266";"sem vítima";"4.5";"BR-116/SC";"Norte";"Outros";1;0;0;0;0;0;0;0;0;0;1;0;0;0;0
"11/10/2015";"11:10:00";"1268";"com vítima";"53.6";"BR-116/SC";"Sul";"Saida de Pista";0;0;0;0;0;0;0;0;0;1;0;2;0;0;0
"12/10/2015";"06:30:00";"1283";"sem vítima";"247.9";"BR-116/SC";"Sul";"Colisão Lateral";1;0;1;0;0;0;0;0;0;0;2;0;0;0;0
"12/10/2015";"08:49:00";"1291";"sem vítima";"105.05";"BR-116/SC";"Sul";"Saida de Pista";0;0;0;0;0;0;0;0;0;1;2;0;0;0;0
"12/10/2015";"10:47:00";"1304";"com vítima";"218";"BR-116/SC";"Sul";"Saida de Pista";1;0;0;0;0;0;0;0;0;0;0;2;0;0;0
"12/10/2015";"12:21:00";"1308";"sem vítima";"127.5";"BR-116/PR";"Norte";"Saida de Pista";1;0;0;0;0;0;0;0;0;0;1;0;0;0;0
"12/10/2015";"05:34:00";"1354";"sem vítima";"245.6";"BR-116/SC";"Sul";"Colisão Traseira";1;0;0;0;0;0;0;0;0;1;5;0;0;0;0
"12/10/2015";"08:53:00";"1379";"com vítima";"145.8";"BR-116/PR";"Sul";"Colisão Transversal";2;0;0;0;0;0;0;0;0;0;3;1;0;0;0
"12/10/2015";"08:56:00";"1380";"sem vítima";"41";"BR-116/SC";"Sul";"Choque - Objeto não identificado";1;0;0;0;0;0;0;0;0;0;1;0;0;0;0
"12/10/2015";"10:30:00";"1388";"sem vítima";"143";"BR-116/PR";"Norte";"Atropelamento de Animal";1;0;0;0;0;0;0;0;0;0;2;0;0;0;0
"12/10/2015";"11:06:00";"1393";"sem vítima";"193.1";"BR-116/SC";"Norte";"Choque - Defensa, barreira ou "submarino"";1;0;0;0;0;0;0;0;0;0;1;0;0;0;0
"13/10/2015";"12:54:00";"1407";"sem vítima";"170.4";"BR-116/SC";"Sul";"Saida de Pista";1;0;0;0;0;0;0;0;0;0;1;0;0;0;0
"13/10/2015";"08:14:00";"1426";"sem vítima";"278.8";"BR-116/SC";"Norte";"Colisão Lateral";0;0;0;0;0;1;0;0;0;1;2;0;0;0;0
"13/10/2015";"12:04:00";"1448";"sem vítima";"153.5";"BR-116/PR";"Norte";"Colisão Traseira";1;0;0;0;0;0;0;0;0;1;6;0;0;0;0
"13/10/2015";"02:23:00";"1458";"sem vítima";"23";"BR-116/SC";"Sul";"Objeto lançado contra veículo";1;0;0;0;0;0;0;0;0;0;1;0;0;0;0
"13/10/2015";"04:13:00";"1479";"com vítima";"115.1";"BR-116/PR";"Sul";"Colisão Traseira";1;0;0;1;0;0;0;0;0;0;1;1;0;0;0
"13/10/2015";"05:44:00";"1492";"sem vítima";"134";"BR-116/PR";"Sul";"Choque - Cancela de Pedagio";0;0;0;0;0;0;0;0;0;1;1;0;0;0;0
"13/10/2015";"05:57:00";"1494";"sem vítima";"203.6";"BR-116/PR";"Sul";"Choque - Cancela de Pedagio";1;0;0;0;0;0;0;0;0;0;1;0;0;0;0
"13/10/2015";"07:41:00";"1505";"sem vítima";"124";"BR-116/SC";"Norte";"Colisão Lateral";1;0;0;0;0;1;0;0;0;0;3;0;0;0;0
"13/10/2015";"09:49:00";"1517";"com vítima";"31.225";"BR-116/SC";"Norte";"Colisão Traseira";0;0;0;1;0;1;0;0;0;0;1;0;0;0;1
"13/10/2015";"10:20:00";"1520";"sem vítima";"8";"BR-116/SC";"Sul";"Choque - Veiculo parado no acostamento";1;0;0;0;0;1;0;0;0;0;3;0;0;0;0
"14/10/2015";"12:53:00";"1532";"com vítima";"135";"BR-116/SC";"Sul";"Saida de Pista";1;0;0;0;0;0;0;0;0;0;3;1;0;0;0
"14/10/2015";"01:59:00";"1535";"sem vítima";"263";"BR-116/SC";"Norte";"Atropelamento de Animal";1;0;0;0;0;0;0;0;0;0;2;0;0;0;0
"14/10/2015";"08:09:00";"1562";"com vítima";"117";"BR-116/PR";"Sul";"Engavetamento";2;0;0;0;0;0;0;0;0;1;2;0;0;1;0
"14/10/2015";"09:32:00";"1574";"sem vítima";"74";"BR-116/SC";"Sul";"Saida de Pista";1;0;0;0;0;0;0;0;0;0;1;0;0;0;0
"14/10/2015";"11:13:00";"1589";"sem vítima";"81";"BR-116/SC";"Sul";"Choque - Cancela de Pedagio";0;0;1;0;0;0;0;0;0;0;1;0;0;0;0
"14/10/2015";"03:55:00";"1623";"sem vítima";"18";"BR-116/SC";"Sul";"Objeto lançado contra veículo";1;0;0;0;0;0;0;0;0;0;1;0;0;0;0
"15/10/2015";"07:54:00";"1707";"sem vítima";"308.93";"BR-116/SC";"Sul";"Saida de Pista";0;0;1;0;0;0;0;0;0;0;1;0;0;0;0
"15/10/2015";"11:52:00";"1726";"sem vítima";"198";"BR-116/PR";"Norte";"Atropelamento de Animal";1;0;0;0;0;0;0;0;0;0;1;0;0;0;0
"15/10/2015";"02:20:00";"1739";"com vítima";"232.3";"BR-116/SC";"Sul";"Saida de Pista";1;0;0;0;0;0;0;0;0;0;0;3;0;0;0
"15/10/2015";"04:02:00";"1753";"sem vítima";"81";"BR-116/SC";"Norte";"Choque - Cancela de Pedagio";1;0;0;0;0;0;0;0;0;0;1;0;0;0;0
"15/10/2015";"04:06:00";"1755";"sem vítima";"4.5";"BR-116/SC";"Norte";"Objeto lançado contra veículo";1;0;0;0;0;0;0;0;0;0;1;0;0;0;0
"15/10/2015";"04:42:00";"1759";"sem vítima";"81";"BR-116/SC";"Sul";"Choque - Cancela de Pedagio";0;0;1;0;0;0;0;0;0;0;1;0;0;0;0
"15/10/2015";"04:53:00";"1761";"com vítima";"210.4";"BR-116/SC";"Norte";"Tombamento";0;0;1;0;0;0;0;0;0;0;1;2;0;0;0
"15/10/2015";"07:26:00";"1770";"sem vítima";"121";"BR-116/PR";"Sul";"Colisão Lateral";1;0;1;0;0;0;0;0;0;0;2;0;0;0;0
"15/10/2015";"07:30:00";"1772";"sem vítima";"275";"BR-116/SC";"Sul";"Objeto lançado contra veículo";1;0;0;0;0;0;0;0;0;0;1;0;0;0;0
"16/10/2015";"01:19:00";"1862";"sem vítima";"133";"BR-116/PR";"Sul";"Colisão Traseira";1;0;0;0;0;1;0;0;0;0;2;0;0;0;0
"16/10/2015";"03:23:00";"1877";"sem vítima";"58";"BR-116/SC";"Norte";"Objeto lançado contra veículo";0;0;1;0;0;0;0;0;0;0;1;0;0;0;0
"16/10/2015";"08:46:00";"1903";"sem vítima";"137.7";"BR-116/PR";"Norte";"Choque - Suporte de Sinalização";0;0;1;0;0;0;0;0;0;0;1;0;0;0;0
"16/10/2015";"09:04:00";"1905";"com vítima";"73";"BR-116/SC";"Norte";"Saida de Pista";0;0;0;0;0;0;0;0;0;1;0;1;0;0;0
"17/10/2015";"02:45:00";"1928";"sem vítima";"206";"BR-116/PR";"Sul";"Colisão Lateral";1;0;0;0;0;0;0;0;0;0;1;0;0;0;0
"17/10/2015";"12:49:00";"1966";"sem vítima";"131.2";"BR-116/PR";"Sul";"Colisão Lateral";1;0;0;0;1;0;0;0;0;0;4;0;0;0;0
"17/10/2015";"02:18:00";"1975";"sem vítima";"188";"BR-116/PR";"Sul";"Outros";0;0;1;0;0;0;0;0;0;1;2;0;0;0;0
"17/10/2015";"09:44:00";"2009";"sem vítima";"83";"BR-116/SC";"Sul";"Saida de Pista";1;0;0;0;0;0;0;0;0;0;1;0;0;0;0
"18/10/2015";"05:51:00";"2041";"com vítima";"228";"BR-116/SC";"Norte";"Saida de Pista";1;0;0;0;0;0;0;0;0;0;0;2;0;0;0
"18/10/2015";"01:28:00";"2059";"com vítima";"122";"BR-116/PR";"Sul";"Colisão Traseira";1;0;0;0;0;1;0;0;0;0;1;1;0;0;0
"18/10/2015";"02:29:00";"2060";"sem vítima";"17";"BR-116/SC";"Norte";"Colisão Lateral";0;0;2;0;0;0;0;0;0;0;2;0;0;0;0
"18/10/2015";"03:13:00";"2063";"sem vítima";"233";"BR-116/SC";"Norte";"Choque - Cancela de Pedagio";0;0;1;0;0;0;0;0;0;0;1;0;0;0;0
"18/10/2015";"07:06:00";"2078";"sem vítima";"224";"BR-116/SC";"Norte";"Atropelamento de Animal";1;0;0;0;0;0;0;0;0;0;4;0;0;0;0
"18/10/2015";"08:43:00";"2089";"sem vítima";"152.1";"BR-116/PR";"Norte";"Colisão Transversal";1;0;0;0;0;1;0;0;0;0;2;0;0;0;0
"18/10/2015";"09:09:00";"2091";"sem vítima";"172.5";"BR-116/SC";"Sul";"Colisão Traseira";1;0;0;0;0;1;0;0;0;0;3;0;0;0;0
"19/10/2015";"01:59:00";"2102";"com vítima";"235.7";"BR-116/SC";"Sul";"Capotamento";1;0;0;0;0;0;0;0;0;0;2;2;0;0;0
"19/10/2015";"11:06:00";"2127";"sem vítima";"42";"BR-116/SC";"Sul";"Objeto lançado contra veículo";1;0;0;0;0;0;0;0;0;0;2;0;0;0;0
"19/10/2015";"12:11:00";"2137";"com vítima";"125";"BR-116/PR";"Norte";"Colisão Traseira";1;0;1;0;0;0;0;0;0;0;2;1;0;0;0
"19/10/2015";"02:52:00";"2153";"sem vítima";"267";"BR-116/SC";"Norte";"Colisão Traseira";0;0;0;0;0;1;0;0;1;0;2;0;0;0;0
"19/10/2015";"03:25:00";"2162";"com vítima";"143.3";"BR-116/SC";"Norte";"Colisão Transversal";1;0;0;0;0;0;0;0;0;1;2;1;0;0;0
"19/10/2015";"03:47:00";"2166";"com vítima";"129";"BR-116/PR";"Sul";"Colisão Transversal";0;1;1;0;0;0;0;0;0;0;1;1;0;0;0
"20/10/2015";"02:03:00";"2212";"sem vítima";"117";"BR-116/PR";"Sul";"Objeto lançado contra veículo";0;0;1;0;0;0;0;0;0;0;1;0;0;0;0
"20/10/2015";"08:45:00";"2319";"com vítima";"167";"BR-116/PR";"Sul";"Colisão Traseira";1;0;0;1;0;0;0;0;0;0;1;0;0;2;0
"21/10/2015";"08:56:00";"2373";"sem vítima";"211";"BR-116/PR";"Norte";"Objeto lançado contra veículo";1;0;0;0;0;1;0;0;0;0;2;0;0;0;0
"21/10/2015";"12:11:00";"2392";"sem vítima";"206.8";"BR-116/SC";"Sul";"Colisão Transversal";2;0;0;0;0;0;0;0;0;0;3;0;0;0;0
"21/10/2015";"03:55:00";"2413";"sem vítima";"81";"BR-116/SC";"Norte";"Choque - Cancela de Pedagio";1;0;0;0;0;0;0;0;0;0;1;0;0;0;0
"21/10/2015";"04:29:00";"2432";"sem vítima";"290";"BR-116/SC";"Norte";"Colisão Lateral";0;0;1;0;0;0;0;0;0;0;1;0;0;0;0
"21/10/2015";"05:27:00";"2428";"com vítima";"107.7";"BR-116/SC";"Sul";"Tombamento";0;0;1;0;0;0;0;0;0;0;1;1;0;0;0
"22/10/2015";"03:10:00";"2481";"sem vítima";"127";"BR-116/PR";"Sul";"Objeto lançado contra veículo";0;0;1;0;0;0;0;0;0;0;1;0;0;0;0
"22/10/2015";"03:36:00";"2484";"sem vítima";"182";"BR-116/SC";"Norte";"Atropelamento de Animal";0;0;1;0;0;0;0;0;0;0;1;0;0;0;0
"22/10/2015";"03:59:00";"2485";"sem vítima";"125";"BR-116/PR";"Norte";"Colisão Traseira";1;0;1;0;0;0;0;0;0;0;2;0;0;0;0
"22/10/2015";"05:34:00";"2491";"com vítima";"200";"BR-116/PR";"Norte";"Colisão Frontal";0;1;0;0;0;1;0;0;0;0;1;1;0;0;0
"22/10/2015";"07:12:00";"2495";"sem vítima";"152";"BR-116/SC";"Sul";"Choque - Cancela de Pedagio";0;0;0;0;1;0;0;0;0;0;1;0;0;0;0
"22/10/2015";"05:00:00";"2567";"sem vítima";"82";"BR-116/SC";"Sul";"Colisão Traseira";0;0;1;0;0;0;0;0;0;1;2;0;0;0;0
"22/10/2015";"07:08:00";"2579";"com vítima";"125.9";"BR-116/PR";"Sul";"Colisão Lateral";0;0;1;1;0;0;0;0;0;0;1;1;0;0;0
"22/10/2015";"08:16:00";"2583";"sem vítima";"134";"BR-116/PR";"Norte";"Choque - Cancela de Pedagio";1;0;0;0;0;0;0;0;0;0;1;0;0;0;0
"23/10/2015";"07:56:00";"2626";"com vítima";"245.5";"BR-116/SC";"Norte";"Colisão Transversal";0;0;2;0;0;0;0;0;0;0;1;1;0;0;0
"23/10/2015";"11:11:00";"2647";"sem vítima";"152";"BR-116/SC";"Norte";"Objeto lançado contra veículo";0;0;1;0;0;0;0;0;0;0;1;0;0;0;0
"23/10/2015";"11:37:00";"2650";"sem vítima";"108.2";"BR-116/SC";"Norte";"Objeto lançado contra veículo";0;0;1;0;0;0;0;0;0;0;1;0;0;0;0
"23/10/2015";"12:08:00";"2656";"com vítima";"210";"BR-116/PR";"Sul";"Colisão Transversal";1;0;0;1;0;0;0;0;0;0;1;1;0;0;0
"23/10/2015";"01:09:00";"2661";"sem vítima";"108.2";"BR-116/SC";"Norte";"Objeto lançado contra veículo";1;0;0;0;0;0;0;0;0;0;1;0;0;0;0
"23/10/2015";"01:48:00";"2663";"sem vítima";"134";"BR-116/PR";"Sul";"Choque - Cancela de Pedagio";1;0;0;0;0;0;0;0;0;0;1;0;0;0;0
"23/10/2015";"04:08:00";"2682";"sem vítima";"202";"BR-116/PR";"Norte";"Queda de Moto";0;0;0;0;0;1;0;0;0;0;1;0;0;0;0
"23/10/2015";"08:52:00";"2707";"sem vítima";"203.6";"BR-116/PR";"Norte";"Choque - Cancela de Pedagio";1;0;0;0;0;0;0;0;0;0;1;0;0;0;0
"23/10/2015";"09:11:00";"2709";"sem vítima";"132.3";"BR-116/SC";"Norte";"Outros";0;0;1;0;0;0;0;0;0;0;1;0;0;0;0
"24/10/2015";"02:53:00";"2734";"sem vítima";"233";"BR-116/SC";"Sul";"Choque - Veiculo parado na pista";3;0;0;0;0;0;0;0;0;0;8;0;0;0;0
"24/10/2015";"08:20:00";"2756";"com vítima";"59.8";"BR-116/SC";"Sul";"Colisão Transversal";1;0;1;0;0;0;0;0;0;0;1;0;0;0;2
"24/10/2015";"03:44:00";"2783";"sem vítima";"276";"BR-116/SC";"Norte";"Objeto lançado contra veículo";0;0;1;0;0;0;0;0;0;0;1;0;0;0;0
"24/10/2015";"07:47:00";"2812";"sem vítima";"137.8";"BR-116/PR";"Norte";"Tombamento";0;0;1;0;0;0;0;0;0;0;1;0;0;0;0
"24/10/2015";"09:19:00";"2814";"com vítima";"125.01";"BR-116/PR";"Norte";"Choque - Defensa, barreira ou "submarino"";3;0;0;0;0;0;0;0;0;0;5;2;0;0;1
"24/10/2015";"11:37:00";"2831";"sem vítima";"74.9";"BR-116/SC";"Sul";"Atropelamento de Animal";1;0;0;0;0;0;0;0;0;0;2;0;0;0;0
"25/10/2015";"04:58:00";"2861";"com vítima";"121";"BR-116/PR";"Sul";"Choque - Defensa, barreira ou "submarino"";0;0;0;1;0;0;0;0;0;0;1;1;0;0;0
"25/10/2015";"09:54:00";"2876";"com vítima";"118.9";"BR-116/PR";"Sul";"Saida de Pista";1;0;0;0;0;0;0;0;0;0;0;1;0;1;0
"25/10/2015";"10:11:00";"2877";"sem vítima";"138";"BR-116/PR";"Norte";"Queda de Moto";0;0;0;1;0;0;0;0;0;0;1;0;0;0;0
"25/10/2015";"03:02:00";"2892";"sem vítima";"183";"BR-116/PR";"Norte";"Saida de Pista";0;0;0;0;0;0;0;0;0;1;3;0;0;0;0