data;horario;n_da_ocorrencia;tipo_de_ocorrencia;km;trecho;sentido;tipo_de_acidente;automovel;bicicleta;caminhao;moto;onibus;outros;tracao_animal;transporte_de_cargas_especiais;trator_maquinas;utilitarios;ilesos;levemente_feridos;moderadamente_feridos;gravemente_feridos;mortos
"15/12/2015";"07:46:00";"1968";"com vítima";"141.5";"BR-116/PR";"Sul";"Colisão Traseira";1;1;0;0;0;0;0;0;0;0;1;0;0;1;0
"16/12/2015";"02:32:00";"2069";"sem vítima";"30";"BR-116/SC";"Norte";"Colisão Lateral";1;0;1;0;0;0;0;0;0;0;2;0;0;0;0
"16/12/2015";"02:58:00";"2076";"sem vítima";"32.5";"BR-116/SC";"Sul";"Choque - Veiculo parado no acostamento";0;0;1;0;0;1;0;0;0;0;2;0;0;0;0
"16/12/2015";"04:43:00";"2094";"sem vítima";"134";"BR-116/PR";"Sul";"Choque - Cancela de Pedagio";0;0;0;0;0;0;0;0;0;1;2;0;0;0;0
"16/12/2015";"07:24:00";"2110";"com vítima";"105";"BR-116/SC";"Norte";"Saida de Pista";0;0;0;1;0;0;0;0;0;0;0;1;0;0;0
"16/12/2015";"09:48:00";"2120";"com vítima";"193";"BR-116/PR";"Sul";"Colisão Transversal";1;0;1;0;0;0;0;0;0;0;1;0;0;1;0
"16/12/2015";"10:14:00";"2121";"com vítima";"119.9";"BR-116/PR";"Sul";"Colisão Traseira";1;0;0;0;0;1;0;0;0;0;1;0;0;1;0
"17/12/2015";"09:52:00";"2174";"sem vítima";"304.45";"BR-116/SC";"Sul";"Colisão Traseira";1;0;0;0;0;1;0;0;0;0;2;0;0;0;0
"17/12/2015";"02:25:00";"2202";"sem vítima";"140";"BR-116/PR";"Norte";"Objeto lançado contra veículo";1;0;0;0;0;0;0;0;0;0;1;0;0;0;0
"17/12/2015";"03:55:00";"2223";"com vítima";"123.4";"BR-116/PR";"Sul";"Colisão Traseira";0;0;1;1;0;0;0;0;0;0;1;1;0;0;0
"17/12/2015";"06:14:00";"2246";"sem vítima";"234.2";"BR-116/SC";"Norte";"Colisão Lateral";1;0;1;0;0;0;0;0;0;0;2;0;0;0;0
"17/12/2015";"10:40:00";"2261";"sem vítima";"134.7";"BR-116/SC";"Norte";"Saida de Pista";0;0;1;0;0;0;0;0;0;0;1;0;0;0;0
"18/12/2015";"12:48:00";"2273";"sem vítima";"209.2";"BR-116/PR";"Sul";"Queda de Moto";0;0;0;1;0;0;0;0;0;0;1;0;0;0;0
"18/12/2015";"12:54:00";"2274";"sem vítima";"106.8";"BR-116/SC";"Norte";"Saida de Pista";0;0;1;0;0;0;0;0;0;0;1;0;0;0;0
"18/12/2015";"01:56:00";"2277";"sem vítima";"117.7";"BR-116/PR";"Sul";"Saida de Pista";1;0;0;0;0;0;0;0;0;0;1;0;0;0;0
"18/12/2015";"02:17:00";"2279";"sem vítima";"105";"BR-116/SC";"Norte";"Saida de Pista";0;0;1;0;0;0;0;0;0;0;1;0;0;0;0
"18/12/2015";"10:55:00";"2325";"sem vítima";"127.8";"BR-116/PR";"Sul";"Colisão Lateral";0;0;1;0;0;1;0;0;0;0;3;0;0;0;0
"18/12/2015";"01:20:00";"2347";"sem vítima";"153";"BR-116/PR";"Sul";"Atropelamento de Animal";1;0;0;0;0;0;0;0;0;0;1;0;0;0;0
"18/12/2015";"03:47:00";"2371";"sem vítima";"12.1";"BR-116/SC";"Norte";"Colisão Transversal";2;0;0;0;0;0;0;0;0;0;3;0;0;0;0
"18/12/2015";"09:25:00";"2412";"com vítima";"138";"BR-116/SC";"Sul";"Colisão Traseira";1;0;0;0;0;0;0;0;0;1;2;3;0;0;0
"18/12/2015";"09:46:00";"2413";"com vítima";"39";"BR-116/SC";"Sul";"Colisão Frontal";1;0;1;0;0;0;0;0;0;0;1;0;0;0;1
"18/12/2015";"10:49:00";"2419";"sem vítima";"142";"BR-116/PR";"Norte";"Choque - Objeto sobre a pista";0;0;1;0;0;0;0;0;0;0;1;0;0;0;0
"18/12/2015";"11:17:00";"2421";"sem vítima";"295.8";"BR-116/SC";"Sul";"Colisão Lateral";1;0;1;0;0;0;0;0;0;0;2;0;0;0;0
"19/12/2015";"07:00:00";"2451";"sem vítima";"137";"BR-116/PR";"Sul";"Objeto lançado contra veículo";1;0;0;0;0;0;0;0;0;0;1;0;0;0;0
"19/12/2015";"07:17:00";"2452";"sem vítima";"152";"BR-116/SC";"Sul";"Colisão Traseira";0;0;2;0;0;0;0;0;0;0;3;0;0;0;0
"19/12/2015";"09:10:00";"2471";"com vítima";"131";"BR-116/PR";"Norte";"Colisão Frontal";1;0;0;0;0;0;0;0;0;1;2;1;0;0;0
"19/12/2015";"09:16:00";"2472";"com vítima";"126";"BR-116/PR";"Norte";"Colisão Traseira";2;0;0;0;0;0;0;0;0;0;2;1;0;0;0
"19/12/2015";"10:27:00";"2479";"sem vítima";"131.3";"BR-116/PR";"Norte";"Colisão Lateral";1;0;0;1;0;0;0;0;0;0;2;0;0;0;0
"19/12/2015";"11:22:00";"2480";"sem vítima";"5.005";"BR-116/SC";"Sul";"Colisão Transversal";1;0;0;0;0;0;0;0;0;1;2;0;0;0;0
"19/12/2015";"03:09:00";"2496";"sem vítima";"81";"BR-116/SC";"Norte";"Choque - Cancela de Pedagio";0;0;0;0;0;0;0;0;0;1;1;0;0;0;0
"19/12/2015";"05:52:00";"2511";"com vítima";"262.7";"BR-116/SC";"Sul";"Saida de Pista";0;0;0;0;0;0;0;0;0;1;0;1;0;0;0
"19/12/2015";"09:05:00";"2528";"com vítima";"166.1";"BR-116/PR";"Norte";"Colisão Transversal";2;0;0;0;0;0;0;0;0;0;1;2;0;0;0
"19/12/2015";"09:24:00";"2529";"sem vítima";"135";"BR-116/PR";"Sul";"Colisão Traseira";2;0;0;0;0;0;0;0;0;0;2;0;0;0;0
"19/12/2015";"11:31:00";"2541";"sem vítima";"136.5";"BR-116/PR";"Sul";"Atropelamento de Animal";1;0;0;0;0;0;0;0;0;0;1;0;0;0;0
"20/12/2015";"03:29:00";"2557";"sem vítima";"122.5";"BR-116/PR";"Sul";"Saida de Pista";1;0;0;0;0;0;0;0;0;0;1;0;0;0;0
"20/12/2015";"06:02:00";"2563";"sem vítima";"81";"BR-116/SC";"Sul";"Choque - Defensa, barreira ou "submarino"";1;0;0;0;0;0;0;0;0;0;5;0;0;0;0
"20/12/2015";"06:28:00";"2565";"sem vítima";"164.6";"BR-116/PR";"Sul";"Saida de Pista";1;0;0;0;0;0;0;0;0;0;1;0;0;0;0
"20/12/2015";"09:41:00";"2572";"sem vítima";"154";"BR-116/SC";"Norte";"Objeto lançado contra veículo";1;0;0;0;0;0;0;0;0;0;1;0;0;0;0
"20/12/2015";"11:30:00";"2577";"com vítima";"122.8";"BR-116/PR";"Norte";"Colisão Traseira";2;0;0;0;0;0;0;0;0;0;1;2;0;0;0
"20/12/2015";"05:38:00";"2608";"sem vítima";"53";"BR-116/SC";"Sul";"Objeto lançado contra veículo";1;0;0;0;0;0;0;0;0;0;4;0;0;0;0
"20/12/2015";"06:04:00";"2611";"sem vítima";"139";"BR-116/SC";"Norte";"Colisão Traseira";2;0;0;0;0;0;0;0;0;0;6;0;0;0;0
"20/12/2015";"10:15:00";"2630";"sem vítima";"224.3";"BR-116/SC";"Sul";"Choque - Veiculo parado na pista";0;0;1;0;0;0;0;0;0;1;2;0;0;0;0
"21/12/2015";"08:35:00";"2676";"sem vítima";"134";"BR-116/PR";"Norte";"Choque - Cancela de Pedagio";1;0;0;0;0;0;0;0;0;0;1;0;0;0;0
"21/12/2015";"09:29:00";"2698";"sem vítima";"154.3";"BR-116/PR";"Sul";"Colisão Frontal";1;0;1;0;0;0;0;0;0;0;2;0;0;0;0
"21/12/2015";"09:58:00";"2704";"sem vítima";"209.5";"BR-116/PR";"Sul";"Objeto lançado contra veículo";1;0;0;0;0;0;0;0;0;0;1;0;0;0;0
"21/12/2015";"12:45:00";"2718";"sem vítima";"131";"BR-116/PR";"Sul";"Objeto lançado contra veículo";1;0;0;0;0;0;0;0;0;0;1;0;0;0;0
"21/12/2015";"01:25:00";"2720";"sem vítima";"149";"BR-116/PR";"Norte";"Choque - Objeto sobre a pista";1;0;0;0;0;0;0;0;0;0;1;0;0;0;0
"21/12/2015";"02:16:00";"2726";"com vítima";"78.5";"BR-116/SC";"Norte";"Colisão Lateral";1;0;1;0;0;0;0;0;0;0;1;1;0;0;0
"21/12/2015";"06:37:00";"2759";"sem vítima";"140";"BR-116/SC";"Norte";"Colisão Lateral";1;0;0;0;0;1;0;0;0;0;5;0;0;0;0
"22/12/2015";"06:17:00";"2798";"sem vítima";"133.1";"BR-116/SC";"Norte";"Saida de Pista";0;0;0;0;0;0;0;0;0;1;1;0;0;0;0
"22/12/2015";"02:04:00";"2847";"sem vítima";"203.6";"BR-116/PR";"Sul";"Objeto lançado contra veículo";1;0;0;0;0;0;0;0;0;0;1;0;0;0;0
"22/12/2015";"06:21:00";"2888";"sem vítima";"9.8";"BR-116/SC";"Sul";"Saida de Pista";0;0;0;0;0;0;0;0;0;1;1;0;0;0;0
"22/12/2015";"06:38:00";"2889";"sem vítima";"130.78";"BR-116/SC";"Norte";"Colisão Traseira";1;0;0;1;0;0;0;0;0;0;3;0;0;0;0
"22/12/2015";"08:51:00";"2905";"com vítima";"148.2";"BR-116/PR";"Sul";"Atropelamento - Usuário";0;0;0;0;0;1;0;0;0;0;1;0;0;1;0
"23/12/2015";"12:30:00";"2917";"sem vítima";"143";"BR-116/PR";"Norte";"Choque - Objeto sobre a pista";1;0;0;0;0;0;0;0;0;0;1;0;0;0;0
"23/12/2015";"07:58:00";"2941";"com vítima";"117";"BR-116/PR";"Sul";"Colisão Traseira";1;0;1;0;0;0;0;0;0;0;1;1;0;0;0
"23/12/2015";"12:28:00";"2973";"com vítima";"144.95";"BR-116/SC";"Norte";"Colisão Transversal";2;0;0;0;0;0;0;0;0;0;5;3;0;1;0
"23/12/2015";"03:43:00";"3002";"sem vítima";"220.5";"BR-116/SC";"Sul";"Colisão Transversal";2;0;0;0;0;0;0;0;0;0;2;0;0;0;0
"23/12/2015";"04:34:00";"3011";"com vítima";"132.9";"BR-116/SC";"Sul";"Colisão Traseira";1;0;1;0;0;0;0;0;0;0;2;1;0;0;0
"23/12/2015";"06:24:00";"3026";"sem vítima";"177.9";"BR-116/PR";"Sul";"Saida de Pista";1;0;0;0;0;0;0;0;0;0;1;0;0;0;0
"23/12/2015";"07:05:00";"3031";"sem vítima";"152";"BR-116/SC";"Sul";"Choque - Cancela de Pedagio";1;0;0;0;0;0;0;0;0;0;1;0;0;0;0
"23/12/2015";"07:06:00";"3032";"sem vítima";"204.9";"BR-116/PR";"Norte";"Saida de Pista";1;0;0;0;0;0;0;0;0;0;1;0;0;0;0
"23/12/2015";"07:57:00";"3036";"sem vítima";"265.4";"BR-116/SC";"Norte";"Saida de Pista";1;0;0;0;0;0;0;0;0;0;1;0;0;0;0
"24/12/2015";"01:34:00";"3065";"com vítima";"129.185";"BR-116/PR";"Norte";"Saida de Pista";1;0;0;0;0;0;0;0;0;0;0;0;0;1;1
"24/12/2015";"02:05:00";"3067";"sem vítima";"149";"BR-116/PR";"Norte";"Choque - Objeto sobre a pista";1;0;0;0;0;0;0;0;0;0;2;0;0;0;0
"24/12/2015";"08:10:00";"3091";"com vítima";"155.1";"BR-116/PR";"Sul";"Atropelamento - Ciclista";0;1;0;0;0;1;0;0;0;0;1;1;0;0;0
"24/12/2015";"03:14:00";"3136";"sem vítima";"167.3";"BR-116/PR";"Sul";"Saida de Pista";1;0;0;0;0;0;0;0;0;0;1;0;0;0;0
"24/12/2015";"03:19:00";"3138";"sem vítima";"245.5";"BR-116/SC";"Norte";"Colisão Traseira";0;0;2;0;0;0;0;0;0;0;2;0;0;0;0
"24/12/2015";"05:28:00";"3155";"com vítima";"145.8";"BR-116/SC";"Norte";"Saida de Pista";1;0;0;0;0;0;0;0;0;0;0;1;0;0;0
"24/12/2015";"09:50:00";"3180";"com vítima";"236";"BR-116/SC";"Sul";"Saida de Pista";0;0;0;0;0;0;0;0;0;1;2;1;0;0;0
"24/12/2015";"10:48:00";"3186";"sem vítima";"117.5";"BR-116/PR";"Norte";"Objeto lançado contra veículo";1;0;0;0;0;0;0;0;0;0;1;0;0;0;0
"25/12/2015";"02:00:00";"3193";"com vítima";"129.3";"BR-116/PR";"Norte";"Saida de Pista";1;0;0;0;0;0;0;0;0;0;0;1;0;0;0
"25/12/2015";"12:28:00";"3223";"sem vítima";"122";"BR-116/PR";"Norte";"Colisão Traseira";2;0;0;0;0;0;0;0;0;0;2;0;0;0;0
"25/12/2015";"12:53:00";"3227";"sem vítima";"222";"BR-116/SC";"Norte";"Atropelamento de Animal";1;0;0;0;0;0;0;0;0;0;1;0;0;0;0
"25/12/2015";"05:03:00";"3255";"sem vítima";"130";"BR-116/PR";"Norte";"Engavetamento";3;0;0;0;0;1;0;0;0;0;12;0;0;0;0
"25/12/2015";"05:56:00";"3263";"sem vítima";"132";"BR-116/PR";"Norte";"Colisão Traseira";2;0;0;0;0;0;0;0;0;0;4;0;0;0;0
"25/12/2015";"06:46:00";"3265";"sem vítima";"267.7";"BR-116/SC";"Norte";"Colisão Transversal";2;0;0;0;0;0;0;0;0;0;6;0;0;0;0
"25/12/2015";"06:49:00";"3266";"sem vítima";"158.3";"BR-116/PR";"Sul";"Saida de Pista";1;0;0;0;0;0;0;0;0;0;1;0;0;0;0
"25/12/2015";"08:40:00";"3272";"com vítima";"154.55";"BR-116/PR";"Sul";"Colisão Traseira";1;0;0;1;0;0;0;0;0;0;1;0;0;1;0
"25/12/2015";"09:26:00";"3276";"sem vítima";"203.6";"BR-116/PR";"Norte";"Choque - Suporte de Sinalização";1;0;0;0;0;0;0;0;0;0;1;0;0;0;0
"26/12/2015";"11:07:00";"3319";"sem vítima";"86";"BR-116/SC";"Norte";"Objeto lançado contra veículo";1;0;0;0;0;0;0;0;0;0;1;0;0;0;0
"26/12/2015";"03:13:00";"3345";"sem vítima";"209";"BR-116/PR";"Norte";"Saida de Pista";1;0;0;0;0;0;0;0;0;0;4;0;0;0;0
"26/12/2015";"04:09:00";"3351";"com vítima";"145.4";"BR-116/PR";"Sul";"Colisão Lateral";2;0;0;0;0;0;0;0;0;0;3;2;0;0;0
"26/12/2015";"05:18:00";"3360";"sem vítima";"152.38";"BR-116/PR";"Sul";"Colisão Transversal";1;0;0;0;0;1;0;0;0;0;6;0;0;0;0
"26/12/2015";"05:25:00";"3361";"sem vítima";"81";"BR-116/SC";"Norte";"Choque - Cancela de Pedagio";1;0;0;0;0;0;0;0;0;0;4;0;0;0;0
"26/12/2015";"05:45:00";"3364";"com vítima";"172.7";"BR-116/SC";"Sul";"Tombamento";0;0;1;0;0;0;0;0;0;0;0;0;0;0;1
"26/12/2015";"10:48:00";"3390";"com vítima";"168.5";"BR-116/SC";"Norte";"Saida de Pista";1;0;0;0;0;0;0;0;0;0;0;1;0;0;0
"27/12/2015";"04:09:00";"3406";"sem vítima";"10";"BR-116/SC";"Norte";"Atropelamento de Animal";1;0;0;0;0;0;0;0;0;0;1;0;0;0;0
"27/12/2015";"08:21:00";"3416";"sem vítima";"126";"BR-116/PR";"Norte";"Colisão Traseira";4;0;0;0;0;0;0;0;0;0;4;0;0;0;0
"27/12/2015";"11:09:00";"3424";"sem vítima";"122";"BR-116/PR";"Sul";"Colisão Lateral";2;0;0;0;0;0;0;0;0;0;2;0;0;0;0
"27/12/2015";"11:14:00";"3425";"sem vítima";"119";"BR-116/PR";"Sul";"Saida de Pista";0;0;0;0;0;0;0;0;0;1;1;0;0;0;0
"27/12/2015";"04:14:00";"3465";"com vítima";"213.3";"BR-116/SC";"Sul";"Saida de Pista";1;0;0;0;0;0;0;0;0;0;2;1;0;0;0
"27/12/2015";"07:08:00";"3476";"sem vítima";"132.9";"BR-116/PR";"Norte";"Colisão Traseira";2;0;0;0;0;0;0;0;0;0;2;0;0;0;0
"27/12/2015";"10:14:00";"3491";"sem vítima";"194.5";"BR-116/PR";"Norte";"Saida de Pista";0;0;0;0;0;0;0;0;0;1;1;0;0;0;0
"27/12/2015";"10:41:00";"3492";"sem vítima";"152.4";"BR-116/PR";"Norte";"Colisão Transversal";2;0;0;0;0;0;0;0;0;0;2;0;0;0;0
"27/12/2015";"10:58:00";"3493";"sem vítima";"134";"BR-116/PR";"Norte";"Choque - Outros";1;0;0;0;0;0;0;0;0;0;1;0;0;0;0
"28/12/2015";"04:02:00";"3511";"com vítima";"12.3";"BR-116/SC";"Norte";"Colisão Transversal";0;0;0;1;0;0;0;0;0;1;5;0;0;1;0
"28/12/2015";"06:45:00";"3515";"com vítima";"166.8";"BR-116/PR";"Norte";"Colisão Traseira";0;0;1;1;0;0;0;0;0;0;2;1;0;0;0
"28/12/2015";"11:16:00";"3544";"sem vítima";"116.8";"BR-116/PR";"Sul";"Colisão Lateral";0;0;0;0;1;1;0;0;0;0;3;0;0;0;0
"28/12/2015";"11:31:00";"3547";"sem vítima";"161.3";"BR-116/PR";"Sul";"Saida de Pista";1;0;0;0;0;0;0;0;0;0;4;0;0;0;0
"28/12/2015";"02:47:00";"3567";"com vítima";"205.7";"BR-116/PR";"Norte";"Saida de Pista";1;0;0;0;0;0;0;0;0;0;0;1;0;0;0
"29/12/2015";"04:57:00";"3629";"sem vítima";"132.9";"BR-116/SC";"Norte";"Colisão Lateral";1;0;1;0;0;0;0;0;0;0;2;0;0;0;0
"29/12/2015";"11:15:00";"3656";"sem vítima";"211";"BR-116/PR";"Sul";"Colisão Transversal";2;0;0;0;0;0;0;0;0;0;2;0;0;0;0
"29/12/2015";"02:13:00";"3670";"sem vítima";"40";"BR-116/SC";"Sul";"Objeto lançado contra veículo";1;0;0;0;0;0;0;0;0;0;1;0;0;0;0
"30/12/2015";"06:43:00";"3739";"com vítima";"152.5";"BR-116/PR";"Norte";"Queda de Moto";0;0;0;1;0;1;0;0;0;0;1;1;0;0;0
"30/12/2015";"10:16:00";"3756";"sem vítima";"178";"BR-116/PR";"Sul";"Objeto lançado contra veículo";0;0;1;0;0;0;0;0;0;1;3;0;0;0;0
"30/12/2015";"03:29:00";"3796";"com vítima";"166.8";"BR-116/PR";"Sul";"Colisão Transversal";1;0;0;1;0;0;0;0;0;0;3;0;0;1;0
"30/12/2015";"04:55:00";"3803";"sem vítima";"210.7";"BR-116/PR";"Sul";"Colisão Transversal";1;0;1;0;0;0;0;0;0;0;4;0;0;0;0
"30/12/2015";"05:54:00";"3812";"sem vítima";"81";"BR-116/SC";"Norte";"Choque - Cancela de Pedagio";0;0;0;0;0;0;0;0;0;1;1;0;0;0;0
"30/12/2015";"06:27:00";"3815";"sem vítima";"176";"BR-116/SC";"Norte";"Saida de Pista";1;0;0;0;0;0;0;0;0;0;1;0;0;0;0
"30/12/2015";"09:10:00";"3828";"com vítima";"262.67";"BR-116/SC";"Norte";"Colisão Frontal";1;0;1;0;0;0;0;0;0;0;1;0;0;2;2
"30/12/2015";"09:35:00";"3831";"sem vítima";"65.2";"BR-116/SC";"Sul";"Choque - Objeto sobre a pista";0;0;0;0;0;0;0;0;0;1;1;0;0;0;0
"30/12/2015";"10:03:00";"3833";"sem vítima";"65.5";"BR-116/SC";"Sul";"Choque - Objeto sobre a pista";0;0;0;0;0;0;0;0;0;1;1;0;0;0;0
"30/12/2015";"11:00:00";"3838";"sem vítima";"230.8";"BR-116/SC";"Sul";"Saida de Pista";1;0;0;0;0;0;0;0;0;0;1;0;0;0;0
"31/12/2015";"05:15:00";"3847";"sem vítima";"204";"BR-116/SC";"Sul";"Atropelamento de Animal";1;0;0;0;0;0;0;0;0;0;1;0;0;0;0
"31/12/2015";"10:49:00";"3867";"sem vítima";"134";"BR-116/PR";"Sul";"Choque - Cancela de Pedagio";1;0;0;0;0;0;0;0;0;0;2;0;0;0;0
"31/12/2015";"01:01:00";"3877";"com vítima";"184.25";"BR-116/SC";"Norte";"Saida de Pista";1;0;0;0;0;0;0;0;0;0;0;1;0;0;0
"31/12/2015";"09:19:00";"3930";"sem vítima";"141.7";"BR-116/SC";"Sul";"Saida de Pista";1;0;0;0;0;0;0;0;0;0;1;0;0;0;0
"01/01/2016";"12:51:00";"3";"com vítima";"134.15";"BR-116/PR";"Norte";"Choque - Suporte de Sinalização";0;0;0;1;0;0;0;0;0;0;0;0;0;0;1
"01/01/2016";"03:53:00";"67";"sem vítima";"133";"BR-116/PR";"Sul";"Colisão Traseira";1;0;0;0;0;1;0;0;0;0;6;0;0;0;0
"02/01/2016";"10:53:00";"140";"sem vítima";"285.9";"BR-116/SC";"Sul";"Queda de Moto";0;0;0;1;0;0;0;0;0;0;1;0;0;0;0
"02/01/2016";"12:09:00";"147";"sem vítima";"229";"BR-116/SC";"Sul";"Objeto lançado contra veículo";1;0;0;0;0;0;0;0;0;0;1;0;0;0;0
"02/01/2016";"10:35:00";"203";"sem vítima";"250.7";"BR-116/SC";"Norte";"Choque - Objeto sobre a pista";0;0;1;0;0;0;0;0;0;0;1;0;0;0;0
"03/01/2016";"11:28:00";"255";"com vítima";"251.3";"BR-116/SC";"Norte";"Colisão Transversal";2;0;0;0;0;0;0;0;0;0;5;2;0;2;0
"03/01/2016";"09:02:00";"314";"sem vítima";"141.5";"BR-116/SC";"Sul";"Saida de Pista";1;0;0;0;0;0;0;0;0;0;2;0;0;0;0
"03/01/2016";"09:08:00";"315";"sem vítima";"191";"BR-116/PR";"Sul";"Objeto lançado contra veículo";1;0;0;0;0;0;0;0;0;0;1;0;0;0;0
"03/01/2016";"11:29:00";"324";"sem vítima";"82";"BR-116/SC";"Norte";"Atropelamento - Animal";1;0;0;0;0;0;0;0;0;0;4;0;0;0;0
"04/01/2016";"01:26:00";"378";"sem vítima";"179";"BR-116/PR";"Sul";"Objeto lançado contra veículo";0;0;0;0;0;0;0;0;0;1;1;0;0;0;0
"04/01/2016";"02:12:00";"380";"sem vítima";"268";"BR-116/SC";"Norte";"Colisão Transversal";1;0;0;0;0;0;0;0;0;1;2;0;0;0;0
"04/01/2016";"04:47:00";"407";"com vítima";"12.3";"BR-116/SC";"Norte";"Colisão Transversal";1;0;1;0;0;0;0;0;0;0;2;1;0;1;0
"05/01/2016";"01:35:00";"450";"sem vítima";"134";"BR-116/PR";"Sul";"Outros";1;0;0;0;0;0;0;0;0;0;1;0;0;0;0
"05/01/2016";"09:43:00";"557";"sem vítima";"122.1";"BR-116/PR";"Sul";"Colisão Traseira";1;0;1;0;0;0;0;0;0;0;2;0;0;0;0
"06/01/2016";"09:20:00";"608";"com vítima";"249.05";"BR-116/SC";"Norte";"Colisão Lateral";0;0;2;0;0;0;0;0;0;0;3;0;0;1;0
"06/01/2016";"10:17:00";"613";"sem vítima";"140.8";"BR-116/PR";"Norte";"Colisão Traseira";0;0;2;0;0;0;0;0;0;0;2;0;0;0;0
"06/01/2016";"11:43:00";"621";"sem vítima";"132";"BR-116/PR";"Norte";"Objeto lançado contra veículo";1;0;0;0;0;0;0;0;0;0;1;0;0;0;0
"06/01/2016";"03:16:00";"641";"sem vítima";"72.8";"BR-116/SC";"Sul";"Saida de Pista";0;0;1;0;0;0;0;0;0;0;1;0;0;0;0
"06/01/2016";"06:26:00";"662";"sem vítima";"203.6";"BR-116/PR";"Norte";"Choque - Cancela de Pedagio";1;0;0;0;0;0;0;0;0;0;1;0;0;0;0
"06/01/2016";"09:09:00";"675";"sem vítima";"68";"BR-116/SC";"Sul";"Atropelamento - Animal";1;0;0;0;0;0;0;0;0;0;1;0;0;0;0
"07/01/2016";"12:14:00";"752";"sem vítima";"42";"BR-116/SC";"Sul";"Objeto lançado contra veículo";1;0;0;0;0;0;0;0;0;0;2;0;0;0;0
"07/01/2016";"02:05:00";"756";"sem vítima";"119";"BR-116/PR";"Norte";"Colisão Lateral";1;0;0;1;0;0;0;0;0;0;2;0;0;0;0
"07/01/2016";"05:14:00";"782";"sem vítima";"142";"BR-116/PR";"Norte";"Objeto lançado contra veículo";1;0;0;0;0;0;0;0;0;0;1;0;0;0;0
"07/01/2016";"07:41:00";"794";"sem vítima";"202";"BR-116/PR";"Sul";"Choque - Objeto sobre a pista";0;0;0;0;0;0;0;0;0;1;1;0;0;0;0
"07/01/2016";"07:46:00";"797";"sem vítima";"307";"BR-116/SC";"Norte";"Atropelamento - Animal";0;0;0;1;0;0;0;0;0;0;2;0;0;0;0
"07/01/2016";"08:41:00";"802";"com vítima";"210.48";"BR-116/PR";"Norte";"Colisão Frontal";1;0;0;1;0;0;0;0;0;0;0;1;0;0;1
"07/01/2016";"10:40:00";"808";"sem vítima";"145";"BR-116/PR";"Norte";"Atropelamento - Animal";1;0;0;0;0;0;0;0;0;0;1;0;0;0;0
"08/01/2016";"02:38:00";"825";"com vítima";"128.6";"BR-116/PR";"Sul";"Colisão Frontal";1;0;0;0;1;0;0;0;0;0;27;1;0;0;1
"08/01/2016";"03:48:00";"829";"com vítima";"128.6";"BR-116/PR";"Norte";"Colisão Traseira";0;0;2;0;0;0;0;0;0;1;3;1;0;0;0
"08/01/2016";"12:20:00";"875";"sem vítima";"151";"BR-116/PR";"Norte";"Objeto lançado contra veículo";0;0;1;0;0;0;0;0;0;0;1;0;0;0;0
"08/01/2016";"02:29:00";"884";"sem vítima";"229.2";"BR-116/SC";"Norte";"Saida de Pista";0;0;1;0;0;0;0;0;0;0;1;0;0;0;0
"08/01/2016";"05:40:00";"908";"sem vítima";"107.95";"BR-116/SC";"Norte";"Saida de Pista";0;0;1;0;0;0;0;0;0;0;1;0;0;0;0
"08/01/2016";"06:23:00";"915";"sem vítima";"186.8";"BR-116/SC";"Sul";"Saida de Pista";1;0;0;0;0;0;0;0;0;0;2;0;0;0;0
"08/01/2016";"06:56:00";"918";"sem vítima";"73.1";"BR-116/SC";"Sul";"Saida de Pista";1;0;0;0;0;0;0;0;0;0;1;0;0;0;0
"09/01/2016";"07:40:00";"955";"sem vítima";"209";"BR-116/PR";"Norte";"Queda de Moto";0;0;0;1;0;0;0;0;0;0;1;0;0;0;0
"09/01/2016";"10:54:00";"965";"sem vítima";"140";"BR-116/SC";"Sul";"Objeto lançado contra veículo";0;0;1;0;0;0;0;0;0;0;1;0;0;0;0
"09/01/2016";"10:59:00";"966";"sem vítima";"130.5";"BR-116/PR";"Sul";"Choque - Objeto sobre a pista";0;0;0;0;0;0;0;0;0;1;1;0;0;0;0
"09/01/2016";"11:13:00";"968";"sem vítima";"143.2";"BR-116/SC";"Norte";"Colisão Transversal";2;0;0;0;0;0;0;0;0;0;2;0;0;0;0
"09/01/2016";"01:01:00";"976";"sem vítima";"117";"BR-116/PR";"Sul";"Colisão Lateral";2;0;0;0;0;0;0;0;0;0;2;0;0;0;0
"09/01/2016";"02:42:00";"988";"sem vítima";"134";"BR-116/PR";"Sul";"Choque - Cancela de Pedagio";0;0;0;0;0;0;0;0;0;1;1;0;0;0;0
"09/01/2016";"04:22:00";"997";"sem vítima";"129.9";"BR-116/PR";"Sul";"Colisão Lateral";1;0;0;0;0;1;0;0;0;0;2;0;0;0;0
"09/01/2016";"09:25:00";"1028";"com vítima";"194";"BR-116/SC";"Sul";"Colisão Frontal";2;0;0;0;0;0;0;0;0;0;2;4;0;0;0
"10/01/2016";"03:30:00";"1050";"sem vítima";"144.9";"BR-116/SC";"Sul";"Saida de Pista";1;0;0;0;0;0;0;0;0;0;3;0;0;0;0
"10/01/2016";"05:30:00";"1059";"sem vítima";"6.5";"BR-116/SC";"Sul";"Saida de Pista";1;0;0;0;0;0;0;0;0;0;2;0;0;0;0