data;horario;n_da_ocorrencia;tipo_de_ocorrencia;km;trecho;sentido;tipo_de_acidente;automovel;bicicleta;caminhao;moto;onibus;outros;tracao_animal;transporte_de_cargas_especiais;trator_maquinas;utilitarios;ilesos;levemente_feridos;moderadamente_feridos;gravemente_feridos;mortos
"10/01/2016";"06:46:00";"1061";"sem vítima";"117.4";"BR-116/PR";"Sul";"Colisão Traseira";1;0;0;0;0;0;0;0;0;0;1;0;0;0;0
"10/01/2016";"07:16:00";"1062";"sem vítima";"120";"BR-116/PR";"Sul";"Saida de Pista";1;0;0;0;0;0;0;0;0;0;1;0;0;0;0
"10/01/2016";"09:53:00";"1071";"sem vítima";"127.5";"BR-116/PR";"Sul";"Objeto lançado contra veículo";1;0;0;0;0;0;0;0;0;0;1;0;0;0;0
"10/01/2016";"11:07:00";"1078";"sem vítima";"170.8";"BR-116/SC";"Norte";"Saida de Pista";0;0;1;0;0;0;0;0;0;0;1;0;0;0;0
"10/01/2016";"01:31:00";"1090";"com vítima";"231.2";"BR-116/SC";"Sul";"Colisão Lateral";2;0;0;0;1;0;0;0;0;0;28;3;0;0;1
"10/01/2016";"01:37:00";"1091";"sem vítima";"219";"BR-116/SC";"Sul";"Colisão Traseira";1;0;0;0;0;1;0;0;0;0;2;0;0;0;0
"10/01/2016";"03:44:00";"1094";"sem vítima";"188";"BR-116/PR";"Sul";"Objeto lançado contra veículo";0;0;1;0;0;0;0;0;0;0;2;0;0;0;0
"10/01/2016";"04:09:00";"1097";"com vítima";"304.5";"BR-116/SC";"Norte";"Colisão Traseira";1;0;0;0;0;1;0;0;0;0;2;1;0;0;0
"10/01/2016";"04:55:00";"1105";"sem vítima";"205";"BR-116/PR";"Sul";"Objeto lançado contra veículo";1;0;0;0;0;0;0;0;0;0;1;0;0;0;0
"10/01/2016";"05:34:00";"1110";"com vítima";"209";"BR-116/PR";"Sul";"Colisão Lateral";1;0;1;0;0;0;0;0;0;0;2;1;0;0;0
"10/01/2016";"06:48:00";"1114";"sem vítima";"12";"BR-116/SC";"Sul";"Objeto lançado contra veículo";1;0;0;0;0;0;0;0;0;0;1;0;0;0;0
"10/01/2016";"11:36:00";"1139";"sem vítima";"131.3";"BR-116/PR";"Norte";"Colisão Transversal";2;0;0;0;0;0;0;0;0;0;6;0;0;0;0
"11/01/2016";"07:51:00";"1180";"sem vítima";"134";"BR-116/PR";"Sul";"Choque - Cancela de Pedagio";1;0;0;0;0;0;0;0;0;0;1;0;0;0;0
"11/01/2016";"01:05:00";"1239";"sem vítima";"147";"BR-116/SC";"Sul";"Objeto lançado contra veículo";1;0;0;0;0;0;0;0;0;0;1;0;0;0;0
"11/01/2016";"03:13:00";"1257";"com vítima";"247.8";"BR-116/SC";"Sul";"Colisão Transversal";2;0;0;0;0;0;0;0;0;0;3;1;0;0;0
"11/01/2016";"03:16:00";"1258";"sem vítima";"53";"BR-116/SC";"Sul";"Choque - Objeto sobre a pista";1;0;0;0;0;0;0;0;0;0;2;0;0;0;0
"11/01/2016";"03:23:00";"1260";"com vítima";"117.68";"BR-116/PR";"Norte";"Queda de Moto";0;0;0;1;0;0;0;0;0;0;0;1;0;0;0
"11/01/2016";"05:33:00";"1279";"sem vítima";"119";"BR-116/PR";"Norte";"Colisão Lateral";1;0;1;0;0;0;0;0;0;0;2;0;0;0;0
"11/01/2016";"06:23:00";"1283";"sem vítima";"233";"BR-116/SC";"Norte";"Choque - Cancela de Pedagio";0;0;0;0;0;0;0;0;0;1;1;0;0;0;0
"11/01/2016";"11:36:00";"1304";"sem vítima";"155.5";"BR-116/SC";"Sul";"Saida de Pista";1;0;0;0;0;0;0;0;0;0;1;0;0;0;0
"12/01/2016";"10:29:00";"1361";"sem vítima";"226.15";"BR-116/SC";"Norte";"Colisão Lateral";2;0;0;0;0;0;0;0;0;0;4;0;0;0;0
"12/01/2016";"12:09:00";"1371";"sem vítima";"134";"BR-116/PR";"Sul";"Choque - Talude";0;0;0;0;0;0;0;0;0;1;1;0;0;0;0
"12/01/2016";"04:41:00";"1405";"sem vítima";"277";"BR-116/SC";"Sul";"Objeto lançado contra veículo";1;0;0;0;0;0;0;0;0;0;1;0;0;0;0
"12/01/2016";"05:07:00";"1408";"sem vítima";"180";"BR-116/SC";"Sul";"Colisão Transversal";2;0;0;0;0;0;0;0;0;0;2;0;0;0;0
"13/01/2016";"10:01:00";"1510";"sem vítima";"81";"BR-116/SC";"Norte";"Choque - Cancela de Pedagio";0;0;0;0;0;0;0;0;0;1;1;0;0;0;0
"13/01/2016";"11:20:00";"1517";"sem vítima";"245";"BR-116/SC";"Sul";"Colisão Transversal";1;0;1;0;0;0;0;0;0;0;6;0;0;0;0
"13/01/2016";"01:51:00";"1530";"sem vítima";"152";"BR-116/SC";"Sul";"Colisão Traseira";0;0;1;1;0;0;0;0;0;0;2;0;0;0;0
"13/01/2016";"03:46:00";"1558";"sem vítima";"117.6";"BR-116/PR";"Sul";"Colisão Lateral";1;0;1;0;0;0;0;0;0;0;2;0;0;0;0
"13/01/2016";"03:50:00";"1559";"sem vítima";"118.1";"BR-116/PR";"Sul";"Objeto lançado contra veículo";0;0;1;0;0;0;0;0;0;0;1;0;0;0;0
"13/01/2016";"05:51:00";"1577";"sem vítima";"196";"BR-116/PR";"Sul";"Objeto lançado contra veículo";1;0;0;0;0;0;0;0;0;0;1;0;0;0;0
"13/01/2016";"06:09:00";"1578";"sem vítima";"205";"BR-116/PR";"Sul";"Objeto lançado contra veículo";1;0;0;0;0;0;0;0;0;0;1;0;0;0;0
"13/01/2016";"07:25:00";"1585";"sem vítima";"184.3";"BR-116/SC";"Norte";"Tombamento";0;0;1;0;0;0;0;0;0;0;1;0;0;0;0
"13/01/2016";"09:14:00";"1592";"sem vítima";"230";"BR-116/SC";"Sul";"Objeto lançado contra veículo";1;0;0;0;0;0;0;0;0;0;3;0;0;0;0
"13/01/2016";"10:04:00";"1598";"sem vítima";"260";"BR-116/SC";"Norte";"Saida de Pista";0;0;1;0;0;0;0;0;0;0;2;0;0;0;0
"13/01/2016";"11:26:00";"1601";"sem vítima";"122";"BR-116/PR";"Norte";"Colisão Traseira";1;0;1;0;0;0;0;0;0;0;3;0;0;0;0
"14/01/2016";"05:33:00";"1627";"sem vítima";"126";"BR-116/PR";"Norte";"Atropelamento - Animal";1;0;0;0;0;0;0;0;0;0;1;0;0;0;0
"14/01/2016";"10:11:00";"1668";"sem vítima";"211";"BR-116/PR";"Sul";"Objeto lançado contra veículo";1;0;0;0;0;0;0;0;0;0;1;0;0;0;0
"14/01/2016";"12:08:00";"1676";"sem vítima";"209.25";"BR-116/PR";"Sul";"Choque - Suporte de Sinalização";1;0;0;0;0;0;0;0;0;0;2;0;0;0;0
"14/01/2016";"08:05:00";"1721";"sem vítima";"48";"BR-116/SC";"Norte";"Objeto lançado contra veículo";1;0;0;0;0;0;0;0;0;0;1;0;0;0;0
"14/01/2016";"11:28:00";"1729";"sem vítima";"135";"BR-116/PR";"Norte";"Objeto lançado contra veículo";1;0;0;0;0;0;0;0;0;0;1;0;0;0;0
"15/01/2016";"08:16:00";"1754";"com vítima";"116.1";"BR-116/PR";"Norte";"Colisão Lateral";0;0;1;1;0;0;0;0;0;1;4;0;0;1;0
"15/01/2016";"10:48:00";"1768";"sem vítima";"126";"BR-116/PR";"Norte";"Colisão Traseira";0;0;2;0;0;0;0;0;0;0;2;0;0;0;0
"15/01/2016";"02:33:00";"1797";"com vítima";"247.25";"BR-116/SC";"Norte";"Outros";1;0;0;1;0;0;0;0;0;0;1;1;0;0;0
"15/01/2016";"02:40:00";"1800";"sem vítima";"157.2";"BR-116/PR";"Sul";"Objeto lançado contra veículo";1;0;0;0;0;0;0;0;0;0;1;0;0;0;0
"16/01/2016";"06:21:00";"1868";"sem vítima";"119";"BR-116/PR";"Sul";"Choque - Veiculo parado na pista";1;0;1;0;0;0;0;0;0;0;2;0;0;0;0
"16/01/2016";"02:56:00";"1910";"sem vítima";"126";"BR-116/PR";"Norte";"Saida de Pista";1;0;0;0;0;0;0;0;0;0;1;0;0;0;0
"16/01/2016";"04:08:00";"1914";"sem vítima";"134";"BR-116/PR";"Norte";"Choque - Cancela de Pedagio";1;0;0;0;0;0;0;0;0;0;1;0;0;0;0
"16/01/2016";"04:19:00";"1916";"sem vítima";"219.3";"BR-116/SC";"Norte";"Colisão Transversal";2;0;0;0;0;0;0;0;0;0;4;0;0;0;0
"16/01/2016";"07:46:00";"1935";"com vítima";"223.45";"BR-116/SC";"Norte";"Saida de Pista";1;0;0;0;0;0;0;0;0;0;0;1;0;0;0
"16/01/2016";"11:08:00";"1947";"sem vítima";"217";"BR-116/SC";"Norte";"Objeto lançado contra veículo";0;0;0;0;1;0;0;0;0;0;3;0;0;0;0
"17/01/2016";"03:37:00";"1962";"com vítima";"54.9";"BR-116/SC";"Norte";"Choque - Veiculo parado no acostamento";2;0;0;0;0;0;0;0;0;0;0;4;0;4;1
"17/01/2016";"09:15:00";"1973";"sem vítima";"155.2";"BR-116/PR";"Sul";"Saida de Pista";0;0;1;0;0;0;0;0;0;0;1;0;0;0;0
"17/01/2016";"08:11:00";"2013";"sem vítima";"82.7";"BR-116/SC";"Sul";"Saida de Pista";1;0;0;0;0;0;0;0;0;0;1;0;0;0;0
"18/01/2016";"07:34:00";"2061";"sem vítima";"245";"BR-116/SC";"Sul";"Colisão Transversal";2;0;0;0;0;0;0;0;0;0;2;0;0;0;0
"18/01/2016";"07:34:00";"2062";"sem vítima";"134";"BR-116/PR";"Norte";"Colisão Traseira";0;0;1;0;0;1;0;0;0;0;2;0;0;0;0
"18/01/2016";"11:29:00";"2092";"sem vítima";"147.1";"BR-116/PR";"Sul";"Choque - Veiculo parado na pista";2;0;0;0;0;0;0;0;0;0;2;0;0;0;0
"18/01/2016";"11:41:00";"2093";"com vítima";"208";"BR-116/PR";"Norte";"Saida de Pista";1;0;0;0;0;0;0;0;0;0;0;1;0;0;0
"18/01/2016";"01:52:00";"2103";"sem vítima";"287";"BR-116/SC";"Sul";"Colisão Lateral";1;0;1;0;0;0;0;0;0;0;5;0;0;0;0
"18/01/2016";"05:44:00";"2148";"com vítima";"267.6";"BR-116/SC";"Norte";"Colisão Transversal";1;0;0;0;0;0;0;0;0;1;2;0;0;2;0
"18/01/2016";"08:48:00";"2160";"sem vítima";"230";"BR-116/SC";"Sul";"Objeto lançado contra veículo";1;0;0;0;0;0;0;0;0;0;1;0;0;0;0
"19/01/2016";"01:05:00";"2173";"com vítima";"245.8";"BR-116/SC";"Sul";"Colisão Lateral";2;0;0;0;0;0;0;0;0;0;1;1;0;0;0
"19/01/2016";"07:19:00";"2185";"sem vítima";"184";"BR-116/SC";"Sul";"Saida de Pista";1;0;0;0;0;0;0;0;0;0;1;0;0;0;0
"19/01/2016";"09:55:00";"2201";"sem vítima";"304.46";"BR-116/SC";"Sul";"Saida de Pista";1;0;0;0;0;0;0;0;0;0;1;0;0;0;0
"19/01/2016";"05:46:00";"2240";"sem vítima";"136";"BR-116/PR";"Norte";"Objeto lançado contra veículo";1;0;0;0;0;0;0;0;0;0;1;0;0;0;0
"19/01/2016";"08:13:00";"2254";"sem vítima";"171";"BR-116/PR";"Sul";"Objeto lançado contra veículo";1;0;0;0;0;0;0;0;0;0;2;0;0;0;0
"20/01/2016";"08:17:00";"2296";"com vítima";"3.9";"BR-116/SC";"Sul";"Colisão Lateral";1;0;0;1;0;0;0;0;0;0;1;1;0;0;0
"20/01/2016";"11:22:00";"2317";"com vítima";"238.5";"BR-116/SC";"Sul";"Tombamento";0;0;1;0;0;0;0;0;0;0;1;1;0;0;0
"20/01/2016";"08:28:00";"2376";"com vítima";"67.15";"BR-116/SC";"Norte";"Colisão Lateral";1;0;0;1;0;0;0;0;0;0;4;2;0;0;0
"21/01/2016";"08:26:00";"2415";"sem vítima";"81";"BR-116/SC";"Sul";"Choque - Cancela de Pedagio";0;0;0;0;0;0;0;0;0;1;1;0;0;0;0
"21/01/2016";"11:33:00";"2432";"sem vítima";"130";"BR-116/PR";"Norte";"Objeto lançado contra veículo";1;0;0;0;0;0;0;0;0;0;1;0;0;0;0
"21/01/2016";"02:32:00";"2456";"sem vítima";"172";"BR-116/SC";"Sul";"Objeto lançado contra veículo";1;0;0;0;0;0;0;0;0;0;1;0;0;0;0
"21/01/2016";"05:33:00";"2485";"sem vítima";"107";"BR-116/SC";"Norte";"Choque - Talude";0;0;1;0;0;0;0;0;0;0;1;0;0;0;0
"21/01/2016";"06:36:00";"2492";"com vítima";"129.45";"BR-116/PR";"Norte";"Atropelamento - Usuário";1;0;0;0;0;0;0;0;0;0;1;1;0;0;0
"21/01/2016";"09:09:00";"2508";"sem vítima";"174";"BR-116/PR";"Sul";"Choque - Objeto sobre a pista";1;0;0;0;0;0;0;0;0;0;1;0;0;0;0
"22/01/2016";"12:19:00";"2518";"sem vítima";"252";"BR-116/SC";"Sul";"Colisão Frontal";0;0;2;0;0;0;0;0;0;0;2;0;0;0;0
"22/01/2016";"07:40:00";"2547";"sem vítima";"121";"BR-116/PR";"Norte";"Colisão Traseira";3;0;0;0;0;0;0;0;0;0;3;0;0;0;0
"22/01/2016";"02:22:00";"2575";"sem vítima";"134";"BR-116/PR";"Norte";"Objeto lançado contra veículo";1;0;0;0;0;0;0;0;0;0;1;0;0;0;0
"22/01/2016";"03:29:00";"2590";"sem vítima";"130";"BR-116/PR";"Norte";"Colisão Lateral";1;0;0;0;0;1;0;0;0;0;2;0;0;0;0
"22/01/2016";"03:32:00";"2591";"com vítima";"234";"BR-116/SC";"Norte";"Colisão Lateral";0;0;2;0;0;0;0;0;0;0;2;1;0;0;0
"22/01/2016";"05:10:00";"2605";"sem vítima";"152";"BR-116/SC";"Norte";"Choque - Defensa, barreira ou "submarino"";0;0;1;0;0;0;0;0;0;0;1;0;0;0;0
"23/01/2016";"06:02:00";"2636";"com vítima";"248.95";"BR-116/SC";"Norte";"Colisão Traseira";0;0;2;0;0;0;0;0;0;0;1;0;0;2;1
"23/01/2016";"11:29:00";"2655";"sem vítima";"143";"BR-116/PR";"Sul";"Colisão Traseira";1;0;0;0;0;2;0;0;0;0;3;0;0;0;0
"23/01/2016";"12:19:00";"2658";"sem vítima";"142.6";"BR-116/PR";"Norte";"Colisão Traseira";1;0;1;0;0;0;0;0;0;0;2;0;0;0;0
"23/01/2016";"03:54:00";"2674";"sem vítima";"203";"BR-116/PR";"Norte";"Choque - Cancela de Pedagio";1;0;0;0;0;0;0;0;0;0;1;0;0;0;0
"23/01/2016";"08:16:00";"2695";"com vítima";"115";"BR-116/PR";"Norte";"Queda de Moto";0;0;0;1;0;0;0;0;0;0;0;1;0;0;0
"23/01/2016";"11:26:00";"2707";"sem vítima";"219.5";"BR-116/SC";"Sul";"Colisão Transversal";1;0;0;0;0;1;0;0;0;0;2;0;0;0;0
"24/01/2016";"03:37:00";"2717";"sem vítima";"171.5";"BR-116/SC";"Sul";"Saida de Pista";1;0;0;0;0;0;0;0;0;0;1;0;0;0;0
"24/01/2016";"04:24:00";"2721";"sem vítima";"68.5";"BR-116/SC";"Sul";"Saida de Pista";1;0;0;0;0;0;0;0;0;0;1;0;0;0;0
"24/01/2016";"04:27:00";"2722";"com vítima";"35.2";"BR-116/SC";"Norte";"Saida de Pista";1;0;0;0;0;0;0;0;0;0;0;1;0;0;0
"24/01/2016";"07:23:00";"2726";"sem vítima";"151";"BR-116/PR";"Sul";"Saida de Pista";1;0;0;0;0;0;0;0;0;0;1;0;0;0;0
"24/01/2016";"09:24:00";"2734";"sem vítima";"124.6";"BR-116/SC";"Sul";"Tombamento";0;0;1;0;0;0;0;0;0;0;1;0;0;0;0
"24/01/2016";"04:47:00";"2757";"sem vítima";"187";"BR-116/SC";"Norte";"Objeto lançado contra veículo";1;0;0;0;0;0;0;0;0;0;1;0;0;0;0
"24/01/2016";"04:55:00";"2760";"sem vítima";"150";"BR-116/PR";"Norte";"Objeto lançado contra veículo";1;0;0;0;0;0;0;0;0;0;1;0;0;0;0
"24/01/2016";"07:05:00";"2774";"com vítima";"91";"BR-116/SC";"Norte";"Colisão Lateral";1;0;1;0;0;0;0;0;0;0;2;1;0;0;0
"25/01/2016";"08:32:00";"2826";"sem vítima";"115.5";"BR-116/PR";"Norte";"Colisão Traseira";1;0;0;0;0;0;0;0;0;0;1;0;0;0;0
"25/01/2016";"08:14:00";"2914";"sem vítima";"144.4";"BR-116/SC";"Sul";"Atropelamento - Animal";1;0;0;0;0;0;0;0;0;0;1;0;0;0;0
"26/01/2016";"03:33:00";"2938";"sem vítima";"263.3";"BR-116/SC";"Norte";"Atropelamento - Animal";1;0;0;0;0;0;0;0;0;0;3;0;0;0;0
"26/01/2016";"02:08:00";"3038";"sem vítima";"221";"BR-116/SC";"Sul";"Objeto lançado contra veículo";0;0;0;0;1;0;0;0;0;0;1;0;0;0;0
"26/01/2016";"03:51:00";"3052";"sem vítima";"89";"BR-116/SC";"Norte";"Choque - Objeto sobre a pista";0;0;1;0;0;0;0;0;0;0;1;0;0;0;0
"26/01/2016";"06:49:00";"3070";"sem vítima";"117";"BR-116/PR";"Sul";"Engavetamento";3;0;0;0;0;0;0;0;0;0;3;0;0;0;0
"26/01/2016";"06:56:00";"3071";"sem vítima";"228";"BR-116/SC";"Sul";"Saida de Pista";1;0;0;0;0;0;0;0;0;0;1;0;0;0;0
"27/01/2016";"12:21:00";"3083";"sem vítima";"233";"BR-116/SC";"Sul";"Objeto lançado contra veículo";0;0;0;0;0;0;0;0;0;1;1;0;0;0;0
"27/01/2016";"01:20:00";"3088";"sem vítima";"265.9";"BR-116/SC";"Norte";"Objeto lançado contra veículo";0;0;0;0;0;0;0;0;0;1;4;0;0;0;0
"27/01/2016";"01:44:00";"3178";"sem vítima";"202";"BR-116/PR";"Sul";"Objeto lançado contra veículo";1;0;0;0;0;0;0;0;0;0;1;0;0;0;0
"27/01/2016";"02:30:00";"3181";"sem vítima";"17.2";"BR-116/SC";"Norte";"Colisão Lateral";1;0;1;0;0;0;0;0;0;0;2;0;0;0;0
"27/01/2016";"07:41:00";"3214";"sem vítima";"141";"BR-116/PR";"Norte";"Objeto lançado contra veículo";0;0;1;0;0;0;0;0;0;0;1;0;0;0;0
"27/01/2016";"09:29:00";"3222";"com vítima";"175.8";"BR-116/PR";"Sul";"Saida de Pista";1;0;0;0;0;0;0;0;0;0;0;2;0;0;0
"28/01/2016";"12:15:00";"3234";"sem vítima";"5.5";"BR-116/SC";"Norte";"Choque - Suporte de Sinalização";1;0;0;0;0;0;0;0;0;0;1;0;0;0;0
"28/01/2016";"07:46:00";"3261";"sem vítima";"81";"BR-116/SC";"Sul";"Choque - Cancela de Pedagio";1;0;0;0;0;0;0;0;0;0;1;0;0;0;0
"28/01/2016";"11:15:00";"3283";"sem vítima";"148";"BR-116/SC";"Norte";"Choque - Objeto sobre a pista";1;0;0;0;0;0;0;0;0;0;1;0;0;0;0
"28/01/2016";"09:56:00";"3340";"sem vítima";"207.3";"BR-116/SC";"Sul";"Colisão Transversal";2;0;0;0;0;0;0;0;0;0;2;0;0;0;0
"29/01/2016";"10:22:00";"3393";"sem vítima";"137";"BR-116/PR";"Sul";"Choque - Outros";0;0;0;0;0;0;0;0;0;1;1;0;0;0;0
"29/01/2016";"11:42:00";"3470";"sem vítima";"163.6";"BR-116/PR";"Sul";"Colisão Transversal";1;0;1;0;0;0;0;0;0;0;2;0;0;0;0
"30/01/2016";"08:04:00";"3549";"sem vítima";"203.6";"BR-116/PR";"Norte";"Choque - Defensa, barreira ou "submarino"";0;0;1;0;0;0;0;0;0;0;1;0;0;0;0
"30/01/2016";"10:16:00";"3556";"com vítima";"302";"BR-116/SC";"Sul";"Saida de Pista";1;0;0;0;0;0;0;0;0;0;2;1;0;0;0
"31/01/2016";"11:46:00";"3589";"sem vítima";"15.6";"BR-116/SC";"Norte";"Choque - Objeto sobre a pista";1;0;0;0;0;0;0;0;0;0;1;0;0;0;0
"31/01/2016";"12:54:00";"3592";"sem vítima";"202";"BR-116/PR";"Sul";"Choque - Objeto sobre a pista";1;0;0;0;0;0;0;0;0;0;3;0;0;0;0
"31/01/2016";"07:03:00";"3615";"sem vítima";"195";"BR-116/SC";"Norte";"Colisão Lateral";1;0;1;0;0;0;0;0;0;0;5;0;0;0;0
"31/01/2016";"09:32:00";"3626";"sem vítima";"126";"BR-116/PR";"Norte";"Engavetamento";4;0;0;0;0;1;0;0;0;0;5;0;0;0;0
"01/02/2016";"09:16:00";"31";"sem vítima";"209";"BR-116/SC";"Sul";"Saida de Pista";1;0;0;0;0;0;0;0;0;0;1;0;0;0;0
"01/02/2016";"10:17:00";"37";"com vítima";"205.25";"BR-116/SC";"Sul";"Saida de Pista";1;0;0;0;0;0;0;0;0;0;0;0;0;2;0
"01/02/2016";"11:00:00";"40";"sem vítima";"5.5";"BR-116/SC";"Norte";"Colisão Transversal";0;0;0;1;0;0;0;0;0;1;2;0;0;0;0
"01/02/2016";"01:24:00";"44";"sem vítima";"245.5";"BR-116/SC";"Norte";"Colisão Lateral";1;0;0;0;0;0;0;0;0;1;4;0;0;0;0
"01/02/2016";"03:26:00";"56";"sem vítima";"134";"BR-116/PR";"Norte";"Colisão Lateral";1;0;2;0;0;0;0;0;0;0;3;0;0;0;0
"01/02/2016";"07:11:00";"79";"sem vítima";"151.7";"BR-116/PR";"Sul";"Colisão Lateral";0;0;3;0;0;0;0;0;0;0;3;0;0;0;0
"01/02/2016";"08:07:00";"80";"sem vítima";"81";"BR-116/SC";"Norte";"Choque - Cancela de Pedagio";0;0;0;0;0;0;0;0;0;1;1;0;0;0;0
"02/02/2016";"01:43:00";"151";"com vítima";"203.6";"BR-116/SC";"Norte";"Colisão Frontal";1;0;0;0;0;0;0;0;0;1;2;0;0;0;1
"02/02/2016";"05:27:00";"183";"sem vítima";"81";"BR-116/SC";"Norte";"Objeto lançado contra veículo";1;0;0;0;0;0;0;0;0;0;1;0;0;0;0
"02/02/2016";"05:50:00";"184";"sem vítima";"193.95";"BR-116/PR";"Sul";"Saida de Pista";0;0;0;0;0;0;0;0;0;1;1;0;0;0;0
"02/02/2016";"06:54:00";"193";"com vítima";"138";"BR-116/SC";"Norte";"Queda de Moto";0;0;0;1;0;0;0;0;0;0;0;1;0;0;0
"02/02/2016";"09:09:00";"208";"sem vítima";"34";"BR-116/SC";"Sul";"Saida de Pista";1;0;0;0;0;0;0;0;0;0;1;0;0;0;0
"02/02/2016";"09:35:00";"209";"com vítima";"237";"BR-116/SC";"Norte";"Choque - Objeto sobre a pista";0;1;0;0;0;0;0;0;0;0;0;1;0;0;0
"02/02/2016";"11:52:00";"219";"com vítima";"129.2";"BR-116/PR";"Sul";"Atropelamento - Morador";1;0;0;0;0;0;0;0;0;0;2;0;0;0;1
"03/02/2016";"05:57:00";"240";"sem vítima";"125.05";"BR-116/PR";"Sul";"Colisão Traseira";1;0;0;0;0;1;0;0;0;0;3;0;0;0;0
"03/02/2016";"08:09:00";"248";"sem vítima";"119.9";"BR-116/PR";"Norte";"Colisão Traseira";2;0;0;0;0;1;0;0;0;0;4;0;0;0;0
"03/02/2016";"10:16:00";"264";"sem vítima";"152";"BR-116/SC";"Norte";"Choque - Cancela de Pedagio";1;0;0;0;0;0;0;0;0;0;1;0;0;0;0
"03/02/2016";"04:04:00";"309";"com vítima";"118.4";"BR-116/PR";"Sul";"Choque - Veiculo parado na pista";1;0;0;1;0;0;0;0;0;0;2;1;0;0;0
"03/02/2016";"07:41:00";"335";"sem vítima";"148";"BR-116/PR";"Norte";"Objeto lançado contra veículo";0;0;1;0;0;0;0;0;0;0;1;0;0;0;0
"04/02/2016";"06:51:00";"358";"sem vítima";"196.9";"BR-116/PR";"Norte";"Saida de Pista";0;0;1;0;0;0;0;0;0;0;1;0;0;0;0
"04/02/2016";"02:40:00";"415";"sem vítima";"135.35";"BR-116/SC";"Norte";"Colisão Traseira";1;0;1;0;0;0;0;0;0;0;4;0;0;0;0
"04/02/2016";"06:35:00";"439";"com vítima";"310.45";"BR-116/SC";"Sul";"Choque - Defensa, barreira ou "submarino"";0;0;1;0;0;0;0;0;0;0;0;1;0;0;0
"05/02/2016";"12:38:00";"462";"sem vítima";"101.35";"BR-116/SC";"Sul";"Choque - Objeto sobre a pista";1;0;0;0;0;0;0;0;0;0;1;0;0;0;0
"05/02/2016";"05:32:00";"472";"sem vítima";"171";"BR-116/PR";"Sul";"Atropelamento - Animal";1;0;0;0;0;0;0;0;0;0;1;0;0;0;0
"05/02/2016";"12:07:00";"502";"com vítima";"126.8";"BR-116/PR";"Norte";"Colisão Traseira";1;0;0;1;0;0;0;0;0;0;1;2;0;0;0
"05/02/2016";"01:33:00";"512";"com vítima";"251";"BR-116/SC";"Sul";"Colisão Transversal";2;0;0;0;0;0;0;0;0;0;1;4;0;0;0
"05/02/2016";"02:21:00";"514";"sem vítima";"204";"BR-116/PR";"Sul";"Choque - Cancela de Pedagio";0;0;0;0;0;0;0;0;0;1;2;0;0;0;0
"05/02/2016";"02:28:00";"517";"sem vítima";"124";"BR-116/PR";"Sul";"Choque - Objeto sobre a pista";0;0;0;0;0;0;0;0;0;1;1;0;0;0;0
"05/02/2016";"05:16:00";"538";"sem vítima";"65.3";"BR-116/SC";"Sul";"Colisão Lateral";0;0;2;0;0;0;0;0;0;0;3;0;0;0;0
"05/02/2016";"06:07:00";"543";"com vítima";"92.3";"BR-116/SC";"Sul";"Colisão Lateral";2;0;0;0;0;0;0;0;0;0;4;2;0;0;0
"05/02/2016";"08:45:00";"553";"sem vítima";"244";"BR-116/SC";"Norte";"Objeto lançado contra veículo";1;0;0;0;0;0;0;0;0;0;1;0;0;0;0
"05/02/2016";"08:49:00";"554";"sem vítima";"126";"BR-116/PR";"Sul";"Colisão Traseira";2;0;0;0;0;1;0;0;0;0;3;0;0;0;0
"06/02/2016";"12:19:00";"574";"sem vítima";"52.9";"BR-116/SC";"Sul";"Colisão Traseira";1;0;0;0;1;0;0;0;0;0;30;0;0;0;0
"06/02/2016";"04:51:00";"594";"sem vítima";"60";"BR-116/SC";"Norte";"Outros";1;0;0;0;0;0;0;0;0;0;3;0;0;0;0
"06/02/2016";"05:13:00";"596";"sem vítima";"49";"BR-116/SC";"Norte";"Atropelamento - Animal";1;0;0;0;0;0;0;0;0;0;1;0;0;0;0
"06/02/2016";"09:57:00";"611";"com vítima";"245";"BR-116/SC";"Sul";"Colisão Transversal";1;0;1;0;0;0;0;0;0;0;2;4;0;0;0
"06/02/2016";"10:57:00";"617";"sem vítima";"152.38";"BR-116/PR";"Sul";"Colisão Transversal";1;0;1;0;0;0;0;0;0;0;2;0;0;0;0
"06/02/2016";"01:54:00";"630";"com vítima";"52";"BR-116/SC";"Sul";"Colisão Traseira";1;0;1;0;0;0;0;0;0;0;1;1;0;0;0
"06/02/2016";"02:47:00";"633";"com vítima";"152.4";"BR-116/PR";"Norte";"Colisão Transversal";1;0;0;1;0;0;0;0;0;0;1;0;0;1;0
"06/02/2016";"05:34:00";"650";"com vítima";"266.78";"BR-116/SC";"Sul";"Colisão Lateral";0;0;1;0;0;0;0;0;0;1;1;1;0;0;0
"06/02/2016";"06:12:00";"656";"sem vítima";"116";"BR-116/PR";"Norte";"Saida de Pista";1;0;0;0;0;0;0;0;0;0;1;0;0;0;0
"06/02/2016";"11:38:00";"675";"com vítima";"150.6";"BR-116/PR";"Sul";"Colisão Frontal";2;0;0;0;0;0;0;0;0;0;0;3;0;0;0