data;horario;n_da_ocorrencia;tipo_de_ocorrencia;km;trecho;sentido;tipo_de_acidente;automovel;bicicleta;caminhao;moto;onibus;outros;tracao_animal;transporte_de_cargas_especiais;trator_maquinas;utilitarios;ilesos;levemente_feridos;moderadamente_feridos;gravemente_feridos;mortos
"07/02/2016";"11:06:00";"715";"sem vítima";"68.5";"BR-116/SC";"Norte";"Atropelamento - Animal";1;0;0;0;0;0;0;0;0;0;1;0;0;0;0
"07/02/2016";"04:46:00";"738";"com vítima";"193.1";"BR-116/SC";"Norte";"Tombamento";0;0;1;0;0;0;0;0;0;0;0;2;0;0;0
"08/02/2016";"02:27:00";"777";"sem vítima";"119.4";"BR-116/PR";"Norte";"Saida de Pista";1;0;0;0;0;0;0;0;0;0;3;0;0;0;0
"08/02/2016";"02:48:00";"778";"sem vítima";"107";"BR-116/SC";"Norte";"Saida de Pista";1;0;0;0;0;0;0;0;0;0;3;0;0;0;0
"08/02/2016";"06:31:00";"787";"com vítima";"71.2";"BR-116/SC";"Sul";"Colisão Lateral";0;0;1;0;0;0;0;0;2;0;2;1;0;0;0
"08/02/2016";"09:19:00";"792";"sem vítima";"173";"BR-116/PR";"Sul";"Choque - Objeto sobre a pista";1;0;0;0;0;0;0;0;0;0;1;0;0;0;0
"08/02/2016";"04:47:00";"835";"sem vítima";"201";"BR-116/PR";"Norte";"Objeto lançado contra veículo";1;0;0;0;0;0;0;0;0;0;4;0;0;0;0
"08/02/2016";"04:52:00";"836";"sem vítima";"150";"BR-116/PR";"Norte";"Objeto lançado contra veículo";0;0;0;0;0;0;0;0;0;1;1;0;0;0;0
"08/02/2016";"11:20:00";"873";"sem vítima";"223";"BR-116/SC";"Norte";"Choque - Objeto sobre a pista";0;0;1;0;0;0;0;0;0;0;1;0;0;0;0
"09/02/2016";"09:06:00";"908";"sem vítima";"59.2";"BR-116/SC";"Sul";"Atropelamento - Animal";1;0;0;0;0;0;0;0;0;0;1;0;0;0;0
"09/02/2016";"12:18:00";"924";"sem vítima";"134";"BR-116/PR";"Norte";"Choque - Cancela de Pedagio";1;0;0;0;0;0;0;0;0;0;4;0;0;0;0
"09/02/2016";"02:55:00";"932";"com vítima";"107.95";"BR-116/SC";"Sul";"Colisão Lateral";0;0;0;1;0;0;0;0;0;0;0;1;0;0;0
"09/02/2016";"05:02:00";"958";"sem vítima";"238";"BR-116/SC";"Norte";"Colisão Lateral";0;0;1;0;0;0;0;0;0;0;1;0;0;0;0
"09/02/2016";"07:47:00";"982";"com vítima";"245.5";"BR-116/SC";"Sul";"Colisão Transversal";1;0;1;0;0;0;0;0;0;0;2;2;0;0;0
"10/02/2016";"12:11:00";"1003";"com vítima";"171.7";"BR-116/PR";"Sul";"Saida de Pista";1;0;0;0;0;0;0;0;0;1;2;1;0;0;0
"10/02/2016";"05:47:00";"1088";"com vítima";"119";"BR-116/PR";"Sul";"Queda de Moto";0;0;0;1;0;0;0;0;0;0;0;1;0;0;0
"10/02/2016";"06:01:00";"1091";"com vítima";"155.5";"BR-116/PR";"Norte";"Colisão Lateral";1;0;2;0;0;0;0;0;0;0;3;2;0;0;0
"11/02/2016";"06:57:00";"1123";"sem vítima";"135";"BR-116/PR";"Sul";"Colisão Transversal";1;0;0;0;0;1;0;0;0;0;2;0;0;0;0
"11/02/2016";"09:21:00";"1143";"sem vítima";"117";"BR-116/PR";"Sul";"Colisão Traseira";0;0;3;0;0;0;0;0;0;0;3;0;0;0;0
"11/02/2016";"10:27:00";"1150";"sem vítima";"301.5";"BR-116/SC";"Norte";"Colisão Traseira";2;0;0;0;0;0;0;0;0;0;4;0;0;0;0
"11/02/2016";"11:17:00";"1156";"sem vítima";"161";"BR-116/PR";"Sul";"Saida de Pista";1;0;0;0;0;0;0;0;0;0;1;0;0;0;0
"11/02/2016";"01:57:00";"1168";"com vítima";"208";"BR-116/SC";"Sul";"Colisão Transversal";2;0;0;0;0;0;0;0;0;0;1;2;0;0;0
"11/02/2016";"04:13:00";"1194";"com vítima";"145";"BR-116/PR";"Norte";"Colisão Transversal";1;0;0;1;0;0;0;0;0;0;4;1;0;1;0
"11/02/2016";"05:09:00";"1202";"sem vítima";"170";"BR-116/PR";"Norte";"Objeto lançado contra veículo";1;0;0;0;0;0;0;0;0;0;1;0;0;0;0
"11/02/2016";"11:10:00";"1233";"sem vítima";"205";"BR-116/PR";"Sul";"Atropelamento - Animal";1;0;0;0;0;0;0;0;0;0;3;0;0;0;0
"12/02/2016";"03:33:00";"1251";"sem vítima";"220.3";"BR-116/SC";"Sul";"Choque - Poste";1;0;0;0;0;0;0;0;0;0;1;0;0;0;0
"12/02/2016";"12:57:00";"1294";"sem vítima";"28";"BR-116/SC";"Sul";"Choque - Objeto sobre a pista";0;0;1;0;0;0;0;0;0;0;1;0;0;0;0
"12/02/2016";"07:39:00";"1348";"sem vítima";"11.5";"BR-116/SC";"Norte";"Colisão Traseira";1;0;0;0;0;1;0;0;0;0;2;0;0;0;0
"13/02/2016";"03:41:00";"1381";"sem vítima";"132.7";"BR-116/PR";"Norte";"Saida de Pista";1;0;0;0;0;0;0;0;0;0;1;0;0;0;0
"13/02/2016";"04:31:00";"1382";"com vítima";"216.3";"BR-116/SC";"Sul";"Saida de Pista";1;0;0;0;0;0;0;0;0;0;0;1;0;0;0
"13/02/2016";"06:10:00";"1389";"com vítima";"7.5";"BR-116/SC";"Norte";"Colisão Lateral";2;0;0;1;0;0;0;0;0;0;5;2;0;0;0
"13/02/2016";"02:10:00";"1417";"com vítima";"121.5";"BR-116/PR";"Sul";"Colisão Traseira";1;0;0;1;0;0;0;0;0;0;1;0;0;1;0
"13/02/2016";"02:20:00";"1418";"sem vítima";"126";"BR-116/PR";"Norte";"Colisão Traseira";2;0;0;0;0;1;0;0;0;0;8;0;0;0;0
"13/02/2016";"03:48:00";"1425";"sem vítima";"134.5";"BR-116/PR";"Norte";"Objeto lançado contra veículo";1;0;0;0;0;0;0;0;0;0;2;0;0;0;0
"13/02/2016";"06:36:00";"1440";"com vítima";"50.4";"BR-116/SC";"Norte";"Saida de Pista";1;0;0;0;0;0;0;0;0;0;1;0;0;1;0
"13/02/2016";"10:37:00";"1458";"sem vítima";"156.8";"BR-116/PR";"Sul";"Colisão Transversal";2;0;0;0;0;0;0;0;0;0;2;0;0;0;0
"13/02/2016";"10:42:00";"1459";"sem vítima";"94.9";"BR-116/SC";"Norte";"Saida de Pista";0;0;1;0;0;0;0;0;0;0;1;0;0;0;0
"14/02/2016";"01:53:00";"1472";"sem vítima";"245";"BR-116/SC";"Norte";"Saida de Pista";1;0;0;0;0;0;0;0;0;0;1;0;0;0;0
"14/02/2016";"02:10:00";"1473";"sem vítima";"115.05";"BR-116/PR";"Sul";"Colisão Lateral";2;0;0;0;0;0;0;0;0;0;2;0;0;0;0
"14/02/2016";"03:51:00";"1480";"sem vítima";"134";"BR-116/PR";"Norte";"Choque - Defensa, barreira ou "submarino"";1;0;0;0;0;0;0;0;0;0;1;0;0;0;0
"14/02/2016";"10:27:00";"1498";"com vítima";"244";"BR-116/SC";"Norte";"Atropelamento - Andarilho";0;0;0;0;0;1;0;0;0;0;1;1;0;0;0
"14/02/2016";"01:14:00";"1505";"com vítima";"43.3";"BR-116/SC";"Sul";"Saida de Pista";1;0;0;0;0;1;0;0;0;0;1;0;0;2;1
"14/02/2016";"02:27:00";"1507";"sem vítima";"152";"BR-116/SC";"Norte";"Choque - Cancela de Pedagio";1;0;0;0;0;0;0;0;0;0;1;0;0;0;0
"14/02/2016";"06:04:00";"1523";"sem vítima";"242";"BR-116/SC";"Sul";"Colisão Traseira";2;0;0;0;0;1;0;0;0;0;9;0;0;0;0
"14/02/2016";"07:36:00";"1536";"sem vítima";"181";"BR-116/SC";"Sul";"Saida de Pista";1;0;0;0;0;0;0;0;0;0;1;0;0;0;0
"14/02/2016";"10:27:00";"1545";"com vítima";"126.1";"BR-116/PR";"Norte";"Colisão Transversal";2;0;0;0;0;0;0;0;0;0;1;1;0;0;0
"15/02/2016";"03:46:00";"1559";"sem vítima";"246.2";"BR-116/SC";"Norte";"Colisão Traseira";1;0;0;1;0;0;0;0;0;0;2;0;0;0;0
"15/02/2016";"12:34:00";"1605";"sem vítima";"131.6";"BR-116/SC";"Norte";"Choque - Outros";1;0;0;0;0;0;0;0;0;0;1;0;0;0;0
"15/02/2016";"02:49:00";"1614";"sem vítima";"107.8";"BR-116/SC";"Sul";"Choque - Defensa, barreira ou "submarino"";0;0;1;0;0;0;0;0;0;0;1;0;0;0;0
"16/02/2016";"04:46:00";"1772";"sem vítima";"242.2";"BR-116/SC";"Norte";"Objeto lançado contra veículo";1;0;0;0;0;0;0;0;0;0;5;0;0;0;0
"16/02/2016";"04:55:00";"1774";"sem vítima";"125.1";"BR-116/PR";"Norte";"Saida de Pista";1;0;0;0;0;0;0;0;0;0;1;0;0;0;0
"16/02/2016";"06:06:00";"1784";"com vítima";"205";"BR-116/PR";"Sul";"Saida de Pista";1;0;0;0;0;0;0;0;0;0;3;1;0;0;0
"16/02/2016";"06:15:00";"1785";"sem vítima";"115.2";"BR-116/PR";"Norte";"Colisão Lateral";1;0;1;0;0;0;0;0;0;0;2;0;0;0;0
"17/02/2016";"06:09:00";"1817";"sem vítima";"114.2";"BR-116/SC";"Sul";"Saida de Pista";1;0;0;0;0;0;0;0;0;0;1;0;0;0;0
"17/02/2016";"04:21:00";"1894";"com vítima";"174.5";"BR-116/PR";"Sul";"Colisão Transversal";2;0;0;0;0;0;0;0;0;0;1;2;0;0;0
"17/02/2016";"05:33:00";"1908";"sem vítima";"115";"BR-116/PR";"Norte";"Colisão Traseira";2;0;0;0;0;0;0;0;0;0;3;0;0;0;0
"18/02/2016";"01:57:00";"1945";"sem vítima";"101.3";"BR-116/SC";"Norte";"Colisão Frontal";0;0;2;0;0;0;0;0;0;0;2;0;0;0;0
"18/02/2016";"07:31:00";"1961";"com vítima";"121";"BR-116/PR";"Norte";"Colisão Traseira";2;0;0;0;0;0;0;0;0;0;5;1;0;0;0
"18/02/2016";"08:14:00";"1966";"sem vítima";"116.7";"BR-116/PR";"Norte";"Queda de Moto";0;0;0;1;0;1;0;0;0;0;2;0;0;0;0
"18/02/2016";"03:57:00";"2013";"sem vítima";"121.6";"BR-116/PR";"Sul";"Choque - Veiculo parado no acostamento";1;0;1;0;0;0;0;0;0;0;2;0;0;0;0
"18/02/2016";"05:35:00";"2028";"sem vítima";"139.4";"BR-116/PR";"Norte";"Colisão Traseira";2;0;0;0;0;0;0;0;0;0;2;0;0;0;0
"18/02/2016";"06:46:00";"2034";"sem vítima";"67.7";"BR-116/SC";"Norte";"Colisão Traseira";2;0;0;0;0;0;0;0;0;0;4;0;0;0;0
"18/02/2016";"08:17:00";"2039";"sem vítima";"167.7";"BR-116/SC";"Norte";"Colisão Transversal";0;0;0;0;1;1;0;0;0;0;26;0;0;0;0
"18/02/2016";"09:37:00";"2045";"sem vítima";"167";"BR-116/PR";"Norte";"Choque - Defensa, barreira ou "submarino"";0;0;1;0;0;0;0;0;0;0;1;0;0;0;0
"19/02/2016";"08:38:00";"2088";"sem vítima";"116.1";"BR-116/PR";"Norte";"Colisão Traseira";2;0;0;0;0;0;0;0;0;0;3;0;0;0;0
"19/02/2016";"09:24:00";"2094";"sem vítima";"4";"BR-116/SC";"Norte";"Colisão Traseira";0;0;2;0;0;0;0;0;0;0;2;0;0;0;0
"19/02/2016";"06:12:00";"2157";"com vítima";"14.5";"BR-116/SC";"Norte";"Engavetamento";3;0;0;0;0;0;0;0;0;0;2;1;0;0;0
"19/02/2016";"10:20:00";"2181";"com vítima";"267.1";"BR-116/SC";"Sul";"Saida de Pista";1;0;0;0;0;0;0;0;0;0;0;1;0;0;0
"20/02/2016";"03:15:00";"2204";"com vítima";"253.2";"BR-116/SC";"Sul";"Atropelamento - Morador";0;0;0;0;1;0;0;0;0;0;39;1;0;0;1
"20/02/2016";"04:44:00";"2208";"sem vítima";"117";"BR-116/PR";"Norte";"Colisão Traseira";2;0;0;0;0;0;0;0;0;0;2;0;0;0;0
"20/02/2016";"10:01:00";"2228";"com vítima";"131.9";"BR-116/PR";"Sul";"Colisão Transversal";2;0;0;0;0;0;0;0;0;0;5;2;0;0;0
"20/02/2016";"11:51:00";"2244";"sem vítima";"117";"BR-116/PR";"Sul";"Colisão Transversal";1;0;1;0;0;0;0;0;0;0;3;0;0;0;0
"20/02/2016";"02:10:00";"2252";"com vítima";"164.6";"BR-116/PR";"Norte";"Colisão Transversal";2;0;0;0;0;0;0;0;0;0;0;2;0;0;0
"20/02/2016";"06:46:00";"2277";"sem vítima";"184.6";"BR-116/PR";"Sul";"Saida de Pista";1;0;0;0;0;0;0;0;0;0;1;0;0;0;0
"20/02/2016";"10:26:00";"2292";"sem vítima";"58.6";"BR-116/SC";"Norte";"Colisão Transversal";1;0;0;0;0;0;0;0;0;1;5;0;0;0;0
"20/02/2016";"10:41:00";"2293";"com vítima";"119.5";"BR-116/PR";"Sul";"Colisão Traseira";2;0;0;0;0;0;0;0;0;0;3;2;0;0;0
"20/02/2016";"11:09:00";"2299";"sem vítima";"132";"BR-116/SC";"Norte";"Atropelamento - Animal";1;0;0;0;0;0;0;0;0;0;5;0;0;0;0
"21/02/2016";"02:40:00";"2313";"sem vítima";"117.4";"BR-116/PR";"Sul";"Saida de Pista";1;0;0;0;0;0;0;0;0;0;5;0;0;0;0
"21/02/2016";"03:08:00";"2359";"sem vítima";"125";"BR-116/PR";"Norte";"Colisão Traseira";2;0;0;0;0;0;0;0;0;0;3;0;0;0;0
"21/02/2016";"05:29:00";"2374";"sem vítima";"133";"BR-116/PR";"Norte";"Colisão Traseira";3;0;0;0;0;0;0;0;0;0;12;0;0;0;0
"21/02/2016";"07:21:00";"2386";"com vítima";"130.9";"BR-116/PR";"Norte";"Atropelamento - Morador";1;0;0;0;0;0;0;0;0;0;5;0;0;1;0
"21/02/2016";"10:23:00";"2403";"sem vítima";"43";"BR-116/SC";"Sul";"Atropelamento - Animal";0;0;0;0;0;0;0;0;0;1;3;0;0;0;0
"21/02/2016";"11:27:00";"2412";"com vítima";"121.9";"BR-116/PR";"Sul";"Saida de Pista";1;0;0;0;0;0;0;0;0;0;2;1;0;0;0
"22/02/2016";"08:32:00";"2439";"sem vítima";"121.25";"BR-116/PR";"Norte";"Queda de Moto";0;0;0;1;0;0;0;0;0;0;1;0;0;0;0
"22/02/2016";"04:08:00";"2486";"sem vítima";"119";"BR-116/PR";"Norte";"Saida de Pista";1;0;0;0;0;0;0;0;0;0;2;0;0;0;0
"22/02/2016";"05:42:00";"2495";"com vítima";"267.7";"BR-116/SC";"Norte";"Tombamento";0;0;1;0;0;0;0;0;0;0;0;1;0;0;0
"23/02/2016";"06:43:00";"2530";"sem vítima";"120.4";"BR-116/PR";"Sul";"Saida de Pista";1;0;0;0;0;0;0;0;0;0;1;0;0;0;0
"23/02/2016";"11:33:00";"2558";"sem vítima";"128";"BR-116/PR";"Norte";"Colisão Traseira";1;0;0;0;0;0;0;0;0;1;2;0;0;0;0
"23/02/2016";"11:55:00";"2560";"sem vítima";"180";"BR-116/SC";"Norte";"Colisão Transversal";2;0;0;0;0;0;0;0;0;0;3;0;0;0;0
"23/02/2016";"01:45:00";"2567";"sem vítima";"115.4";"BR-116/PR";"Norte";"Colisão Lateral";0;0;2;0;0;0;0;0;0;0;2;0;0;0;0
"23/02/2016";"01:50:00";"2568";"sem vítima";"308.85";"BR-116/SC";"Sul";"Colisão Traseira";2;0;0;0;0;0;0;0;0;0;2;0;0;0;0
"23/02/2016";"02:44:00";"2572";"com vítima";"272.5";"BR-116/SC";"Sul";"Colisão Transversal";2;0;0;0;0;0;0;0;0;0;1;1;0;0;0
"23/02/2016";"03:14:00";"2579";"sem vítima";"46.2";"BR-116/SC";"Sul";"Saida de Pista";0;0;1;0;0;0;0;0;0;0;1;0;0;0;0
"23/02/2016";"05:03:00";"2589";"sem vítima";"171.1";"BR-116/PR";"Norte";"Tombamento";0;0;1;0;0;0;0;0;0;0;1;0;0;0;0
"24/02/2016";"12:45:00";"2625";"sem vítima";"136";"BR-116/SC";"Sul";"Colisão Lateral";0;0;1;0;0;1;0;0;0;0;2;0;0;0;0
"24/02/2016";"05:45:00";"2639";"sem vítima";"42.3";"BR-116/SC";"Norte";"Tombamento";0;0;1;0;0;0;0;0;0;0;2;0;0;0;0
"24/02/2016";"08:25:00";"2646";"sem vítima";"117";"BR-116/PR";"Sul";"Colisão Lateral";1;0;1;0;0;0;0;0;0;0;2;0;0;0;0
"24/02/2016";"08:38:00";"2648";"com vítima";"118.8";"BR-116/PR";"Sul";"Colisão Lateral";1;0;1;0;0;0;0;0;0;0;1;1;0;0;0
"25/02/2016";"12:18:00";"2793";"sem vítima";"234.3";"BR-116/SC";"Norte";"Saida de Pista";0;0;1;0;0;1;0;0;0;0;3;0;0;0;0
"25/02/2016";"02:17:00";"2803";"com vítima";"160.3";"BR-116/PR";"Norte";"Choque - Veiculo parado na pista";1;0;0;0;0;0;0;0;0;1;2;2;0;0;0
"25/02/2016";"06:15:00";"2833";"sem vítima";"139.2";"BR-116/SC";"Sul";"Colisão Transversal";2;0;0;0;0;0;0;0;0;0;9;0;0;0;0
"25/02/2016";"07:37:00";"2840";"com vítima";"116.7";"BR-116/PR";"Norte";"Atropelamento - Outros";0;0;0;0;0;1;0;0;0;0;1;0;0;1;0
"25/02/2016";"07:47:00";"2841";"com vítima";"252.9";"BR-116/SC";"Norte";"Colisão Traseira";2;0;0;0;0;0;0;0;0;0;3;4;0;0;0
"25/02/2016";"10:37:00";"2850";"com vítima";"135.6";"BR-116/PR";"Norte";"Colisão Transversal";0;0;0;2;0;0;0;0;0;0;1;2;0;0;0
"26/02/2016";"06:51:00";"2884";"com vítima";"141.3";"BR-116/PR";"Norte";"Colisão Transversal";1;0;0;1;0;0;0;0;0;0;2;1;0;0;0
"26/02/2016";"07:06:00";"2885";"sem vítima";"123";"BR-116/PR";"Norte";"Colisão Traseira";1;0;0;1;0;0;0;0;0;0;2;0;0;0;0
"26/02/2016";"10:13:00";"2912";"sem vítima";"134";"BR-116/PR";"Sul";"Colisão Traseira";2;0;1;0;0;0;0;0;0;0;3;0;0;0;0
"26/02/2016";"11:10:00";"2919";"sem vítima";"128.15";"BR-116/SC";"Sul";"Saida de Pista";1;0;0;0;0;0;0;0;0;0;1;0;0;0;0
"26/02/2016";"11:44:00";"2926";"sem vítima";"209";"BR-116/PR";"Sul";"Colisão Traseira";1;0;0;0;0;0;0;0;0;1;4;0;0;0;0
"26/02/2016";"01:58:00";"2940";"sem vítima";"52";"BR-116/SC";"Sul";"Outros";0;0;1;0;0;0;0;0;0;0;1;0;0;0;0
"26/02/2016";"03:08:00";"2944";"com vítima";"198";"BR-116/PR";"Sul";"Colisão Frontal";0;0;2;0;0;0;0;0;0;0;2;1;0;0;0
"27/02/2016";"01:45:00";"3028";"sem vítima";"245.5";"BR-116/SC";"Sul";"Colisão Transversal";1;0;1;0;0;0;0;0;0;0;2;0;0;0;0
"28/02/2016";"02:50:00";"3124";"sem vítima";"117.4";"BR-116/PR";"Sul";"Colisão Lateral";1;0;1;0;0;0;0;0;0;0;4;0;0;0;0
"28/02/2016";"08:12:00";"3148";"sem vítima";"143.5";"BR-116/PR";"Norte";"Saida de Pista";1;0;0;0;0;0;0;0;0;0;1;0;0;0;0
"01/03/2016";"07:10:00";"19";"sem vítima";"123.5";"BR-116/PR";"Norte";"Tombamento";1;0;0;0;0;1;0;0;0;1;8;0;0;0;0
"01/03/2016";"09:48:00";"35";"sem vítima";"23";"BR-116/SC";"Sul";"Atropelamento - Animal";1;0;0;0;0;0;0;0;0;0;4;0;0;0;0
"01/03/2016";"09:00:00";"112";"sem vítima";"134";"BR-116/PR";"Norte";"Atropelamento - Animal";1;0;0;0;0;0;0;0;0;0;1;0;0;0;0
"01/03/2016";"10:32:00";"119";"com vítima";"152.4";"BR-116/PR";"Norte";"Atropelamento - Animal";0;0;0;1;0;0;0;0;0;0;0;1;0;0;0
"02/03/2016";"08:54:00";"149";"com vítima";"163.5";"BR-116/PR";"Sul";"Colisão Transversal";1;0;1;0;0;0;0;0;0;0;1;1;0;0;0
"02/03/2016";"09:48:00";"153";"sem vítima";"233.1";"BR-116/SC";"Sul";"Colisão Lateral";1;0;0;0;0;1;0;0;0;0;5;0;0;0;0
"02/03/2016";"09:30:00";"216";"sem vítima";"210";"BR-116/SC";"Norte";"Saida de Pista";0;0;1;0;0;0;0;0;0;0;1;0;0;0;0
"03/03/2016";"11:44:00";"271";"sem vítima";"76";"BR-116/SC";"Sul";"Choque - Objeto sobre a pista";1;0;1;0;0;0;0;0;0;0;5;0;0;0;0
"03/03/2016";"11:46:00";"272";"sem vítima";"131.5";"BR-116/PR";"Norte";"Colisão Traseira";0;0;1;0;0;0;0;0;0;1;5;0;0;0;0
"03/03/2016";"05:24:00";"306";"sem vítima";"171.1";"BR-116/PR";"Norte";"Saida de Pista";0;0;1;0;0;0;0;0;0;0;1;0;0;0;0
"03/03/2016";"05:54:00";"310";"sem vítima";"179";"BR-116/PR";"Sul";"Colisão Traseira";1;0;1;0;0;0;0;0;0;0;2;0;0;0;0
"03/03/2016";"09:58:00";"325";"com vítima";"120";"BR-116/PR";"Sul";"Saida de Pista";1;0;0;0;0;0;0;0;0;0;1;2;0;0;0
"04/03/2016";"08:10:00";"358";"sem vítima";"116";"BR-116/PR";"Norte";"Colisão Traseira";0;0;0;1;0;1;0;0;0;0;2;0;0;0;0
"04/03/2016";"11:57:00";"386";"sem vítima";"131";"BR-116/PR";"Norte";"Colisão Traseira";1;0;1;0;0;0;0;0;0;0;2;0;0;0;0
"04/03/2016";"12:22:00";"388";"sem vítima";"126";"BR-116/PR";"Norte";"Atropelamento - Ciclista";1;1;0;0;0;0;0;0;0;0;2;0;0;0;0
"04/03/2016";"02:31:00";"399";"sem vítima";"178.6";"BR-116/SC";"Sul";"Atropelamento - Animal";1;0;0;0;0;0;0;0;0;0;1;0;0;0;0
"04/03/2016";"02:49:00";"403";"sem vítima";"54";"BR-116/SC";"Norte";"Colisão Traseira";1;0;0;0;0;1;0;0;0;0;2;0;0;0;0
"04/03/2016";"03:21:00";"415";"sem vítima";"152";"BR-116/PR";"Norte";"Colisão Transversal";2;0;0;0;0;0;0;0;0;0;2;0;0;0;0
"04/03/2016";"09:28:00";"452";"com vítima";"119";"BR-116/PR";"Sul";"Colisão Lateral";0;0;0;2;0;0;0;0;0;0;1;1;0;0;0
"04/03/2016";"09:39:00";"454";"sem vítima";"126";"BR-116/PR";"Norte";"Colisão Transversal";1;0;1;0;0;0;0;0;0;0;4;0;0;0;0
"04/03/2016";"11:46:00";"461";"sem vítima";"57.9";"BR-116/SC";"Norte";"Saida de Pista";1;0;0;0;0;0;0;0;0;0;1;0;0;0;0
"05/03/2016";"02:21:00";"516";"sem vítima";"7.9";"BR-116/SC";"Sul";"Colisão Traseira";2;0;0;0;0;0;0;0;0;0;2;0;0;0;0
"05/03/2016";"05:09:00";"528";"com vítima";"122.8";"BR-116/PR";"Norte";"Colisão Traseira";1;0;0;1;0;0;0;0;0;0;5;1;0;0;0
"05/03/2016";"06:11:00";"531";"sem vítima";"152.2";"BR-116/SC";"Norte";"Choque - Defensa, barreira ou "submarino"";0;0;1;0;0;0;0;0;0;0;1;0;0;0;0
"06/03/2016";"02:02:00";"558";"sem vítima";"148";"BR-116/PR";"Sul";"Saida de Pista";1;0;0;0;0;0;0;0;0;0;1;0;0;0;0
"06/03/2016";"08:59:00";"582";"sem vítima";"152.4";"BR-116/PR";"Norte";"Colisão Transversal";1;0;1;0;0;0;0;0;0;0;4;0;0;0;0
"06/03/2016";"10:28:00";"588";"sem vítima";"239";"BR-116/SC";"Sul";"Tombamento";0;0;1;0;0;0;0;0;0;0;1;0;0;0;0
"06/03/2016";"02:42:00";"603";"com vítima";"126.6";"BR-116/PR";"Sul";"Colisão Transversal";2;0;0;0;0;0;0;0;0;0;4;1;0;0;0
"07/03/2016";"05:01:00";"675";"sem vítima";"118.8";"BR-116/PR";"Sul";"Tombamento";0;0;1;0;0;0;0;0;0;0;1;0;0;0;0
"07/03/2016";"06:17:00";"677";"com vítima";"128";"BR-116/PR";"Norte";"Choque - Defensa, barreira ou "submarino"";1;0;1;0;0;0;0;0;0;0;2;1;0;0;0
"07/03/2016";"08:24:00";"690";"com vítima";"115.5";"BR-116/PR";"Norte";"Colisão Lateral";1;0;0;1;0;0;0;0;0;0;2;1;0;0;0
"07/03/2016";"02:36:00";"738";"com vítima";"149.95";"BR-116/PR";"Sul";"Colisão Lateral";0;0;1;1;0;0;0;0;0;0;1;1;0;0;0
"07/03/2016";"07:27:00";"778";"com vítima";"178.9";"BR-116/SC";"Sul";"Colisão Transversal";2;0;0;0;0;0;0;0;0;0;1;1;0;0;0
"08/03/2016";"06:34:00";"821";"com vítima";"223.1";"BR-116/SC";"Sul";"Colisão Frontal";1;0;0;0;1;0;0;0;0;0;20;5;0;1;0
"08/03/2016";"11:01:00";"844";"com vítima";"125.7";"BR-116/PR";"Norte";"Colisão Traseira";0;0;1;1;0;0;0;0;0;0;1;1;0;0;0
"08/03/2016";"06:48:00";"891";"com vítima";"116.5";"BR-116/PR";"Sul";"Colisão Traseira";1;0;0;1;0;0;0;0;0;0;4;1;0;0;0
"08/03/2016";"08:13:00";"894";"com vítima";"115";"BR-116/PR";"Norte";"Saida de Pista";2;0;0;0;0;0;0;0;0;0;5;1;0;0;0
"09/03/2016";"07:42:00";"938";"com vítima";"115";"BR-116/PR";"Norte";"Colisão Traseira";1;0;0;1;0;0;0;0;0;0;1;1;0;0;0
"09/03/2016";"10:09:00";"950";"sem vítima";"136.8";"BR-116/SC";"Sul";"Colisão Lateral";0;0;1;0;0;0;0;0;0;1;2;0;0;0;0
"09/03/2016";"05:50:00";"998";"sem vítima";"154.9";"BR-116/SC";"Norte";"Saida de Pista";0;0;1;0;0;0;0;0;0;0;1;0;0;0;0
"09/03/2016";"10:43:00";"1029";"sem vítima";"125.6";"BR-116/PR";"Sul";"Saida de Pista";1;0;0;0;0;0;0;0;0;0;1;0;0;0;0
"10/03/2016";"01:42:00";"1040";"sem vítima";"166.5";"BR-116/PR";"Norte";"Tombamento";0;0;1;0;0;0;0;0;0;0;3;0;0;0;0
"10/03/2016";"05:02:00";"1051";"sem vítima";"121.5";"BR-116/PR";"Sul";"Saida de Pista";1;0;0;0;0;0;0;0;0;0;1;0;0;0;0
"10/03/2016";"05:27:00";"1052";"com vítima";"116";"BR-116/PR";"Sul";"Queda de Moto";0;0;0;1;0;1;0;0;0;0;1;1;0;0;0
"10/03/2016";"06:12:00";"1054";"com vítima";"191";"BR-116/PR";"Sul";"Colisão Transversal";1;0;0;1;0;0;0;0;0;0;3;1;0;0;0
"10/03/2016";"06:24:00";"1057";"com vítima";"121.4";"BR-116/PR";"Norte";"Engavetamento";6;0;0;0;0;1;0;0;0;0;7;2;0;0;0
"10/03/2016";"02:46:00";"1097";"sem vítima";"158.7";"BR-116/SC";"Norte";"Choque - Veiculo parado na pista";1;0;0;0;0;0;0;0;0;0;1;0;0;0;0
"10/03/2016";"04:06:00";"1109";"sem vítima";"117";"BR-116/PR";"Sul";"Colisão Transversal";1;0;1;0;0;0;0;0;0;0;2;0;0;0;0
"11/03/2016";"02:30:00";"1176";"sem vítima";"174.9";"BR-116/SC";"Sul";"Capotamento";0;0;1;0;0;0;0;0;0;0;2;0;0;0;0