data;horario;n_da_ocorrencia;tipo_de_ocorrencia;km;trecho;sentido;tipo_de_acidente;automovel;bicicleta;caminhao;moto;onibus;outros;tracao_animal;transporte_de_cargas_especiais;trator_maquinas;utilitarios;ilesos;levemente_feridos;moderadamente_feridos;gravemente_feridos;mortos
"15/04/2016";"08:55:00";"1596";"com vítima";"209";"BR-116/PR";"Sul";"Outros";0;1;0;0;0;0;0;0;0;0;0;1;0;0;0
"16/04/2016";"12:07:00";"1651";"com vítima";"117.5";"BR-116/PR";"Norte";"Colisão Transversal";2;0;0;1;0;0;0;0;0;0;2;1;0;0;0
"16/04/2016";"01:10:00";"1656";"com vítima";"131.4";"BR-116/PR";"Sul";"Colisão Transversal";1;0;0;0;1;0;0;0;0;0;17;1;0;1;0
"16/04/2016";"01:53:00";"1659";"sem vítima";"119";"BR-116/PR";"Norte";"Colisão Traseira";1;0;1;0;0;0;0;0;0;0;2;0;0;0;0
"16/04/2016";"02:32:00";"1661";"com vítima";"128.4";"BR-116/PR";"Norte";"Outros";0;0;1;0;0;0;0;0;0;0;1;1;0;0;0
"16/04/2016";"06:59:00";"1688";"com vítima";"126.2";"BR-116/PR";"Norte";"Colisão Transversal";1;1;0;0;0;0;0;0;0;0;0;1;0;0;1
"16/04/2016";"07:30:00";"1691";"sem vítima";"55.1";"BR-116/SC";"Sul";"Choque - Objeto sobre a pista";0;0;0;0;0;0;0;0;0;1;1;0;0;0;0
"16/04/2016";"08:32:00";"1697";"com vítima";"152";"BR-116/PR";"Sul";"Colisão Lateral";0;0;0;1;0;1;0;0;0;0;1;1;0;0;0
"16/04/2016";"09:25:00";"1699";"sem vítima";"152";"BR-116/SC";"Norte";"Colisão Traseira";1;0;1;0;0;0;0;0;0;0;3;0;0;0;0
"17/04/2016";"08:19:00";"1729";"sem vítima";"170.2";"BR-116/SC";"Norte";"Atropelamento - Animal";0;0;0;0;0;0;0;0;0;1;1;0;0;0;0
"17/04/2016";"07:18:00";"1761";"sem vítima";"73.8";"BR-116/SC";"Norte";"Colisão Lateral";1;0;0;0;0;1;0;0;0;0;4;0;0;0;0
"17/04/2016";"09:22:00";"1771";"sem vítima";"202.3";"BR-116/PR";"Norte";"Atropelamento - Animal";1;0;0;0;0;0;0;0;0;0;1;0;0;0;0
"18/04/2016";"07:28:00";"1803";"sem vítima";"200.5";"BR-116/SC";"Norte";"Saida de Pista";1;0;0;0;0;0;0;0;0;0;1;0;0;0;0
"18/04/2016";"11:01:00";"1822";"sem vítima";"248";"BR-116/SC";"Norte";"Saida de Pista";0;0;1;0;0;0;0;0;0;0;1;0;0;0;0
"18/04/2016";"07:21:00";"1856";"sem vítima";"247.5";"BR-116/SC";"Norte";"Colisão Transversal";2;0;0;0;0;0;0;0;0;0;2;0;0;0;0
"18/04/2016";"07:24:00";"1857";"sem vítima";"142.7";"BR-116/PR";"Sul";"Queda de Moto";0;0;0;1;0;0;0;0;0;0;1;0;0;0;0
"18/04/2016";"10:19:00";"1863";"sem vítima";"83";"BR-116/SC";"Sul";"Choque - Outros";1;0;0;0;0;0;0;0;0;0;1;0;0;0;0
"19/04/2016";"08:01:00";"1951";"sem vítima";"194";"BR-116/SC";"Norte";"Atropelamento - Animal";1;0;0;0;0;0;0;0;0;0;1;0;0;0;0
"20/04/2016";"01:28:00";"1971";"sem vítima";"242.5";"BR-116/SC";"Sul";"Colisão Traseira";1;0;1;0;0;0;0;0;0;0;2;0;0;0;0
"20/04/2016";"05:26:00";"1973";"sem vítima";"124";"BR-116/PR";"Norte";"Queda de Moto";0;0;0;1;0;0;0;0;0;0;1;0;0;0;0
"20/04/2016";"08:18:00";"1985";"sem vítima";"126.4";"BR-116/PR";"Sul";"Colisão Lateral";1;0;1;0;0;0;0;0;0;0;2;0;0;0;0
"21/04/2016";"12:15:00";"2078";"sem vítima";"18";"BR-116/SC";"Sul";"Colisão Lateral";1;0;1;0;0;0;0;0;0;0;2;0;0;0;0
"21/04/2016";"07:20:00";"2081";"sem vítima";"106.4";"BR-116/SC";"Sul";"Colisão Traseira";1;0;0;0;0;1;0;0;0;0;2;0;0;0;0
"21/04/2016";"10:23:00";"2088";"sem vítima";"41";"BR-116/SC";"Sul";"Outros";1;0;0;0;0;0;0;0;0;0;1;0;0;0;0
"21/04/2016";"07:02:00";"2126";"sem vítima";"49";"BR-116/SC";"Sul";"Saida de Pista";1;0;0;0;0;0;0;0;0;0;1;0;0;0;0
"21/04/2016";"07:17:00";"2127";"sem vítima";"233.57";"BR-116/SC";"Norte";"Colisão Traseira";1;0;1;0;0;0;0;0;0;0;2;0;0;0;0
"21/04/2016";"08:49:00";"2133";"com vítima";"69";"BR-116/SC";"Sul";"Colisão Traseira";0;0;0;1;0;1;0;0;0;0;1;1;0;0;0
"22/04/2016";"01:59:00";"2176";"sem vítima";"220.6";"BR-116/SC";"Sul";"Colisão Transversal";2;0;0;0;0;0;0;0;0;0;5;0;0;0;0
"22/04/2016";"07:39:00";"2198";"sem vítima";"268.7";"BR-116/SC";"Norte";"Colisão Traseira";1;0;1;0;0;0;0;0;0;0;2;0;0;0;0
"22/04/2016";"08:50:00";"2206";"sem vítima";"155.9";"BR-116/PR";"Norte";"Atropelamento - Animal";0;0;1;0;0;0;0;0;0;0;1;0;0;0;0
"23/04/2016";"05:09:00";"2233";"com vítima";"2";"BR-116/SC";"Norte";"Choque - Defensa, barreira ou "submarino"";1;0;0;0;0;0;0;0;0;0;1;2;0;0;0
"23/04/2016";"03:55:00";"2264";"com vítima";"184.4";"BR-116/PR";"Norte";"Colisão Frontal";2;0;1;0;0;0;0;0;0;0;3;1;0;0;0
"23/04/2016";"07:45:00";"2277";"sem vítima";"199";"BR-116/PR";"Norte";"Saida de Pista";1;0;0;0;0;0;0;0;0;0;1;0;0;0;0
"24/04/2016";"06:04:00";"2351";"sem vítima";"144.1";"BR-116/PR";"Norte";"Saida de Pista";1;0;0;0;0;0;0;0;0;0;1;0;0;0;0
"24/04/2016";"07:11:00";"2362";"sem vítima";"209";"BR-116/PR";"Norte";"Choque - Veiculo parado na pista";2;0;0;0;0;0;0;0;0;0;2;0;0;0;0
"25/04/2016";"11:10:00";"2431";"sem vítima";"54";"BR-116/SC";"Norte";"Saida de Pista";0;0;1;0;0;0;0;0;0;0;1;0;0;0;0
"25/04/2016";"01:46:00";"2438";"sem vítima";"134";"BR-116/PR";"Norte";"Colisão Lateral";1;0;1;0;0;0;0;0;0;0;2;0;0;0;0
"25/04/2016";"02:45:00";"2444";"sem vítima";"245.6";"BR-116/SC";"Norte";"Colisão Transversal";2;0;0;0;0;0;0;0;0;0;5;0;0;0;0
"25/04/2016";"06:02:00";"2461";"sem vítima";"150";"BR-116/PR";"Norte";"Colisão Traseira";2;0;0;0;0;0;0;0;0;0;2;0;0;0;0
"25/04/2016";"09:02:00";"2465";"com vítima";"99";"BR-116/SC";"Norte";"Atropelamento - Morador";0;0;0;0;0;1;0;0;0;0;1;1;0;0;0
"26/04/2016";"07:46:00";"2487";"com vítima";"124";"BR-116/PR";"Norte";"Queda de Moto";0;0;0;1;0;0;0;0;0;0;0;1;0;0;0
"26/04/2016";"10:57:00";"2502";"sem vítima";"131";"BR-116/PR";"Sul";"Choque - Poste";0;0;1;0;0;0;0;0;0;0;1;0;0;0;0
"26/04/2016";"04:22:00";"2527";"sem vítima";"192.5";"BR-116/SC";"Norte";"Saida de Pista";1;0;0;0;0;0;0;0;0;0;1;0;0;0;0
"26/04/2016";"05:12:00";"2534";"sem vítima";"254.7";"BR-116/SC";"Sul";"Colisão Frontal";3;0;0;0;0;0;0;0;0;0;3;0;0;0;0
"26/04/2016";"06:23:00";"2537";"com vítima";"25.8";"BR-116/SC";"Norte";"Colisão Frontal";1;0;0;0;0;0;0;0;0;2;0;1;0;1;1
"26/04/2016";"09:13:00";"2543";"sem vítima";"305";"BR-116/SC";"Sul";"Saida de Pista";0;0;1;0;0;0;0;0;0;0;1;0;0;0;0
"27/04/2016";"01:04:00";"2598";"sem vítima";"14";"BR-116/SC";"Norte";"Saida de Pista";1;0;0;0;0;0;0;0;0;0;1;0;0;0;0
"27/04/2016";"04:14:00";"2630";"sem vítima";"48.7";"BR-116/SC";"Norte";"Colisão Traseira";0;0;2;0;0;0;0;0;0;0;2;0;0;0;0
"27/04/2016";"10:38:00";"2652";"sem vítima";"139.4";"BR-116/SC";"Sul";"Saida de Pista";1;0;0;0;0;0;0;0;0;0;3;0;0;0;0
"27/04/2016";"10:39:00";"2653";"sem vítima";"136.4";"BR-116/SC";"Sul";"Outros";0;0;0;0;0;0;0;0;0;1;3;0;0;0;0
"27/04/2016";"11:40:00";"2657";"sem vítima";"301";"BR-116/SC";"Sul";"Atropelamento - Animal";1;0;0;0;0;0;0;0;0;0;5;0;0;0;0
"28/04/2016";"07:56:00";"2673";"sem vítima";"174";"BR-116/PR";"Norte";"Colisão Traseira";1;0;0;0;1;0;0;0;0;0;2;0;0;0;0
"28/04/2016";"08:52:00";"2677";"sem vítima";"170.6";"BR-116/SC";"Norte";"Colisão Traseira";0;0;2;0;0;0;0;0;0;0;2;0;0;0;0
"28/04/2016";"09:30:00";"2680";"sem vítima";"121";"BR-116/PR";"Norte";"Colisão Traseira";1;0;0;0;0;1;0;0;0;0;2;0;0;0;0
"28/04/2016";"10:48:00";"2690";"sem vítima";"202";"BR-116/PR";"Sul";"Choque - Objeto sobre a pista";1;0;0;0;0;0;0;0;0;0;1;0;0;0;0
"28/04/2016";"06:32:00";"2734";"sem vítima";"121.1";"BR-116/PR";"Norte";"Colisão Traseira";7;0;0;0;0;0;0;0;0;0;8;0;0;0;0
"28/04/2016";"06:47:00";"2739";"sem vítima";"120.8";"BR-116/PR";"Norte";"Engavetamento";3;0;0;0;0;1;0;0;0;0;4;0;0;0;0
"28/04/2016";"07:18:00";"2738";"sem vítima";"271.5";"BR-116/SC";"Norte";"Saida de Pista";1;0;0;0;0;0;0;0;0;0;1;0;0;0;0
"29/04/2016";"10:54:00";"2776";"sem vítima";"119.5";"BR-116/PR";"Sul";"Colisão Traseira";2;0;0;0;0;0;0;0;0;0;2;0;0;0;0
"29/04/2016";"03:17:00";"2801";"com vítima";"265";"BR-116/SC";"Sul";"Colisão Frontal";2;0;0;0;0;0;0;0;0;1;2;1;0;0;0
"29/04/2016";"03:25:00";"2802";"sem vítima";"81";"BR-116/SC";"Norte";"Choque - Defensa, barreira ou "submarino"";0;0;1;0;0;0;0;0;0;0;1;0;0;0;0
"29/04/2016";"04:21:00";"2809";"com vítima";"168.5";"BR-116/PR";"Sul";"Colisão Transversal";1;0;0;1;0;0;0;0;0;0;1;1;0;0;0
"29/04/2016";"04:44:00";"2813";"sem vítima";"133";"BR-116/PR";"Sul";"Colisão Transversal";1;0;0;1;0;0;0;0;0;0;2;0;0;0;0
"30/04/2016";"03:03:00";"2853";"sem vítima";"184";"BR-116/SC";"Sul";"Saida de Pista";1;0;0;0;0;0;0;0;0;0;1;0;0;0;0
"30/04/2016";"10:21:00";"2866";"sem vítima";"134";"BR-116/PR";"Sul";"Colisão Traseira";1;0;1;0;0;0;0;0;0;0;2;0;0;0;0
"30/04/2016";"10:34:00";"2868";"com vítima";"119";"BR-116/PR";"Sul";"Colisão Transversal";1;0;0;0;0;1;0;0;0;0;1;1;0;0;0
"30/04/2016";"10:50:00";"2869";"sem vítima";"134";"BR-116/PR";"Norte";"Colisão Traseira";1;0;1;0;0;0;0;0;0;0;2;0;0;0;0
"30/04/2016";"11:01:00";"2871";"sem vítima";"154";"BR-116/PR";"Sul";"Saida de Pista";1;0;0;0;0;0;0;0;0;0;1;0;0;0;0
"30/04/2016";"11:13:00";"2873";"com vítima";"151.7";"BR-116/PR";"Norte";"Colisão Transversal";2;0;0;0;0;0;0;0;0;0;2;3;0;0;0
"30/04/2016";"11:22:00";"2874";"sem vítima";"154";"BR-116/PR";"Sul";"Colisão Traseira";3;0;0;0;0;0;0;0;0;0;3;0;0;0;0
"30/04/2016";"03:22:00";"2890";"com vítima";"129.4";"BR-116/PR";"Norte";"Colisão Transversal";1;0;0;1;0;0;0;0;0;0;1;1;0;0;0
"30/04/2016";"05:04:00";"2898";"com vítima";"128.7";"BR-116/PR";"Sul";"Engavetamento";2;0;0;0;0;1;0;0;0;0;4;1;0;0;0
"30/04/2016";"07:07:00";"2911";"sem vítima";"131.8";"BR-116/PR";"Sul";"Colisão Traseira";1;0;1;0;0;0;0;0;0;0;2;0;0;0;0
"30/04/2016";"07:15:00";"2912";"sem vítima";"10.5";"BR-116/SC";"Sul";"Colisão Lateral";1;0;1;0;0;0;0;0;0;0;3;0;0;0;0
"30/04/2016";"09:46:00";"2919";"sem vítima";"204.3";"BR-116/PR";"Norte";"Colisão Traseira";1;0;1;0;0;0;0;0;0;0;2;0;0;0;0
"30/04/2016";"11:03:00";"2922";"sem vítima";"131.1";"BR-116/PR";"Sul";"Saida de Pista";1;0;0;0;0;0;0;0;0;0;3;0;0;0;0
"01/05/2016";"05:35:00";"43";"com vítima";"124";"BR-116/PR";"Norte";"Colisão Traseira";2;0;0;0;0;0;0;0;0;0;3;1;0;0;0
"01/05/2016";"05:52:00";"44";"sem vítima";"143";"BR-116/PR";"Norte";"Colisão Traseira";2;0;0;0;0;0;0;0;0;0;3;0;0;0;0
"01/05/2016";"07:19:00";"52";"sem vítima";"123.7";"BR-116/PR";"Norte";"Colisão Traseira";2;0;0;0;0;0;0;0;0;0;2;0;0;0;0
"02/05/2016";"05:52:00";"82";"sem vítima";"130.4";"BR-116/SC";"Norte";"Saida de Pista";0;0;0;0;0;0;0;0;0;1;1;0;0;0;0
"02/05/2016";"07:14:00";"87";"sem vítima";"116.5";"BR-116/PR";"Sul";"Colisão Traseira";2;0;0;0;0;0;0;0;0;0;2;0;0;0;0
"02/05/2016";"10:23:00";"109";"sem vítima";"13.5";"BR-116/SC";"Sul";"Colisão Traseira";1;0;1;0;0;0;0;0;0;1;3;0;0;0;0
"02/05/2016";"10:49:00";"113";"com vítima";"8.9";"BR-116/SC";"Norte";"Colisão Traseira";0;0;0;1;0;0;0;0;0;1;1;1;0;0;0
"02/05/2016";"01:49:00";"129";"sem vítima";"147";"BR-116/PR";"Sul";"Colisão Traseira";1;0;1;0;0;0;0;0;0;0;3;0;0;0;0
"02/05/2016";"06:31:00";"174";"sem vítima";"87.3";"BR-116/SC";"Norte";"Saida de Pista";0;0;1;0;0;0;0;0;0;0;1;0;0;0;0
"02/05/2016";"06:38:00";"175";"sem vítima";"245.5";"BR-116/SC";"Sul";"Colisão Transversal";2;0;0;0;0;0;0;0;0;0;2;0;0;0;0
"02/05/2016";"08:54:00";"182";"com vítima";"238.5";"BR-116/SC";"Norte";"Saida de Pista";1;0;0;0;0;0;0;0;0;0;0;1;0;0;0
"03/05/2016";"07:45:00";"211";"com vítima";"35.4";"BR-116/SC";"Sul";"Queda de Moto";0;0;0;1;0;0;0;0;0;0;0;1;0;0;0
"03/05/2016";"07:10:00";"263";"com vítima";"219.3";"BR-116/SC";"Norte";"Colisão Transversal";0;0;0;1;0;0;0;0;0;1;1;1;0;0;0
"03/05/2016";"07:47:00";"265";"sem vítima";"242.7";"BR-116/SC";"Sul";"Saida de Pista";1;0;0;0;0;0;0;0;0;0;1;0;0;0;0
"04/05/2016";"04:21:00";"292";"sem vítima";"105.7";"BR-116/SC";"Sul";"Saida de Pista";1;0;0;0;0;0;0;0;0;0;2;0;0;0;0
"04/05/2016";"07:25:00";"297";"sem vítima";"206.8";"BR-116/PR";"Norte";"Colisão Traseira";0;0;2;0;0;0;0;0;0;0;2;0;0;0;0
"04/05/2016";"08:26:00";"302";"sem vítima";"257.8";"BR-116/SC";"Sul";"Colisão Lateral";2;0;1;0;0;0;0;0;0;0;3;0;0;0;0
"04/05/2016";"11:42:00";"310";"sem vítima";"152";"BR-116/PR";"Sul";"Colisão Transversal";2;0;0;0;0;0;0;0;0;0;2;0;0;0;0
"04/05/2016";"12:52:00";"312";"sem vítima";"138.012";"BR-116/SC";"Norte";"Colisão Transversal";2;0;0;0;0;0;0;0;0;0;2;0;0;0;0
"04/05/2016";"05:38:00";"346";"sem vítima";"117";"BR-116/PR";"Norte";"Colisão Traseira";1;0;1;0;0;0;0;0;0;0;2;0;0;0;0
"04/05/2016";"06:09:00";"349";"sem vítima";"115";"BR-116/PR";"Norte";"Colisão Lateral";1;0;1;0;0;0;0;0;0;0;2;0;0;0;0
"05/05/2016";"12:49:00";"378";"sem vítima";"115";"BR-116/SC";"Norte";"Saida de Pista";0;0;1;0;0;0;0;0;0;0;1;0;0;0;0
"05/05/2016";"07:30:00";"391";"com vítima";"166.8";"BR-116/PR";"Norte";"Colisão Transversal";1;0;1;0;0;0;0;0;0;0;3;0;0;1;0
"05/05/2016";"01:35:00";"424";"com vítima";"259.3";"BR-116/SC";"Sul";"Saida de Pista";0;0;1;0;0;0;0;0;0;0;0;3;0;0;0
"05/05/2016";"07:59:00";"462";"com vítima";"208";"BR-116/SC";"Sul";"Colisão Transversal";1;0;0;1;0;0;0;0;0;0;3;1;0;0;0
"05/05/2016";"10:28:00";"475";"com vítima";"128";"BR-116/PR";"Norte";"Choque - Suporte de Sinalização";0;0;0;1;0;0;0;0;0;0;0;1;0;0;0
"06/05/2016";"06:49:00";"486";"sem vítima";"120.2";"BR-116/PR";"Norte";"Colisão Traseira";0;0;1;1;0;0;0;0;0;0;2;0;0;0;0
"06/05/2016";"06:53:00";"487";"com vítima";"13.08";"BR-116/SC";"Norte";"Saida de Pista";1;0;0;0;0;0;0;0;0;0;0;1;0;0;0
"06/05/2016";"07:57:00";"493";"sem vítima";"125";"BR-116/PR";"Norte";"Colisão Lateral";1;0;0;1;0;0;0;0;0;0;2;0;0;0;0
"06/05/2016";"09:41:00";"505";"sem vítima";"151.1";"BR-116/PR";"Norte";"Objeto lançado contra veículo";2;0;0;0;0;0;0;0;0;0;2;0;0;0;0
"06/05/2016";"01:34:00";"516";"com vítima";"122";"BR-116/PR";"Norte";"Colisão Lateral";0;0;0;1;0;1;0;0;0;0;1;1;0;0;0
"06/05/2016";"01:53:00";"518";"com vítima";"6.8";"BR-116/SC";"Sul";"Colisão Transversal";1;0;0;0;0;0;0;0;0;1;1;1;0;0;0
"06/05/2016";"03:21:00";"527";"sem vítima";"117.4";"BR-116/PR";"Norte";"Saida de Pista";0;0;1;0;0;0;0;0;0;0;1;0;0;0;0
"06/05/2016";"06:18:00";"547";"com vítima";"271";"BR-116/SC";"Norte";"Colisão Lateral";1;0;1;0;0;0;0;0;0;0;1;2;0;0;1
"06/05/2016";"09:45:00";"562";"sem vítima";"165";"BR-116/PR";"Sul";"Saida de Pista";1;0;0;0;0;0;0;0;0;0;1;0;0;0;0
"06/05/2016";"10:53:00";"565";"sem vítima";"116.3";"BR-116/PR";"Sul";"Colisão Lateral";1;0;1;0;0;0;0;0;0;0;2;0;0;0;0
"07/05/2016";"07:20:00";"586";"com vítima";"269";"BR-116/SC";"Sul";"Saida de Pista";1;0;0;0;0;0;0;0;0;0;0;1;0;0;0
"07/05/2016";"08:01:00";"588";"sem vítima";"107.75";"BR-116/SC";"Sul";"Colisão Lateral";0;0;1;0;1;0;0;0;0;0;33;0;0;0;0
"07/05/2016";"01:00:00";"610";"com vítima";"129";"BR-116/PR";"Sul";"Outros";0;1;0;0;0;0;0;0;0;0;0;1;0;0;0
"07/05/2016";"01:06:00";"611";"sem vítima";"173.4";"BR-116/SC";"Sul";"Tombamento";0;0;1;0;0;0;0;0;0;0;1;0;0;0;0
"07/05/2016";"01:09:00";"612";"sem vítima";"117";"BR-116/PR";"Sul";"Colisão Traseira";2;0;0;0;0;0;0;0;0;0;2;0;0;0;0
"07/05/2016";"10:09:00";"652";"sem vítima";"201.4";"BR-116/PR";"Sul";"Saida de Pista";1;0;0;0;0;0;0;0;0;0;1;0;0;0;0
"07/05/2016";"11:25:00";"655";"sem vítima";"209.1";"BR-116/SC";"Sul";"Saida de Pista";1;0;0;0;0;0;0;0;0;0;2;0;0;0;0
"08/05/2016";"12:55:00";"659";"sem vítima";"121";"BR-116/PR";"Norte";"Colisão Lateral";1;0;0;1;0;0;0;0;0;0;2;0;0;0;0
"08/05/2016";"05:53:00";"665";"com vítima";"58.7";"BR-116/SC";"Sul";"Colisão Frontal";1;0;0;0;0;0;0;0;0;1;1;3;0;0;0
"08/05/2016";"10:41:00";"683";"sem vítima";"158.3";"BR-116/PR";"Sul";"Atropelamento - Animal";1;0;0;0;0;0;0;0;0;0;1;0;0;0;0
"08/05/2016";"03:40:00";"705";"com vítima";"19";"BR-116/SC";"Norte";"Colisão Transversal";0;0;0;2;0;0;0;0;0;0;0;0;0;2;0
"08/05/2016";"06:12:00";"720";"sem vítima";"122";"BR-116/PR";"Norte";"Colisão Lateral";1;0;1;0;0;0;0;0;0;0;2;0;0;0;0
"08/05/2016";"06:13:00";"721";"sem vítima";"167.1";"BR-116/PR";"Norte";"Atropelamento - Animal";1;0;0;0;0;0;0;0;0;0;1;0;0;0;0
"08/05/2016";"06:15:00";"722";"sem vítima";"135";"BR-116/SC";"Sul";"Objeto lançado contra veículo";1;0;0;0;0;0;0;0;0;0;1;0;0;0;0
"08/05/2016";"06:19:00";"723";"com vítima";"146";"BR-116/PR";"Sul";"Colisão Transversal";1;0;0;1;0;0;0;0;0;0;1;1;0;0;0
"08/05/2016";"08:44:00";"735";"com vítima";"117.6";"BR-116/PR";"Sul";"Atropelamento - Usuário";1;0;0;0;0;0;0;0;0;0;1;0;0;1;0
"09/05/2016";"07:31:00";"763";"sem vítima";"143";"BR-116/SC";"Norte";"Choque - Defensa, barreira ou "submarino"";0;0;0;0;0;0;0;0;0;1;1;0;0;0;0
"09/05/2016";"08:50:00";"775";"sem vítima";"195.2";"BR-116/PR";"Norte";"Saida de Pista";1;0;0;0;0;0;0;0;0;0;2;0;0;0;0
"09/05/2016";"12:11:00";"789";"sem vítima";"138.3";"BR-116/SC";"Norte";"Colisão Lateral";2;0;0;0;0;0;0;0;0;0;2;0;0;0;0
"09/05/2016";"12:24:00";"790";"sem vítima";"274";"BR-116/SC";"Sul";"Objeto lançado contra veículo";1;0;1;0;0;0;0;0;0;0;2;0;0;0;0
"09/05/2016";"09:03:00";"829";"sem vítima";"236.5";"BR-116/SC";"Sul";"Colisão Lateral";2;0;0;0;0;0;0;0;0;0;2;0;0;0;0
"10/05/2016";"01:55:00";"838";"sem vítima";"75.3";"BR-116/SC";"Norte";"Choque - Objeto sobre a pista";1;0;0;0;0;0;0;0;0;0;1;0;0;0;0
"10/05/2016";"04:42:00";"853";"com vítima";"131";"BR-116/PR";"Norte";"Saida de Pista";1;0;0;0;0;0;0;0;0;0;0;1;0;0;0
"10/05/2016";"05:31:00";"855";"sem vítima";"155.5";"BR-116/PR";"Sul";"Colisão Frontal";1;0;0;0;0;0;0;0;0;1;6;0;0;0;0
"10/05/2016";"01:06:00";"882";"sem vítima";"14";"BR-116/SC";"Sul";"Colisão Traseira";0;0;2;0;0;0;0;0;0;0;2;0;0;0;0
"10/05/2016";"05:01:00";"926";"sem vítima";"8.6";"BR-116/SC";"Sul";"Colisão Transversal";1;0;0;0;0;0;0;0;0;1;2;0;0;0;0
"11/05/2016";"01:15:00";"963";"sem vítima";"160.8";"BR-116/PR";"Norte";"Colisão Lateral";1;0;0;0;0;1;0;0;0;0;2;0;0;0;0
"11/05/2016";"09:00:00";"983";"com vítima";"143.4";"BR-116/PR";"Norte";"Saida de Pista";0;0;1;0;0;0;0;0;0;0;0;1;0;0;0
"11/05/2016";"02:42:00";"1001";"sem vítima";"116.2";"BR-116/PR";"Norte";"Colisão Traseira";1;0;1;0;0;0;0;0;0;0;3;0;0;0;0
"11/05/2016";"03:05:00";"1005";"sem vítima";"181.4";"BR-116/SC";"Norte";"Tombamento";0;0;1;0;0;0;0;0;0;0;1;0;0;0;0
"11/05/2016";"05:08:00";"1016";"sem vítima";"121";"BR-116/SC";"Norte";"Colisão Transversal";0;0;2;0;0;0;0;0;0;0;2;0;0;0;0
"11/05/2016";"10:22:00";"1034";"sem vítima";"143.9";"BR-116/PR";"Norte";"Saida de Pista";1;0;0;0;0;0;0;0;0;0;1;0;0;0;0
"13/05/2016";"05:30:00";"1145";"sem vítima";"107";"BR-116/SC";"Norte";"Saida de Pista";1;0;0;0;0;0;0;0;0;0;2;0;0;0;0
"13/05/2016";"06:50:00";"1146";"sem vítima";"115.1";"BR-116/PR";"Norte";"Colisão Traseira";3;0;0;0;0;0;0;0;0;0;3;0;0;0;0
"13/05/2016";"07:04:00";"1147";"sem vítima";"1.2";"BR-116/SC";"Sul";"Colisão Transversal";1;0;0;0;0;1;0;0;0;0;2;0;0;0;0
"13/05/2016";"07:06:00";"1148";"com vítima";"133";"BR-116/PR";"Sul";"Colisão Transversal";2;0;0;0;0;0;0;0;0;0;1;1;0;0;0
"13/05/2016";"07:14:00";"1149";"com vítima";"120";"BR-116/PR";"Norte";"Colisão Traseira";1;0;0;1;0;0;0;0;0;0;1;0;0;1;0
"13/05/2016";"08:16:00";"1153";"sem vítima";"120.4";"BR-116/PR";"Norte";"Engavetamento";4;0;0;0;0;2;0;0;0;0;6;0;0;0;0
"13/05/2016";"08:57:00";"1155";"sem vítima";"119.6";"BR-116/PR";"Sul";"Saida de Pista";1;0;0;0;0;0;0;0;0;0;1;0;0;0;0
"14/05/2016";"08:46:00";"1231";"sem vítima";"126";"BR-116/PR";"Norte";"Colisão Traseira";3;0;0;0;0;0;0;0;0;0;3;0;0;0;0
"14/05/2016";"11:13:00";"1242";"sem vítima";"131";"BR-116/PR";"Norte";"Objeto lançado contra veículo";1;0;0;0;0;0;0;0;0;0;1;0;0;0;0
"14/05/2016";"11:52:00";"1244";"sem vítima";"305";"BR-116/SC";"Sul";"Colisão Traseira";1;0;1;0;0;0;0;0;0;0;2;0;0;0;0
"14/05/2016";"10:34:00";"1296";"com vítima";"144.3";"BR-116/PR";"Sul";"Saida de Pista";1;0;0;0;0;0;0;0;0;0;0;1;0;0;0
"15/05/2016";"06:15:00";"1349";"sem vítima";"163";"BR-116/PR";"Norte";"Atropelamento - Animal";1;0;0;0;0;0;0;0;0;0;1;0;0;0;0
"15/05/2016";"07:23:00";"1356";"sem vítima";"47.95";"BR-116/SC";"Norte";"Choque - Poste";0;0;0;0;0;1;0;0;0;0;1;0;0;0;0
"15/05/2016";"08:24:00";"1360";"com vítima";"168.5";"BR-116/SC";"Sul";"Colisão Traseira";2;0;0;0;0;0;0;0;0;0;3;3;0;0;0
"15/05/2016";"08:53:00";"1368";"com vítima";"168.9";"BR-116/SC";"Norte";"Choque - Arvore";0;0;0;0;0;0;0;0;0;1;1;1;0;0;0
"15/05/2016";"09:10:00";"1371";"sem vítima";"168.55";"BR-116/SC";"Sul";"Objeto lançado contra veículo";0;0;1;0;0;0;0;0;0;0;1;0;0;0;0
"15/05/2016";"09:17:00";"1372";"sem vítima";"148";"BR-116/PR";"Sul";"Choque - Suporte de Sinalização";1;0;0;0;0;0;0;0;0;0;1;0;0;0;0
"16/05/2016";"01:01:00";"1385";"sem vítima";"163";"BR-116/PR";"Norte";"Saida de Pista";1;0;0;0;0;0;0;0;0;0;1;0;0;0;0
"17/05/2016";"12:58:00";"1476";"sem vítima";"263.3";"BR-116/SC";"Sul";"Saida de Pista";1;0;0;0;0;0;0;0;0;0;1;0;0;0;0
"17/05/2016";"09:57:00";"1512";"sem vítima";"256.7";"BR-116/SC";"Sul";"Colisão Traseira";1;0;1;0;0;0;0;0;0;0;3;0;0;0;0
"17/05/2016";"06:17:00";"1563";"sem vítima";"131";"BR-116/SC";"Norte";"Colisão Frontal";1;0;0;0;0;0;0;0;0;1;2;0;0;0;0