data;horario;n_da_ocorrencia;tipo_de_ocorrencia;km;trecho;sentido;tipo_de_acidente;automovel;bicicleta;caminhao;moto;onibus;outros;tracao_animal;transporte_de_cargas_especiais;trator_maquinas;utilitarios;ilesos;levemente_feridos;moderadamente_feridos;gravemente_feridos;mortos
"17/06/2016";"08:26:00";"1565";"com vítima";"202.055";"BR-116/SC";"Sul";"Atropelamento - Andarilho";0;0;0;0;0;1;0;0;0;0;1;0;0;0;1
"17/06/2016";"02:36:00";"1595";"com vítima";"119";"BR-116/PR";"Sul";"Queda de Moto";0;0;0;1;0;0;0;0;0;0;0;1;0;0;0
"17/06/2016";"02:47:00";"1598";"com vítima";"145.3";"BR-116/PR";"Sul";"Colisão Frontal";1;0;1;0;0;1;0;0;0;0;2;1;0;1;0
"17/06/2016";"03:41:00";"1607";"com vítima";"65.075";"BR-116/SC";"Sul";"Engavetamento";0;0;2;0;0;0;0;0;0;1;2;1;0;0;0
"17/06/2016";"05:00:00";"1613";"sem vítima";"197.5";"BR-116/PR";"Norte";"Saida de Pista";1;0;0;0;0;0;0;0;0;0;1;0;0;0;0
"17/06/2016";"06:41:00";"1625";"com vítima";"117";"BR-116/PR";"Norte";"Colisão Traseira";1;0;0;1;0;0;0;0;0;0;1;1;0;0;0
"18/06/2016";"07:55:00";"1667";"sem vítima";"183";"BR-116/PR";"Norte";"Saida de Pista";0;0;1;0;0;0;0;0;0;0;1;0;0;0;0
"18/06/2016";"09:07:00";"1672";"com vítima";"162.5";"BR-116/PR";"Sul";"Saida de Pista";1;0;0;0;0;0;0;0;0;0;0;0;0;1;1
"18/06/2016";"09:09:00";"1673";"sem vítima";"135.9";"BR-116/PR";"Norte";"Capotamento";1;0;0;0;0;0;0;0;0;0;1;0;0;0;0
"18/06/2016";"10:22:00";"1679";"sem vítima";"181.3";"BR-116/SC";"Norte";"Tombamento";0;0;1;0;0;0;0;0;0;0;1;0;0;0;0
"18/06/2016";"01:36:00";"1695";"sem vítima";"245.5";"BR-116/SC";"Sul";"Colisão Transversal";2;0;0;0;0;0;0;0;0;0;2;0;0;0;0
"18/06/2016";"11:09:00";"1736";"com vítima";"135.9";"BR-116/PR";"Norte";"Choque - Outros";1;0;0;0;0;0;0;0;0;0;1;1;0;0;0
"19/06/2016";"12:51:00";"1744";"sem vítima";"143.5";"BR-116/SC";"Sul";"Saida de Pista";1;0;0;0;0;0;0;0;0;0;1;0;0;0;0
"19/06/2016";"06:37:00";"1758";"com vítima";"153";"BR-116/PR";"Sul";"Colisão Traseira";2;0;0;0;0;0;0;0;0;0;1;1;0;0;0
"19/06/2016";"06:47:00";"1759";"com vítima";"116";"BR-116/PR";"Norte";"Colisão Lateral";1;0;0;1;0;0;0;0;0;0;1;0;0;1;0
"19/06/2016";"11:52:00";"1773";"com vítima";"184.8";"BR-116/SC";"Sul";"Queda de Moto";0;0;0;1;0;0;0;0;0;0;0;1;0;0;0
"19/06/2016";"03:39:00";"1782";"com vítima";"126.2";"BR-116/PR";"Norte";"Colisão Traseira";1;0;1;0;0;0;0;0;0;0;2;1;0;1;0
"19/06/2016";"06:38:00";"1792";"sem vítima";"170.4";"BR-116/SC";"Sul";"Objeto lançado contra veículo";1;0;0;0;0;0;0;0;0;0;1;0;0;0;0
"19/06/2016";"08:33:00";"1803";"sem vítima";"4.5";"BR-116/SC";"Norte";"Colisão Lateral";2;0;0;0;0;0;0;0;0;0;4;0;0;0;0
"19/06/2016";"11:39:00";"1819";"sem vítima";"119";"BR-116/PR";"Sul";"Capotamento";1;0;0;0;0;0;0;0;0;0;1;0;0;0;0
"20/06/2016";"08:10:00";"1849";"sem vítima";"32";"BR-116/SC";"Norte";"Choque - Arvore";1;0;0;0;0;0;0;0;0;0;1;0;0;0;0
"20/06/2016";"02:48:00";"1891";"sem vítima";"96.4";"BR-116/SC";"Sul";"Saida de Pista";1;0;0;0;0;0;0;0;0;0;1;0;0;0;0
"20/06/2016";"10:20:00";"1923";"sem vítima";"135.5";"BR-116/PR";"Sul";"Colisão Transversal";1;0;1;0;0;0;0;0;0;0;2;0;0;0;0
"21/06/2016";"07:24:00";"1948";"sem vítima";"120.5";"BR-116/PR";"Norte";"Choque - Objeto sobre a pista";1;0;0;0;0;0;0;0;0;0;1;0;0;0;0
"21/06/2016";"07:28:00";"1950";"sem vítima";"118.2";"BR-116/PR";"Norte";"Choque - Objeto sobre a pista";1;0;0;0;0;0;0;0;0;0;1;0;0;0;0
"21/06/2016";"07:55:00";"1954";"sem vítima";"122";"BR-116/PR";"Norte";"Colisão Lateral";1;0;0;1;0;0;0;0;0;0;2;0;0;0;0
"21/06/2016";"01:18:00";"1985";"sem vítima";"115";"BR-116/PR";"Norte";"Colisão Traseira";1;0;0;0;0;0;0;0;0;1;2;0;0;0;0
"21/06/2016";"01:37:00";"1987";"com vítima";"183.45";"BR-116/SC";"Sul";"Colisão Frontal";1;0;1;0;0;0;0;0;0;0;0;1;0;0;1
"21/06/2016";"03:57:00";"1999";"sem vítima";"191";"BR-116/SC";"Sul";"Objeto lançado contra veículo";0;0;1;0;0;1;0;0;0;0;2;0;0;0;0
"21/06/2016";"05:41:00";"2006";"sem vítima";"180.1";"BR-116/SC";"Sul";"Colisão Transversal";2;0;0;0;0;0;0;0;0;0;2;0;0;0;0
"21/06/2016";"07:21:00";"2012";"sem vítima";"129.9";"BR-116/SC";"Sul";"Colisão Traseira";1;0;0;0;0;1;0;0;0;0;2;0;0;0;0
"22/06/2016";"09:41:00";"2051";"sem vítima";"4";"BR-116/SC";"Sul";"Colisão Traseira";2;0;0;0;0;0;0;0;0;0;2;0;0;0;0
"22/06/2016";"10:52:00";"2059";"sem vítima";"178";"BR-116/SC";"Norte";"Saida de Pista";1;0;0;0;0;0;0;0;0;0;1;0;0;0;0
"22/06/2016";"11:05:00";"2060";"com vítima";"225.6";"BR-116/SC";"Sul";"Saida de Pista";1;0;0;0;0;0;0;0;0;0;2;2;0;0;0
"22/06/2016";"02:13:00";"2072";"sem vítima";"122";"BR-116/PR";"Sul";"Colisão Traseira";2;0;0;0;0;0;0;0;0;0;2;0;0;0;0
"22/06/2016";"02:36:00";"2074";"sem vítima";"122";"BR-116/PR";"Sul";"Colisão Traseira";2;0;0;0;0;0;0;0;0;0;4;0;0;0;0
"22/06/2016";"06:20:00";"2104";"com vítima";"225.7";"BR-116/SC";"Norte";"Atropelamento - Animal";0;0;0;0;0;0;0;0;0;1;0;1;0;0;0
"23/06/2016";"06:12:00";"2211";"sem vítima";"129";"BR-116/PR";"Norte";"Colisão Traseira";1;0;0;1;0;0;0;0;0;0;2;0;0;0;0
"23/06/2016";"06:48:00";"2212";"sem vítima";"73.7";"BR-116/SC";"Norte";"Objeto lançado contra veículo";1;0;0;0;0;0;0;0;0;0;1;0;0;0;0
"24/06/2016";"12:08:00";"2233";"sem vítima";"135";"BR-116/SC";"Sul";"Colisão Traseira";0;0;1;0;0;0;0;0;0;1;3;0;0;0;0
"24/06/2016";"10:44:00";"2256";"sem vítima";"122.8";"BR-116/PR";"Sul";"Saida de Pista";1;0;0;0;0;0;0;0;0;0;1;0;0;0;0
"24/06/2016";"11:15:00";"2261";"sem vítima";"117.1";"BR-116/PR";"Norte";"Colisão Traseira";0;0;2;0;0;0;0;0;0;0;2;0;0;0;0
"24/06/2016";"01:02:00";"2264";"com vítima";"210.8";"BR-116/PR";"Sul";"Colisão Transversal";2;0;1;0;0;0;0;0;0;0;2;0;0;1;1
"24/06/2016";"03:34:00";"2280";"sem vítima";"235.4";"BR-116/SC";"Norte";"Colisão Transversal";0;0;1;1;0;0;0;0;0;0;3;0;0;0;0
"24/06/2016";"06:09:00";"2295";"sem vítima";"116";"BR-116/PR";"Norte";"Engavetamento";4;0;0;0;0;0;0;0;0;0;4;0;0;0;0
"24/06/2016";"09:35:00";"2310";"com vítima";"149.6";"BR-116/PR";"Sul";"Atropelamento - Morador";0;0;0;0;0;1;0;0;0;0;1;0;0;1;0
"25/06/2016";"01:01:00";"2326";"sem vítima";"44.8";"BR-116/SC";"Norte";"Atropelamento - Animal";1;0;0;0;0;0;0;0;0;0;1;0;0;0;0
"25/06/2016";"10:04:00";"2406";"sem vítima";"15.1";"BR-116/SC";"Norte";"Colisão Traseira";0;0;2;0;0;0;0;0;0;0;2;0;0;0;0
"25/06/2016";"10:28:00";"2409";"sem vítima";"134";"BR-116/PR";"Sul";"Saida de Pista";1;0;0;0;0;0;0;0;0;0;1;0;0;0;0
"26/06/2016";"06:05:00";"2480";"com vítima";"200";"BR-116/PR";"Norte";"Atropelamento - Morador";1;0;0;0;0;0;0;0;0;0;1;1;0;0;0
"27/06/2016";"03:26:00";"2506";"sem vítima";"225";"BR-116/SC";"Sul";"Choque - Objeto sobre a pista";1;0;0;0;0;0;0;0;0;0;1;0;0;0;0
"28/06/2016";"06:27:00";"2630";"com vítima";"206.5";"BR-116/PR";"Sul";"Queda de Moto";0;0;0;1;0;0;0;0;0;0;0;1;0;0;0
"28/06/2016";"11:09:00";"2654";"sem vítima";"152.7";"BR-116/PR";"Sul";"Colisão Traseira";2;0;0;0;0;0;0;0;0;0;3;0;0;0;0
"28/06/2016";"03:46:00";"2690";"sem vítima";"9";"BR-116/SC";"Sul";"Colisão Traseira";2;0;0;0;0;0;0;0;0;0;5;0;0;0;0
"28/06/2016";"06:15:00";"2710";"sem vítima";"162.7";"BR-116/SC";"Sul";"Saida de Pista";0;0;1;0;0;0;0;0;0;0;1;0;0;0;0
"29/06/2016";"12:09:00";"2770";"sem vítima";"152";"BR-116/PR";"Sul";"Colisão Transversal";2;0;0;0;0;0;0;0;0;0;2;0;0;0;0
"29/06/2016";"12:27:00";"2771";"sem vítima";"147.8";"BR-116/PR";"Sul";"Choque - Objeto sobre a pista";1;0;0;0;0;0;0;0;0;0;1;0;0;0;0
"29/06/2016";"04:06:00";"2796";"sem vítima";"138.5";"BR-116/SC";"Norte";"Colisão Transversal";0;0;1;0;0;0;0;0;0;1;2;0;0;0;0
"29/06/2016";"10:58:00";"2824";"sem vítima";"125.8";"BR-116/PR";"Sul";"Colisão Lateral";2;0;0;0;0;0;0;0;0;0;2;0;0;0;0
"30/06/2016";"05:20:00";"2841";"com vítima";"281.3";"BR-116/SC";"Sul";"Colisão Frontal";1;0;1;0;0;0;0;0;0;0;1;2;0;0;0
"30/06/2016";"06:03:00";"2843";"sem vítima";"281.2";"BR-116/SC";"Sul";"Choque - Objeto sobre a pista";0;0;1;0;0;0;0;0;0;0;1;0;0;0;0
"30/06/2016";"07:18:00";"2850";"sem vítima";"161.7";"BR-116/SC";"Sul";"Colisão Transversal";0;0;2;0;0;0;0;0;0;0;2;0;0;0;0
"30/06/2016";"07:45:00";"2854";"com vítima";"117.9";"BR-116/PR";"Norte";"Colisão Lateral";1;0;0;1;0;0;0;0;0;0;0;2;0;0;0
"30/06/2016";"07:58:00";"2857";"sem vítima";"57.7";"BR-116/SC";"Norte";"Colisão Traseira";0;0;2;0;0;0;0;0;0;0;2;0;0;0;0
"30/06/2016";"02:13:00";"2882";"sem vítima";"5.5";"BR-116/SC";"Norte";"Colisão Transversal";2;0;0;0;0;0;0;0;0;0;2;0;0;0;0
"30/06/2016";"04:51:00";"2917";"sem vítima";"191";"BR-116/PR";"Sul";"Colisão Traseira";1;0;1;0;0;0;0;0;0;0;2;0;0;0;0
"01/07/2016";"03:56:00";"4";"sem vítima";"209.7";"BR-116/SC";"Sul";"Atropelamento - Animal";0;0;0;0;1;0;0;0;0;0;1;0;0;0;0
"01/07/2016";"09:16:00";"28";"com vítima";"115";"BR-116/PR";"Norte";"Atropelamento - Usuário";0;0;0;0;0;1;0;0;0;0;1;1;0;0;0
"01/07/2016";"03:39:00";"86";"sem vítima";"186.5";"BR-116/SC";"Norte";"Saida de Pista";1;0;0;0;0;0;0;0;0;0;1;0;0;0;0
"01/07/2016";"04:42:00";"95";"com vítima";"166.15";"BR-116/PR";"Norte";"Colisão Transversal";2;0;0;0;0;0;0;0;0;0;4;1;0;0;0
"01/07/2016";"05:49:00";"106";"com vítima";"121";"BR-116/PR";"Norte";"Choque - Defensa, barreira ou "submarino"";0;0;0;1;0;0;0;0;0;0;0;1;0;0;0
"01/07/2016";"09:05:00";"123";"com vítima";"148.3";"BR-116/PR";"Sul";"Colisão Lateral";1;0;2;0;0;0;0;0;0;0;2;2;0;0;0
"02/07/2016";"12:29:00";"132";"sem vítima";"141";"BR-116/PR";"Norte";"Saida de Pista";1;0;0;0;0;0;0;0;0;0;1;0;0;0;0
"02/07/2016";"08:00:00";"148";"sem vítima";"168.2";"BR-116/PR";"Sul";"Saida de Pista";1;0;0;0;0;0;0;0;0;0;1;0;0;0;0
"02/07/2016";"12:20:00";"162";"com vítima";"116.2";"BR-116/SC";"Sul";"Saida de Pista";1;0;0;0;0;0;0;0;0;0;0;3;0;0;0
"02/07/2016";"07:39:00";"194";"sem vítima";"236";"BR-116/SC";"Sul";"Colisão Frontal";1;0;1;0;0;0;0;0;0;0;2;0;0;0;0
"02/07/2016";"10:05:00";"202";"sem vítima";"125.2";"BR-116/PR";"Norte";"Saida de Pista";1;0;0;0;0;0;0;0;0;0;3;0;0;0;0
"03/07/2016";"03:15:00";"224";"sem vítima";"50.5";"BR-116/SC";"Norte";"Saida de Pista";1;0;0;0;0;0;0;0;0;0;1;0;0;0;0
"03/07/2016";"05:51:00";"295";"sem vítima";"134";"BR-116/PR";"Norte";"Colisão Traseira";1;0;0;0;0;0;0;0;0;1;5;0;0;0;0
"03/07/2016";"07:22:00";"304";"sem vítima";"140";"BR-116/PR";"Norte";"Choque - Defensa, barreira ou "submarino"";1;0;0;0;0;0;0;0;0;0;1;0;0;0;0
"04/07/2016";"10:17:00";"354";"sem vítima";"135.65";"BR-116/PR";"Sul";"Colisão Transversal";2;0;0;0;0;0;0;0;0;0;2;0;0;0;0
"04/07/2016";"03:03:00";"385";"com vítima";"50.5";"BR-116/SC";"Sul";"Saida de Pista";1;0;0;0;0;0;0;0;0;0;1;3;0;0;0
"05/07/2016";"07:02:00";"457";"sem vítima";"194.6";"BR-116/PR";"Norte";"Saida de Pista";0;0;1;0;0;0;0;0;0;0;1;0;0;0;0
"05/07/2016";"09:02:00";"466";"sem vítima";"152.5";"BR-116/PR";"Sul";"Colisão Traseira";1;0;0;0;0;0;0;0;0;1;2;0;0;0;0
"05/07/2016";"01:30:00";"497";"com vítima";"142.2";"BR-116/SC";"Norte";"Queda de Moto";1;0;0;1;0;0;0;0;0;0;1;1;0;0;0
"05/07/2016";"01:41:00";"498";"sem vítima";"149.5";"BR-116/SC";"Sul";"Saida de Pista";0;0;1;0;0;0;0;0;0;0;1;0;0;0;0
"05/07/2016";"04:33:00";"521";"com vítima";"115";"BR-116/PR";"Sul";"Colisão Lateral";1;0;0;1;0;0;0;0;0;0;1;2;0;0;0
"05/07/2016";"11:03:00";"552";"sem vítima";"119";"BR-116/SC";"Sul";"Colisão Lateral";0;0;2;0;0;0;0;0;0;0;2;0;0;0;0
"06/07/2016";"08:54:00";"591";"sem vítima";"119";"BR-116/PR";"Norte";"Queda de Moto";0;0;0;1;0;0;0;0;0;0;1;0;0;0;0
"06/07/2016";"12:00:00";"610";"sem vítima";"191.5";"BR-116/PR";"Norte";"Saida de Pista";0;0;0;0;0;0;0;0;0;1;1;0;0;0;0
"07/07/2016";"04:25:00";"694";"sem vítima";"130.4";"BR-116/PR";"Norte";"Colisão Traseira";1;0;2;0;0;0;0;0;0;0;3;0;0;0;0
"07/07/2016";"05:47:00";"695";"sem vítima";"122";"BR-116/PR";"Norte";"Colisão Lateral";1;0;1;0;0;0;0;0;0;0;2;0;0;0;0
"07/07/2016";"03:24:00";"757";"sem vítima";"303.02";"BR-116/SC";"Norte";"Colisão Lateral";1;0;1;0;0;0;0;0;0;0;3;0;0;0;0
"07/07/2016";"04:16:00";"767";"sem vítima";"178.8";"BR-116/PR";"Norte";"Colisão Traseira";1;0;0;0;0;0;0;0;0;1;2;0;0;0;0
"07/07/2016";"10:14:00";"795";"sem vítima";"140.2";"BR-116/SC";"Sul";"Saida de Pista";1;0;0;0;0;0;0;0;0;0;2;0;0;0;0
"08/07/2016";"09:18:00";"823";"com vítima";"115";"BR-116/PR";"Norte";"Colisão Traseira";2;0;0;1;0;0;0;0;0;0;3;1;0;0;0
"08/07/2016";"10:35:00";"833";"sem vítima";"116.6";"BR-116/PR";"Norte";"Colisão Traseira";3;0;0;0;0;0;0;0;0;0;3;0;0;0;0
"08/07/2016";"10:39:00";"834";"sem vítima";"13.25";"BR-116/SC";"Sul";"Colisão Lateral";0;0;1;0;0;1;0;0;0;0;2;0;0;0;0
"08/07/2016";"11:31:00";"882";"com vítima";"135.5";"BR-116/PR";"Sul";"Atropelamento - Usuário";0;0;0;0;0;1;0;0;0;0;1;1;0;0;0
"09/07/2016";"02:02:00";"892";"sem vítima";"4.9";"BR-116/SC";"Sul";"Colisão Traseira";2;0;0;0;0;0;0;0;0;0;2;0;0;0;0
"09/07/2016";"08:55:00";"908";"sem vítima";"130.2";"BR-116/PR";"Sul";"Saida de Pista";1;0;0;0;0;1;0;0;0;0;2;0;0;0;0
"09/07/2016";"10:39:00";"922";"sem vítima";"106.4";"BR-116/SC";"Sul";"Saida de Pista";0;0;0;2;0;0;0;0;0;0;2;0;0;0;0
"09/07/2016";"03:36:00";"946";"com vítima";"67.7";"BR-116/SC";"Norte";"Choque - Defensa, barreira ou "submarino"";0;0;1;0;0;0;0;0;0;0;0;1;0;0;0
"09/07/2016";"06:36:00";"963";"sem vítima";"117";"BR-116/PR";"Norte";"Colisão Lateral";1;0;1;0;0;0;0;0;0;0;2;0;0;0;0
"10/07/2016";"04:10:00";"988";"sem vítima";"115";"BR-116/PR";"Norte";"Queda de Moto";0;0;0;1;0;0;0;0;0;0;1;0;0;0;0
"10/07/2016";"07:07:00";"994";"com vítima";"122";"BR-116/PR";"Sul";"Choque - Defensa, barreira ou "submarino"";1;0;0;0;0;0;0;0;0;0;0;1;0;0;0
"10/07/2016";"07:16:00";"995";"sem vítima";"125";"BR-116/PR";"Sul";"Colisão Traseira";2;0;0;0;0;0;0;0;0;0;2;0;0;0;0
"10/07/2016";"11:28:00";"1012";"sem vítima";"139";"BR-116/PR";"Sul";"Colisão Lateral";1;0;0;0;0;1;0;0;0;0;2;0;0;0;0
"10/07/2016";"11:50:00";"1014";"com vítima";"167";"BR-116/PR";"Norte";"Colisão Transversal";1;0;0;1;0;0;0;0;0;0;1;1;0;0;0
"10/07/2016";"02:02:00";"1021";"com vítima";"54.4";"BR-116/SC";"Norte";"Colisão Lateral";1;0;0;1;0;0;0;0;0;0;1;1;0;0;0
"10/07/2016";"06:24:00";"1045";"com vítima";"163.5";"BR-116/PR";"Sul";"Capotamento";1;0;0;0;0;0;0;0;0;0;0;4;0;1;1
"10/07/2016";"07:49:00";"1059";"sem vítima";"136.2";"BR-116/SC";"Sul";"Choque - Objeto sobre a pista";1;0;0;0;0;0;0;0;0;0;1;0;0;0;0
"11/07/2016";"07:08:00";"1094";"com vítima";"142";"BR-116/PR";"Norte";"Colisão Lateral";0;0;0;1;0;0;0;0;0;1;1;1;0;0;0
"11/07/2016";"01:39:00";"1138";"sem vítima";"131";"BR-116/PR";"Sul";"Saida de Pista";1;0;0;0;0;0;0;0;0;0;1;0;0;0;0
"12/07/2016";"03:59:00";"1290";"sem vítima";"118";"BR-116/PR";"Norte";"Choque - Defensa, barreira ou "submarino"";1;0;0;0;0;0;0;0;0;1;2;0;0;0;0
"12/07/2016";"04:05:00";"1292";"com vítima";"134.8";"BR-116/SC";"Sul";"Saida de Pista";0;0;1;0;0;0;0;0;0;0;0;0;0;1;1
"13/07/2016";"03:16:00";"1341";"com vítima";"108.7";"BR-116/SC";"Norte";"Saida de Pista";0;0;1;0;0;0;0;0;0;0;0;1;0;0;0
"13/07/2016";"07:40:00";"1358";"sem vítima";"33.5";"BR-116/SC";"Sul";"Colisão Traseira";2;0;0;0;0;0;0;0;0;0;5;0;0;0;0
"13/07/2016";"07:47:00";"1359";"sem vítima";"126";"BR-116/PR";"Norte";"Colisão Lateral";1;0;0;1;0;0;0;0;0;0;3;0;0;0;0
"13/07/2016";"01:19:00";"1398";"sem vítima";"143";"BR-116/PR";"Norte";"Choque - Veiculo parado no acostamento";1;0;0;0;0;0;0;0;0;1;2;0;0;0;0
"13/07/2016";"06:20:00";"1439";"sem vítima";"247";"BR-116/SC";"Norte";"Colisão Lateral";1;0;1;0;0;0;0;0;0;0;2;0;0;0;0
"13/07/2016";"06:56:00";"1443";"sem vítima";"129";"BR-116/PR";"Norte";"Colisão Traseira";1;0;0;0;0;0;0;0;0;1;4;0;0;0;0
"13/07/2016";"07:25:00";"1448";"com vítima";"76.4";"BR-116/SC";"Sul";"Colisão Frontal";2;0;0;0;0;0;0;0;0;0;1;1;0;0;0
"14/07/2016";"06:44:00";"1480";"sem vítima";"139.5";"BR-116/PR";"Sul";"Outros";0;1;0;0;0;0;0;0;0;0;1;0;0;0;0
"14/07/2016";"08:27:00";"1492";"sem vítima";"171.8";"BR-116/PR";"Norte";"Atropelamento - Animal";1;0;0;0;0;0;0;0;0;0;1;0;0;0;0
"14/07/2016";"09:07:00";"1497";"com vítima";"140";"BR-116/PR";"Sul";"Colisão Transversal";1;0;0;1;0;0;0;0;0;0;1;1;0;0;0
"14/07/2016";"12:07:00";"1520";"sem vítima";"186";"BR-116/PR";"Sul";"Colisão Traseira";1;0;2;0;0;0;0;0;0;0;3;0;0;0;0
"15/07/2016";"01:34:00";"1583";"sem vítima";"117.8";"BR-116/PR";"Sul";"Colisão Lateral";1;0;0;0;0;1;0;0;0;0;2;0;0;0;0
"15/07/2016";"10:30:00";"1624";"sem vítima";"115";"BR-116/PR";"Sul";"Colisão Traseira";1;0;0;1;0;0;0;0;0;0;2;0;0;0;0
"15/07/2016";"12:48:00";"1640";"sem vítima";"124";"BR-116/SC";"Sul";"Saida de Pista";1;0;0;0;0;0;0;0;0;0;1;0;0;0;0
"15/07/2016";"08:05:00";"1682";"com vítima";"283.9";"BR-116/SC";"Norte";"Saida de Pista";0;0;1;0;0;0;0;0;0;0;1;1;0;0;0
"16/07/2016";"02:46:00";"1719";"com vítima";"213";"BR-116/SC";"Sul";"Saida de Pista";1;0;0;0;0;0;0;0;0;0;1;4;0;0;0
"16/07/2016";"02:30:00";"1754";"sem vítima";"209.3";"BR-116/PR";"Sul";"Choque - Defensa, barreira ou "submarino"";1;0;0;0;0;0;0;0;0;0;1;0;0;0;0
"16/07/2016";"06:01:00";"1779";"com vítima";"108.6";"BR-116/SC";"Norte";"Colisão Lateral";0;0;1;0;0;0;0;0;0;1;4;0;0;0;1
"16/07/2016";"09:03:00";"1797";"sem vítima";"117.3";"BR-116/PR";"Sul";"Colisão Traseira";1;0;1;0;0;0;0;0;0;0;4;0;0;0;0
"16/07/2016";"09:25:00";"1799";"com vítima";"111";"BR-116/SC";"Norte";"Colisão Traseira";0;0;3;0;0;0;0;0;0;0;2;1;0;0;0
"16/07/2016";"10:15:00";"1804";"sem vítima";"53";"BR-116/SC";"Sul";"Saida de Pista";1;0;0;0;0;0;0;0;0;0;1;0;0;0;0
"17/07/2016";"12:09:00";"1805";"sem vítima";"116.7";"BR-116/PR";"Norte";"Colisão Lateral";0;0;1;0;0;1;0;0;0;0;2;0;0;0;0
"17/07/2016";"09:14:00";"1825";"sem vítima";"208";"BR-116/SC";"Sul";"Saida de Pista";1;0;0;0;0;0;0;0;0;0;2;0;0;0;0
"17/07/2016";"08:16:00";"1891";"com vítima";"212.8";"BR-116/SC";"Norte";"Saida de Pista";1;0;0;0;0;0;0;0;0;0;0;2;0;0;0
"17/07/2016";"09:27:00";"1896";"sem vítima";"134.2";"BR-116/PR";"Norte";"Saida de Pista";1;0;0;0;0;0;0;0;0;0;4;0;0;0;0
"17/07/2016";"10:19:00";"1899";"sem vítima";"74.9";"BR-116/SC";"Sul";"Saida de Pista";1;0;0;0;0;0;0;0;0;0;2;0;0;0;0
"17/07/2016";"10:36:00";"1900";"sem vítima";"118";"BR-116/PR";"Sul";"Colisão Lateral";1;0;1;0;0;0;0;0;0;0;2;0;0;0;0
"18/07/2016";"08:09:00";"1920";"sem vítima";"115";"BR-116/PR";"Norte";"Colisão Traseira";1;0;0;0;0;1;0;0;0;0;2;0;0;0;0
"18/07/2016";"01:51:00";"1958";"sem vítima";"184.5";"BR-116/SC";"Norte";"Saida de Pista";1;0;0;0;0;0;0;0;0;0;1;0;0;0;0
"18/07/2016";"04:36:00";"1990";"sem vítima";"117.5";"BR-116/PR";"Norte";"Choque - Objeto sobre a pista";1;0;0;0;0;0;0;0;0;0;1;0;0;0;0
"18/07/2016";"04:38:00";"1995";"sem vítima";"117.5";"BR-116/PR";"Sul";"Choque - Objeto sobre a pista";1;0;0;0;0;0;0;0;0;0;1;0;0;0;0
"18/07/2016";"07:53:00";"2008";"com vítima";"143.1";"BR-116/PR";"Norte";"Choque - Objeto sobre a pista";0;0;0;1;0;0;0;0;0;0;0;1;0;0;0
"18/07/2016";"09:03:00";"2013";"sem vítima";"75";"BR-116/SC";"Sul";"Colisão Lateral";0;0;1;0;0;1;0;0;0;0;2;0;0;0;0
"19/07/2016";"12:15:00";"2022";"sem vítima";"231";"BR-116/SC";"Norte";"Atropelamento - Animal";1;0;0;0;0;0;0;0;0;0;1;0;0;0;0
"19/07/2016";"07:17:00";"2144";"sem vítima";"264";"BR-116/SC";"Sul";"Saida de Pista";1;0;0;0;0;0;0;0;0;0;1;0;0;0;0
"19/07/2016";"11:32:00";"2160";"com vítima";"24.4";"BR-116/SC";"Norte";"Tombamento";0;0;1;0;0;0;0;0;0;0;0;1;0;0;0
"20/07/2016";"07:38:00";"2185";"com vítima";"115";"BR-116/PR";"Sul";"Engavetamento";2;0;0;1;0;0;0;0;0;0;4;1;0;0;0
"20/07/2016";"10:46:00";"2213";"sem vítima";"81.6";"BR-116/SC";"Sul";"Colisão Lateral";0;0;2;0;0;0;0;0;0;0;2;0;0;0;0
"20/07/2016";"05:08:00";"2257";"sem vítima";"146";"BR-116/PR";"Norte";"Saida de Pista";1;0;0;0;0;0;0;0;0;0;1;0;0;0;0
"20/07/2016";"06:27:00";"2264";"sem vítima";"191";"BR-116/PR";"Sul";"Colisão Traseira";0;0;0;0;0;0;0;0;0;2;2;0;0;0;0
"20/07/2016";"06:31:00";"2265";"com vítima";"210.8";"BR-116/PR";"Sul";"Colisão Transversal";1;0;0;1;0;0;0;0;0;0;1;1;0;0;0
"20/07/2016";"07:29:00";"2270";"com vítima";"142.8";"BR-116/PR";"Sul";"Colisão Transversal";1;0;0;1;0;0;0;0;0;0;1;1;0;2;0
"21/07/2016";"01:54:00";"2341";"com vítima";"300.7";"BR-116/SC";"Norte";"Colisão Traseira";3;0;0;0;0;1;0;0;0;0;7;1;0;0;0
"21/07/2016";"04:54:00";"2361";"sem vítima";"122.8";"BR-116/PR";"Sul";"Colisão Traseira";2;0;1;0;0;0;0;0;0;0;6;0;0;0;0
"21/07/2016";"07:47:00";"2378";"sem vítima";"115";"BR-116/PR";"Norte";"Colisão Traseira";2;0;0;0;0;1;0;0;0;0;6;0;0;0;0
"21/07/2016";"08:06:00";"2381";"sem vítima";"172.7";"BR-116/SC";"Sul";"Choque - Objeto sobre a pista";1;0;0;0;0;0;0;0;0;0;2;0;0;0;0
"21/07/2016";"10:53:00";"2389";"sem vítima";"47.2";"BR-116/SC";"Sul";"Choque - Outros";1;0;0;0;0;0;0;0;0;0;1;0;0;0;0
"22/07/2016";"10:17:00";"2431";"sem vítima";"135";"BR-116/SC";"Sul";"Colisão Traseira";1;0;0;1;0;0;0;0;0;0;2;0;0;0;0