data;horario;n_da_ocorrencia;tipo_de_ocorrencia;km;trecho;sentido;tipo_de_acidente;automovel;bicicleta;caminhao;moto;onibus;outros;tracao_animal;transporte_de_cargas_especiais;trator_maquinas;utilitarios;ilesos;levemente_feridos;moderadamente_feridos;gravemente_feridos;mortos
"07/11/2016";"03:36:00";"713";"com vítima";"202.9";"BR-116/PR";"Sul";"Colisão Transversal";2;0;0;0;0;0;0;0;0;0;2;1;0;0;0
"07/11/2016";"03:47:00";"716";"sem vítima";"117.1";"BR-116/PR";"Sul";"Colisão Lateral";1;0;1;0;0;0;0;0;0;0;2;0;0;0;0
"07/11/2016";"07:26:00";"739";"sem vítima";"115.5";"BR-116/PR";"Sul";"Colisão Lateral";1;0;0;1;0;0;0;0;0;0;2;0;0;0;0
"08/11/2016";"05:36:00";"774";"sem vítima";"135";"BR-116/PR";"Norte";"Saida de Pista";0;0;0;0;0;0;0;0;0;1;1;0;0;0;0
"08/11/2016";"09:22:00";"799";"sem vítima";"155";"BR-116/SC";"Norte";"Tombamento";0;0;1;0;0;0;0;0;0;0;1;0;0;0;0
"08/11/2016";"10:29:00";"811";"sem vítima";"139.4";"BR-116/SC";"Sul";"Colisão Transversal";2;0;0;0;0;0;0;0;0;0;2;0;0;0;0
"09/11/2016";"06:45:00";"909";"com vítima";"125.95";"BR-116/PR";"Norte";"Colisão Lateral";1;0;0;1;0;0;0;0;0;0;2;1;0;0;0
"09/11/2016";"10:27:00";"932";"sem vítima";"117.2";"BR-116/PR";"Sul";"Colisão Lateral";1;0;0;0;0;1;0;0;0;0;2;0;0;0;0
"09/11/2016";"12:11:00";"943";"sem vítima";"117.3";"BR-116/PR";"Sul";"Colisão Lateral";1;0;1;0;0;0;0;0;0;0;3;0;0;0;0
"09/11/2016";"12:21:00";"944";"sem vítima";"117.2";"BR-116/PR";"Sul";"Colisão Lateral";1;0;1;0;0;0;0;0;0;0;2;0;0;0;0
"10/11/2016";"12:41:00";"1022";"com vítima";"47.3";"BR-116/SC";"Sul";"Colisão Frontal";0;0;2;0;0;0;0;0;0;0;1;1;0;0;0
"10/11/2016";"12:35:00";"1103";"com vítima";"129";"BR-116/PR";"Norte";"Choque - Poste";1;0;0;1;0;1;0;0;0;0;2;1;0;0;0
"10/11/2016";"01:39:00";"1109";"sem vítima";"125";"BR-116/PR";"Norte";"Colisão Traseira";0;0;0;0;0;1;0;0;0;1;2;0;0;0;0
"11/11/2016";"12:07:00";"1173";"sem vítima";"73.8";"BR-116/SC";"Sul";"Colisão Transversal";0;0;1;0;0;0;0;0;1;0;3;0;0;0;0
"11/11/2016";"12:49:00";"1176";"sem vítima";"135";"BR-116/SC";"Norte";"Saida de Pista";1;0;0;0;0;0;0;0;0;0;2;0;0;0;0
"11/11/2016";"03:26:00";"1258";"com vítima";"179.5";"BR-116/SC";"Sul";"Atropelamento - Usuário";1;0;0;0;0;0;0;0;0;0;1;1;0;0;0
"11/11/2016";"10:01:00";"1284";"sem vítima";"2.4";"BR-116/SC";"Sul";"Colisão Traseira";2;0;0;0;0;0;0;0;0;0;4;0;0;0;0
"12/11/2016";"06:50:00";"1309";"sem vítima";"134";"BR-116/PR";"Sul";"Choque - Defensa, barreira ou "submarino"";1;0;0;0;0;0;0;0;0;0;1;0;0;0;0
"12/11/2016";"07:57:00";"1312";"com vítima";"115";"BR-116/PR";"Norte";"Colisão Traseira";1;0;0;1;0;0;0;0;0;0;1;1;0;0;0
"12/11/2016";"11:34:00";"1327";"com vítima";"139.6";"BR-116/SC";"Sul";"Colisão Transversal";1;0;0;1;0;0;0;0;0;0;1;2;0;0;0
"12/11/2016";"11:36:00";"1328";"sem vítima";"74.5";"BR-116/SC";"Sul";"Atropelamento de Animal";1;0;0;0;0;0;0;0;0;0;1;0;0;0;0
"12/11/2016";"11:50:00";"1330";"com vítima";"302.7";"BR-116/SC";"Sul";"Capotamento";1;0;0;0;0;0;0;0;0;0;1;2;0;0;0
"12/11/2016";"12:07:00";"1332";"sem vítima";"69";"BR-116/SC";"Norte";"Colisão Lateral";1;0;1;0;0;0;0;0;0;0;2;0;0;0;0
"12/11/2016";"01:48:00";"1340";"sem vítima";"128";"BR-116/PR";"Sul";"Saida de Pista";1;0;0;0;0;0;0;0;0;0;1;0;0;0;0
"12/11/2016";"03:44:00";"1351";"com vítima";"129";"BR-116/SC";"Sul";"Colisão Frontal";1;0;0;1;0;0;0;0;0;0;1;2;0;0;1
"13/11/2016";"04:29:00";"1383";"com vítima";"233";"BR-116/SC";"Norte";"Engavetamento";3;0;0;0;0;0;0;0;0;0;4;1;0;2;0
"13/11/2016";"05:18:00";"1384";"sem vítima";"117";"BR-116/PR";"Sul";"Colisão Lateral";2;0;0;0;0;0;0;0;0;0;2;0;0;0;0
"13/11/2016";"11:36:00";"1441";"sem vítima";"118.9";"BR-116/PR";"Sul";"Colisão Traseira";2;0;0;0;0;0;0;0;0;0;2;0;0;0;0
"14/11/2016";"07:58:00";"1453";"sem vítima";"234.95";"BR-116/SC";"Norte";"Tombamento";0;0;1;0;0;0;0;0;0;0;1;0;0;0;0
"14/11/2016";"02:27:00";"1490";"sem vítima";"37.4";"BR-116/SC";"Norte";"Tombamento";0;0;0;0;0;0;0;0;1;0;1;0;0;0;0
"14/11/2016";"06:17:00";"1519";"com vítima";"117.9";"BR-116/PR";"Sul";"Colisão Lateral";0;0;0;1;0;1;0;0;0;0;1;2;0;0;0
"14/11/2016";"10:24:00";"1528";"com vítima";"219.3";"BR-116/SC";"Norte";"Colisão Transversal";1;0;0;1;0;0;0;0;0;0;2;0;0;1;0
"14/11/2016";"10:41:00";"1531";"sem vítima";"133.8";"BR-116/PR";"Sul";"Capotamento";1;0;0;0;0;0;0;0;0;0;1;0;0;0;0
"14/11/2016";"11:52:00";"1535";"com vítima";"117.3";"BR-116/PR";"Sul";"Queda de Moto";0;0;0;1;0;0;0;0;0;0;0;1;0;0;0
"15/11/2016";"11:10:00";"1570";"com vítima";"119";"BR-116/PR";"Sul";"Capotamento";1;0;0;0;0;0;0;0;0;0;0;0;0;1;0
"15/11/2016";"12:36:00";"1576";"sem vítima";"67";"BR-116/SC";"Norte";"Colisão Lateral";1;0;1;0;0;0;0;0;0;0;2;0;0;0;0
"15/11/2016";"06:22:00";"1600";"sem vítima";"245";"BR-116/SC";"Sul";"Colisão Traseira";1;0;0;0;0;1;0;0;0;0;3;0;0;0;0
"15/11/2016";"06:23:00";"1603";"sem vítima";"2.2";"BR-116/SC";"Sul";"Colisão Traseira";1;0;0;0;0;1;0;0;0;0;4;0;0;0;0
"16/11/2016";"05:41:00";"1696";"com vítima";"139.5";"BR-116/PR";"Norte";"Colisão Lateral";0;0;0;0;0;1;0;0;0;1;1;1;0;0;0
"17/11/2016";"01:49:00";"1787";"sem vítima";"221.4";"BR-116/SC";"Norte";"Colisão Transversal";0;0;1;1;0;0;0;0;0;0;3;0;0;0;0
"17/11/2016";"03:39:00";"1801";"sem vítima";"308.7";"BR-116/SC";"Norte";"Saida de Pista";1;0;0;0;0;0;0;0;0;0;2;0;0;0;0
"17/11/2016";"04:45:00";"1806";"sem vítima";"69.2";"BR-116/SC";"Norte";"Colisão Traseira";2;0;0;0;0;0;0;0;0;0;2;0;0;0;0
"17/11/2016";"10:24:00";"1840";"com vítima";"131.8";"BR-116/PR";"Sul";"Queda de Moto";0;0;0;1;0;0;0;0;0;0;0;1;0;0;0
"18/11/2016";"06:13:00";"1856";"sem vítima";"214";"BR-116/SC";"Sul";"Capotamento";0;0;0;0;0;1;0;0;0;0;1;0;0;0;0
"18/11/2016";"07:15:00";"1863";"sem vítima";"31.5";"BR-116/SC";"Sul";"Colisão Lateral";1;0;1;0;0;0;0;0;0;0;2;0;0;0;0
"18/11/2016";"01:36:00";"1928";"com vítima";"163.8";"BR-116/SC";"Norte";"Objeto lançado contra veículo";1;0;1;0;0;0;0;0;0;0;3;1;0;0;0
"18/11/2016";"03:12:00";"1942";"sem vítima";"14";"BR-116/SC";"Sul";"Objeto lançado contra veículo";1;0;0;0;0;0;0;0;0;0;1;0;0;0;0
"18/11/2016";"03:21:00";"1946";"sem vítima";"204";"BR-116/PR";"Sul";"Colisão Traseira";1;0;1;0;0;0;0;0;0;0;2;0;0;0;0
"18/11/2016";"03:49:00";"1952";"sem vítima";"166.1";"BR-116/PR";"Sul";"Colisão Transversal";2;0;0;0;0;0;0;0;0;0;4;0;0;0;0
"18/11/2016";"03:49:00";"1953";"sem vítima";"76.85";"BR-116/SC";"Sul";"Colisão Transversal";2;0;0;0;0;0;0;0;0;0;2;0;0;0;0
"19/11/2016";"03:57:00";"2015";"sem vítima";"117";"BR-116/PR";"Norte";"Saida de Pista";0;0;1;0;0;0;0;0;0;0;1;0;0;0;0
"19/11/2016";"08:47:00";"2032";"sem vítima";"141";"BR-116/PR";"Sul";"Colisão Traseira";1;0;0;0;1;0;0;0;0;0;2;0;0;0;0
"19/11/2016";"02:07:00";"2062";"sem vítima";"81.6";"BR-116/SC";"Sul";"Colisão Traseira";1;0;0;0;0;1;0;0;0;0;2;0;0;0;0
"19/11/2016";"07:42:00";"2093";"sem vítima";"131";"BR-116/PR";"Sul";"Choque - Defensa, barreira ou "submarino"";1;0;0;0;0;0;0;0;0;0;1;0;0;0;0
"19/11/2016";"08:28:00";"2098";"sem vítima";"227";"BR-116/SC";"Sul";"Saida de Pista";1;0;0;0;0;0;0;0;0;0;4;0;0;0;0
"20/11/2016";"01:05:00";"2124";"com vítima";"165.1";"BR-116/PR";"Norte";"Saida de Pista";1;0;0;0;0;0;0;0;0;0;0;1;0;0;0
"20/11/2016";"01:11:00";"2162";"sem vítima";"116.5";"BR-116/PR";"Sul";"Colisão Traseira";1;0;0;0;0;1;0;0;0;0;2;0;0;0;0
"20/11/2016";"02:12:00";"2167";"sem vítima";"150";"BR-116/PR";"Sul";"Colisão Lateral";1;0;0;0;0;1;0;0;0;0;2;0;0;0;0
"20/11/2016";"05:24:00";"2195";"com vítima";"151.9";"BR-116/PR";"Norte";"Colisão Traseira";0;0;1;1;0;0;0;0;0;0;1;0;0;0;1
"20/11/2016";"07:46:00";"2207";"com vítima";"265.9";"BR-116/SC";"Norte";"Capotamento";1;0;0;0;0;0;0;0;0;0;0;2;0;0;0
"20/11/2016";"08:47:00";"2212";"com vítima";"179.9";"BR-116/SC";"Norte";"Atropelamento - Morador";0;0;0;0;0;1;0;0;0;0;1;1;0;0;0
"20/11/2016";"09:31:00";"2220";"sem vítima";"155.2";"BR-116/SC";"Norte";"Atropelamento de Animal";1;0;0;0;0;0;0;0;0;0;2;0;0;0;0
"20/11/2016";"10:33:00";"2221";"sem vítima";"245.5";"BR-116/SC";"Sul";"Colisão Transversal";2;0;0;0;0;0;0;0;0;0;7;0;0;0;0
"21/11/2016";"05:32:00";"2243";"com vítima";"263.88";"BR-116/SC";"Sul";"Colisão Frontal";1;0;1;0;0;0;0;0;0;0;1;1;0;0;0
"21/11/2016";"01:08:00";"2315";"sem vítima";"174";"BR-116/SC";"Sul";"Saida de Pista";1;0;0;0;0;0;0;0;0;0;1;0;0;0;0
"21/11/2016";"02:13:00";"2324";"sem vítima";"34.15";"BR-116/SC";"Norte";"Engavetamento";2;0;1;0;0;0;0;0;0;0;3;0;0;0;0
"22/11/2016";"08:56:00";"2408";"com vítima";"52";"BR-116/SC";"Norte";"Choque - Veiculo parado no acostamento";2;0;0;0;0;1;0;0;0;0;2;1;0;0;0
"22/11/2016";"03:39:00";"2484";"com vítima";"112.2";"BR-116/SC";"Sul";"Objeto lançado contra veículo";0;0;3;0;0;0;0;0;0;1;3;1;0;0;0
"22/11/2016";"06:31:00";"2515";"com vítima";"159";"BR-116/SC";"Sul";"Saida de Pista";0;0;1;0;0;0;0;0;0;0;0;2;0;0;0
"22/11/2016";"09:21:00";"2535";"sem vítima";"142";"BR-116/PR";"Norte";"Atropelamento de Animal";0;0;0;1;0;0;0;0;0;0;1;0;0;0;0
"23/11/2016";"02:51:00";"2620";"sem vítima";"126";"BR-116/PR";"Sul";"Colisão Traseira";0;0;2;0;0;0;0;0;0;0;2;0;0;0;0
"23/11/2016";"09:49:00";"2673";"com vítima";"79.3";"BR-116/SC";"Sul";"Atropelamento de Animal";1;0;0;0;0;0;0;0;0;0;0;0;0;0;2
"24/11/2016";"07:05:00";"2697";"com vítima";"116";"BR-116/PR";"Norte";"Colisão Lateral";1;0;0;1;0;0;0;0;0;0;1;1;0;0;0
"24/11/2016";"11:10:00";"2748";"sem vítima";"117.7";"BR-116/PR";"Sul";"Colisão Traseira";1;0;1;0;0;0;0;0;0;0;2;0;0;0;0
"24/11/2016";"02:19:00";"2772";"sem vítima";"19.55";"BR-116/SC";"Sul";"Colisão Traseira";2;0;0;0;0;0;0;0;0;0;4;0;0;0;0
"24/11/2016";"03:49:00";"2793";"sem vítima";"124";"BR-116/SC";"Sul";"Colisão Traseira";0;0;2;0;0;1;0;0;0;0;3;0;0;0;0
"25/11/2016";"02:10:00";"2851";"sem vítima";"117.2";"BR-116/PR";"Sul";"Capotamento";1;0;0;0;0;0;0;0;0;0;2;0;0;0;0
"25/11/2016";"07:59:00";"2865";"sem vítima";"205";"BR-116/SC";"Norte";"Colisão Transversal";1;0;0;0;0;0;0;0;0;1;2;0;0;0;0
"25/11/2016";"08:20:00";"2870";"sem vítima";"115";"BR-116/PR";"Norte";"Engavetamento";3;0;0;0;0;0;0;0;0;0;3;0;0;0;0
"25/11/2016";"10:58:00";"2907";"sem vítima";"120";"BR-116/PR";"Sul";"Colisão Lateral";1;0;1;0;0;0;0;0;0;0;2;0;0;0;0
"25/11/2016";"01:06:00";"2928";"sem vítima";"176";"BR-116/SC";"Norte";"Saida de Pista";1;0;0;0;0;0;0;0;0;0;1;0;0;0;0
"25/11/2016";"02:42:00";"2940";"sem vítima";"192";"BR-116/PR";"Norte";"Colisão Traseira";2;0;0;0;0;0;0;0;0;0;4;0;0;0;0
"25/11/2016";"03:11:00";"2946";"com vítima";"116.4";"BR-116/PR";"Sul";"Colisão Lateral";0;0;0;1;1;0;0;0;0;0;2;2;0;0;0
"25/11/2016";"05:24:00";"2964";"sem vítima";"134";"BR-116/PR";"Norte";"Colisão Traseira";1;0;1;0;0;0;0;0;0;0;2;0;0;0;0
"25/11/2016";"06:21:00";"2970";"sem vítima";"139";"BR-116/PR";"Norte";"Colisão Lateral";0;0;0;1;0;1;0;0;0;0;2;0;0;0;0
"26/11/2016";"08:02:00";"3018";"sem vítima";"104.7";"BR-116/SC";"Sul";"Colisão Lateral";0;0;3;0;0;0;0;0;0;0;3;0;0;0;0
"26/11/2016";"10:24:00";"3044";"sem vítima";"206";"BR-116/PR";"Sul";"Saida de Pista";1;0;0;0;0;0;0;0;0;0;1;0;0;0;0
"26/11/2016";"11:23:00";"3047";"sem vítima";"134";"BR-116/PR";"Sul";"Choque - Cancela de Pedagio";0;0;1;0;0;0;0;0;0;0;1;0;0;0;0
"26/11/2016";"12:07:00";"3050";"sem vítima";"167";"BR-116/PR";"Sul";"Colisão Traseira";1;0;0;1;0;0;0;0;0;0;2;0;0;0;0
"26/11/2016";"01:03:00";"3055";"sem vítima";"140.05";"BR-116/PR";"Norte";"Choque - Defensa, barreira ou "submarino"";1;0;0;0;0;0;0;0;0;0;1;0;0;0;0
"26/11/2016";"05:25:00";"3075";"sem vítima";"122.7";"BR-116/PR";"Norte";"Colisão Traseira";2;0;0;0;0;0;0;0;0;0;3;0;0;0;0
"26/11/2016";"10:39:00";"3108";"com vítima";"141";"BR-116/PR";"Sul";"Colisão Lateral";1;0;0;1;0;0;0;0;0;0;1;1;0;0;0
"27/11/2016";"06:24:00";"3124";"sem vítima";"147.1";"BR-116/PR";"Norte";"Colisão Traseira";1;0;1;0;0;0;0;0;0;0;2;0;0;0;0
"27/11/2016";"06:53:00";"3126";"sem vítima";"234.82";"BR-116/SC";"Norte";"Saida de Pista";1;0;0;0;0;0;0;0;0;0;1;0;0;0;0
"27/11/2016";"05:59:00";"3173";"sem vítima";"206";"BR-116/PR";"Sul";"Saida de Pista";1;0;0;0;0;0;0;0;0;0;1;0;0;0;0
"27/11/2016";"09:01:00";"3186";"sem vítima";"152.3";"BR-116/PR";"Sul";"Saida de Pista";1;0;0;0;0;0;0;0;0;0;4;0;0;0;0
"27/11/2016";"09:52:00";"3191";"sem vítima";"122";"BR-116/PR";"Norte";"Saida de Pista";1;0;0;0;0;0;0;0;0;0;2;0;0;0;0
"27/11/2016";"10:07:00";"3192";"sem vítima";"144.7";"BR-116/SC";"Sul";"Saida de Pista";1;0;0;0;0;0;0;0;0;0;1;0;0;0;0
"28/11/2016";"01:23:00";"3276";"sem vítima";"119";"BR-116/PR";"Sul";"Choque - Suporte de Sinalização";0;0;0;0;0;0;0;0;0;1;1;0;0;0;0
"28/11/2016";"02:03:00";"3280";"com vítima";"9.5";"BR-116/SC";"Norte";"Colisão Transversal";1;0;0;0;0;0;0;0;0;1;1;1;0;0;0
"28/11/2016";"02:45:00";"3289";"sem vítima";"138.5";"BR-116/SC";"Sul";"Colisão Transversal";0;0;2;0;0;0;0;0;0;0;2;0;0;0;0
"28/11/2016";"06:23:00";"3318";"sem vítima";"275";"BR-116/SC";"Sul";"Colisão Traseira";2;0;0;0;0;0;0;0;0;0;2;0;0;0;0
"28/11/2016";"07:54:00";"3328";"sem vítima";"52";"BR-116/SC";"Sul";"Colisão Transversal";1;0;1;0;0;0;0;0;0;0;2;0;0;0;0
"29/11/2016";"03:01:00";"3403";"sem vítima";"204.95";"BR-116/SC";"Norte";"Tombamento";0;0;1;0;0;0;0;0;0;0;1;0;0;0;0
"29/11/2016";"11:36:00";"3454";"com vítima";"122";"BR-116/PR";"Sul";"Choque - Defensa, barreira ou "submarino"";0;0;0;1;0;0;0;0;0;0;0;1;0;0;0
"30/11/2016";"06:52:00";"3464";"com vítima";"120.5";"BR-116/PR";"Norte";"Colisão Lateral";1;0;0;1;0;0;0;0;0;0;1;1;0;0;0
"30/11/2016";"03:04:00";"3540";"sem vítima";"211";"BR-116/PR";"Sul";"Objeto lançado contra veículo";1;0;0;0;0;0;0;0;0;0;3;0;0;0;0
"30/11/2016";"04:43:00";"3562";"sem vítima";"131.5";"BR-116/SC";"Sul";"Choque - Objeto sobre a pista";1;0;0;0;0;0;0;0;0;0;3;0;0;0;0
"01/12/2016";"12:22:00";"1";"sem vítima";"120.5";"BR-116/PR";"Sul";"Capotamento";1;0;0;0;0;0;0;0;0;0;1;0;0;0;0
"01/12/2016";"04:33:00";"4";"sem vítima";"211.2";"BR-116/SC";"Norte";"Saida de Pista";1;0;0;0;0;0;0;0;0;0;1;0;0;0;0
"01/12/2016";"07:10:00";"9";"com vítima";"121";"BR-116/PR";"Norte";"Colisão Traseira";2;0;0;1;0;0;0;0;0;0;3;1;0;0;0
"01/12/2016";"08:19:00";"16";"sem vítima";"124";"BR-116/PR";"Norte";"Colisão Traseira";2;0;0;0;0;0;0;0;0;0;2;0;0;0;0
"01/12/2016";"03:07:00";"88";"com vítima";"294.7";"BR-116/SC";"Sul";"Colisão Traseira";0;0;2;0;0;0;0;0;0;0;1;1;0;0;0
"02/12/2016";"06:02:00";"164";"sem vítima";"120.02";"BR-116/PR";"Norte";"Engavetamento";1;0;0;0;0;0;0;0;0;1;2;0;0;0;0
"02/12/2016";"06:23:00";"165";"com vítima";"121.9";"BR-116/PR";"Sul";"Colisão Lateral";2;0;0;0;0;0;0;0;0;0;1;1;0;0;0
"02/12/2016";"06:52:00";"166";"sem vítima";"120";"BR-116/PR";"Norte";"Colisão Traseira";2;0;0;0;0;0;0;0;0;0;2;0;0;0;0
"02/12/2016";"06:54:00";"167";"sem vítima";"126.4";"BR-116/PR";"Norte";"Colisão Frontal";2;0;0;0;0;0;0;0;0;0;2;0;0;0;0
"02/12/2016";"07:42:00";"170";"sem vítima";"165";"BR-116/PR";"Norte";"Colisão Lateral";1;0;0;1;0;0;0;0;0;0;2;0;0;0;0
"02/12/2016";"09:12:00";"184";"com vítima";"218";"BR-116/SC";"Sul";"Colisão Frontal";0;0;1;0;0;0;0;0;0;1;0;2;0;0;1
"02/12/2016";"09:25:00";"187";"sem vítima";"122";"BR-116/PR";"Norte";"Colisão Traseira";1;0;1;0;0;0;0;0;0;0;2;0;0;0;0
"02/12/2016";"04:21:00";"246";"sem vítima";"125.9";"BR-116/PR";"Norte";"Objeto lançado contra veículo";1;0;0;0;0;0;0;0;0;0;1;0;0;0;0
"02/12/2016";"07:08:00";"265";"com vítima";"285.2";"BR-116/SC";"Norte";"Colisão Traseira";1;0;1;0;0;0;0;0;0;0;2;1;0;0;0
"02/12/2016";"09:20:00";"278";"com vítima";"117";"BR-116/PR";"Sul";"Colisão Traseira";2;0;0;0;0;0;0;0;0;0;2;1;0;0;0
"02/12/2016";"09:46:00";"283";"com vítima";"142.2";"BR-116/SC";"Sul";"Colisão Traseira";2;0;0;0;0;0;0;0;0;0;2;1;0;0;0
"02/12/2016";"10:36:00";"286";"com vítima";"70.95";"BR-116/SC";"Sul";"Saida de Pista";1;0;0;0;0;0;0;0;0;0;0;2;0;0;0
"03/12/2016";"09:21:00";"313";"sem vítima";"131";"BR-116/PR";"Norte";"Colisão Frontal";2;0;0;0;0;0;0;0;0;0;2;0;0;0;0
"03/12/2016";"01:47:00";"323";"sem vítima";"162";"BR-116/PR";"Sul";"Saida de Pista";0;0;0;0;0;0;0;0;0;1;1;0;0;0;0
"03/12/2016";"01:57:00";"324";"sem vítima";"141.5";"BR-116/PR";"Norte";"Colisão Traseira";1;0;0;1;0;0;0;0;0;0;2;0;0;0;0
"03/12/2016";"05:47:00";"333";"com vítima";"205.4";"BR-116/SC";"Norte";"Saida de Pista";1;0;0;0;0;0;0;0;0;0;0;1;0;0;0
"03/12/2016";"06:10:00";"334";"sem vítima";"134";"BR-116/PR";"Sul";"Colisão Traseira";2;0;0;0;0;0;0;0;0;0;3;0;0;0;0
"03/12/2016";"06:54:00";"335";"sem vítima";"207";"BR-116/SC";"Sul";"Saida de Pista";1;0;0;0;0;0;0;0;0;0;1;0;0;0;0
"03/12/2016";"07:21:00";"340";"sem vítima";"208";"BR-116/PR";"Norte";"Colisão Traseira";1;0;0;0;0;1;0;0;0;0;4;0;0;0;0
"03/12/2016";"10:44:00";"348";"com vítima";"2.4";"BR-116/SC";"Norte";"Colisão Traseira";2;0;0;0;0;0;0;0;0;0;2;1;0;0;0
"03/12/2016";"11:31:00";"351";"sem vítima";"220.4";"BR-116/SC";"Sul";"Saida de Pista";1;0;0;0;0;0;0;0;0;0;2;0;0;0;0
"04/12/2016";"08:02:00";"366";"sem vítima";"117";"BR-116/PR";"Sul";"Choque - Veiculo parado na pista";2;0;1;0;0;0;0;0;0;0;3;0;0;0;0
"04/12/2016";"11:24:00";"373";"sem vítima";"201";"BR-116/SC";"Sul";"Capotamento";1;0;0;0;0;0;0;0;0;0;1;0;0;0;0
"04/12/2016";"01:00:00";"376";"com vítima";"304.6";"BR-116/SC";"Sul";"Saida de Pista";1;0;0;0;0;0;0;0;0;0;0;1;0;0;0
"04/12/2016";"01:29:00";"382";"com vítima";"146";"BR-116/PR";"Sul";"Colisão Lateral";2;0;0;0;0;0;0;0;0;0;1;2;0;0;0
"04/12/2016";"03:48:00";"391";"sem vítima";"199";"BR-116/PR";"Norte";"Choque - Defensa, barreira ou "submarino"";1;0;0;0;0;0;0;0;0;0;1;0;0;0;0
"04/12/2016";"06:50:00";"412";"sem vítima";"210.8";"BR-116/PR";"Sul";"Colisão Lateral";2;0;0;0;0;0;0;0;0;1;7;0;0;0;0
"05/12/2016";"06:30:00";"447";"com vítima";"126";"BR-116/PR";"Sul";"Colisão Lateral";2;0;0;1;0;0;0;0;0;0;2;1;0;0;0
"05/12/2016";"08:43:00";"457";"com vítima";"181.5";"BR-116/SC";"Norte";"Colisão Traseira";1;0;1;0;0;0;0;0;0;0;1;1;0;0;0
"06/12/2016";"08:54:00";"581";"com vítima";"127";"BR-116/PR";"Norte";"Queda de Moto";0;0;0;1;0;0;0;0;0;0;1;1;0;0;0
"06/12/2016";"08:55:00";"582";"sem vítima";"192";"BR-116/SC";"Norte";"Colisão Lateral";2;0;0;0;0;0;0;0;0;0;2;0;0;0;0
"06/12/2016";"01:58:00";"626";"com vítima";"219.77";"BR-116/SC";"Sul";"Atropelamento - Usuário";0;0;0;1;0;0;0;0;0;0;0;1;0;1;0
"06/12/2016";"05:24:00";"660";"sem vítima";"152";"BR-116/PR";"Norte";"Colisão Transversal";1;0;1;0;0;0;0;0;0;0;2;0;0;0;0
"06/12/2016";"05:49:00";"662";"com vítima";"19.1";"BR-116/SC";"Sul";"Choque - Veiculo parado na pista";0;0;2;0;0;0;0;0;0;0;1;1;0;0;0
"06/12/2016";"09:07:00";"676";"com vítima";"125.9";"BR-116/PR";"Norte";"Atropelamento - Usuário";0;0;0;0;0;1;0;0;0;0;1;0;0;1;0
"07/12/2016";"12:05:00";"752";"sem vítima";"126.1";"BR-116/PR";"Sul";"Colisão Traseira";1;0;0;0;0;1;0;0;0;0;2;0;0;0;0
"07/12/2016";"06:12:00";"804";"sem vítima";"4.5";"BR-116/SC";"Sul";"Colisão Lateral";1;0;1;0;0;0;0;0;0;0;2;0;0;0;0
"07/12/2016";"07:06:00";"810";"sem vítima";"116.7";"BR-116/PR";"Norte";"Colisão Traseira";3;0;0;0;0;0;0;0;0;0;8;0;0;0;0
"07/12/2016";"07:07:00";"811";"sem vítima";"151.1";"BR-116/PR";"Sul";"Choque - Defensa, barreira ou "submarino"";0;0;1;0;0;0;0;0;0;0;1;0;0;0;0
"08/12/2016";"07:01:00";"841";"com vítima";"308.75";"BR-116/SC";"Norte";"Tombamento";0;0;1;0;0;0;0;0;0;0;0;1;0;0;0
"08/12/2016";"07:46:00";"847";"com vítima";"126";"BR-116/PR";"Norte";"Colisão Lateral";0;0;0;1;0;1;0;0;0;0;1;1;0;0;0
"08/12/2016";"08:10:00";"968";"sem vítima";"122";"BR-116/PR";"Norte";"Saida de Pista";1;0;0;0;0;1;0;0;0;0;2;0;0;0;0
"08/12/2016";"10:31:00";"974";"com vítima";"38.7";"BR-116/SC";"Sul";"Colisão Traseira";1;0;0;0;0;0;0;0;0;1;1;1;0;0;0
"09/12/2016";"07:01:00";"988";"com vítima";"118.8";"BR-116/PR";"Norte";"Colisão Lateral";1;0;0;1;0;0;0;0;0;0;1;2;0;0;0
"09/12/2016";"01:02:00";"1041";"sem vítima";"2";"BR-116/SC";"Sul";"Colisão Traseira";1;0;0;0;0;1;0;0;0;0;5;0;0;0;0
"09/12/2016";"01:28:00";"1043";"com vítima";"101.3";"BR-116/SC";"Sul";"Queda de Moto";0;0;0;1;0;0;0;0;0;0;0;1;0;0;0
"09/12/2016";"03:05:00";"1060";"sem vítima";"134";"BR-116/PR";"Sul";"Colisão Traseira";2;0;0;0;0;0;0;0;0;0;4;0;0;0;0
"09/12/2016";"05:42:00";"1082";"sem vítima";"199.6";"BR-116/SC";"Norte";"Tombamento";0;0;0;0;0;0;0;0;1;0;1;0;0;0;0
"09/12/2016";"10:29:00";"1093";"sem vítima";"204.9";"BR-116/PR";"Norte";"Saida de Pista";2;0;0;0;0;0;0;0;0;0;4;0;0;0;0
"10/12/2016";"12:12:00";"1101";"sem vítima";"81.2";"BR-116/SC";"Sul";"Outros";0;0;1;0;0;0;0;0;0;0;1;0;0;0;0
"10/12/2016";"12:17:00";"1104";"sem vítima";"210.3";"BR-116/SC";"Sul";"Saida de Pista";1;0;0;0;0;0;0;0;0;0;1;0;0;0;0
"10/12/2016";"07:10:00";"1116";"com vítima";"119";"BR-116/PR";"Norte";"Choque - Defensa, barreira ou "submarino"";0;0;0;1;0;0;0;0;0;0;0;1;0;0;0