data;horario;n_da_ocorrencia;tipo_de_ocorrencia;km;trecho;sentido;tipo_de_acidente;automovel;bicicleta;caminhao;moto;onibus;outros;tracao_animal;transporte_de_cargas_especiais;trator_maquinas;utilitarios;ilesos;levemente_feridos;moderadamente_feridos;gravemente_feridos;mortos
"13/01/2017";"02:42:00";"1430";"com vítima";"174.8";"BR-116/PR";"Norte";"Colisão Transversal";2;0;0;0;0;0;0;0;0;0;1;1;0;0;0
"13/01/2017";"02:48:00";"1432";"com vítima";"4.5";"BR-116/SC";"Sul";"Incêndio";2;0;0;0;0;0;0;0;0;0;6;1;0;0;0
"13/01/2017";"05:33:00";"1450";"sem vítima";"132";"BR-116/PR";"Norte";"Choque - Defensa, barreira ou "submarino"";1;0;0;0;0;0;0;0;0;0;1;0;0;0;0
"13/01/2017";"08:03:00";"1462";"sem vítima";"234";"BR-116/SC";"Sul";"Saida de Pista";1;0;0;0;0;0;0;0;0;0;1;0;0;0;0
"14/01/2017";"02:38:00";"1488";"sem vítima";"126.2";"BR-116/PR";"Sul";"Colisão Transversal";2;0;0;0;0;0;0;0;0;0;6;0;0;0;0
"14/01/2017";"03:20:00";"1541";"sem vítima";"116";"BR-116/PR";"Sul";"Colisão Traseira";2;0;0;0;0;0;0;0;0;0;2;0;0;0;0
"14/01/2017";"07:47:00";"1565";"sem vítima";"76.05";"BR-116/SC";"Norte";"Colisão Lateral";1;0;1;0;0;0;0;0;0;0;2;0;0;0;0
"15/01/2017";"08:54:00";"1597";"com vítima";"134.8";"BR-116/PR";"Sul";"Colisão Transversal";0;0;1;1;0;0;0;0;0;0;1;0;0;0;1
"15/01/2017";"08:03:00";"1664";"sem vítima";"130";"BR-116/PR";"Norte";"Choque - Poste";0;0;1;0;0;0;0;0;0;0;1;0;0;0;0
"15/01/2017";"08:53:00";"1668";"sem vítima";"12";"BR-116/SC";"Norte";"Colisão Transversal";2;0;0;0;0;0;0;0;0;0;2;0;0;0;0
"15/01/2017";"09:34:00";"1673";"com vítima";"181";"BR-116/SC";"Norte";"Saida de Pista";1;0;0;0;0;0;0;0;0;0;2;0;0;1;0
"16/01/2017";"07:03:00";"1696";"sem vítima";"120.5";"BR-116/PR";"Norte";"Colisão Traseira";2;0;0;0;0;0;0;0;0;0;2;0;0;0;0
"16/01/2017";"11:33:00";"1745";"com vítima";"121";"BR-116/PR";"Sul";"Colisão Traseira";0;0;0;2;0;0;0;0;0;0;1;2;0;0;0
"16/01/2017";"11:37:00";"1748";"sem vítima";"187";"BR-116/SC";"Sul";"Colisão Traseira";1;0;1;0;0;1;0;0;0;0;3;0;0;0;0
"16/01/2017";"11:08:00";"1828";"sem vítima";"124.8";"BR-116/PR";"Sul";"Colisão Traseira";2;0;0;0;0;0;0;0;0;0;2;0;0;0;0
"17/01/2017";"12:32:00";"1889";"sem vítima";"155";"BR-116/SC";"Sul";"Choque - Objeto sobre a pista";0;0;0;0;0;0;0;0;0;1;1;0;0;0;0
"18/01/2017";"12:59:00";"2012";"com vítima";"99";"BR-116/SC";"Sul";"Choque - Veiculo parado na pista";1;0;1;0;0;0;0;0;0;0;2;2;0;0;0
"18/01/2017";"03:31:00";"2031";"com vítima";"5.5";"BR-116/SC";"Norte";"Colisão Transversal";2;0;0;0;0;0;0;0;0;0;3;1;0;0;0
"18/01/2017";"03:45:00";"2034";"sem vítima";"14.6";"BR-116/SC";"Sul";"Objeto lançado contra veículo";0;0;0;0;1;0;0;0;0;0;1;0;0;0;0
"19/01/2017";"07:43:00";"2086";"sem vítima";"117";"BR-116/PR";"Norte";"Engavetamento";7;0;0;0;0;0;0;0;0;0;7;0;0;0;0
"19/01/2017";"08:00:00";"2088";"sem vítima";"116";"BR-116/PR";"Norte";"Engavetamento";3;0;0;0;0;0;0;0;0;0;3;0;0;0;0
"19/01/2017";"01:01:00";"2134";"com vítima";"115";"BR-116/PR";"Norte";"Colisão Traseira";0;0;0;1;0;1;0;0;0;0;1;1;0;0;0
"19/01/2017";"08:00:00";"2173";"com vítima";"175.6";"BR-116/SC";"Sul";"Saida de Pista";0;0;1;0;0;0;0;0;0;0;0;2;0;0;0
"20/01/2017";"10:29:00";"2253";"sem vítima";"193.5";"BR-116/PR";"Sul";"Colisão Traseira";2;0;0;0;0;0;0;0;0;0;2;0;0;0;0
"20/01/2017";"04:03:00";"2298";"sem vítima";"13.2";"BR-116/SC";"Norte";"Choque - Objeto sobre a pista";1;0;0;0;0;0;0;0;0;0;1;0;0;0;0
"20/01/2017";"05:13:00";"2306";"com vítima";"155.2";"BR-116/SC";"Sul";"Tombamento";0;0;1;0;0;0;0;0;0;0;1;1;0;0;0
"20/01/2017";"10:16:00";"2332";"com vítima";"128.95";"BR-116/PR";"Sul";"Atropelamento - Morador";0;0;0;0;0;1;0;0;0;0;1;0;0;0;1
"21/01/2017";"01:15:00";"2346";"com vítima";"1.2";"BR-116/SC";"Sul";"Colisão Transversal";1;0;1;0;0;0;0;0;0;0;1;1;0;0;0
"21/01/2017";"02:13:00";"2349";"sem vítima";"95";"BR-116/SC";"Norte";"Colisão Lateral";0;0;1;0;0;1;0;0;0;0;2;0;0;0;0
"21/01/2017";"10:19:00";"2436";"sem vítima";"127.9";"BR-116/PR";"Norte";"Colisão Lateral";1;0;0;1;0;0;0;0;0;0;2;0;0;0;0
"22/01/2017";"03:01:00";"2476";"com vítima";"22.3";"BR-116/SC";"Norte";"Colisão Transversal";2;0;0;0;0;0;0;0;0;0;1;1;0;2;0
"23/01/2017";"12:18:00";"2574";"com vítima";"118.5";"BR-116/PR";"Norte";"Colisão Lateral";1;0;0;1;0;0;0;0;0;0;1;1;0;0;0
"24/01/2017";"06:15:00";"2640";"sem vítima";"56.5";"BR-116/SC";"Norte";"Saida de Pista";0;0;1;0;0;0;0;0;0;0;1;0;0;0;0
"24/01/2017";"05:54:00";"2720";"sem vítima";"117";"BR-116/PR";"Sul";"Colisão Traseira";1;0;1;0;0;0;0;0;0;0;2;0;0;0;0
"24/01/2017";"07:30:00";"2728";"sem vítima";"56.3";"BR-116/SC";"Norte";"Choque - Elemento de Drenagem";1;0;0;0;0;0;0;0;0;0;1;0;0;0;0
"25/01/2017";"06:00:00";"2745";"sem vítima";"45.2";"BR-116/SC";"Norte";"Saida de Pista";1;0;0;0;0;0;0;0;0;0;1;0;0;0;0
"25/01/2017";"08:05:00";"2749";"com vítima";"126";"BR-116/PR";"Norte";"Colisão Traseira";0;0;0;1;0;1;0;0;0;0;1;1;0;0;0
"25/01/2017";"04:34:00";"2811";"com vítima";"62.4";"BR-116/SC";"Sul";"Saida de Pista";0;0;0;0;1;0;0;0;0;0;1;1;0;0;0
"25/01/2017";"06:47:00";"2821";"sem vítima";"194.5";"BR-116/PR";"Sul";"Capotamento";0;0;1;0;0;0;0;0;0;0;1;0;0;0;0
"26/01/2017";"10:25:00";"2886";"sem vítima";"12";"BR-116/SC";"Norte";"Colisão Transversal";1;0;2;0;0;0;0;0;0;0;5;0;0;0;0
"26/01/2017";"01:37:00";"2907";"sem vítima";"16";"BR-116/SC";"Sul";"Colisão Traseira";1;0;0;0;0;0;0;0;0;1;2;0;0;0;0
"27/01/2017";"06:06:00";"2991";"sem vítima";"126.2";"BR-116/PR";"Sul";"Choque - Veiculo parado na pista";2;0;0;0;0;0;0;0;0;0;2;0;0;0;0
"27/01/2017";"06:42:00";"3077";"sem vítima";"152";"BR-116/SC";"Norte";"Colisão Traseira";1;0;0;0;0;0;0;0;0;1;7;0;0;0;0
"27/01/2017";"09:18:00";"3091";"sem vítima";"141.7";"BR-116/SC";"Sul";"Colisão Transversal";2;0;0;0;0;0;0;0;0;0;3;0;0;0;0
"28/01/2017";"05:13:00";"3106";"sem vítima";"118.9";"BR-116/PR";"Sul";"Saida de Pista";1;0;0;0;0;0;0;0;0;0;1;0;0;0;0
"28/01/2017";"10:46:00";"3134";"sem vítima";"167";"BR-116/PR";"Norte";"Colisão Transversal";1;0;0;0;0;0;0;0;0;1;2;0;0;0;0
"28/01/2017";"06:20:00";"3169";"sem vítima";"156";"BR-116/PR";"Norte";"Colisão Transversal";1;0;0;0;0;0;0;0;0;1;8;0;0;0;0
"28/01/2017";"08:44:00";"3178";"sem vítima";"240.6";"BR-116/SC";"Sul";"Colisão Frontal";2;0;0;0;0;0;0;0;0;0;2;0;0;0;0
"28/01/2017";"09:41:00";"3183";"sem vítima";"107.8";"BR-116/SC";"Norte";"Choque - Veiculo parado na pista";1;0;0;0;0;1;0;0;0;0;2;0;0;0;0
"28/01/2017";"11:29:00";"3189";"sem vítima";"131.3";"BR-116/PR";"Sul";"Saida de Pista";1;0;0;0;0;0;0;0;0;0;1;0;0;0;0
"29/01/2017";"12:56:00";"3192";"com vítima";"128.4";"BR-116/PR";"Sul";"Atropelamento - Morador";0;0;0;1;0;0;0;0;0;0;1;1;0;0;0
"29/01/2017";"03:13:00";"3238";"sem vítima";"14";"BR-116/SC";"Norte";"Colisão Traseira";2;0;0;0;0;0;0;0;0;0;6;0;0;0;0
"29/01/2017";"05:23:00";"3251";"com vítima";"8.5";"BR-116/SC";"Sul";"Colisão Frontal";2;0;0;1;0;0;0;0;0;0;2;1;0;1;0
"29/01/2017";"06:00:00";"3257";"com vítima";"166";"BR-116/PR";"Norte";"Atropelamento de Animal";0;0;0;1;0;0;0;0;0;0;0;1;0;0;0
"29/01/2017";"07:26:00";"3262";"com vítima";"178.3";"BR-116/SC";"Sul";"Saida de Pista";1;0;0;0;0;0;0;0;0;0;1;1;0;0;0
"30/01/2017";"09:53:00";"3310";"sem vítima";"163.8";"BR-116/SC";"Sul";"Colisão Transversal";1;0;1;0;0;0;0;0;0;0;2;0;0;0;0
"31/01/2017";"03:30:00";"3386";"sem vítima";"303.3";"BR-116/SC";"Sul";"Colisão Traseira";0;0;2;0;0;0;0;0;0;0;2;0;0;0;0
"31/01/2017";"09:06:00";"3403";"sem vítima";"132";"BR-116/PR";"Norte";"Saida de Pista";1;0;0;0;0;0;0;0;0;0;1;0;0;0;0
"31/01/2017";"09:56:00";"3416";"com vítima";"245";"BR-116/SC";"Sul";"Colisão Transversal";1;0;1;0;0;0;0;0;0;0;1;4;0;0;0
"31/01/2017";"10:41:00";"3417";"sem vítima";"35";"BR-116/SC";"Sul";"Colisão Lateral";1;0;0;0;0;0;0;0;1;0;2;0;0;0;0
"31/01/2017";"02:32:00";"3438";"com vítima";"255.04";"BR-116/SC";"Norte";"Queda de Moto";0;0;0;1;0;0;0;0;0;0;0;1;0;0;0
"31/01/2017";"02:57:00";"3440";"sem vítima";"209";"BR-116/PR";"Sul";"Saida de Pista";1;0;0;0;0;0;0;0;0;0;1;0;0;0;0
"01/02/2017";"07:37:00";"15";"sem vítima";"210";"BR-116/PR";"Sul";"Saida de Pista";1;0;0;0;0;0;0;0;0;0;1;0;0;0;0
"01/02/2017";"12:35:00";"59";"sem vítima";"181";"BR-116/SC";"Norte";"Saida de Pista";0;0;0;0;0;0;0;0;0;1;1;0;0;0;0
"01/02/2017";"01:30:00";"63";"sem vítima";"203.5";"BR-116/PR";"Norte";"Saida de Pista";0;0;1;0;0;0;0;0;0;0;1;0;0;0;0
"01/02/2017";"08:05:00";"105";"sem vítima";"152";"BR-116/SC";"Sul";"Choque - Suporte de Sinalização";0;0;1;0;0;0;0;0;0;0;1;0;0;0;0
"02/02/2017";"02:31:00";"140";"sem vítima";"42.2";"BR-116/SC";"Sul";"Colisão Lateral";0;0;1;0;0;1;0;0;0;0;2;0;0;0;0
"02/02/2017";"07:23:00";"145";"sem vítima";"117.5";"BR-116/PR";"Sul";"Colisão Transversal";3;0;0;0;0;0;0;0;0;0;3;0;0;0;0
"02/02/2017";"10:42:00";"244";"sem vítima";"126";"BR-116/PR";"Sul";"Colisão Traseira";1;0;0;0;0;1;0;0;0;0;3;0;0;0;0
"03/02/2017";"04:56:00";"323";"sem vítima";"99.9";"BR-116/SC";"Norte";"Saida de Pista";1;0;0;0;0;0;0;0;0;0;2;0;0;0;0
"03/02/2017";"06:18:00";"332";"sem vítima";"247.8";"BR-116/SC";"Sul";"Colisão Lateral";1;0;0;1;0;0;0;0;0;0;7;0;0;0;0
"03/02/2017";"10:43:00";"358";"com vítima";"59.8";"BR-116/SC";"Norte";"Colisão Transversal";1;0;0;0;0;0;0;0;0;1;2;2;0;0;0
"04/02/2017";"10:09:00";"385";"sem vítima";"182.1";"BR-116/SC";"Norte";"Saida de Pista";1;0;0;0;0;0;0;0;0;0;1;0;0;0;0
"04/02/2017";"04:58:00";"434";"sem vítima";"136";"BR-116/SC";"Norte";"Saida de Pista";0;0;0;0;0;0;0;0;0;1;1;0;0;0;0
"04/02/2017";"05:21:00";"439";"com vítima";"185";"BR-116/SC";"Sul";"Queda de Moto";0;0;0;1;0;0;0;0;0;0;0;2;0;0;0
"04/02/2017";"10:21:00";"474";"com vítima";"247.9";"BR-116/SC";"Sul";"Colisão Transversal";3;0;0;0;0;0;0;0;0;0;2;1;0;0;0
"04/02/2017";"10:58:00";"476";"sem vítima";"125.6";"BR-116/SC";"Norte";"Colisão Lateral";1;0;1;0;0;0;0;0;0;0;2;0;0;0;0
"04/02/2017";"11:04:00";"477";"sem vítima";"192";"BR-116/SC";"Norte";"Colisão Lateral";2;0;0;0;0;0;0;0;0;0;2;0;0;0;0
"04/02/2017";"11:38:00";"479";"com vítima";"116.6";"BR-116/PR";"Norte";"Colisão Lateral";1;0;0;1;0;0;0;0;0;0;1;1;0;0;0
"05/02/2017";"02:32:00";"491";"com vítima";"211.45";"BR-116/SC";"Sul";"Saida de Pista";1;0;0;0;0;0;0;0;0;0;1;2;0;0;0
"05/02/2017";"03:45:00";"495";"sem vítima";"205.4";"BR-116/PR";"Norte";"Colisão Transversal";1;0;1;0;0;0;0;0;0;0;2;0;0;0;0
"05/02/2017";"04:20:00";"553";"sem vítima";"117";"BR-116/PR";"Norte";"Colisão Traseira";2;0;0;0;0;0;0;0;0;0;3;0;0;0;0
"06/02/2017";"07:07:00";"619";"sem vítima";"294.18";"BR-116/SC";"Norte";"Choque - Talude";1;0;0;0;0;0;0;0;0;0;1;0;0;0;0
"06/02/2017";"10:44:00";"654";"sem vítima";"133";"BR-116/SC";"Norte";"Tombamento";0;0;1;0;0;0;0;0;0;0;1;0;0;0;0
"06/02/2017";"11:24:00";"657";"sem vítima";"138.8";"BR-116/PR";"Sul";"Colisão Lateral";0;0;0;0;0;1;0;0;0;1;2;0;0;0;0
"06/02/2017";"03:31:00";"689";"sem vítima";"309.7";"BR-116/SC";"Sul";"Saida de Pista";0;0;1;0;0;0;0;0;0;0;3;0;0;0;0
"06/02/2017";"06:57:00";"712";"sem vítima";"237.9";"BR-116/SC";"Sul";"Saida de Pista";1;0;0;0;0;0;0;0;0;0;1;0;0;0;0
"06/02/2017";"07:46:00";"718";"sem vítima";"47.3";"BR-116/SC";"Norte";"Colisão Traseira";1;0;0;0;0;1;0;0;0;0;3;0;0;0;0
"07/02/2017";"07:03:00";"747";"sem vítima";"119.6";"BR-116/PR";"Norte";"Colisão Traseira";3;0;0;0;0;0;0;0;0;0;3;0;0;0;0
"07/02/2017";"07:40:00";"754";"com vítima";"124.2";"BR-116/PR";"Norte";"Engavetamento";4;0;0;0;0;0;0;0;0;0;3;1;0;0;0
"07/02/2017";"07:56:00";"755";"com vítima";"120.5";"BR-116/PR";"Norte";"Colisão Traseira";1;0;0;1;0;0;0;0;0;0;1;1;0;0;0
"07/02/2017";"08:30:00";"760";"sem vítima";"119";"BR-116/PR";"Sul";"Colisão Transversal";1;0;1;0;0;1;0;0;0;0;3;0;0;0;0
"07/02/2017";"07:05:00";"823";"sem vítima";"3.5";"BR-116/SC";"Norte";"Choque - Veiculo parado na pista";0;0;2;0;0;0;0;0;0;0;2;0;0;0;0
"08/02/2017";"07:48:00";"854";"com vítima";"117";"BR-116/PR";"Sul";"Colisão Traseira";0;0;0;1;0;1;0;0;0;0;1;1;0;0;0
"08/02/2017";"07:52:00";"855";"com vítima";"110.4";"BR-116/SC";"Sul";"Colisão Frontal";0;0;2;0;0;0;0;0;0;0;1;0;0;0;1
"08/02/2017";"12:09:00";"891";"com vítima";"247";"BR-116/SC";"Sul";"Atropelamento - Sem Informação";0;0;1;0;0;0;0;0;0;0;0;1;0;0;0
"09/02/2017";"06:28:00";"953";"sem vítima";"121.4";"BR-116/PR";"Norte";"Colisão Traseira";2;0;0;0;0;1;0;0;0;0;3;0;0;0;0
"09/02/2017";"05:09:00";"1025";"sem vítima";"184";"BR-116/SC";"Sul";"Colisão Traseira";0;0;2;0;0;0;0;0;0;0;2;0;0;0;0
"09/02/2017";"05:13:00";"1027";"sem vítima";"103.7";"BR-116/SC";"Norte";"Saida de Pista";1;0;0;0;0;0;0;0;0;0;1;0;0;0;0
"09/02/2017";"06:13:00";"1029";"com vítima";"116";"BR-116/PR";"Sul";"Colisão Transversal";2;0;0;1;0;0;0;0;0;0;2;1;0;0;0
"10/02/2017";"07:53:00";"1059";"com vítima";"124.3";"BR-116/PR";"Norte";"Colisão Lateral";1;0;0;1;0;0;0;0;0;0;1;1;0;0;0
"10/02/2017";"12:24:00";"1115";"sem vítima";"181";"BR-116/PR";"Sul";"Colisão Lateral";0;0;2;0;0;0;0;0;0;0;2;0;0;0;0
"11/02/2017";"12:53:00";"1179";"com vítima";"121";"BR-116/PR";"Norte";"Colisão Lateral";1;0;1;0;0;0;0;0;0;0;2;0;1;0;0
"11/02/2017";"04:57:00";"1184";"com vítima";"27.5";"BR-116/SC";"Sul";"Colisão Frontal";0;0;2;0;0;0;0;0;0;0;1;0;0;0;1
"11/02/2017";"12:19:00";"1204";"com vítima";"117.3";"BR-116/PR";"Sul";"Colisão Traseira";1;0;0;1;0;0;0;0;0;0;4;2;0;0;0
"11/02/2017";"05:28:00";"1232";"sem vítima";"0.1";"BR-116/SC";"Norte";"Colisão Traseira";1;0;0;0;0;1;0;0;0;0;3;0;0;0;0
"11/02/2017";"08:32:00";"1249";"com vítima";"126";"BR-116/PR";"Norte";"Engavetamento";3;0;0;0;0;0;0;0;0;0;5;1;0;0;0
"11/02/2017";"10:52:00";"1256";"com vítima";"207.1";"BR-116/SC";"Norte";"Queda de Moto";0;0;0;1;0;0;0;0;0;0;0;1;0;0;0
"12/02/2017";"12:13:00";"1258";"sem vítima";"119";"BR-116/PR";"Sul";"Saida de Pista";1;0;0;0;0;0;0;0;0;0;1;0;0;0;0
"12/02/2017";"09:39:00";"1337";"com vítima";"199.2";"BR-116/PR";"Norte";"Colisão Frontal";1;0;1;0;0;0;0;0;0;0;1;0;0;0;1
"13/02/2017";"11:58:00";"1399";"sem vítima";"124.6";"BR-116/SC";"Sul";"Capotamento";1;0;0;0;0;0;0;0;0;0;1;0;0;0;0
"13/02/2017";"01:50:00";"1408";"sem vítima";"132.5";"BR-116/PR";"Sul";"Saida de Pista";1;0;0;0;0;0;0;0;0;0;1;0;0;0;0
"13/02/2017";"04:07:00";"1422";"com vítima";"208.8";"BR-116/PR";"Norte";"Saida de Pista";1;0;0;0;0;0;0;0;0;0;0;1;0;0;0
"14/02/2017";"07:18:00";"1478";"com vítima";"125.95";"BR-116/PR";"Norte";"Colisão Traseira";1;0;0;1;0;0;0;0;0;0;1;1;0;0;0
"14/02/2017";"01:02:00";"1528";"sem vítima";"24.7";"BR-116/SC";"Norte";"Colisão Transversal";1;0;1;0;0;0;0;0;0;0;2;0;0;0;0
"14/02/2017";"03:08:00";"1551";"sem vítima";"238.9";"BR-116/SC";"Sul";"Engavetamento";4;0;0;0;0;0;0;0;0;0;10;0;0;0;0
"14/02/2017";"04:51:00";"1570";"sem vítima";"134.3";"BR-116/PR";"Norte";"Colisão Transversal";2;0;0;0;0;0;0;0;0;0;6;0;0;0;0
"14/02/2017";"05:18:00";"1573";"com vítima";"69.3";"BR-116/SC";"Sul";"Colisão Transversal";1;0;0;1;0;0;0;0;0;0;1;1;0;0;0
"14/02/2017";"05:39:00";"1574";"sem vítima";"69.3";"BR-116/SC";"Sul";"Colisão Traseira";2;0;0;0;0;0;0;0;0;0;2;0;0;0;0
"14/02/2017";"06:10:00";"1580";"com vítima";"204.2";"BR-116/SC";"Sul";"Saida de Pista";0;0;1;0;0;0;0;0;0;0;0;1;0;0;0
"14/02/2017";"09:33:00";"1594";"sem vítima";"254";"BR-116/SC";"Sul";"Queda de Moto";0;0;0;1;0;0;0;0;0;0;2;0;0;0;0
"14/02/2017";"10:43:00";"1595";"com vítima";"221.1";"BR-116/SC";"Norte";"Colisão Lateral";1;0;0;1;0;0;0;0;0;0;1;1;0;0;0
"15/02/2017";"07:21:00";"1607";"com vítima";"121";"BR-116/PR";"Norte";"Colisão Lateral";0;0;0;1;0;1;0;0;0;0;1;1;0;0;0
"15/02/2017";"03:50:00";"1675";"sem vítima";"245.6";"BR-116/SC";"Sul";"Colisão Traseira";0;0;2;0;0;0;0;0;0;0;2;0;0;0;0
"15/02/2017";"05:13:00";"1683";"com vítima";"298.38";"BR-116/SC";"Norte";"Choque - Defensa, barreira ou "submarino"";1;0;0;0;0;0;0;0;0;0;3;1;0;0;0
"15/02/2017";"06:30:00";"1690";"com vítima";"116.3";"BR-116/PR";"Sul";"Colisão Traseira";1;0;0;1;0;0;0;0;0;0;1;1;0;0;0
"15/02/2017";"11:24:00";"1709";"com vítima";"9.4";"BR-116/SC";"Sul";"Colisão Frontal";1;0;1;0;0;0;0;0;0;0;1;1;0;0;0
"16/02/2017";"01:56:00";"1721";"sem vítima";"138.5";"BR-116/PR";"Norte";"Tombamento";0;0;1;0;0;0;0;0;0;0;1;0;0;0;0
"16/02/2017";"06:57:00";"1727";"sem vítima";"210.8";"BR-116/PR";"Norte";"Colisão Transversal";1;0;0;0;0;0;0;0;0;1;3;0;0;0;0
"18/02/2017";"12:38:00";"1973";"sem vítima";"125.8";"BR-116/PR";"Norte";"Saida de Pista";1;0;0;0;0;0;0;0;0;0;1;0;0;0;0
"18/02/2017";"09:42:00";"2002";"sem vítima";"247.7";"BR-116/SC";"Norte";"Colisão Traseira";1;0;0;1;0;0;0;0;0;0;3;0;0;0;0
"18/02/2017";"10:36:00";"2007";"sem vítima";"2.5";"BR-116/SC";"Norte";"Colisão Transversal";2;0;0;0;0;0;0;0;0;0;2;0;0;0;0
"18/02/2017";"10:57:00";"2008";"com vítima";"183.97";"BR-116/PR";"Sul";"Colisão Lateral";1;0;1;0;0;0;0;0;0;0;1;1;0;0;0
"18/02/2017";"02:39:00";"2026";"sem vítima";"117.45";"BR-116/PR";"Sul";"Colisão Traseira";2;0;0;0;0;0;0;0;0;0;4;0;0;0;0
"18/02/2017";"03:28:00";"2035";"com vítima";"53.05";"BR-116/SC";"Norte";"Queda de Moto";0;0;0;1;0;1;0;0;0;0;1;0;0;2;0
"18/02/2017";"05:00:00";"2042";"com vítima";"4.2";"BR-116/SC";"Sul";"Colisão Transversal";1;0;0;1;0;0;0;0;0;0;2;1;0;0;0
"18/02/2017";"05:48:00";"2051";"com vítima";"119";"BR-116/PR";"Sul";"Choque - Defensa, barreira ou "submarino"";1;0;0;0;0;0;0;0;0;0;1;1;0;0;0
"18/02/2017";"06:31:00";"2058";"sem vítima";"125.7";"BR-116/PR";"Norte";"Colisão Lateral";2;0;0;0;0;0;0;0;0;0;4;0;0;0;0
"19/02/2017";"10:30:00";"2111";"sem vítima";"152.4";"BR-116/PR";"Norte";"Colisão Transversal";1;0;0;0;0;1;0;0;0;0;5;0;0;0;0
"19/02/2017";"07:45:00";"2165";"com vítima";"217.36";"BR-116/SC";"Sul";"Colisão Frontal";1;0;0;0;1;0;0;0;0;0;13;0;1;0;1
"19/02/2017";"07:47:00";"2166";"sem vítima";"2.5";"BR-116/SC";"Norte";"Engavetamento";2;0;0;0;0;1;0;0;0;0;4;0;0;0;0
"19/02/2017";"09:37:00";"2176";"com vítima";"51.6";"BR-116/SC";"Norte";"Saida de Pista";1;0;0;0;0;0;0;0;0;0;2;1;0;0;0
"20/02/2017";"07:13:00";"2195";"sem vítima";"148";"BR-116/PR";"Norte";"Queda de Moto";0;0;0;1;0;0;0;0;0;0;1;0;0;0;0
"20/02/2017";"04:13:00";"2271";"sem vítima";"34.8";"BR-116/SC";"Sul";"Colisão Traseira";1;0;0;0;0;0;0;0;0;1;3;0;0;0;0
"21/02/2017";"06:45:00";"2322";"sem vítima";"126";"BR-116/PR";"Norte";"Engavetamento";3;0;0;0;0;0;0;0;0;0;3;0;0;0;0
"21/02/2017";"08:01:00";"2332";"sem vítima";"117";"BR-116/PR";"Norte";"Colisão Lateral";1;0;0;1;0;0;0;0;0;0;2;0;0;0;0
"21/02/2017";"01:53:00";"2405";"com vítima";"4.5";"BR-116/SC";"Sul";"Colisão Transversal";1;0;1;0;0;0;0;0;0;0;1;1;0;0;0
"21/02/2017";"03:48:00";"2428";"sem vítima";"152.4";"BR-116/PR";"Norte";"Colisão Transversal";0;0;0;1;0;0;0;0;0;1;3;0;0;0;0
"21/02/2017";"06:17:00";"2448";"sem vítima";"209.3";"BR-116/PR";"Sul";"Colisão Lateral";2;0;0;0;0;0;0;0;0;0;2;0;0;0;0
"21/02/2017";"06:40:00";"2452";"sem vítima";"4.5";"BR-116/SC";"Sul";"Colisão Traseira";1;0;0;0;0;0;0;0;0;1;5;0;0;0;0
"22/02/2017";"06:02:00";"2488";"com vítima";"122";"BR-116/PR";"Norte";"Choque - Objeto sobre a pista";0;0;0;1;0;0;0;0;0;0;0;0;0;1;0
"22/02/2017";"07:35:00";"2495";"com vítima";"125.3";"BR-116/PR";"Norte";"Queda de Moto";0;0;0;1;0;0;0;0;0;0;0;1;0;0;0
"22/02/2017";"09:28:00";"2509";"sem vítima";"117.4";"BR-116/PR";"Sul";"Colisão Traseira";1;0;1;0;0;1;0;0;0;0;3;0;0;0;0
"22/02/2017";"03:01:00";"2567";"sem vítima";"171.75";"BR-116/SC";"Norte";"Colisão Lateral";1;0;1;0;0;0;0;0;0;0;4;0;0;0;0
"22/02/2017";"03:40:00";"2573";"sem vítima";"4.5";"BR-116/SC";"Sul";"Colisão Transversal";1;0;0;1;0;0;0;0;0;0;2;0;0;0;0
"22/02/2017";"03:42:00";"2574";"sem vítima";"32.4";"BR-116/SC";"Sul";"Choque - Veiculo parado na pista";1;0;1;0;0;0;0;0;0;0;2;0;0;0;0
"22/02/2017";"04:27:00";"2581";"sem vítima";"166.6";"BR-116/PR";"Norte";"Colisão Transversal";2;0;0;0;0;0;0;0;0;0;3;0;0;0;0
"22/02/2017";"05:43:00";"2595";"sem vítima";"247";"BR-116/SC";"Norte";"Choque - Veiculo parado no acostamento";1;0;1;0;0;0;0;0;0;0;4;0;0;0;0
"23/02/2017";"02:22:00";"2633";"sem vítima";"204";"BR-116/SC";"Sul";"Choque - Objeto sobre a pista";0;0;1;0;0;0;0;0;0;0;1;0;0;0;0
"23/02/2017";"03:50:00";"2637";"sem vítima";"128.6";"BR-116/SC";"Sul";"Atropelamento de Animal";0;0;1;0;0;0;0;0;0;0;1;0;0;0;0
"23/02/2017";"06:57:00";"2643";"com vítima";"139.8";"BR-116/PR";"Sul";"Atropelamento - Morador";1;0;0;0;0;0;0;0;0;0;1;0;0;0;1
"23/02/2017";"07:04:00";"2645";"sem vítima";"117";"BR-116/PR";"Norte";"Colisão Traseira";2;0;0;0;0;0;0;0;0;0;2;0;0;0;0
"23/02/2017";"08:33:00";"2652";"sem vítima";"115";"BR-116/SC";"Norte";"Colisão Frontal";2;0;0;0;0;0;0;0;0;0;2;0;0;0;0
"23/02/2017";"06:06:00";"2747";"sem vítima";"275.7";"BR-116/SC";"Norte";"Saida de Pista";0;0;1;0;0;0;0;0;0;0;1;0;0;0;0
"23/02/2017";"06:31:00";"2751";"sem vítima";"4.5";"BR-116/SC";"Sul";"Colisão Transversal";0;0;1;0;0;1;0;0;0;0;2;0;0;0;0