data;horario;n_da_ocorrencia;tipo_de_ocorrencia;km;trecho;sentido;tipo_de_acidente;automovel;bicicleta;caminhao;moto;onibus;outros;tracao_animal;transporte_de_cargas_especiais;trator_maquinas;utilitarios;ilesos;levemente_feridos;moderadamente_feridos;gravemente_feridos;mortos
"23/02/2017";"09:32:00";"2761";"sem vítima";"206";"BR-116/PR";"Norte";"Saida de Pista";1;0;0;0;0;0;0;0;0;0;1;0;0;0;0
"24/02/2017";"05:50:00";"2783";"sem vítima";"154";"BR-116/PR";"Sul";"Atropelamento de Animal";1;0;0;0;0;0;0;0;0;0;1;0;0;0;0
"24/02/2017";"08:21:00";"2797";"com vítima";"116.2";"BR-116/PR";"Norte";"Colisão Lateral";1;0;0;1;0;0;0;0;0;0;1;1;0;0;0
"24/02/2017";"01:15:00";"2832";"com vítima";"4.7";"BR-116/SC";"Sul";"Colisão Transversal";0;0;1;1;0;0;0;0;0;0;1;1;0;0;0
"24/02/2017";"06:17:00";"2859";"com vítima";"229";"BR-116/SC";"Norte";"Capotamento";1;0;0;0;0;0;0;0;0;0;1;3;0;1;0
"24/02/2017";"07:11:00";"2864";"sem vítima";"229.2";"BR-116/SC";"Sul";"Colisão Traseira";2;0;1;0;0;0;0;0;0;0;7;0;0;0;0
"25/02/2017";"10:23:00";"2911";"com vítima";"128";"BR-116/SC";"Norte";"Capotamento";1;0;0;0;0;0;0;0;0;0;0;1;0;0;0
"25/02/2017";"01:37:00";"2923";"com vítima";"73.3";"BR-116/SC";"Sul";"Colisão Lateral";2;0;0;0;0;0;0;0;0;0;4;1;0;0;0
"25/02/2017";"03:07:00";"2931";"com vítima";"116";"BR-116/PR";"Norte";"Atropelamento - Outros";1;0;0;0;0;0;0;0;0;0;3;1;0;0;0
"25/02/2017";"03:57:00";"2935";"com vítima";"124.3";"BR-116/PR";"Norte";"Colisão Traseira";1;0;0;1;0;0;0;0;0;0;1;1;0;0;0
"26/02/2017";"03:47:00";"2977";"sem vítima";"115";"BR-116/PR";"Norte";"Choque - Defensa, barreira ou "submarino"";1;0;0;0;0;0;0;0;0;0;1;0;0;0;0
"26/02/2017";"06:07:00";"3027";"com vítima";"121.3";"BR-116/PR";"Norte";"Queda de Moto";0;0;0;1;0;0;0;0;0;0;0;1;0;0;0
"26/02/2017";"06:11:00";"3029";"sem vítima";"118";"BR-116/PR";"Sul";"Colisão Traseira";2;0;0;0;0;0;0;0;0;0;6;0;0;0;0
"28/02/2017";"06:35:00";"3130";"sem vítima";"129";"BR-116/SC";"Sul";"Colisão Lateral";1;0;2;0;0;0;0;0;0;0;3;0;0;0;0
"28/02/2017";"03:14:00";"3159";"sem vítima";"12.3";"BR-116/SC";"Sul";"Colisão Transversal";2;0;0;0;0;0;0;0;0;0;4;0;0;0;0
"28/02/2017";"04:24:00";"3170";"sem vítima";"116.6";"BR-116/PR";"Norte";"Queda de Moto";0;0;0;1;0;0;0;0;0;0;1;0;0;0;0
"28/02/2017";"05:38:00";"3177";"com vítima";"136";"BR-116/PR";"Norte";"Saida de Pista";1;0;0;0;0;0;0;0;0;0;3;1;0;0;0
"28/02/2017";"09:52:00";"3202";"com vítima";"206.15";"BR-116/SC";"Norte";"Saida de Pista";1;0;0;0;0;0;0;0;0;0;1;2;0;0;0
"01/03/2017";"07:00:00";"12";"com vítima";"226.7";"BR-116/SC";"Sul";"Queda de Moto";0;0;0;1;0;0;0;0;0;0;0;2;0;0;0
"01/03/2017";"03:31:00";"61";"sem vítima";"115.07";"BR-116/SC";"Norte";"Engavetamento";3;0;0;0;0;0;0;0;0;0;7;0;0;0;0
"01/03/2017";"09:34:00";"86";"sem vítima";"130";"BR-116/PR";"Norte";"Atropelamento de Animal";0;0;1;0;0;0;0;0;0;0;1;0;0;0;0
"02/03/2017";"06:23:00";"181";"com vítima";"122.7";"BR-116/PR";"Norte";"Saida de Pista";1;0;0;0;0;0;0;0;0;0;1;1;0;0;0
"02/03/2017";"11:12:00";"199";"sem vítima";"193.8";"BR-116/SC";"Norte";"Colisão Transversal";1;0;1;0;0;0;0;0;0;0;2;0;0;0;0
"03/03/2017";"11:20:00";"247";"sem vítima";"119";"BR-116/PR";"Sul";"Colisão Lateral";1;0;0;0;0;0;0;0;0;1;2;0;0;0;0
"03/03/2017";"11:56:00";"254";"sem vítima";"2.2";"BR-116/SC";"Norte";"Colisão Traseira";1;0;0;1;0;0;0;0;0;0;2;0;0;0;0
"03/03/2017";"05:59:00";"289";"com vítima";"153.5";"BR-116/PR";"Norte";"Colisão Transversal";1;0;0;1;0;0;0;0;0;0;1;1;0;0;0
"03/03/2017";"06:01:00";"290";"sem vítima";"109";"BR-116/SC";"Norte";"Saida de Pista";0;0;1;0;0;0;0;0;0;0;1;0;0;0;0
"03/03/2017";"07:30:00";"294";"com vítima";"115.9";"BR-116/PR";"Norte";"Atropelamento - Outros";1;0;0;0;0;0;0;0;0;0;1;1;0;0;0
"04/03/2017";"10:23:00";"327";"sem vítima";"245";"BR-116/SC";"Norte";"Colisão Transversal";1;0;1;0;0;0;0;0;0;0;2;0;0;0;0
"04/03/2017";"12:52:00";"340";"sem vítima";"195";"BR-116/SC";"Sul";"Colisão Lateral";0;0;1;0;0;1;0;0;0;0;2;0;0;0;0
"04/03/2017";"04:58:00";"358";"com vítima";"69.4";"BR-116/SC";"Norte";"Colisão Transversal";0;0;0;1;0;1;0;0;0;0;1;1;0;0;0
"04/03/2017";"07:43:00";"374";"sem vítima";"115.7";"BR-116/PR";"Norte";"Queda de Moto";0;0;0;1;0;0;0;0;0;0;1;0;0;0;0
"04/03/2017";"09:45:00";"377";"com vítima";"82.9";"BR-116/SC";"Sul";"Colisão Frontal";1;0;0;1;0;0;0;0;0;0;0;0;0;2;0
"05/03/2017";"01:31:00";"388";"sem vítima";"165";"BR-116/SC";"Sul";"Tombamento";0;0;1;0;0;0;0;0;0;0;1;0;0;0;0
"05/03/2017";"02:38:00";"391";"sem vítima";"138.5";"BR-116/PR";"Norte";"Saida de Pista";1;0;0;0;0;0;0;0;0;0;1;0;0;0;0
"05/03/2017";"05:06:00";"396";"com vítima";"145.4";"BR-116/PR";"Norte";"Saida de Pista";1;0;0;0;0;0;0;0;0;0;0;0;0;1;0
"05/03/2017";"09:28:00";"402";"sem vítima";"119";"BR-116/PR";"Sul";"Queda de Moto";0;0;0;1;0;0;0;0;0;0;2;0;0;0;0
"06/03/2017";"04:26:00";"467";"com vítima";"121.3";"BR-116/SC";"Norte";"Queda de Moto";0;0;0;1;0;0;0;0;0;0;0;1;0;0;0
"06/03/2017";"07:03:00";"470";"sem vítima";"155";"BR-116/PR";"Sul";"Colisão Lateral";2;0;0;0;0;0;0;0;0;0;2;0;0;0;0
"06/03/2017";"01:20:00";"511";"sem vítima";"109";"BR-116/SC";"Norte";"Colisão Traseira";1;0;1;0;0;0;0;0;0;0;2;0;0;0;0
"06/03/2017";"05:22:00";"548";"com vítima";"126.7";"BR-116/PR";"Sul";"Atropelamento - Usuário";0;0;1;0;0;0;0;0;0;0;1;0;0;1;0
"06/03/2017";"06:42:00";"558";"sem vítima";"115";"BR-116/PR";"Norte";"Colisão Traseira";1;0;1;0;0;0;0;0;0;0;2;0;0;0;0
"07/03/2017";"03:23:00";"578";"sem vítima";"174.9";"BR-116/SC";"Sul";"Saida de Pista";1;0;0;0;0;0;0;0;0;0;1;0;0;0;0
"07/03/2017";"07:06:00";"582";"sem vítima";"183";"BR-116/PR";"Norte";"Colisão Traseira";2;0;0;0;0;0;0;0;0;0;2;0;0;0;0
"07/03/2017";"09:02:00";"683";"sem vítima";"117.15";"BR-116/PR";"Sul";"Colisão Lateral";0;0;2;0;0;0;0;0;0;0;2;0;0;0;0
"07/03/2017";"09:04:00";"684";"sem vítima";"118";"BR-116/PR";"Sul";"Colisão Traseira";1;0;1;0;0;0;0;0;0;0;2;0;0;0;0
"08/03/2017";"08:25:00";"715";"com vítima";"151.6";"BR-116/PR";"Norte";"Choque - Objeto sobre a pista";1;1;0;0;0;0;0;0;0;0;1;1;0;0;0
"08/03/2017";"03:11:00";"770";"sem vítima";"120.9";"BR-116/PR";"Norte";"Colisão Traseira";0;0;1;0;0;0;0;0;0;1;2;0;0;0;0
"08/03/2017";"05:19:00";"789";"sem vítima";"140.7";"BR-116/SC";"Sul";"Colisão Transversal";0;0;2;0;0;0;0;0;0;0;2;0;0;0;0
"09/03/2017";"08:02:00";"834";"sem vítima";"117.6";"BR-116/PR";"Sul";"Colisão Lateral";2;0;0;1;0;0;0;0;0;0;3;0;0;0;0
"09/03/2017";"09:07:00";"843";"sem vítima";"81.6";"BR-116/SC";"Sul";"Choque - Veiculo parado na pista";2;0;0;0;0;0;0;0;0;0;2;0;0;0;0
"09/03/2017";"09:30:00";"853";"com vítima";"122.3";"BR-116/PR";"Sul";"Atropelamento - Andarilho";0;0;1;0;0;0;0;0;0;0;1;0;0;0;1
"09/03/2017";"04:19:00";"905";"com vítima";"195.9";"BR-116/PR";"Norte";"Colisão Frontal";1;0;1;0;0;1;0;0;0;0;2;0;0;0;1
"09/03/2017";"04:30:00";"906";"sem vítima";"119";"BR-116/PR";"Sul";"Colisão Traseira";1;0;1;0;0;0;0;0;0;0;3;0;0;0;0
"09/03/2017";"06:49:00";"917";"com vítima";"150";"BR-116/PR";"Sul";"Colisão Transversal";0;0;0;2;0;0;0;0;0;0;1;1;0;0;0
"10/03/2017";"08:11:00";"950";"sem vítima";"142.5";"BR-116/PR";"Sul";"Choque - Defensa, barreira ou "submarino"";1;0;0;0;0;0;0;0;0;0;1;0;0;0;0
"10/03/2017";"10:01:00";"977";"com vítima";"122.9";"BR-116/PR";"Norte";"Colisão Traseira";1;0;0;1;0;0;0;0;0;0;1;1;0;0;0
"10/03/2017";"02:00:00";"997";"sem vítima";"123.6";"BR-116/PR";"Norte";"Colisão Traseira";2;0;0;0;0;0;0;0;0;0;5;0;0;0;0
"10/03/2017";"07:09:00";"1030";"com vítima";"122.9";"BR-116/PR";"Sul";"Colisão Lateral";1;0;0;1;0;0;0;0;0;0;1;1;0;0;0
"10/03/2017";"07:17:00";"1031";"com vítima";"169.8";"BR-116/PR";"Norte";"Outros";0;1;0;0;0;0;0;0;0;0;0;0;0;1;0
"10/03/2017";"09:13:00";"1040";"sem vítima";"138.9";"BR-116/PR";"Sul";"Colisão Lateral";0;0;2;0;0;0;0;0;0;0;2;0;0;0;0
"10/03/2017";"10:27:00";"1044";"com vítima";"56.8";"BR-116/SC";"Sul";"Colisão Lateral";0;0;1;1;0;0;0;0;0;0;1;1;0;0;0
"12/03/2017";"12:31:00";"1143";"com vítima";"53.3";"BR-116/SC";"Sul";"Colisão Traseira";1;0;0;0;0;1;0;0;0;0;1;3;0;0;0
"12/03/2017";"05:06:00";"1209";"sem vítima";"47";"BR-116/SC";"Sul";"Engavetamento";1;0;0;0;0;1;0;0;0;1;3;0;0;0;0
"12/03/2017";"06:11:00";"1214";"com vítima";"162.5";"BR-116/PR";"Norte";"Saida de Pista";1;0;0;0;0;0;0;0;0;0;0;1;0;0;0
"12/03/2017";"07:23:00";"1225";"sem vítima";"126";"BR-116/PR";"Norte";"Colisão Traseira";2;0;0;0;0;0;0;0;0;0;2;0;0;0;0
"12/03/2017";"07:43:00";"1228";"sem vítima";"126";"BR-116/PR";"Sul";"Colisão Traseira";2;0;0;0;0;0;0;0;0;0;2;0;0;0;0
"13/03/2017";"05:54:00";"1248";"sem vítima";"117";"BR-116/PR";"Sul";"Colisão Lateral";0;0;0;1;0;1;0;0;0;0;2;0;0;0;0
"13/03/2017";"06:40:00";"1250";"com vítima";"140.7";"BR-116/PR";"Norte";"Saida de Pista";1;0;0;0;0;0;0;0;0;0;1;1;0;1;0
"13/03/2017";"06:46:00";"1251";"sem vítima";"210";"BR-116/PR";"Sul";"Colisão Transversal";2;0;0;0;0;0;0;0;0;0;2;0;0;0;0
"13/03/2017";"06:47:00";"1252";"com vítima";"1";"BR-116/SC";"Sul";"Atropelamento - Ciclista";1;1;0;0;0;0;0;0;0;0;1;1;0;0;0
"13/03/2017";"07:37:00";"1254";"com vítima";"121";"BR-116/PR";"Norte";"Colisão Transversal";1;0;0;1;0;0;0;0;0;0;1;2;0;0;0
"13/03/2017";"07:48:00";"1255";"com vítima";"123";"BR-116/PR";"Norte";"Colisão Lateral";0;0;0;1;0;1;0;0;0;0;1;0;0;2;0
"13/03/2017";"08:18:00";"1258";"com vítima";"121.9";"BR-116/PR";"Norte";"Colisão Traseira";1;0;0;1;0;0;0;0;0;0;2;1;0;0;0
"13/03/2017";"09:02:00";"1260";"sem vítima";"158";"BR-116/SC";"Sul";"Atropelamento de Animal";1;0;0;0;0;0;0;0;0;0;1;0;0;0;0
"13/03/2017";"09:09:00";"1261";"sem vítima";"205";"BR-116/SC";"Sul";"Colisão Lateral";0;0;2;0;0;0;0;0;0;0;2;0;0;0;0
"13/03/2017";"10:21:00";"1272";"com vítima";"241.1";"BR-116/SC";"Sul";"Queda de Moto";0;0;0;1;0;0;0;0;0;0;0;2;0;0;0
"13/03/2017";"10:36:00";"1274";"sem vítima";"168";"BR-116/PR";"Sul";"Colisão Traseira";2;0;0;0;0;0;0;0;0;0;2;0;0;0;0
"14/03/2017";"07:40:00";"1381";"sem vítima";"123";"BR-116/PR";"Norte";"Queda de Moto";0;0;0;1;0;0;0;0;0;0;2;0;0;0;0
"14/03/2017";"02:01:00";"1443";"sem vítima";"260";"BR-116/SC";"Norte";"Objeto lançado contra veículo";1;0;0;0;0;0;0;0;0;0;2;0;0;0;0
"14/03/2017";"04:51:00";"1470";"sem vítima";"170.6";"BR-116/PR";"Norte";"Choque - Defensa, barreira ou "submarino"";0;0;1;0;0;0;0;0;0;0;1;0;0;0;0
"14/03/2017";"06:26:00";"1486";"sem vítima";"53.9";"BR-116/SC";"Sul";"Choque - Elemento de Drenagem";1;0;0;0;0;0;0;0;0;0;2;0;0;0;0
"15/03/2017";"03:41:00";"1505";"com vítima";"121.9";"BR-116/PR";"Norte";"Colisão Traseira";0;0;2;0;0;0;0;0;0;0;1;0;0;2;0
"15/03/2017";"05:56:00";"1507";"sem vítima";"121.9";"BR-116/PR";"Norte";"Engavetamento";3;0;0;0;0;0;0;0;0;0;3;0;0;0;0
"15/03/2017";"06:11:00";"1508";"sem vítima";"133";"BR-116/PR";"Sul";"Choque - Suporte de Sinalização";1;0;0;0;0;0;0;0;0;0;1;0;0;0;0
"15/03/2017";"01:38:00";"1560";"sem vítima";"122";"BR-116/PR";"Sul";"Choque - Suporte de Sinalização";1;0;0;0;0;0;0;0;0;0;1;0;0;0;0
"15/03/2017";"11:41:00";"1621";"sem vítima";"217.9";"BR-116/SC";"Norte";"Saida de Pista";1;0;0;0;0;0;0;0;0;0;1;0;0;0;0
"16/03/2017";"02:54:00";"1629";"com vítima";"126.5";"BR-116/PR";"Sul";"Saida de Pista";0;0;0;1;0;0;0;0;0;0;0;1;0;0;0
"16/03/2017";"04:36:00";"1633";"sem vítima";"186.5";"BR-116/PR";"Norte";"Choque - Objeto sobre a pista";1;0;0;0;0;0;0;0;0;0;5;0;0;0;0
"16/03/2017";"05:30:00";"1637";"sem vítima";"18.5";"BR-116/SC";"Norte";"Choque - Objeto sobre a pista";1;0;0;0;0;0;0;0;0;0;1;0;0;0;0
"16/03/2017";"06:57:00";"1640";"com vítima";"125.2";"BR-116/PR";"Norte";"Choque - Veiculo parado na pista";1;0;0;2;0;0;0;0;0;0;1;2;0;0;0
"16/03/2017";"07:28:00";"1642";"sem vítima";"190.7";"BR-116/SC";"Sul";"Saida de Pista";0;0;1;0;0;0;0;0;0;0;1;0;0;0;0
"16/03/2017";"03:27:00";"1702";"sem vítima";"71";"BR-116/SC";"Norte";"Colisão Traseira";1;0;1;0;0;0;0;0;0;0;4;0;0;0;0
"16/03/2017";"07:30:00";"1726";"sem vítima";"2.8";"BR-116/SC";"Norte";"Choque - Veiculo parado na pista";1;0;0;0;0;0;0;0;0;1;2;0;0;0;0
"17/03/2017";"10:18:00";"1790";"sem vítima";"11";"BR-116/SC";"Sul";"Colisão Transversal";1;0;1;0;0;0;0;0;0;0;5;0;0;0;0
"17/03/2017";"11:12:00";"1800";"sem vítima";"0.3";"BR-116/SC";"Norte";"Colisão Traseira";2;0;0;0;0;0;0;0;0;0;4;0;0;0;0
"17/03/2017";"11:43:00";"1805";"com vítima";"206";"BR-116/SC";"Norte";"Atropelamento - Outros";0;0;0;0;0;1;0;0;0;0;1;1;0;0;0
"17/03/2017";"03:55:00";"1853";"sem vítima";"275";"BR-116/SC";"Norte";"Colisão Transversal";1;0;0;0;0;1;0;0;0;0;3;0;0;0;0
"17/03/2017";"07:48:00";"1889";"sem vítima";"152";"BR-116/SC";"Sul";"Colisão Traseira";1;0;1;0;0;0;0;0;0;0;2;0;0;0;0
"17/03/2017";"08:59:00";"1891";"sem vítima";"14.3";"BR-116/SC";"Norte";"Colisão Transversal";2;0;0;0;0;0;0;0;0;0;2;0;0;0;0
"18/03/2017";"08:38:00";"1994";"com vítima";"119.5";"BR-116/PR";"Sul";"Capotamento";1;0;0;0;0;0;0;0;0;0;2;3;0;0;0
"18/03/2017";"08:44:00";"1995";"sem vítima";"253.5";"BR-116/SC";"Sul";"Choque - Veiculo parado no acostamento";1;0;2;0;0;0;0;0;0;0;6;0;0;0;0
"18/03/2017";"09:14:00";"1997";"sem vítima";"138";"BR-116/PR";"Norte";"Saida de Pista";1;0;0;0;0;0;0;0;0;0;1;0;0;0;0
"18/03/2017";"10:06:00";"2002";"sem vítima";"234.8";"BR-116/SC";"Norte";"Saida de Pista";1;0;0;0;0;0;0;0;0;0;1;0;0;0;0
"18/03/2017";"11:14:00";"2010";"com vítima";"135.21";"BR-116/SC";"Sul";"Saida de Pista";1;0;0;0;0;0;0;0;0;0;0;1;0;0;0
"19/03/2017";"07:36:00";"2028";"sem vítima";"42.3";"BR-116/SC";"Sul";"Colisão Lateral";1;0;1;0;0;0;0;0;0;0;2;0;0;0;0
"19/03/2017";"03:01:00";"2058";"sem vítima";"162.5";"BR-116/PR";"Sul";"Colisão Traseira";1;0;0;0;0;0;0;0;0;1;6;0;0;0;0
"20/03/2017";"06:55:00";"2117";"sem vítima";"122";"BR-116/PR";"Norte";"Choque - Veiculo parado no acostamento";1;0;0;0;0;1;0;0;0;0;3;0;0;0;0
"20/03/2017";"01:29:00";"2179";"sem vítima";"118.5";"BR-116/PR";"Norte";"Colisão Lateral";1;0;0;1;0;0;0;0;0;0;2;0;0;0;0
"21/03/2017";"10:32:00";"2280";"sem vítima";"120";"BR-116/SC";"Sul";"Colisão Traseira";1;0;1;0;0;0;0;0;0;0;2;0;0;0;0
"21/03/2017";"11:18:00";"2288";"sem vítima";"121.1";"BR-116/PR";"Sul";"Colisão Lateral";1;0;1;0;0;0;0;0;0;0;5;0;0;0;0
"22/03/2017";"08:31:00";"2402";"sem vítima";"172";"BR-116/SC";"Norte";"Tombamento";0;0;1;0;0;0;0;0;0;0;1;0;0;0;0
"22/03/2017";"01:02:00";"2446";"sem vítima";"213.7";"BR-116/SC";"Norte";"Colisão Traseira";0;0;2;0;0;0;0;0;0;0;2;0;0;0;0
"23/03/2017";"11:56:00";"2587";"com vítima";"117.7";"BR-116/PR";"Norte";"Colisão Traseira";0;0;0;1;0;0;0;0;0;1;2;1;0;0;0
"23/03/2017";"06:30:00";"2634";"com vítima";"4.5";"BR-116/SC";"Sul";"Colisão Transversal";1;0;0;1;0;0;0;0;0;0;2;1;0;0;0
"23/03/2017";"07:09:00";"2637";"sem vítima";"123.7";"BR-116/SC";"Norte";"Engavetamento";2;0;0;0;0;0;0;0;0;1;4;0;0;0;0
"23/03/2017";"09:37:00";"2646";"sem vítima";"62";"BR-116/SC";"Norte";"Objeto lançado contra veículo";0;0;1;0;0;0;0;0;0;1;2;0;0;0;0
"24/03/2017";"06:55:00";"2668";"sem vítima";"123.5";"BR-116/PR";"Norte";"Colisão Traseira";1;0;0;1;0;0;0;0;0;0;3;0;0;0;0
"24/03/2017";"07:03:00";"2669";"sem vítima";"207.2";"BR-116/PR";"Norte";"Colisão Traseira";0;0;0;1;0;1;0;0;0;0;2;0;0;0;0
"24/03/2017";"10:57:00";"2708";"sem vítima";"118.7";"BR-116/PR";"Sul";"Colisão Lateral";1;0;1;0;0;0;0;0;0;0;2;0;0;0;0
"25/03/2017";"11:23:00";"2826";"sem vítima";"141.8";"BR-116/SC";"Norte";"Colisão Transversal";2;0;0;0;0;0;0;0;0;0;2;0;0;0;0
"25/03/2017";"01:45:00";"2834";"sem vítima";"122.8";"BR-116/PR";"Sul";"Colisão Lateral";1;0;0;0;0;0;0;0;0;1;6;0;0;0;0
"25/03/2017";"03:30:00";"2853";"com vítima";"190.8";"BR-116/SC";"Norte";"Colisão Transversal";0;0;1;0;0;0;0;0;0;1;1;1;0;0;0
"25/03/2017";"05:20:00";"2864";"com vítima";"123.2";"BR-116/PR";"Sul";"Saida de Pista";1;0;0;0;0;0;0;0;0;0;0;1;0;0;0
"25/03/2017";"07:46:00";"2875";"com vítima";"254.6";"BR-116/SC";"Sul";"Colisão Transversal";1;0;0;1;0;0;0;0;0;0;2;2;0;0;0
"25/03/2017";"09:55:00";"2890";"com vítima";"124.06";"BR-116/PR";"Norte";"Colisão Lateral";0;0;0;1;0;0;0;0;0;1;1;0;0;0;1
"26/03/2017";"02:57:00";"2902";"sem vítima";"126";"BR-116/PR";"Norte";"Colisão Transversal";2;0;0;0;0;0;0;0;0;0;2;0;0;0;0
"26/03/2017";"09:17:00";"2920";"com vítima";"147.3";"BR-116/PR";"Sul";"Saida de Pista";0;0;0;1;0;1;0;0;0;0;1;0;0;1;0
"26/03/2017";"04:58:00";"2946";"sem vítima";"196.4";"BR-116/PR";"Norte";"Saida de Pista";1;0;0;0;0;0;0;0;0;0;2;0;0;0;0
"26/03/2017";"05:13:00";"2950";"sem vítima";"52.7";"BR-116/SC";"Sul";"Atropelamento de Animal";1;0;0;0;0;0;0;0;0;0;2;0;0;0;0
"26/03/2017";"10:03:00";"2975";"sem vítima";"249.8";"BR-116/SC";"Sul";"Saida de Pista";1;0;0;0;0;0;0;0;0;0;2;0;0;0;0
"27/03/2017";"06:06:00";"2984";"com vítima";"118.8";"BR-116/PR";"Norte";"Saida de Pista";1;0;0;0;0;0;0;0;0;0;0;1;0;0;0
"27/03/2017";"06:55:00";"2985";"com vítima";"120.1";"BR-116/PR";"Norte";"Queda de Moto";0;0;0;1;0;0;0;0;0;0;1;1;0;0;0
"27/03/2017";"07:19:00";"2989";"sem vítima";"144.9";"BR-116/SC";"Sul";"Colisão Traseira";1;0;1;0;0;0;0;0;0;0;8;0;0;0;0
"27/03/2017";"06:54:00";"3070";"com vítima";"168";"BR-116/PR";"Sul";"Colisão Transversal";2;0;0;0;0;0;0;0;0;0;2;1;0;2;0
"27/03/2017";"08:51:00";"3071";"com vítima";"246";"BR-116/SC";"Norte";"Colisão Transversal";0;0;0;1;0;1;0;0;0;0;1;1;0;0;0
"29/03/2017";"09:44:00";"3205";"sem vítima";"122.7";"BR-116/PR";"Norte";"Colisão Lateral";1;0;0;0;0;1;0;0;0;0;2;0;0;0;0
"29/03/2017";"12:50:00";"3223";"sem vítima";"102";"BR-116/SC";"Norte";"Colisão Lateral";1;0;1;0;0;0;0;0;0;0;2;0;0;0;0
"29/03/2017";"04:21:00";"3250";"com vítima";"151.7";"BR-116/PR";"Sul";"Colisão Frontal";1;0;1;0;0;0;0;0;0;0;0;2;0;1;0
"30/03/2017";"06:54:00";"3284";"com vítima";"120";"BR-116/PR";"Norte";"Colisão Lateral";1;0;0;1;0;0;0;0;0;0;1;1;0;0;0
"30/03/2017";"11:10:00";"3323";"sem vítima";"29.7";"BR-116/SC";"Norte";"Colisão Traseira";0;0;2;0;0;0;0;0;0;0;2;0;0;0;0
"31/03/2017";"07:20:00";"3399";"com vítima";"119";"BR-116/PR";"Sul";"Colisão Traseira";0;0;0;1;1;0;0;0;0;0;1;1;0;0;0
"31/03/2017";"11:58:00";"3441";"com vítima";"34.2";"BR-116/SC";"Sul";"Colisão Transversal";2;0;0;0;0;0;0;0;0;0;0;1;0;1;0
"31/03/2017";"03:43:00";"3464";"sem vítima";"8.6";"BR-116/SC";"Sul";"Saida de Pista";1;0;0;0;0;0;0;0;0;0;1;0;0;0;0
"31/03/2017";"11:18:00";"3499";"com vítima";"233.6";"BR-116/SC";"Norte";"Choque - Defensa, barreira ou "submarino"";1;0;0;0;0;0;0;0;0;0;1;1;0;0;0
"01/04/2017";"07:57:00";"22";"sem vítima";"162.2";"BR-116/SC";"Sul";"Saida de Pista";1;0;0;0;0;0;0;0;0;0;1;0;0;0;0
"01/04/2017";"10:54:00";"39";"com vítima";"14.7";"BR-116/SC";"Sul";"Queda de Moto";0;0;0;1;0;0;0;0;0;0;0;1;0;0;0
"02/04/2017";"04:52:00";"95";"sem vítima";"123";"BR-116/PR";"Sul";"Saida de Pista";0;0;0;0;0;0;0;0;0;1;2;0;0;0;0
"02/04/2017";"05:14:00";"97";"sem vítima";"174";"BR-116/SC";"Norte";"Saida de Pista";1;0;0;0;0;0;0;0;0;0;1;0;0;0;0
"02/04/2017";"01:44:00";"122";"sem vítima";"127.7";"BR-116/PR";"Norte";"Saida de Pista";1;0;0;0;0;0;0;0;0;0;2;0;0;0;0
"02/04/2017";"07:21:00";"151";"com vítima";"135.58";"BR-116/PR";"Sul";"Atropelamento - Usuário";1;0;0;0;0;0;0;0;0;0;1;0;0;0;1
"02/04/2017";"07:24:00";"152";"com vítima";"247.8";"BR-116/SC";"Norte";"Colisão Transversal";2;0;0;0;0;0;0;0;0;0;5;1;0;0;0
"03/04/2017";"07:49:00";"186";"sem vítima";"117.6";"BR-116/PR";"Norte";"Colisão Transversal";0;0;1;0;0;1;0;0;0;0;4;0;0;0;0
"03/04/2017";"05:26:00";"281";"sem vítima";"16";"BR-116/SC";"Norte";"Atropelamento de Animal";1;0;0;0;0;0;0;0;0;0;1;0;0;0;0
"04/04/2017";"08:57:00";"433";"sem vítima";"133.8";"BR-116/PR";"Sul";"Choque - Objeto sobre a pista";1;0;0;0;0;0;0;0;0;0;1;0;0;0;0
"04/04/2017";"11:21:00";"438";"com vítima";"183.86";"BR-116/PR";"Norte";"Colisão Frontal";0;0;1;0;1;0;0;0;0;0;1;4;0;21;1
"05/04/2017";"12:54:00";"441";"com vítima";"162.4";"BR-116/PR";"Norte";"Atropelamento - Usuário";0;0;0;0;0;1;0;0;0;0;1;0;0;0;1
"05/04/2017";"11:10:00";"526";"sem vítima";"117";"BR-116/PR";"Sul";"Colisão Traseira";1;0;0;0;0;1;0;0;0;0;2;0;0;0;0
"06/04/2017";"07:22:00";"541";"sem vítima";"4.5";"BR-116/SC";"Norte";"Colisão Transversal";1;0;0;0;0;1;0;0;0;0;3;0;0;0;0
"06/04/2017";"11:53:00";"590";"sem vítima";"153.4";"BR-116/PR";"Sul";"Colisão Transversal";1;0;0;0;1;0;0;0;0;0;2;0;0;0;0
"06/04/2017";"07:03:00";"639";"com vítima";"210.8";"BR-116/PR";"Sul";"Colisão Transversal";1;0;0;1;0;0;0;0;0;0;3;1;0;0;0
"06/04/2017";"07:18:00";"642";"sem vítima";"125";"BR-116/PR";"Norte";"Colisão Lateral";1;0;1;0;0;0;0;0;0;0;2;0;0;0;0
"07/04/2017";"06:27:00";"741";"sem vítima";"120.5";"BR-116/PR";"Norte";"Saida de Pista";1;0;0;0;0;0;0;0;0;0;3;0;0;0;0