data;horario;n_da_ocorrencia;tipo_de_ocorrencia;km;trecho;sentido;tipo_de_acidente;automovel;bicicleta;caminhao;moto;onibus;outros;tracao_animal;transporte_de_cargas_especiais;trator_maquinas;utilitarios;ilesos;levemente_feridos;moderadamente_feridos;gravemente_feridos;mortos
"22/04/2018";"06:05:00";"13";"sem vítima";"26.8";"BR-116/SC";"Sul";"Colisão Traseira";1;0;1;0;0;0;0;0;0;0;4;0;0;0;0
"22/04/2018";"07:15:00";"69";"com vítima";"135.57";"BR-116/PR";"Norte";"Colisão Transversal";2;0;0;0;0;0;0;0;0;0;0;1;0;1;0
"22/04/2018";"10:10:00";"82";"sem vítima";"128.5";"BR-116/SC";"Norte";"Atropelamento de Animal";1;0;1;0;0;0;0;0;0;0;4;0;0;0;0
"23/04/2018";"07:00:00";"18";"com vítima";"126.95";"BR-116/SC";"Norte";"Colisão Transversal";2;0;0;0;0;0;0;0;0;0;2;1;0;0;0
"23/04/2018";"07:48:00";"26";"com vítima";"122.7";"BR-116/PR";"Sul";"Colisão Traseira";0;0;0;1;0;1;0;0;0;0;1;1;0;0;0
"23/04/2018";"08:45:00";"33";"sem vítima";"127";"BR-116/PR";"Sul";"Saida de Pista";1;0;0;0;0;0;0;0;0;0;1;0;0;0;0
"23/04/2018";"08:47:00";"34";"sem vítima";"127";"BR-116/PR";"Norte";"Colisão Lateral";1;0;1;0;0;0;0;0;0;0;2;0;0;0;0
"23/04/2018";"04:25:00";"99";"sem vítima";"4.5";"BR-116/SC";"Norte";"Colisão Traseira";0;0;2;0;0;0;0;0;0;0;2;0;0;0;0
"23/04/2018";"04:37:00";"102";"com vítima";"125.95";"BR-116/PR";"Norte";"Colisão Traseira";0;0;1;1;0;0;0;0;0;0;1;1;0;0;0
"23/04/2018";"10:19:00";"128";"sem vítima";"141.3";"BR-116/PR";"Sul";"Colisão Traseira";3;0;0;0;0;0;0;0;0;0;3;0;0;0;0
"24/04/2018";"09:35:00";"37";"sem vítima";"247";"BR-116/SC";"Sul";"Colisão Traseira";1;0;0;0;0;0;0;0;0;1;2;0;0;0;0
"24/04/2018";"09:10:00";"118";"com vítima";"7.8";"BR-116/SC";"Norte";"Choque - Veiculo parado na pista";1;0;1;0;0;0;0;0;0;0;1;0;0;1;0
"25/04/2018";"08:23:00";"43";"sem vítima";"116";"BR-116/PR";"Sul";"Colisão Traseira";1;0;1;0;0;0;0;0;0;0;2;0;0;0;0
"25/04/2018";"05:49:00";"141";"com vítima";"130.2";"BR-116/PR";"Sul";"Choque - Veiculo parado no acostamento";1;1;0;0;0;0;0;0;0;0;2;1;0;0;0
"26/04/2018";"12:19:00";"70";"com vítima";"180.4";"BR-116/SC";"Norte";"Colisão Transversal";2;0;0;0;0;0;0;0;0;0;1;1;0;0;0
"26/04/2018";"06:32:00";"144";"sem vítima";"117";"BR-116/PR";"Sul";"Colisão Lateral";1;0;1;0;0;0;0;0;0;0;2;0;0;0;0
"26/04/2018";"09:46:00";"163";"com vítima";"126.7";"BR-116/PR";"Sul";"Colisão Transversal";1;0;0;1;0;0;0;0;0;0;2;1;0;0;0
"27/04/2018";"09:43:00";"48";"com vítima";"128";"BR-116/PR";"Norte";"Colisão Traseira";0;0;1;1;0;0;0;0;0;0;1;1;0;0;0
"27/04/2018";"09:50:00";"49";"com vítima";"245.3";"BR-116/SC";"Norte";"Capotamento";1;0;0;0;0;0;0;0;0;0;1;1;0;0;0
"27/04/2018";"11:14:00";"62";"com vítima";"304.6";"BR-116/SC";"Sul";"Queda de Moto";0;0;0;1;0;0;0;0;0;0;0;1;0;0;0
"27/04/2018";"12:08:00";"67";"com vítima";"59.8";"BR-116/SC";"Norte";"Colisão Transversal";2;0;0;0;0;0;0;0;0;0;1;3;0;0;0
"27/04/2018";"07:35:00";"126";"sem vítima";"176.85";"BR-116/SC";"Norte";"Atropelamento de Animal";0;0;0;0;0;1;0;0;0;0;1;0;0;0;0
"27/04/2018";"08:50:00";"131";"com vítima";"125";"BR-116/PR";"Norte";"Colisão Transversal";2;0;0;0;0;0;0;0;0;0;1;1;0;0;0
"28/04/2018";"05:56:00";"18";"com vítima";"51";"BR-116/SC";"Sul";"Saida de Pista";1;0;0;0;0;0;0;0;0;0;2;2;0;0;0
"28/04/2018";"08:30:00";"32";"sem vítima";"181.5";"BR-116/SC";"Norte";"Choque - Talude";1;0;0;0;0;0;0;0;0;0;2;0;0;0;0
"28/04/2018";"12:53:00";"65";"sem vítima";"134";"BR-116/PR";"Norte";"Colisão Traseira";2;0;0;0;0;0;0;0;0;0;2;0;0;0;0
"28/04/2018";"05:13:00";"96";"com vítima";"158";"BR-116/SC";"Norte";"Colisão Frontal";2;0;0;0;0;0;0;0;0;0;1;2;0;1;0
"28/04/2018";"05:48:00";"98";"sem vítima";"221";"BR-116/SC";"Sul";"Saida de Pista";0;0;1;0;0;0;0;0;0;0;1;0;0;0;0
"28/04/2018";"07:12:00";"110";"sem vítima";"125.7";"BR-116/PR";"Sul";"Colisão Traseira";1;0;0;0;0;0;0;0;0;1;2;0;0;0;0
"28/04/2018";"07:57:00";"113";"com vítima";"164";"BR-116/PR";"Norte";"Colisão Transversal";1;0;0;0;0;0;0;0;0;1;1;0;0;1;0
"29/04/2018";"05:20:00";"77";"sem vítima";"133.8";"BR-116/PR";"Sul";"Choque - Elemento de Drenagem";1;0;0;0;0;0;0;0;0;0;1;0;0;0;0
"29/04/2018";"07:48:00";"95";"com vítima";"206";"BR-116/SC";"Norte";"Colisão Transversal";2;0;0;0;0;0;0;0;0;0;1;1;0;0;0
"29/04/2018";"08:51:00";"100";"com vítima";"129";"BR-116/PR";"Norte";"Capotamento";1;0;0;0;0;0;0;0;0;0;0;1;0;0;0
"30/04/2018";"11:10:00";"31";"com vítima";"260.3";"BR-116/SC";"Norte";"Colisão Frontal";2;0;0;0;0;0;0;0;0;0;2;1;0;0;0
"30/04/2018";"06:14:00";"69";"com vítima";"130";"BR-116/PR";"Sul";"Colisão Traseira";0;0;0;1;0;1;0;0;0;0;1;1;0;0;0
"01/05/2018";"06:53:00";"11";"sem vítima";"129";"BR-116/PR";"Sul";"Choque - Veiculo parado na pista";2;0;0;0;0;0;0;0;0;0;2;0;0;0;0
"02/05/2018";"10:38:00";"55";"sem vítima";"126";"BR-116/SC";"Norte";"Saida de Pista";1;0;0;0;0;0;0;0;0;0;1;0;0;0;0
"02/05/2018";"05:40:00";"107";"sem vítima";"150";"BR-116/PR";"Sul";"Colisão Transversal";1;0;0;0;0;0;0;0;0;1;2;0;0;0;0
"02/05/2018";"06:15:00";"109";"com vítima";"23.5";"BR-116/SC";"Norte";"Colisão Lateral";1;0;1;0;0;0;0;0;0;0;1;1;0;0;0
"02/05/2018";"06:24:00";"110";"com vítima";"122";"BR-116/PR";"Norte";"Atropelamento - Usuário";0;0;0;1;0;0;0;0;0;0;0;1;0;1;0
"02/05/2018";"06:37:00";"111";"sem vítima";"124";"BR-116/PR";"Norte";"Engavetamento";4;0;0;0;0;0;0;0;0;0;4;0;0;0;0
"03/05/2018";"11:09:00";"60";"sem vítima";"122";"BR-116/PR";"Sul";"Colisão Lateral";1;0;1;0;0;0;0;0;0;0;2;0;0;0;0
"03/05/2018";"05:46:00";"109";"sem vítima";"158.7";"BR-116/PR";"Sul";"Queda de Moto";0;0;0;1;0;0;0;0;0;0;1;0;0;0;0
"03/05/2018";"06:49:00";"115";"sem vítima";"12.4";"BR-116/SC";"Norte";"Colisão Transversal";1;0;1;0;0;0;0;0;0;0;5;0;0;0;0
"04/05/2018";"07:36:00";"24";"com vítima";"119";"BR-116/PR";"Norte";"Colisão Lateral";1;0;1;1;0;0;0;0;0;0;3;1;0;0;0
"05/05/2018";"07:26:00";"17";"sem vítima";"245";"BR-116/SC";"Norte";"Colisão Transversal";2;0;0;0;0;0;0;0;0;0;2;0;0;0;0
"05/05/2018";"08:53:00";"23";"sem vítima";"149";"BR-116/PR";"Norte";"Colisão Traseira";2;0;0;0;0;0;0;0;0;0;2;0;0;0;0
"05/05/2018";"04:53:00";"79";"com vítima";"135.7";"BR-116/PR";"Norte";"Atropelamento - Ciclista";1;1;0;0;0;0;0;0;0;0;1;0;0;1;0
"05/05/2018";"10:34:00";"102";"sem vítima";"107.6";"BR-116/SC";"Norte";"Saida de Pista";0;0;1;0;0;0;0;0;0;0;1;0;0;0;0
"06/05/2018";"06:45:00";"14";"com vítima";"214";"BR-116/SC";"Norte";"Capotamento";1;0;0;0;0;0;0;0;0;0;2;1;0;0;0
"06/05/2018";"07:27:00";"16";"sem vítima";"224.5";"BR-116/SC";"Norte";"Capotamento";1;0;0;0;0;0;0;0;0;0;1;0;0;0;0
"06/05/2018";"09:27:00";"25";"sem vítima";"126";"BR-116/PR";"Norte";"Colisão Transversal";1;0;1;0;0;0;0;0;0;0;2;0;0;0;0
"06/05/2018";"11:51:00";"49";"com vítima";"190.7";"BR-116/SC";"Norte";"Saida de Pista";0;0;1;0;0;0;0;0;0;0;0;1;0;0;0
"06/05/2018";"04:00:00";"75";"sem vítima";"168.5";"BR-116/PR";"Sul";"Choque - Suporte de Sinalização";1;0;0;0;0;0;0;0;0;0;4;0;0;0;0
"07/05/2018";"07:11:00";"17";"sem vítima";"115.4";"BR-116/PR";"Norte";"Colisão Lateral";1;0;0;1;0;0;0;0;0;0;2;0;0;0;0
"07/05/2018";"03:11:00";"75";"com vítima";"122.3";"BR-116/PR";"Norte";"Colisão Lateral";1;0;0;1;0;0;0;0;0;0;1;1;0;0;0
"07/05/2018";"04:16:00";"84";"com vítima";"161.4";"BR-116/PR";"Sul";"Choque - Elemento de Drenagem";0;0;1;0;0;0;0;0;0;0;0;1;0;0;0
"07/05/2018";"09:13:00";"123";"com vítima";"138.6";"BR-116/SC";"Norte";"Colisão Lateral";1;0;0;0;1;0;0;0;0;0;23;1;0;0;0
"08/05/2018";"06:52:00";"24";"com vítima";"120.5";"BR-116/PR";"Norte";"Queda de Moto";1;0;0;1;0;0;0;0;0;0;1;1;0;0;0
"08/05/2018";"07:06:00";"26";"com vítima";"123.6";"BR-116/PR";"Norte";"Colisão Traseira";1;0;0;1;0;0;0;0;0;0;1;1;0;0;0
"08/05/2018";"09:05:00";"47";"sem vítima";"5.9";"BR-116/SC";"Norte";"Choque - Outros";0;0;0;0;0;0;0;0;0;2;2;0;0;0;0
"08/05/2018";"10:49:00";"65";"com vítima";"139.8";"BR-116/SC";"Sul";"Colisão Transversal";1;0;0;1;0;0;0;0;0;0;1;1;0;0;0
"08/05/2018";"02:10:00";"81";"sem vítima";"4.2";"BR-116/SC";"Norte";"Colisão Lateral";1;0;1;0;0;0;0;0;0;0;2;0;0;0;0
"08/05/2018";"06:14:00";"119";"com vítima";"116";"BR-116/PR";"Norte";"Colisão Lateral";1;0;0;1;0;0;0;0;0;0;2;1;0;0;0
"09/05/2018";"04:50:00";"12";"sem vítima";"178.2";"BR-116/PR";"Sul";"Colisão Lateral";0;0;2;0;0;0;0;0;0;0;2;0;0;0;0
"09/05/2018";"11:28:00";"51";"sem vítima";"270.6";"BR-116/SC";"Norte";"Colisão Lateral";0;0;2;0;0;0;0;0;0;0;2;0;0;0;0
"09/05/2018";"03:37:00";"81";"sem vítima";"145.5";"BR-116/PR";"Norte";"Saida de Pista";0;0;0;1;0;0;0;0;0;0;1;0;0;0;0
"10/05/2018";"05:41:00";"10";"sem vítima";"242.4";"BR-116/SC";"Sul";"Saida de Pista";0;0;0;0;0;0;0;0;0;1;1;0;0;0;0
"10/05/2018";"11:30:00";"46";"sem vítima";"26.5";"BR-116/SC";"Sul";"Colisão Lateral";0;0;2;0;0;0;0;0;0;0;2;0;0;0;0
"10/05/2018";"05:41:00";"97";"com vítima";"93.3";"BR-116/SC";"Norte";"Colisão Frontal";1;0;0;0;0;0;0;0;0;1;2;1;0;0;0
"11/05/2018";"12:28:00";"1";"sem vítima";"66.7";"BR-116/SC";"Sul";"Capotamento";0;0;0;0;0;1;0;0;0;0;1;0;0;0;0
"11/05/2018";"02:05:00";"70";"sem vítima";"209";"BR-116/PR";"Sul";"Colisão Traseira";2;0;0;0;0;0;0;0;0;0;5;0;0;0;0
"11/05/2018";"06:41:00";"101";"sem vítima";"139";"BR-116/SC";"Norte";"Colisão Transversal";2;0;0;0;0;0;0;0;0;0;3;0;0;0;0
"11/05/2018";"08:44:00";"113";"com vítima";"70.9";"BR-116/SC";"Sul";"Colisão Lateral";2;0;0;0;0;0;0;0;0;2;10;2;0;0;0
"11/05/2018";"11:29:00";"128";"com vítima";"289";"BR-116/SC";"Norte";"Colisão Lateral";0;0;2;0;0;0;0;0;0;0;1;1;0;1;0
"12/05/2018";"07:13:00";"16";"sem vítima";"125";"BR-116/PR";"Norte";"Saida de Pista";1;0;0;0;0;0;0;0;0;0;1;0;0;0;0
"12/05/2018";"02:55:00";"65";"sem vítima";"105.1";"BR-116/SC";"Sul";"Colisão Traseira";2;0;0;0;0;0;0;0;0;0;5;0;0;0;0
"12/05/2018";"03:08:00";"69";"sem vítima";"234";"BR-116/SC";"Sul";"Tombamento";0;0;1;0;0;0;0;0;0;0;1;0;0;0;0
"12/05/2018";"04:55:00";"77";"com vítima";"184.85";"BR-116/SC";"Sul";"Colisão Transversal";1;0;0;1;0;0;0;0;0;0;1;1;0;0;0
"12/05/2018";"07:26:00";"91";"sem vítima";"61.4";"BR-116/SC";"Norte";"Choque - Defensa, barreira ou "submarino"";0;0;0;0;0;0;0;0;0;1;1;0;0;0;0
"13/05/2018";"12:04:00";"1";"sem vítima";"142";"BR-116/PR";"Sul";"Choque - Outros";1;0;0;0;0;0;0;0;0;0;1;0;0;0;0
"13/05/2018";"03:48:00";"59";"sem vítima";"170";"BR-116/SC";"Norte";"Choque - Elemento de Drenagem";1;0;0;0;0;0;0;0;0;0;2;0;0;0;0
"13/05/2018";"05:36:00";"72";"sem vítima";"155";"BR-116/PR";"Norte";"Colisão Traseira";2;0;0;0;0;0;0;0;0;0;2;0;0;0;0
"13/05/2018";"06:23:00";"80";"com vítima";"4.5";"BR-116/SC";"Norte";"Colisão Transversal";1;0;0;1;0;0;0;0;0;0;4;1;0;1;0
"13/05/2018";"08:16:00";"97";"sem vítima";"158.3";"BR-116/PR";"Norte";"Colisão Traseira";1;0;1;0;0;0;0;0;0;0;2;0;0;0;0
"14/05/2018";"07:33:00";"16";"com vítima";"134";"BR-116/PR";"Norte";"Colisão Transversal";1;0;0;1;0;0;0;0;0;0;1;1;0;0;0
"14/05/2018";"11:09:00";"114";"sem vítima";"209.45";"BR-116/PR";"Norte";"Colisão Traseira";1;0;0;0;0;0;0;0;0;1;4;0;0;0;0
"15/05/2018";"10:51:00";"53";"sem vítima";"133";"BR-116/SC";"Sul";"Colisão Traseira";0;0;2;0;0;0;0;0;0;0;2;0;0;0;0
"15/05/2018";"02:07:00";"76";"sem vítima";"187";"BR-116/SC";"Norte";"Choque - Talude";1;0;0;0;0;0;0;0;0;0;1;0;0;0;0
"15/05/2018";"02:08:00";"77";"sem vítima";"54";"BR-116/SC";"Norte";"Colisão Lateral";1;0;1;0;0;0;0;0;0;0;2;0;0;0;0
"15/05/2018";"04:34:00";"96";"sem vítima";"9";"BR-116/SC";"Sul";"Choque - Veiculo parado na pista";1;0;0;0;0;1;0;0;0;0;4;0;0;0;0
"16/05/2018";"07:10:00";"113";"sem vítima";"211.4";"BR-116/PR";"Norte";"Colisão Transversal";2;0;0;0;0;0;0;0;0;0;2;0;0;0;0
"17/05/2018";"05:02:00";"11";"sem vítima";"81.6";"BR-116/SC";"Sul";"Colisão Lateral";0;0;2;0;0;0;0;0;0;0;2;0;0;0;0
"17/05/2018";"06:55:00";"15";"com vítima";"210.8";"BR-116/PR";"Sul";"Choque - Poste";1;0;0;0;0;0;0;0;0;0;0;1;0;0;0
"17/05/2018";"11:39:00";"50";"sem vítima";"9.7";"BR-116/SC";"Sul";"Tombamento";0;0;1;0;0;0;0;0;0;0;1;0;0;0;0
"17/05/2018";"06:28:00";"88";"com vítima";"208.7";"BR-116/PR";"Sul";"Atropelamento - Usuário";0;0;0;1;0;0;0;0;0;0;0;0;0;2;0
"17/05/2018";"07:26:00";"91";"sem vítima";"122.934";"BR-116/PR";"Sul";"Colisão Lateral";1;0;1;0;0;0;0;0;0;0;2;0;0;0;0
"17/05/2018";"07:41:00";"94";"sem vítima";"125";"BR-116/PR";"Norte";"Colisão Traseira";2;0;0;0;0;0;0;0;0;0;2;0;0;0;0
"18/05/2018";"06:34:00";"17";"sem vítima";"154";"BR-116/PR";"Sul";"Atropelamento de Animal";0;0;1;0;0;0;0;0;0;0;1;0;0;0;0
"18/05/2018";"10:57:00";"44";"sem vítima";"116.5";"BR-116/PR";"Sul";"Colisão Lateral";1;0;1;0;0;0;0;0;0;0;2;0;0;0;0
"18/05/2018";"12:23:00";"58";"sem vítima";"12";"BR-116/SC";"Sul";"Colisão Transversal";1;0;0;0;0;1;0;0;0;0;2;0;0;0;0
"18/05/2018";"02:44:00";"73";"com vítima";"245.6";"BR-116/SC";"Norte";"Colisão Transversal";1;0;1;0;0;0;0;0;0;0;1;2;0;1;0
"18/05/2018";"03:58:00";"79";"com vítima";"140.26";"BR-116/PR";"Sul";"Atropelamento - Morador";0;0;0;0;0;0;0;0;0;1;1;0;0;0;1
"18/05/2018";"04:11:00";"81";"sem vítima";"158";"BR-116/PR";"Sul";"Colisão Lateral";1;0;1;0;0;0;0;0;0;0;2;0;0;0;0
"19/05/2018";"04:33:00";"53";"com vítima";"117.2";"BR-116/PR";"Sul";"Engavetamento";3;0;0;0;0;0;0;0;0;0;6;1;0;0;0
"19/05/2018";"04:38:00";"55";"sem vítima";"148.5";"BR-116/SC";"Norte";"Choque - Arvore";0;0;0;0;0;0;0;0;0;1;4;0;0;0;0
"19/05/2018";"08:39:00";"82";"sem vítima";"121.9";"BR-116/PR";"Sul";"Colisão Lateral";2;0;0;0;0;0;0;0;0;0;3;0;0;0;0
"20/05/2018";"04:53:00";"14";"com vítima";"129";"BR-116/PR";"Sul";"Queda de Moto";0;0;0;1;0;1;0;0;0;0;1;0;0;0;1
"20/05/2018";"07:38:00";"102";"com vítima";"153.4";"BR-116/PR";"Norte";"Colisão Transversal";1;0;0;1;0;0;0;0;0;0;2;2;0;0;0
"21/05/2018";"06:46:00";"20";"sem vítima";"119";"BR-116/PR";"Norte";"Colisão Traseira";1;0;0;0;1;0;0;0;0;0;2;0;0;0;0
"21/05/2018";"07:34:00";"24";"com vítima";"221";"BR-116/SC";"Sul";"Colisão Transversal";1;0;0;1;0;0;0;0;0;0;1;1;0;0;0
"22/05/2018";"09:00:00";"44";"sem vítima";"7";"BR-116/SC";"Norte";"Colisão Transversal";2;0;0;0;0;0;0;0;0;0;2;0;0;0;0
"22/05/2018";"08:00:00";"108";"sem vítima";"118";"BR-116/PR";"Sul";"Engavetamento";2;0;0;0;0;1;0;0;0;0;5;0;0;0;0
"23/05/2018";"02:08:00";"64";"com vítima";"126";"BR-116/PR";"Sul";"Colisão Transversal";1;0;0;1;0;0;0;0;0;0;1;1;0;0;0
"24/05/2018";"07:34:00";"78";"com vítima";"116.8";"BR-116/PR";"Norte";"Colisão Lateral";0;0;0;2;0;0;0;0;0;0;1;1;0;0;0
"24/05/2018";"11:35:00";"88";"com vítima";"164.3";"BR-116/PR";"Sul";"Saida de Pista";0;0;0;1;0;0;0;0;0;0;0;0;0;1;0
"25/05/2018";"11:06:00";"43";"com vítima";"182";"BR-116/SC";"Norte";"Colisão Traseira";2;0;0;0;0;0;0;0;0;0;1;1;0;0;0
"25/05/2018";"09:39:00";"91";"com vítima";"127.7";"BR-116/PR";"Sul";"Choque - Objeto sobre a pista";0;0;0;1;0;0;0;0;0;0;0;1;0;0;0
"28/05/2018";"10:06:00";"24";"com vítima";"206";"BR-116/SC";"Sul";"Queda de Moto";0;0;0;1;0;0;0;0;0;0;0;1;0;0;0
"29/05/2018";"11:21:00";"37";"sem vítima";"4.5";"BR-116/SC";"Norte";"Colisão Transversal";1;0;0;0;0;0;0;0;0;1;2;0;0;0;0
"30/05/2018";"11:40:00";"31";"com vítima";"16.3";"BR-116/SC";"Norte";"Colisão Transversal";0;0;1;1;0;0;0;0;0;0;0;2;0;0;0
"30/05/2018";"07:55:00";"63";"sem vítima";"178";"BR-116/PR";"Sul";"Choque - Talude";1;0;1;0;0;0;0;0;0;0;3;0;0;0;0
"30/05/2018";"09:36:00";"72";"com vítima";"155";"BR-116/PR";"Norte";"Colisão Lateral";0;0;0;1;0;1;0;0;0;0;1;2;0;0;0
"30/05/2018";"10:38:00";"77";"sem vítima";"262";"BR-116/SC";"Norte";"Saida de Pista";1;0;0;0;0;0;0;0;0;0;3;0;0;0;0
"31/05/2018";"08:47:00";"54";"sem vítima";"133";"BR-116/SC";"Norte";"Tombamento";0;0;1;0;0;0;0;0;0;0;1;0;0;0;0
"31/05/2018";"10:31:00";"63";"com vítima";"138";"BR-116/SC";"Norte";"Colisão Traseira";2;0;0;0;0;0;0;0;0;0;1;1;0;0;0
"31/05/2018";"03:48:00";"83";"sem vítima";"63";"BR-116/SC";"Norte";"Choque - Outros";1;0;0;0;0;1;0;0;0;0;4;0;0;0;0
"31/05/2018";"06:01:00";"104";"com vítima";"152.1";"BR-116/PR";"Sul";"Colisão Frontal";0;0;1;0;0;0;0;0;0;1;1;0;0;1;0
"01/06/2018";"05:59:00";"14";"com vítima";"155.1";"BR-116/SC";"Sul";"Tombamento";0;0;1;0;0;0;0;0;0;0;0;1;0;0;0
"01/06/2018";"07:26:00";"77";"sem vítima";"126";"BR-116/PR";"Sul";"Engavetamento";3;0;0;0;0;0;0;0;0;0;3;0;0;0;0
"01/06/2018";"07:37:00";"78";"com vítima";"29.7";"BR-116/SC";"Norte";"Colisão Traseira";1;0;1;0;0;0;0;0;0;0;2;1;0;0;0
"01/06/2018";"10:05:00";"90";"sem vítima";"162.9";"BR-116/PR";"Sul";"Colisão Lateral";1;0;1;0;0;0;0;0;0;0;2;0;0;0;0
"02/06/2018";"07:56:00";"28";"sem vítima";"227.5";"BR-116/SC";"Norte";"Tombamento";0;0;1;0;0;0;0;0;0;0;1;0;0;0;0
"02/06/2018";"09:29:00";"38";"sem vítima";"128";"BR-116/PR";"Norte";"Colisão Traseira";2;0;0;0;0;0;0;0;0;0;2;0;0;0;0
"02/06/2018";"01:25:00";"63";"sem vítima";"5";"BR-116/SC";"Sul";"Colisão Traseira";2;0;0;0;0;0;0;0;0;0;2;0;0;0;0
"02/06/2018";"03:57:00";"79";"sem vítima";"135";"BR-116/PR";"Norte";"Colisão Lateral";1;0;1;0;0;0;0;0;0;0;2;0;0;0;0
"02/06/2018";"05:17:00";"85";"com vítima";"206";"BR-116/PR";"Sul";"Choque - Talude";1;0;0;0;0;0;0;0;0;0;1;1;0;0;0
"03/06/2018";"12:52:00";"4";"sem vítima";"131";"BR-116/PR";"Norte";"Capotamento";1;0;0;0;0;0;0;0;0;0;5;0;0;0;0
"03/06/2018";"03:56:00";"9";"com vítima";"126.2";"BR-116/PR";"Norte";"Colisão Transversal";1;0;1;0;0;0;0;0;0;0;1;1;0;0;0
"03/06/2018";"03:36:00";"51";"sem vítima";"252";"BR-116/SC";"Norte";"Colisão Traseira";1;0;1;0;0;0;0;0;0;0;3;0;0;0;0
"03/06/2018";"06:33:00";"62";"com vítima";"152.4";"BR-116/PR";"Sul";"Colisão Transversal";1;0;1;0;0;0;0;0;0;0;2;1;0;0;0
"04/06/2018";"04:42:00";"78";"sem vítima";"107.2";"BR-116/SC";"Norte";"Colisão Traseira";0;0;1;0;0;0;0;0;0;0;1;0;0;0;0
"04/06/2018";"07:34:00";"90";"sem vítima";"52";"BR-116/SC";"Norte";"Colisão Traseira";2;0;0;0;0;0;0;0;0;0;3;0;0;0;0
"04/06/2018";"08:37:00";"96";"sem vítima";"306";"BR-116/SC";"Sul";"Colisão Traseira";2;0;0;0;0;0;0;0;0;0;3;0;0;0;0
"04/06/2018";"10:31:00";"100";"sem vítima";"129";"BR-116/PR";"Sul";"Choque - Outros";1;0;0;0;0;0;0;0;0;0;1;0;0;0;0
"05/06/2018";"08:17:00";"15";"sem vítima";"237";"BR-116/SC";"Sul";"Saida de Pista";1;0;0;0;0;0;0;0;0;0;1;0;0;0;0
"05/06/2018";"02:11:00";"47";"sem vítima";"134";"BR-116/PR";"Norte";"Colisão Lateral";1;0;0;0;0;1;0;0;0;0;3;0;0;0;0
"05/06/2018";"02:44:00";"51";"sem vítima";"141.5";"BR-116/PR";"Norte";"Colisão Traseira";1;0;0;0;0;0;0;0;0;1;2;0;0;0;0
"05/06/2018";"03:01:00";"57";"sem vítima";"206";"BR-116/SC";"Norte";"Colisão Transversal";2;0;0;0;0;0;0;0;0;0;2;0;0;0;0
"05/06/2018";"06:15:00";"77";"sem vítima";"209";"BR-116/PR";"Sul";"Choque - Veiculo parado na pista";1;0;0;0;1;0;0;0;0;0;2;0;0;0;0
"05/06/2018";"06:17:00";"78";"sem vítima";"115";"BR-116/PR";"Sul";"Engavetamento";3;0;1;0;0;0;0;0;0;0;7;0;0;0;0
"06/06/2018";"10:44:00";"46";"sem vítima";"147.3";"BR-116/PR";"Norte";"Choque - Talude";0;0;1;0;0;0;0;0;0;0;1;0;0;0;0
"06/06/2018";"07:22:00";"120";"com vítima";"247.45";"BR-116/SC";"Sul";"Colisão Transversal";1;0;1;0;0;0;0;0;0;0;1;1;0;0;0
"06/06/2018";"07:27:00";"121";"com vítima";"117.3";"BR-116/PR";"Sul";"Colisão Traseira";1;0;0;2;0;0;0;0;0;0;2;1;0;0;0
"06/06/2018";"07:47:00";"123";"com vítima";"56.3";"BR-116/SC";"Sul";"Atropelamento - Ciclista";0;1;1;0;0;0;0;0;0;0;1;0;0;0;1
"07/06/2018";"04:25:00";"69";"sem vítima";"189.9";"BR-116/SC";"Norte";"Colisão Traseira";1;0;1;0;0;0;0;0;0;0;2;0;0;0;0
"07/06/2018";"06:16:00";"84";"sem vítima";"116.7";"BR-116/PR";"Sul";"Colisão Traseira";2;0;0;0;0;0;0;0;0;0;2;0;0;0;0
"08/06/2018";"11:17:00";"53";"com vítima";"12";"BR-116/SC";"Norte";"Colisão Transversal";1;0;0;0;0;0;0;0;0;1;2;1;0;0;0
"08/06/2018";"05:59:00";"101";"sem vítima";"209";"BR-116/PR";"Sul";"Colisão Traseira";1;0;0;1;0;0;0;0;0;0;2;0;0;0;0
"08/06/2018";"07:51:00";"114";"sem vítima";"274.4";"BR-116/SC";"Norte";"Choque - Defensa, barreira ou "submarino"";1;0;0;0;0;0;0;0;0;0;1;0;0;0;0
"09/06/2018";"01:57:00";"9";"com vítima";"180.4";"BR-116/SC";"Norte";"Saida de Pista";1;0;0;0;0;0;0;0;0;0;0;1;0;0;0
"09/06/2018";"03:35:00";"13";"com vítima";"234.4";"BR-116/SC";"Norte";"Capotamento";1;0;0;0;0;0;0;0;0;0;0;1;0;0;0
"09/06/2018";"08:19:00";"26";"sem vítima";"117";"BR-116/PR";"Sul";"Saida de Pista";1;0;0;0;0;0;0;0;0;0;4;0;0;0;0
"09/06/2018";"06:05:00";"99";"sem vítima";"119.5";"BR-116/PR";"Sul";"Colisão Lateral";1;0;0;0;0;1;0;0;0;0;3;0;0;0;0
"09/06/2018";"06:08:00";"100";"sem vítima";"81.6";"BR-116/SC";"Norte";"Colisão Traseira";2;0;0;0;0;0;0;0;0;0;3;0;0;0;0
"09/06/2018";"06:46:00";"108";"com vítima";"220.4";"BR-116/SC";"Norte";"Atropelamento - Ciclista";1;0;0;0;0;1;0;0;0;0;1;1;0;0;0