data;horario;n_da_ocorrencia;tipo_de_ocorrencia;km;trecho;sentido;tipo_de_acidente;automovel;bicicleta;caminhao;moto;onibus;outros;tracao_animal;transporte_de_cargas_especiais;trator_maquinas;utilitarios;ilesos;levemente_feridos;moderadamente_feridos;gravemente_feridos;mortos
"29/07/2018";"07:27:00";"85";"sem vítima";"122";"BR-116/PR";"Sul";"Colisão Traseira";1;0;0;0;1;1;0;0;0;0;7;0;0;0;0
"29/07/2018";"10:49:00";"107";"com vítima";"283.4";"BR-116/SC";"Norte";"Colisão Transversal";2;0;0;0;0;0;0;0;0;0;1;1;0;0;0
"30/07/2018";"12:30:00";"2";"sem vítima";"49.3";"BR-116/SC";"Norte";"Colisão Traseira";0;0;2;0;0;0;0;0;0;0;4;0;0;0;0
"30/07/2018";"07:02:00";"17";"com vítima";"125";"BR-116/PR";"Norte";"Colisão Lateral";0;0;0;2;0;0;0;0;0;0;1;1;0;0;0
"30/07/2018";"07:13:00";"18";"com vítima";"288.58";"BR-116/SC";"Norte";"Queda de Moto";0;0;0;1;0;0;0;0;0;0;0;1;0;0;0
"30/07/2018";"09:11:00";"31";"sem vítima";"185.9";"BR-116/PR";"Norte";"Capotamento";1;0;0;0;0;0;0;0;0;0;1;0;0;0;0
"30/07/2018";"11:36:00";"48";"sem vítima";"166.8";"BR-116/PR";"Norte";"Colisão Transversal";2;0;0;0;0;0;0;0;0;0;2;0;0;0;0
"30/07/2018";"02:35:00";"76";"sem vítima";"118";"BR-116/PR";"Sul";"Colisão Lateral";0;0;0;1;0;1;0;0;0;0;2;0;0;0;0
"31/07/2018";"05:13:00";"8";"sem vítima";"224.95";"BR-116/SC";"Norte";"Colisão Traseira";1;0;1;0;0;0;0;0;0;0;2;0;0;0;0
"31/07/2018";"06:57:00";"10";"sem vítima";"201.2";"BR-116/SC";"Norte";"Choque - Defensa, barreira ou "submarino"";1;0;0;0;0;0;0;0;0;0;1;0;0;0;0
"31/07/2018";"10:41:00";"35";"sem vítima";"211";"BR-116/SC";"Sul";"Engavetamento";1;0;1;0;0;1;0;0;0;0;4;0;0;0;0
"01/08/2018";"05:44:00";"11";"sem vítima";"138.5";"BR-116/PR";"Norte";"Choque - Defensa, barreira ou "submarino"";1;0;0;0;0;0;0;0;0;0;1;0;0;0;0
"01/08/2018";"07:16:00";"14";"sem vítima";"122.5";"BR-116/PR";"Sul";"Queda de Moto";0;0;0;1;0;0;0;0;0;0;1;0;0;0;0
"01/08/2018";"02:23:00";"70";"sem vítima";"2";"BR-116/SC";"Norte";"Colisão Transversal";2;0;0;0;0;0;0;0;0;0;2;0;0;0;0
"01/08/2018";"02:36:00";"73";"com vítima";"238.95";"BR-116/SC";"Sul";"Tombamento";0;0;2;0;0;0;0;0;0;0;2;1;0;0;0
"03/08/2018";"07:24:00";"14";"sem vítima";"122.7";"BR-116/PR";"Norte";"Colisão Lateral";2;0;0;1;0;0;0;0;0;0;3;0;0;0;0
"03/08/2018";"04:00:00";"73";"sem vítima";"184";"BR-116/PR";"Sul";"Saida de Pista";0;0;1;0;0;0;0;0;0;0;1;0;0;0;0
"03/08/2018";"10:24:00";"103";"sem vítima";"107.7";"BR-116/SC";"Norte";"Choque - Elemento de Drenagem";1;0;0;0;0;0;0;0;0;0;2;0;0;0;0
"04/08/2018";"09:05:00";"29";"com vítima";"23.5";"BR-116/SC";"Norte";"Choque - Outros";0;0;0;1;0;0;0;0;0;0;0;1;0;0;0
"05/08/2018";"11:21:00";"40";"sem vítima";"202";"BR-116/PR";"Sul";"Queda de Moto";0;0;0;2;0;0;0;0;0;0;2;0;0;0;0
"05/08/2018";"06:40:00";"87";"com vítima";"154";"BR-116/PR";"Norte";"Colisão Frontal";2;0;0;0;0;0;0;0;0;0;0;2;0;1;1
"05/08/2018";"11:52:00";"104";"sem vítima";"150.9";"BR-116/PR";"Norte";"Queda de Moto";0;0;0;1;0;0;0;0;0;0;1;0;0;0;0
"06/08/2018";"06:35:00";"16";"sem vítima";"152";"BR-116/PR";"Norte";"Colisão Transversal";2;0;0;0;0;0;0;0;0;0;2;0;0;0;0
"06/08/2018";"07:45:00";"24";"com vítima";"117.5";"BR-116/PR";"Norte";"Colisão Traseira";1;0;0;1;0;0;0;0;0;0;3;1;0;0;0
"06/08/2018";"08:28:00";"30";"com vítima";"119";"BR-116/PR";"Norte";"Colisão Traseira";1;0;0;1;0;0;0;0;0;0;1;1;0;0;0
"06/08/2018";"08:55:00";"34";"sem vítima";"4.5";"BR-116/SC";"Norte";"Colisão Transversal";1;0;0;0;0;1;0;0;0;0;2;0;0;0;0
"06/08/2018";"12:20:00";"61";"com vítima";"187.1";"BR-116/SC";"Norte";"Queda de Moto";0;0;0;1;0;0;0;0;0;0;0;1;0;0;0
"06/08/2018";"12:47:00";"64";"sem vítima";"124";"BR-116/SC";"Sul";"Colisão Lateral";2;0;0;0;0;0;0;0;0;0;2;0;0;0;0
"06/08/2018";"03:36:00";"77";"com vítima";"132";"BR-116/SC";"Sul";"Colisão Lateral";1;0;1;0;0;0;0;0;0;0;2;1;0;0;0
"06/08/2018";"03:43:00";"80";"sem vítima";"120";"BR-116/SC";"Norte";"Saida de Pista";0;0;1;0;0;0;0;0;0;0;1;0;0;0;0
"06/08/2018";"04:42:00";"88";"com vítima";"1";"BR-116/SC";"Norte";"Colisão Transversal";1;0;0;1;0;0;0;0;0;0;1;1;0;0;0
"07/08/2018";"08:41:00";"25";"com vítima";"119.9";"BR-116/PR";"Sul";"Queda de Moto";0;0;0;1;0;0;0;0;0;0;0;1;0;0;0
"07/08/2018";"09:55:00";"36";"sem vítima";"125.8";"BR-116/PR";"Norte";"Colisão Traseira";2;0;0;0;0;0;0;0;0;0;2;0;0;0;0
"07/08/2018";"11:14:00";"46";"sem vítima";"12.3";"BR-116/SC";"Norte";"Tombamento";0;0;1;0;0;0;0;0;0;0;1;0;0;0;0
"07/08/2018";"02:21:00";"69";"com vítima";"13.4";"BR-116/SC";"Sul";"Engavetamento";1;0;3;0;0;0;0;0;0;0;2;3;0;2;0
"07/08/2018";"04:31:00";"91";"sem vítima";"119";"BR-116/PR";"Sul";"Colisão Traseira";1;0;1;0;0;0;0;0;0;0;2;0;0;0;0
"08/08/2018";"06:50:00";"98";"sem vítima";"278.25";"BR-116/SC";"Norte";"Atropelamento de Animal";1;0;0;0;0;0;0;0;0;0;1;0;0;0;0
"09/08/2018";"02:19:00";"5";"sem vítima";"141";"BR-116/PR";"Norte";"Choque - Talude";1;0;0;0;0;0;0;0;0;0;1;0;0;0;0
"09/08/2018";"10:22:00";"31";"sem vítima";"115.5";"BR-116/PR";"Norte";"Colisão Traseira";1;0;0;0;0;1;0;0;0;0;2;0;0;0;0
"09/08/2018";"11:40:00";"46";"sem vítima";"60";"BR-116/SC";"Sul";"Colisão Traseira";0;0;2;0;0;0;0;0;0;0;2;0;0;0;0
"09/08/2018";"12:26:00";"51";"sem vítima";"117.3";"BR-116/PR";"Sul";"Colisão Traseira";2;0;0;0;0;0;0;0;0;0;2;0;0;0;0
"09/08/2018";"03:03:00";"67";"com vítima";"98.95";"BR-116/SC";"Sul";"Colisão Transversal";1;0;1;0;0;0;0;0;0;0;1;1;0;0;0
"10/08/2018";"12:22:00";"3";"com vítima";"166.7";"BR-116/PR";"Norte";"Colisão Transversal";1;0;1;0;0;0;0;0;0;0;1;0;0;1;0
"10/08/2018";"08:10:00";"27";"com vítima";"125.1";"BR-116/PR";"Norte";"Colisão Traseira";1;0;0;1;0;0;0;0;0;0;2;1;0;0;0
"10/08/2018";"03:50:00";"86";"com vítima";"5.8";"BR-116/SC";"Sul";"Queda de Moto";0;0;0;1;0;0;0;0;0;0;0;1;0;0;0
"10/08/2018";"04:12:00";"91";"com vítima";"105.7";"BR-116/SC";"Norte";"Tombamento";0;0;1;0;0;0;0;0;0;0;0;1;0;0;0
"10/08/2018";"05:22:00";"102";"sem vítima";"189.75";"BR-116/SC";"Norte";"Saida de Pista";1;0;0;0;0;0;0;0;0;0;1;0;0;0;0
"11/08/2018";"10:48:00";"39";"com vítima";"55.6";"BR-116/SC";"Sul";"Colisão Transversal";1;0;0;1;0;0;0;0;0;0;1;1;0;0;0
"11/08/2018";"11:31:00";"43";"com vítima";"110";"BR-116/SC";"Norte";"Colisão Traseira";0;0;1;0;0;0;0;0;0;1;2;1;0;0;0
"11/08/2018";"04:31:00";"64";"sem vítima";"117.067";"BR-116/PR";"Sul";"Colisão Traseira";1;0;0;0;0;0;0;0;0;0;1;0;0;0;0
"11/08/2018";"04:39:00";"68";"sem vítima";"170.8";"BR-116/SC";"Norte";"Colisão Lateral";1;0;1;0;0;1;0;0;0;0;5;0;0;0;0
"11/08/2018";"05:10:00";"75";"com vítima";"138.4";"BR-116/SC";"Norte";"Colisão Transversal";2;0;0;0;0;0;0;0;0;0;3;1;0;0;0
"11/08/2018";"06:21:00";"82";"com vítima";"129.5";"BR-116/PR";"Sul";"Queda de Moto";0;0;0;1;0;0;0;0;0;0;0;1;0;0;0
"11/08/2018";"06:32:00";"83";"sem vítima";"197";"BR-116/SC";"Norte";"Colisão Lateral";1;0;0;0;0;2;0;0;0;0;3;0;0;0;0
"12/08/2018";"04:29:00";"12";"sem vítima";"117";"BR-116/PR";"Sul";"Capotamento";1;0;0;0;0;0;0;0;0;0;2;0;0;0;0
"12/08/2018";"05:13:00";"15";"sem vítima";"162";"BR-116/SC";"Norte";"Capotamento";1;0;0;0;0;0;0;0;0;0;1;0;0;0;0
"12/08/2018";"05:32:00";"17";"com vítima";"165.7";"BR-116/SC";"Norte";"Tombamento";0;0;1;0;0;0;0;0;0;0;0;1;0;0;0
"12/08/2018";"06:42:00";"20";"com vítima";"125";"BR-116/PR";"Norte";"Queda de Moto";0;0;0;1;0;0;0;0;0;0;0;1;0;0;0
"12/08/2018";"02:11:00";"49";"sem vítima";"210";"BR-116/SC";"Norte";"Choque - Talude";1;0;0;0;0;0;0;0;0;0;1;0;0;0;0
"12/08/2018";"06:04:00";"77";"com vítima";"135";"BR-116/PR";"Sul";"Colisão Transversal";1;0;0;0;0;0;0;0;0;1;2;1;0;0;0
"13/08/2018";"11:55:00";"41";"sem vítima";"122";"BR-116/PR";"Sul";"Colisão Transversal";1;0;0;0;0;1;0;0;0;0;4;0;0;0;0
"13/08/2018";"12:40:00";"46";"sem vítima";"1.2";"BR-116/SC";"Sul";"Saida de Pista";1;0;0;0;0;0;0;0;0;0;1;0;0;0;0
"14/08/2018";"07:25:00";"11";"com vítima";"115";"BR-116/PR";"Norte";"Colisão Lateral";1;0;0;1;0;0;0;0;0;0;1;1;0;0;0
"14/08/2018";"08:01:00";"13";"sem vítima";"138";"BR-116/SC";"Norte";"Colisão Transversal";1;0;1;0;0;0;0;0;0;0;2;0;0;0;0
"14/08/2018";"11:06:00";"45";"sem vítima";"126";"BR-116/PR";"Sul";"Colisão Traseira";1;0;1;0;0;0;0;0;0;0;2;0;0;0;0
"14/08/2018";"12:43:00";"56";"sem vítima";"12";"BR-116/SC";"Sul";"Colisão Transversal";2;0;0;0;0;0;0;0;0;0;2;0;0;0;0
"14/08/2018";"07:30:00";"100";"sem vítima";"47";"BR-116/SC";"Sul";"Atropelamento de Animal";1;0;0;0;0;0;0;0;0;0;1;0;0;0;0
"14/08/2018";"09:58:00";"116";"com vítima";"123";"BR-116/PR";"Norte";"Atropelamento - Ciclista";0;1;0;0;0;1;0;0;0;0;1;0;0;1;0
"14/08/2018";"10:08:00";"117";"com vítima";"211";"BR-116/SC";"Norte";"Queda de Moto";0;0;0;1;0;0;0;0;0;0;0;1;0;0;0
"15/08/2018";"08:18:00";"22";"sem vítima";"116.9";"BR-116/PR";"Norte";"Colisão Traseira";1;1;0;0;0;0;0;0;0;0;2;0;0;0;0
"15/08/2018";"01:56:00";"50";"com vítima";"251.3";"BR-116/SC";"Sul";"Colisão Transversal";2;0;1;0;0;0;0;0;0;0;3;1;0;0;0
"16/08/2018";"02:03:00";"66";"sem vítima";"41.2";"BR-116/SC";"Sul";"Choque - Outros";0;0;1;0;0;0;0;0;0;0;1;0;0;0;0
"16/08/2018";"05:26:00";"87";"sem vítima";"137";"BR-116/SC";"Norte";"Choque - Talude";1;0;0;0;0;0;0;0;0;0;1;0;0;0;0
"17/08/2018";"06:21:00";"10";"sem vítima";"181.05";"BR-116/SC";"Sul";"Saida de Pista";1;0;0;0;0;0;0;0;0;0;3;0;0;0;0
"17/08/2018";"09:15:00";"115";"sem vítima";"168";"BR-116/PR";"Sul";"Colisão Lateral";1;0;1;0;0;0;0;0;0;0;2;0;0;0;0
"19/08/2018";"02:19:00";"5";"com vítima";"117.1";"BR-116/PR";"Sul";"Capotamento";1;0;0;0;0;0;0;0;0;0;0;3;0;0;0
"19/08/2018";"01:12:00";"40";"com vítima";"149";"BR-116/PR";"Norte";"Colisão Frontal";1;0;0;0;0;0;0;0;0;1;0;1;0;1;0
"19/08/2018";"02:57:00";"48";"com vítima";"238.9";"BR-116/SC";"Norte";"Choque - Outros";0;0;0;1;0;0;0;0;0;0;0;1;0;0;0
"19/08/2018";"05:43:00";"60";"com vítima";"119";"BR-116/PR";"Sul";"Saida de Pista";1;0;0;0;0;0;0;0;0;0;0;3;0;0;0
"19/08/2018";"07:17:00";"68";"sem vítima";"107.7";"BR-116/SC";"Sul";"Choque - Elemento de Drenagem";1;0;0;0;0;0;0;0;0;0;2;0;0;0;0
"19/08/2018";"07:41:00";"71";"sem vítima";"143";"BR-116/PR";"Norte";"Colisão Traseira";2;0;0;0;0;0;0;0;0;0;2;0;0;0;0
"19/08/2018";"08:58:00";"79";"com vítima";"153.1";"BR-116/PR";"Norte";"Colisão Transversal";1;0;1;0;0;0;0;0;0;0;1;2;0;0;0
"20/08/2018";"09:03:00";"31";"sem vítima";"119.5";"BR-116/PR";"Norte";"Colisão Traseira";0;0;0;1;0;0;0;0;0;1;2;0;0;0;0
"20/08/2018";"10:30:00";"58";"sem vítima";"51.5";"BR-116/SC";"Norte";"Choque - Outros";1;0;0;0;0;0;0;0;0;0;1;0;0;0;0
"20/08/2018";"07:07:00";"106";"sem vítima";"149";"BR-116/PR";"Norte";"Colisão Traseira";2;0;0;0;0;1;0;0;0;0;3;0;0;0;0
"20/08/2018";"08:35:00";"109";"com vítima";"161.5";"BR-116/PR";"Sul";"Saida de Pista";1;0;0;0;0;0;0;0;0;0;0;1;0;0;0
"21/08/2018";"07:01:00";"11";"com vítima";"126";"BR-116/PR";"Norte";"Colisão Traseira";1;0;0;1;0;0;0;0;0;0;1;1;0;0;0
"21/08/2018";"07:36:00";"13";"sem vítima";"2.5";"BR-116/SC";"Norte";"Colisão Traseira";0;0;1;1;0;0;0;0;0;0;3;0;0;0;0
"21/08/2018";"12:26:00";"55";"sem vítima";"122";"BR-116/PR";"Norte";"Queda de Moto";0;0;0;1;0;0;0;0;0;0;1;0;0;0;0
"21/08/2018";"01:00:00";"58";"sem vítima";"121";"BR-116/PR";"Norte";"Choque - Veiculo parado na pista";1;0;1;0;0;0;0;0;0;0;2;0;0;0;0
"21/08/2018";"07:06:00";"87";"com vítima";"10.5";"BR-116/SC";"Sul";"Colisão Frontal";1;0;1;0;0;0;0;0;0;0;0;1;0;0;1
"22/08/2018";"04:03:00";"8";"sem vítima";"119";"BR-116/PR";"Norte";"Saida de Pista";0;0;1;0;0;0;0;0;0;0;1;0;0;0;0
"22/08/2018";"07:30:00";"19";"sem vítima";"12";"BR-116/SC";"Norte";"Colisão Traseira";1;0;1;0;0;0;0;0;0;0;2;0;0;0;0
"22/08/2018";"03:46:00";"61";"sem vítima";"152";"BR-116/PR";"Sul";"Colisão Transversal";1;0;1;0;0;0;0;0;0;0;2;0;0;0;0
"23/08/2018";"06:41:00";"13";"com vítima";"120";"BR-116/PR";"Norte";"Colisão Lateral";1;0;0;1;0;0;0;0;0;0;1;1;0;0;0
"23/08/2018";"06:44:00";"14";"sem vítima";"184";"BR-116/SC";"Sul";"Colisão Lateral";1;0;1;0;0;0;0;0;0;0;2;0;0;0;0
"23/08/2018";"07:20:00";"107";"com vítima";"138.3";"BR-116/PR";"Sul";"Atropelamento - Andarilho";1;0;0;0;0;0;0;0;0;0;2;0;0;0;1
"24/08/2018";"07:40:00";"19";"sem vítima";"142";"BR-116/PR";"Norte";"Colisão Lateral";1;0;1;0;0;0;0;0;0;0;2;0;0;0;0
"24/08/2018";"10:24:00";"35";"sem vítima";"2.4";"BR-116/SC";"Norte";"Choque - Defensa, barreira ou "submarino"";0;0;1;0;0;0;0;0;0;0;1;0;0;0;0
"24/08/2018";"01:00:00";"60";"sem vítima";"89";"BR-116/SC";"Norte";"Saida de Pista";1;0;0;0;0;0;0;0;0;0;1;0;0;0;0
"24/08/2018";"06:19:00";"88";"sem vítima";"152.4";"BR-116/PR";"Norte";"Colisão Transversal";1;0;1;0;0;0;0;0;0;0;2;0;0;0;0
"24/08/2018";"06:50:00";"93";"com vítima";"146";"BR-116/PR";"Sul";"Colisão Lateral";0;0;0;1;0;1;0;0;0;0;1;0;0;1;0
"24/08/2018";"07:18:00";"96";"sem vítima";"146";"BR-116/PR";"Norte";"Colisão Traseira";2;0;0;0;0;0;0;0;0;0;4;0;0;0;0
"24/08/2018";"08:15:00";"101";"sem vítima";"242.35";"BR-116/SC";"Sul";"Tombamento";0;0;1;0;0;0;0;0;0;0;1;0;0;0;0
"25/08/2018";"02:23:00";"9";"sem vítima";"139";"BR-116/PR";"Sul";"Choque - Arvore";1;0;0;0;0;0;0;0;0;0;1;0;0;0;0
"25/08/2018";"06:57:00";"17";"sem vítima";"130.8";"BR-116/PR";"Sul";"Saida de Pista";1;0;0;0;0;0;0;0;0;0;1;0;0;0;0
"25/08/2018";"08:34:00";"26";"com vítima";"122";"BR-116/PR";"Norte";"Saida de Pista";1;0;0;0;0;0;0;0;0;0;1;4;0;0;0
"25/08/2018";"11:02:00";"40";"sem vítima";"125";"BR-116/PR";"Sul";"Colisão Traseira";1;0;1;0;0;0;0;0;0;0;2;0;0;0;0
"25/08/2018";"01:27:00";"59";"sem vítima";"126";"BR-116/PR";"Sul";"Engavetamento";2;0;0;0;0;1;0;0;0;0;3;0;0;0;0
"25/08/2018";"03:27:00";"71";"sem vítima";"166.8";"BR-116/PR";"Norte";"Colisão Traseira";2;0;0;0;0;0;0;0;0;0;7;0;0;0;0
"25/08/2018";"11:28:00";"103";"sem vítima";"118.3";"BR-116/SC";"Sul";"Saida de Pista";1;0;0;0;0;0;0;0;0;0;3;0;0;0;0
"26/08/2018";"12:09:00";"43";"sem vítima";"131.1";"BR-116/SC";"Sul";"Choque - Talude";1;0;0;0;0;0;0;0;0;0;1;0;0;0;0
"26/08/2018";"07:18:00";"80";"sem vítima";"137.25";"BR-116/SC";"Sul";"Capotamento";1;0;0;0;0;0;0;0;0;0;1;0;0;0;0
"26/08/2018";"08:39:00";"89";"com vítima";"181.96";"BR-116/PR";"Norte";"Atropelamento - Ciclista";1;1;0;0;0;0;0;0;0;0;1;0;0;0;1
"27/08/2018";"06:01:00";"115";"com vítima";"281.3";"BR-116/SC";"Sul";"Choque - Talude";1;0;0;0;0;0;0;0;0;0;0;1;0;0;0
"28/08/2018";"03:08:00";"87";"sem vítima";"181";"BR-116/SC";"Norte";"Colisão Traseira";2;0;0;0;0;0;0;0;0;0;2;0;0;0;0
"28/08/2018";"05:35:00";"108";"com vítima";"306.5";"BR-116/SC";"Norte";"Capotamento";1;0;0;0;0;0;0;0;0;0;0;1;0;0;0
"29/08/2018";"02:43:00";"5";"com vítima";"185.9";"BR-116/SC";"Norte";"Capotamento";0;0;1;0;0;0;0;0;0;0;0;1;0;0;0
"29/08/2018";"07:25:00";"12";"sem vítima";"131.7";"BR-116/PR";"Sul";"Colisão Lateral";2;0;0;0;0;0;0;0;0;0;2;0;0;0;0
"30/08/2018";"07:24:00";"16";"sem vítima";"298.9";"BR-116/SC";"Sul";"Saida de Pista";1;0;0;0;0;0;0;0;0;0;2;0;0;0;0
"30/08/2018";"12:17:00";"58";"sem vítima";"206";"BR-116/SC";"Sul";"Colisão Transversal";1;0;0;0;1;0;0;0;0;0;2;0;0;0;0
"30/08/2018";"06:04:00";"116";"sem vítima";"43.5";"BR-116/SC";"Norte";"Colisão Traseira";1;0;1;0;0;0;0;0;0;0;2;0;0;0;0
"30/08/2018";"07:15:00";"123";"sem vítima";"163.7";"BR-116/PR";"Norte";"Colisão Transversal";2;0;0;0;0;0;0;0;0;0;2;0;0;0;0
"31/08/2018";"06:41:00";"21";"sem vítima";"137";"BR-116/PR";"Norte";"Colisão Traseira";0;0;2;0;0;0;0;0;0;0;2;0;0;0;0
"31/08/2018";"11:59:00";"56";"sem vítima";"143.7";"BR-116/PR";"Sul";"Engavetamento";3;0;0;0;0;0;0;0;0;0;3;0;0;0;0
"31/08/2018";"02:02:00";"64";"sem vítima";"244.4";"BR-116/SC";"Sul";"Choque - Talude";0;0;1;0;0;0;0;0;0;0;1;0;0;0;0
"31/08/2018";"04:57:00";"83";"sem vítima";"56.3";"BR-116/SC";"Norte";"Colisão Lateral";0;0;0;0;1;1;0;0;0;0;2;0;0;0;0
"31/08/2018";"06:08:00";"89";"sem vítima";"134.4";"BR-116/PR";"Norte";"Colisão Lateral";0;0;1;0;0;0;0;0;0;0;1;0;0;0;0
"31/08/2018";"07:21:00";"95";"sem vítima";"234.9";"BR-116/SC";"Sul";"Colisão Lateral";1;0;0;0;0;1;0;0;0;0;4;0;0;0;0
"01/09/2018";"02:18:00";"10";"sem vítima";"117";"BR-116/PR";"Sul";"Colisão Traseira";2;0;0;0;0;0;0;0;0;0;2;0;0;0;0
"01/09/2018";"06:51:00";"13";"com vítima";"115.1";"BR-116/PR";"Norte";"Choque - Poste";1;0;0;0;0;0;0;0;0;0;0;1;0;0;0
"01/09/2018";"07:38:00";"15";"sem vítima";"160.5";"BR-116/PR";"Sul";"Colisão Transversal";1;0;1;0;0;0;0;0;0;0;2;0;0;0;0
"01/09/2018";"09:39:00";"26";"sem vítima";"2.35";"BR-116/SC";"Norte";"Choque - Defensa, barreira ou "submarino"";1;0;0;0;0;0;0;0;0;0;1;0;0;0;0
"02/09/2018";"06:11:00";"21";"sem vítima";"119";"BR-116/PR";"Sul";"Choque - Elemento de Drenagem";1;0;0;0;0;0;0;0;0;0;1;0;0;0;0
"02/09/2018";"06:24:00";"24";"sem vítima";"64";"BR-116/SC";"Norte";"Choque - Talude";1;0;0;0;0;0;0;0;0;0;1;0;0;0;0
"02/09/2018";"09:57:00";"33";"sem vítima";"143";"BR-116/SC";"Norte";"Saida de Pista";1;0;0;0;0;0;0;0;0;0;1;0;0;0;0
"02/09/2018";"12:50:00";"49";"sem vítima";"13";"BR-116/SC";"Norte";"Choque - Talude";1;0;0;0;0;0;0;0;0;0;1;0;0;0;0
"02/09/2018";"03:07:00";"59";"sem vítima";"117";"BR-116/PR";"Sul";"Colisão Traseira";2;0;0;0;0;0;0;0;0;0;2;0;0;0;0
"02/09/2018";"05:41:00";"79";"sem vítima";"117";"BR-116/PR";"Norte";"Saida de Pista";1;0;0;0;0;0;0;0;0;0;1;0;0;0;0
"02/09/2018";"06:19:00";"81";"com vítima";"117";"BR-116/PR";"Sul";"Engavetamento";3;0;0;0;0;0;0;0;0;0;4;0;0;1;0
"02/09/2018";"06:59:00";"85";"sem vítima";"126.9";"BR-116/PR";"Norte";"Colisão Traseira";1;0;0;0;0;1;0;0;0;0;2;0;0;0;0
"02/09/2018";"07:21:00";"89";"sem vítima";"59.4";"BR-116/SC";"Sul";"Saida de Pista";1;0;0;0;0;0;0;0;0;0;1;0;0;0;0
"02/09/2018";"07:38:00";"91";"sem vítima";"189.8";"BR-116/SC";"Sul";"Queda de Moto";0;0;0;1;0;0;0;0;0;0;2;0;0;0;0
"03/09/2018";"05:20:00";"21";"com vítima";"117";"BR-116/PR";"Sul";"Queda de Moto";0;0;0;1;0;0;0;0;0;0;0;1;0;0;0
"03/09/2018";"08:47:00";"34";"sem vítima";"124.6";"BR-116/PR";"Sul";"Choque - Defensa, barreira ou "submarino"";1;0;0;0;0;0;0;0;0;0;1;0;0;0;0
"03/09/2018";"03:17:00";"79";"sem vítima";"238.9";"BR-116/SC";"Sul";"Choque - Elemento de Drenagem";0;0;1;0;0;0;0;0;0;0;1;0;0;0;0
"03/09/2018";"07:58:00";"109";"sem vítima";"125.2";"BR-116/PR";"Norte";"Colisão Traseira";1;0;0;0;0;1;0;0;0;0;2;0;0;0;0
"03/09/2018";"08:08:00";"110";"com vítima";"125.2";"BR-116/PR";"Norte";"Engavetamento";1;0;0;0;0;0;0;0;0;2;5;2;0;0;0
"04/09/2018";"06:45:00";"21";"sem vítima";"176";"BR-116/PR";"Norte";"Choque - Talude";0;0;1;0;0;0;0;0;0;0;1;0;0;0;0
"04/09/2018";"07:35:00";"27";"sem vítima";"146";"BR-116/PR";"Norte";"Colisão Transversal";1;0;1;0;0;0;0;0;0;0;2;0;0;0;0
"04/09/2018";"05:25:00";"110";"sem vítima";"23.6";"BR-116/SC";"Sul";"Colisão Transversal";2;0;0;0;0;0;0;0;0;0;2;0;0;0;0
"04/09/2018";"05:51:00";"113";"sem vítima";"205";"BR-116/PR";"Sul";"Colisão Transversal";2;0;0;0;0;0;0;0;0;0;2;0;0;0;0
"04/09/2018";"09:53:00";"138";"com vítima";"172.18";"BR-116/PR";"Norte";"Capotamento";1;0;0;0;0;0;0;0;0;0;0;0;0;1;1
"05/09/2018";"01:59:00";"82";"sem vítima";"14";"BR-116/SC";"Norte";"Engavetamento";2;0;1;0;0;0;0;0;0;0;6;0;0;0;0
"05/09/2018";"02:56:00";"92";"sem vítima";"8.5";"BR-116/SC";"Sul";"Colisão Lateral";1;0;1;0;0;0;0;0;0;0;2;0;0;0;0
"05/09/2018";"09:28:00";"133";"sem vítima";"180";"BR-116/SC";"Norte";"Colisão Transversal";2;0;0;0;0;0;0;0;0;0;3;0;0;0;0
"05/09/2018";"09:57:00";"136";"sem vítima";"208.7";"BR-116/SC";"Sul";"Saida de Pista";0;0;1;0;0;0;0;0;0;0;1;0;0;0;0
"05/09/2018";"10:47:00";"144";"sem vítima";"146";"BR-116/PR";"Norte";"Saida de Pista";1;0;0;0;0;0;0;0;0;0;1;0;0;0;0
"06/09/2018";"02:36:00";"9";"sem vítima";"174.8";"BR-116/SC";"Norte";"Saida de Pista";0;0;1;0;0;0;0;0;0;0;1;0;0;0;0
"06/09/2018";"06:36:00";"17";"sem vítima";"4.15";"BR-116/SC";"Norte";"Tombamento";1;0;0;0;0;0;0;0;0;0;1;0;0;0;0
"06/09/2018";"02:52:00";"86";"sem vítima";"132.3";"BR-116/SC";"Sul";"Colisão Traseira";0;0;2;0;0;0;0;0;0;0;2;0;0;0;0
"06/09/2018";"07:52:00";"118";"com vítima";"8.5";"BR-116/SC";"Sul";"Colisão Frontal";1;0;0;1;0;0;0;0;0;1;0;4;0;2;0
"07/09/2018";"08:28:00";"40";"com vítima";"177";"BR-116/PR";"Sul";"Queda de Moto";0;0;0;1;0;0;0;0;0;0;0;1;0;0;0
"07/09/2018";"10:15:00";"118";"sem vítima";"125.8";"BR-116/PR";"Sul";"Colisão Transversal";2;0;0;0;0;0;0;0;0;0;5;0;0;0;0
"08/09/2018";"04:19:00";"17";"sem vítima";"245.5";"BR-116/SC";"Norte";"Colisão Transversal";1;0;0;0;0;1;0;0;0;0;2;0;0;0;0
"08/09/2018";"02:48:00";"66";"com vítima";"12.3";"BR-116/SC";"Sul";"Colisão Transversal";0;0;1;1;0;0;0;0;0;0;1;2;0;0;0
"08/09/2018";"05:51:00";"84";"sem vítima";"226";"BR-116/SC";"Norte";"Saida de Pista";1;0;0;0;0;0;0;0;0;0;1;0;0;0;0
"09/09/2018";"05:21:00";"22";"sem vítima";"143";"BR-116/PR";"Sul";"Choque - Talude";1;0;0;0;0;0;0;0;0;0;1;0;0;0;0