data;horario;n_da_ocorrencia;tipo_de_ocorrencia;km;trecho;sentido;tipo_de_acidente;automovel;bicicleta;caminhao;moto;onibus;outros;tracao_animal;transporte_de_cargas_especiais;trator_maquinas;utilitarios;ilesos;levemente_feridos;moderadamente_feridos;gravemente_feridos;mortos
"17/12/2018";"12:29:00";"71";"sem vítima";"213.2";"BR-116/SC";"Sul";"Colisão Traseira";1;0;1;0;0;0;0;0;0;0;3;0;0;0;0
"17/12/2018";"12:55:00";"75";"sem vítima";"245";"BR-116/SC";"Sul";"Colisão Transversal";1;0;1;0;0;0;0;0;0;0;4;0;0;0;0
"17/12/2018";"02:30:00";"85";"sem vítima";"5.5";"BR-116/SC";"Norte";"Colisão Transversal";1;0;0;0;0;0;0;0;0;0;1;0;0;0;0
"17/12/2018";"05:12:00";"110";"com vítima";"140.7";"BR-116/SC";"Norte";"Colisão Transversal";2;0;0;0;0;0;0;0;0;0;4;1;0;0;0
"18/12/2018";"03:43:00";"15";"sem vítima";"146.7";"BR-116/SC";"Sul";"Atropelamento - Andarilho";0;0;0;0;0;0;0;0;0;1;3;0;0;0;0
"18/12/2018";"09:16:00";"36";"sem vítima";"144";"BR-116/PR";"Norte";"Colisão Traseira";1;0;0;0;0;0;0;0;0;1;2;0;0;0;0
"18/12/2018";"02:04:00";"82";"sem vítima";"133.8";"BR-116/PR";"Norte";"Colisão Lateral";1;0;1;0;0;0;0;0;0;0;1;0;0;0;0
"18/12/2018";"04:41:00";"105";"com vítima";"175.8";"BR-116/SC";"Norte";"Colisão Lateral";0;0;2;0;0;0;0;0;0;0;4;1;0;0;0
"18/12/2018";"05:42:00";"112";"com vítima";"217.5";"BR-116/SC";"Sul";"Colisão Traseira";1;0;0;0;0;0;0;0;0;1;2;1;0;0;0
"19/12/2018";"02:36:00";"103";"sem vítima";"233.16";"BR-116/SC";"Sul";"Colisão Traseira";0;0;0;0;0;0;0;0;0;2;2;0;0;0;0
"20/12/2018";"03:29:00";"111";"sem vítima";"184.6";"BR-116/SC";"Norte";"Colisão Lateral";1;0;1;0;0;0;0;0;0;0;2;0;0;0;0
"20/12/2018";"04:37:00";"118";"com vítima";"117";"BR-116/PR";"Sul";"Colisão Traseira";0;0;0;1;0;0;0;0;0;1;1;1;0;0;0
"20/12/2018";"04:38:00";"121";"sem vítima";"153";"BR-116/SC";"Norte";"Colisão Traseira";1;0;0;0;0;0;0;0;0;1;2;0;0;0;0
"20/12/2018";"05:32:00";"138";"sem vítima";"115";"BR-116/PR";"Sul";"Colisão Traseira";2;0;0;0;0;0;0;0;0;0;2;0;0;0;0
"21/12/2018";"08:03:00";"45";"sem vítima";"209";"BR-116/PR";"Norte";"Colisão Traseira";2;0;0;0;0;0;0;0;0;0;2;0;0;0;0
"21/12/2018";"09:42:00";"63";"com vítima";"106";"BR-116/SC";"Norte";"Tombamento";0;0;1;0;0;0;0;0;0;0;1;1;0;0;0
"21/12/2018";"12:25:00";"83";"sem vítima";"121";"BR-116/PR";"Sul";"Colisão Traseira";1;0;0;0;0;1;0;0;0;0;2;0;0;0;0
"21/12/2018";"02:51:00";"100";"sem vítima";"228.4";"BR-116/SC";"Sul";"Tombamento";0;0;1;0;0;0;0;0;0;0;1;0;0;0;0
"21/12/2018";"03:06:00";"103";"sem vítima";"156.8";"BR-116/SC";"Sul";"Choque - Defensa, barreira ou "submarino"";0;0;1;0;0;0;0;0;0;0;1;0;0;0;0
"21/12/2018";"03:39:00";"106";"sem vítima";"228.4";"BR-116/SC";"Sul";"Choque - Objeto sobre a pista";0;0;0;0;0;0;0;0;0;1;3;0;0;0;0
"21/12/2018";"04:17:00";"115";"sem vítima";"68";"BR-116/SC";"Norte";"Choque - Defensa, barreira ou "submarino"";1;0;0;0;0;0;0;0;0;0;1;0;0;0;0
"22/12/2018";"08:25:00";"30";"sem vítima";"300.5";"BR-116/SC";"Norte";"Colisão Traseira";1;0;0;0;0;0;0;0;0;1;9;0;0;0;0
"22/12/2018";"09:47:00";"37";"sem vítima";"117";"BR-116/PR";"Norte";"Colisão Traseira";1;0;1;0;0;0;0;0;0;0;2;0;0;0;0
"22/12/2018";"12:39:00";"53";"com vítima";"182.15";"BR-116/SC";"Norte";"Saida de Pista";1;0;0;0;0;0;0;0;0;0;0;2;0;0;0
"22/12/2018";"01:43:00";"59";"com vítima";"118";"BR-116/PR";"Sul";"Queda de Moto";0;0;0;1;0;0;0;0;0;0;0;1;0;0;0
"22/12/2018";"06:30:00";"96";"sem vítima";"152";"BR-116/PR";"Sul";"Colisão Transversal";2;0;0;0;0;0;0;0;0;0;5;0;0;0;0
"23/12/2018";"10:46:00";"33";"sem vítima";"119";"BR-116/SC";"Sul";"Tombamento";1;0;0;0;0;0;0;0;0;0;4;0;0;0;0
"23/12/2018";"04:23:00";"73";"sem vítima";"124";"BR-116/PR";"Norte";"Choque - Defensa, barreira ou "submarino"";2;0;0;0;0;0;0;0;0;0;4;0;0;0;0
"23/12/2018";"10:32:00";"105";"com vítima";"180.65";"BR-116/PR";"Norte";"Atropelamento - Ciclista";1;1;0;0;0;0;0;0;0;0;1;1;0;0;1
"24/12/2018";"05:39:00";"27";"com vítima";"234.7";"BR-116/SC";"Norte";"Capotamento";1;0;0;0;0;0;0;0;0;0;0;2;0;0;0
"24/12/2018";"08:08:00";"35";"sem vítima";"119";"BR-116/PR";"Sul";"Queda de Moto";0;0;0;1;0;0;0;0;0;0;1;0;0;0;0
"24/12/2018";"01:34:00";"66";"sem vítima";"134";"BR-116/PR";"Norte";"Engavetamento";3;0;0;0;0;0;0;0;0;0;3;0;0;0;0
"24/12/2018";"06:01:00";"87";"sem vítima";"267";"BR-116/SC";"Sul";"Colisão Transversal";2;0;0;0;0;0;0;0;0;0;2;0;0;0;0
"25/12/2018";"06:11:00";"69";"com vítima";"129";"BR-116/PR";"Sul";"Colisão Lateral";1;0;0;1;0;0;0;0;0;0;1;1;0;0;0
"25/12/2018";"07:45:00";"79";"sem vítima";"152";"BR-116/PR";"Norte";"Colisão Transversal";2;0;0;0;0;0;0;0;0;0;2;0;0;0;0
"25/12/2018";"07:57:00";"82";"sem vítima";"150";"BR-116/PR";"Sul";"Colisão Lateral";2;0;0;0;0;0;0;0;0;0;2;0;0;0;0
"26/12/2018";"06:18:00";"21";"sem vítima";"132";"BR-116/PR";"Norte";"Colisão Traseira";3;0;0;0;0;0;0;0;0;0;3;0;0;0;0
"26/12/2018";"09:35:00";"103";"sem vítima";"117";"BR-116/PR";"Sul";"Colisão Traseira";2;0;0;0;0;0;0;0;0;0;2;0;0;0;0
"27/12/2018";"06:28:00";"19";"com vítima";"305.5";"BR-116/SC";"Sul";"Tombamento";0;0;1;0;0;0;0;0;0;0;0;0;0;0;1
"27/12/2018";"09:34:00";"35";"sem vítima";"12.7";"BR-116/SC";"Sul";"Colisão Transversal";2;0;0;0;0;0;0;0;0;0;2;0;0;0;0
"27/12/2018";"04:36:00";"99";"sem vítima";"62.15";"BR-116/SC";"Norte";"Colisão Traseira";0;0;1;0;0;0;0;0;0;2;3;0;0;0;0
"27/12/2018";"04:45:00";"102";"sem vítima";"188";"BR-116/SC";"Sul";"Colisão Traseira";0;0;2;0;0;0;0;0;0;0;2;0;0;0;0
"27/12/2018";"05:56:00";"109";"com vítima";"206";"BR-116/SC";"Sul";"Colisão Traseira";1;0;0;1;0;0;0;0;0;0;1;1;0;0;0
"27/12/2018";"07:24:00";"119";"com vítima";"222";"BR-116/SC";"Sul";"Choque - Suporte de Sinalização";0;0;0;1;0;0;0;0;0;0;0;1;0;0;0
"27/12/2018";"10:51:00";"135";"sem vítima";"23.2";"BR-116/SC";"Sul";"Colisão Traseira";0;0;0;0;0;1;0;0;0;1;2;0;0;0;0
"28/12/2018";"07:28:00";"16";"sem vítima";"185";"BR-116/SC";"Sul";"Colisão Traseira";1;0;0;0;0;0;0;0;0;1;2;0;0;0;0
"28/12/2018";"11:08:00";"46";"sem vítima";"81.6";"BR-116/SC";"Sul";"Colisão Traseira";2;0;0;0;0;0;0;0;0;0;6;0;0;0;0
"28/12/2018";"06:23:00";"82";"com vítima";"203";"BR-116/SC";"Norte";"Colisão Traseira";2;0;0;0;0;0;0;0;0;0;3;1;0;0;0
"29/12/2018";"11:50:00";"51";"sem vítima";"219";"BR-116/SC";"Norte";"Colisão Transversal";2;0;0;0;0;0;0;0;0;0;2;0;0;0;0
"29/12/2018";"12:58:00";"57";"sem vítima";"209.5";"BR-116/PR";"Sul";"Colisão Transversal";2;0;0;0;0;0;0;0;0;0;3;0;0;0;0
"29/12/2018";"04:07:00";"74";"sem vítima";"175";"BR-116/PR";"Sul";"Colisão Transversal";1;0;0;0;0;0;0;0;0;0;4;0;0;0;0
"29/12/2018";"04:38:00";"80";"com vítima";"217";"BR-116/SC";"Norte";"Colisão Frontal";1;0;1;0;0;0;0;0;0;0;2;0;0;1;0
"29/12/2018";"09:00:00";"99";"sem vítima";"125.7";"BR-116/PR";"Sul";"Colisão Lateral";1;0;0;0;0;0;0;0;0;0;5;0;0;0;0
"30/12/2018";"12:13:00";"7";"sem vítima";"173";"BR-116/SC";"Norte";"Capotamento";1;0;0;0;0;0;0;0;0;0;2;0;0;0;0
"31/12/2018";"01:24:00";"41";"sem vítima";"120";"BR-116/PR";"Norte";"Queda de Moto";0;0;0;1;0;0;0;0;0;0;2;0;0;0;0
"01/01/2019";"04:27:00";"18";"com vítima";"50.9";"BR-116/SC";"Norte";"Colisão Frontal";2;0;0;0;0;0;0;0;0;0;0;0;0;2;0
"01/01/2019";"05:24:00";"77";"sem vítima";"153";"BR-116/PR";"Norte";"Colisão Traseira";2;0;0;0;0;0;0;0;0;0;4;0;0;0;0
"02/01/2019";"12:22:00";"58";"sem vítima";"249.7";"BR-116/SC";"Sul";"Choque - Suporte de Sinalização";0;0;1;0;0;0;0;0;0;0;1;0;0;0;0
"03/01/2019";"09:42:00";"42";"com vítima";"63.05";"BR-116/SC";"Norte";"Colisão Frontal";2;0;0;0;0;0;0;0;0;0;4;2;0;0;0
"03/01/2019";"10:02:00";"46";"sem vítima";"117.8";"BR-116/PR";"Sul";"Colisão Lateral";1;0;1;0;0;0;0;0;0;0;2;0;0;0;0
"03/01/2019";"12:01:00";"68";"sem vítima";"37.9";"BR-116/SC";"Norte";"Choque - Talude";1;0;0;0;0;0;0;0;0;0;1;0;0;0;0
"03/01/2019";"03:30:00";"87";"sem vítima";"107.9";"BR-116/SC";"Norte";"Colisão Lateral";0;0;2;0;0;0;0;0;0;0;2;0;0;0;0
"03/01/2019";"03:43:00";"91";"com vítima";"190.8";"BR-116/SC";"Norte";"Tombamento";0;0;1;0;0;0;0;0;0;0;0;1;0;0;0
"03/01/2019";"06:11:00";"109";"com vítima";"174";"BR-116/SC";"Sul";"Colisão Traseira";0;0;1;0;0;0;0;0;0;1;1;4;0;0;0
"04/01/2019";"08:40:00";"40";"com vítima";"234.6";"BR-116/SC";"Sul";"Colisão Lateral";1;0;0;0;1;0;0;0;0;0;38;1;0;0;0
"04/01/2019";"01:28:00";"82";"sem vítima";"128";"BR-116/PR";"Norte";"Colisão Traseira";1;0;0;1;0;0;0;0;0;0;2;0;0;0;0
"04/01/2019";"04:28:00";"97";"com vítima";"143";"BR-116/PR";"Sul";"Colisão Lateral";1;0;2;0;0;0;0;0;0;0;1;2;0;0;0
"04/01/2019";"05:02:00";"105";"com vítima";"245.6";"BR-116/SC";"Sul";"Queda de Moto";0;0;0;2;0;0;0;0;0;0;1;1;0;0;0
"04/01/2019";"05:35:00";"110";"sem vítima";"144";"BR-116/PR";"Norte";"Colisão Traseira";2;0;0;0;0;0;0;0;0;0;2;0;0;0;0
"04/01/2019";"05:55:00";"112";"sem vítima";"144";"BR-116/PR";"Norte";"Choque - Arvore";1;0;0;0;0;0;0;0;0;0;3;0;0;0;0
"06/01/2019";"05:09:00";"19";"com vítima";"117.6";"BR-116/PR";"Sul";"Queda de Moto";0;0;0;1;0;0;0;0;0;0;0;1;0;0;0
"06/01/2019";"05:12:00";"20";"com vítima";"125.9";"BR-116/PR";"Sul";"Colisão Lateral";1;0;0;1;0;0;0;0;0;0;1;0;0;1;0
"08/01/2019";"02:47:00";"75";"com vítima";"117";"BR-116/PR";"Norte";"Colisão Lateral";0;0;1;1;0;0;0;0;0;0;1;1;0;0;0
"08/01/2019";"09:41:00";"107";"com vítima";"149.6";"BR-116/PR";"Sul";"Colisão Frontal";3;0;0;0;0;0;0;0;0;0;3;2;0;0;0
"10/01/2019";"07:30:00";"22";"sem vítima";"115.3";"BR-116/PR";"Norte";"Colisão Traseira";2;0;0;0;0;0;0;0;0;0;2;0;0;0;0
"10/01/2019";"11:46:00";"56";"sem vítima";"138";"BR-116/PR";"Sul";"Outros";0;0;1;0;0;0;0;0;0;0;1;0;0;0;0
"10/01/2019";"03:48:00";"97";"sem vítima";"143.9";"BR-116/SC";"Sul";"Tombamento";0;0;0;0;0;0;0;0;0;1;1;0;0;0;0
"11/01/2019";"07:33:00";"23";"com vítima";"115";"BR-116/PR";"Norte";"Queda de Moto";0;0;0;1;0;0;0;0;0;0;0;1;0;0;0
"11/01/2019";"01:17:00";"46";"sem vítima";"245";"BR-116/SC";"Sul";"Colisão Lateral";2;0;0;0;0;0;0;0;0;0;6;0;0;0;0
"12/01/2019";"06:16:00";"17";"sem vítima";"197";"BR-116/SC";"Sul";"Saida de Pista";1;0;0;0;0;0;0;0;0;0;4;0;0;0;0
"12/01/2019";"11:28:00";"38";"sem vítima";"119";"BR-116/PR";"Sul";"Colisão Traseira";1;0;0;0;0;0;0;0;0;1;2;0;0;0;0
"12/01/2019";"08:10:00";"78";"sem vítima";"122.3";"BR-116/PR";"Norte";"Colisão Lateral";1;0;1;0;0;0;0;0;0;0;2;0;0;0;0
"13/01/2019";"06:31:00";"12";"com vítima";"141.7";"BR-116/SC";"Sul";"Colisão Traseira";0;1;0;0;0;1;0;0;0;0;1;0;0;0;1
"13/01/2019";"06:38:00";"13";"com vítima";"147.4";"BR-116/PR";"Norte";"Choque - Arvore";1;0;0;0;0;0;0;0;0;0;2;1;0;0;0
"13/01/2019";"10:45:00";"27";"sem vítima";"205";"BR-116/SC";"Sul";"Tombamento";0;0;1;0;0;0;0;0;0;0;1;0;0;0;0
"13/01/2019";"03:49:00";"58";"sem vítima";"168";"BR-116/SC";"Sul";"Colisão Traseira";2;0;0;0;0;0;0;0;0;0;2;0;0;0;0
"14/01/2019";"09:54:00";"53";"sem vítima";"138";"BR-116/PR";"Norte";"Choque - Defensa, barreira ou "submarino"";1;0;0;0;0;0;0;0;0;0;1;0;0;0;0
"14/01/2019";"10:02:00";"55";"sem vítima";"115.2";"BR-116/PR";"Norte";"Colisão Traseira";2;0;0;0;0;0;0;0;0;0;2;0;0;0;0
"14/01/2019";"10:02:00";"54";"sem vítima";"115";"BR-116/PR";"Norte";"Colisão Traseira";2;0;0;0;0;0;0;0;0;0;2;0;0;0;0
"14/01/2019";"12:34:00";"73";"sem vítima";"204";"BR-116/SC";"Norte";"Capotamento";1;0;0;0;0;0;0;0;0;0;1;0;0;0;0
"14/01/2019";"03:16:00";"91";"sem vítima";"159.5";"BR-116/PR";"Norte";"Tombamento";0;0;1;0;0;0;0;0;0;0;1;0;0;0;0
"15/01/2019";"12:48:00";"8";"com vítima";"261";"BR-116/SC";"Norte";"Capotamento";1;0;0;0;0;0;0;0;0;0;0;1;0;0;0
"15/01/2019";"09:51:00";"141";"com vítima";"167.4";"BR-116/PR";"Sul";"Queda de Moto";0;0;0;1;0;0;0;0;0;0;0;1;0;0;0
"16/01/2019";"04:32:00";"17";"sem vítima";"123.3";"BR-116/SC";"Norte";"Tombamento";0;0;1;0;0;0;0;0;0;0;1;0;0;0;0
"16/01/2019";"12:22:00";"78";"sem vítima";"158";"BR-116/SC";"Norte";"Colisão Traseira";0;0;1;0;0;1;0;0;0;0;2;0;0;0;0
"16/01/2019";"08:47:00";"155";"com vítima";"132";"BR-116/PR";"Sul";"Queda de Moto";0;0;0;1;0;0;0;0;0;0;0;1;0;0;0
"16/01/2019";"09:37:00";"160";"sem vítima";"5";"BR-116/SC";"Sul";"Colisão Transversal";2;0;0;0;0;0;0;0;0;0;3;0;0;0;0
"18/01/2019";"06:23:00";"16";"sem vítima";"40";"BR-116/SC";"Norte";"Colisão Lateral";1;0;0;0;0;1;0;0;0;0;6;0;0;0;0
"18/01/2019";"03:40:00";"84";"sem vítima";"258.6";"BR-116/SC";"Sul";"Choque - Defensa, barreira ou "submarino"";1;0;0;0;0;0;0;0;0;0;4;0;0;0;0
"18/01/2019";"04:38:00";"91";"sem vítima";"152";"BR-116/PR";"Norte";"Colisão Transversal";1;0;1;0;0;0;0;0;0;0;4;0;0;0;0
"18/01/2019";"05:30:00";"96";"sem vítima";"203";"BR-116/PR";"Norte";"Colisão Traseira";0;0;1;0;0;0;0;0;0;1;5;0;0;0;0
"18/01/2019";"06:12:00";"103";"sem vítima";"81.6";"BR-116/SC";"Sul";"Colisão Lateral";2;0;0;0;0;0;0;0;0;0;2;0;0;0;0
"19/01/2019";"01:13:00";"8";"sem vítima";"23";"BR-116/SC";"Norte";"Choque - Veiculo parado no acostamento";1;0;0;0;0;1;0;0;0;0;2;0;0;0;0
"19/01/2019";"01:54:00";"9";"com vítima";"116.35";"BR-116/PR";"Norte";"Atropelamento - Andarilho";0;0;0;1;0;0;0;0;0;0;0;1;0;1;0
"19/01/2019";"05:21:00";"18";"sem vítima";"165";"BR-116/SC";"Sul";"Tombamento";1;0;0;0;0;0;0;0;0;0;3;0;0;0;0
"19/01/2019";"07:17:00";"50";"com vítima";"122";"BR-116/PR";"Norte";"Choque - Defensa, barreira ou "submarino"";1;0;0;0;0;0;0;0;0;0;2;2;0;0;0
"19/01/2019";"07:36:00";"53";"sem vítima";"124";"BR-116/PR";"Norte";"Colisão Traseira";2;0;0;0;0;0;0;0;0;0;2;0;0;0;0
"19/01/2019";"10:46:00";"62";"sem vítima";"86.7";"BR-116/SC";"Sul";"Choque - Defensa, barreira ou "submarino"";1;0;0;0;0;0;0;0;0;0;1;0;0;0;0
"20/01/2019";"02:24:00";"45";"com vítima";"117";"BR-116/PR";"Norte";"Queda de Moto";0;0;0;1;0;0;0;0;0;0;0;2;0;0;0
"20/01/2019";"05:06:00";"63";"com vítima";"121";"BR-116/PR";"Sul";"Queda de Moto";0;0;0;1;0;0;0;0;0;0;0;1;0;0;0
"20/01/2019";"06:27:00";"74";"sem vítima";"89";"BR-116/SC";"Norte";"Colisão Traseira";2;0;0;0;0;0;0;0;0;0;10;0;0;0;0
"21/01/2019";"12:41:00";"7";"sem vítima";"151.2";"BR-116/PR";"Norte";"Choque - Arvore";1;0;0;0;0;0;0;0;0;0;6;0;0;0;0
"21/01/2019";"05:54:00";"98";"sem vítima";"117";"BR-116/PR";"Sul";"Colisão Traseira";0;0;0;1;0;0;0;0;0;1;2;0;0;0;0
"21/01/2019";"11:08:00";"124";"com vítima";"158.8";"BR-116/PR";"Norte";"Tombamento";0;0;1;0;0;0;0;0;0;0;0;0;0;1;0
"22/01/2019";"07:50:00";"20";"com vítima";"141";"BR-116/PR";"Sul";"Colisão Transversal";0;0;0;2;0;0;0;0;0;0;1;1;0;0;0
"22/01/2019";"11:03:00";"53";"sem vítima";"117";"BR-116/PR";"Norte";"Colisão Traseira";1;0;0;0;0;1;0;0;0;0;2;0;0;0;0
"22/01/2019";"03:21:00";"85";"com vítima";"174.8";"BR-116/SC";"Sul";"Choque - Defensa, barreira ou "submarino"";0;0;0;1;0;0;0;0;0;0;0;1;0;0;0
"22/01/2019";"09:46:00";"132";"sem vítima";"131.3";"BR-116/PR";"Norte";"Colisão Lateral";1;0;0;1;0;0;0;0;0;0;2;0;0;0;0
"23/01/2019";"06:06:00";"31";"sem vítima";"180.9";"BR-116/SC";"Sul";"Tombamento";0;0;1;0;0;0;0;0;0;0;1;0;0;0;0
"23/01/2019";"12:21:00";"81";"com vítima";"115";"BR-116/PR";"Norte";"Colisão Traseira";2;0;0;0;0;0;0;0;0;0;2;1;0;0;0
"23/01/2019";"01:58:00";"87";"sem vítima";"120";"BR-116/PR";"Norte";"Colisão Traseira";2;0;0;0;0;0;0;0;0;0;2;0;0;0;0
"23/01/2019";"10:20:00";"150";"com vítima";"219";"BR-116/SC";"Norte";"Colisão Transversal";1;0;1;0;0;0;0;0;0;0;1;1;0;0;0
"23/01/2019";"10:47:00";"151";"sem vítima";"218";"BR-116/SC";"Sul";"Choque - Talude";1;0;0;0;0;0;0;0;0;0;1;0;0;0;0
"24/01/2019";"03:45:00";"14";"sem vítima";"43";"BR-116/SC";"Sul";"Saida de Pista";0;0;1;0;0;0;0;0;0;0;1;0;0;0;0
"24/01/2019";"05:50:00";"101";"sem vítima";"116";"BR-116/PR";"Norte";"Colisão Traseira";2;0;0;0;0;0;0;0;0;0;2;0;0;0;0
"24/01/2019";"08:47:00";"114";"sem vítima";"107.6";"BR-116/SC";"Norte";"Choque - Talude";1;0;0;0;0;0;0;0;0;0;1;0;0;0;0
"25/01/2019";"03:48:00";"95";"sem vítima";"120";"BR-116/PR";"Norte";"Choque - Suporte de Sinalização";1;0;0;0;0;0;0;0;0;0;1;0;0;0;0
"25/01/2019";"10:19:00";"134";"sem vítima";"93.5";"BR-116/SC";"Norte";"Colisão Transversal";1;0;1;0;0;0;0;0;0;0;4;0;0;0;0
"26/01/2019";"06:06:00";"98";"sem vítima";"131.3";"BR-116/PR";"Sul";"Choque - Defensa, barreira ou "submarino"";1;0;0;0;0;0;0;0;0;0;1;0;0;0;0
"26/01/2019";"06:35:00";"100";"sem vítima";"152";"BR-116/PR";"Sul";"Colisão Transversal";1;0;1;0;0;0;0;0;0;0;2;0;0;0;0
"27/01/2019";"10:21:00";"45";"sem vítima";"121.7";"BR-116/PR";"Sul";"Capotamento";1;0;0;0;0;0;0;0;0;0;1;0;0;0;0
"27/01/2019";"11:57:00";"52";"sem vítima";"306";"BR-116/SC";"Norte";"Colisão Traseira";0;0;0;0;0;1;0;0;0;1;2;0;0;0;0
"27/01/2019";"02:24:00";"57";"com vítima";"87";"BR-116/SC";"Sul";"Colisão Lateral";1;0;0;1;0;0;0;0;0;0;1;1;0;0;0
"28/01/2019";"11:49:00";"66";"com vítima";"117.6";"BR-116/PR";"Norte";"Capotamento";2;0;0;0;0;0;0;0;0;0;1;1;0;0;0
"28/01/2019";"04:56:00";"101";"com vítima";"122";"BR-116/PR";"Sul";"Colisão Traseira";0;0;1;0;1;0;0;0;0;0;2;8;0;0;0
"29/01/2019";"01:37:00";"80";"sem vítima";"74";"BR-116/SC";"Norte";"Colisão Traseira";2;0;0;0;0;0;0;0;0;0;2;0;0;0;0
"29/01/2019";"07:02:00";"122";"sem vítima";"81.6";"BR-116/SC";"Norte";"Colisão Traseira";1;0;1;0;0;0;0;0;0;0;2;0;0;0;0
"29/01/2019";"10:19:00";"142";"sem vítima";"275.9";"BR-116/SC";"Norte";"Colisão Traseira";1;0;0;0;0;0;0;0;0;1;4;0;0;0;0
"30/01/2019";"10:26:00";"55";"sem vítima";"156";"BR-116/SC";"Norte";"Colisão Traseira";0;0;2;0;0;0;0;0;0;0;2;0;0;0;0
"30/01/2019";"06:47:00";"120";"sem vítima";"221";"BR-116/SC";"Norte";"Colisão Lateral";2;0;0;0;0;0;0;0;0;0;2;0;0;0;0
"30/01/2019";"08:33:00";"133";"sem vítima";"123.6";"BR-116/PR";"Sul";"Saida de Pista";1;0;0;0;0;0;0;0;0;0;1;0;0;0;0
"31/01/2019";"01:45:00";"14";"sem vítima";"238";"BR-116/SC";"Norte";"Tombamento";0;0;1;0;0;0;0;0;0;0;1;0;0;0;0
"31/01/2019";"07:00:00";"31";"sem vítima";"117.8";"BR-116/PR";"Norte";"Engavetamento";3;0;0;0;0;0;0;0;0;0;4;0;0;0;0
"31/01/2019";"07:19:00";"34";"sem vítima";"120";"BR-116/PR";"Norte";"Colisão Traseira";1;0;0;1;0;0;0;0;0;0;2;0;0;0;0
"31/01/2019";"07:39:00";"36";"com vítima";"119.7";"BR-116/PR";"Norte";"Colisão Traseira";1;0;0;1;0;0;0;0;0;0;2;1;0;0;0
"31/01/2019";"08:58:00";"45";"com vítima";"158";"BR-116/PR";"Norte";"Capotamento";1;0;0;0;0;0;0;0;0;0;0;1;0;0;0
"31/01/2019";"12:24:00";"75";"com vítima";"119.4";"BR-116/PR";"Sul";"Choque - Defensa, barreira ou "submarino"";2;0;0;0;0;0;0;0;0;0;1;0;0;2;0
"31/01/2019";"03:04:00";"93";"sem vítima";"123.9";"BR-116/SC";"Norte";"Colisão Lateral";1;0;1;0;0;0;0;0;0;0;2;0;0;0;0
"31/01/2019";"07:23:00";"134";"com vítima";"308.75";"BR-116/SC";"Sul";"Tombamento";0;0;1;0;0;0;0;0;0;0;0;0;0;1;0
"02/02/2019";"06:47:00";"16";"sem vítima";"122";"BR-116/PR";"Sul";"Colisão Traseira";2;0;0;0;0;0;0;0;0;0;2;0;0;0;0
"02/02/2019";"06:51:00";"17";"sem vítima";"180.9";"BR-116/PR";"Norte";"Tombamento";0;0;1;0;0;0;0;0;0;0;1;0;0;0;0
"02/02/2019";"08:02:00";"23";"sem vítima";"140";"BR-116/SC";"Norte";"Saida de Pista";1;0;0;0;0;0;0;0;0;0;1;0;0;0;0
"02/02/2019";"11:07:00";"43";"sem vítima";"176";"BR-116/PR";"Norte";"Colisão Traseira";1;0;0;0;0;0;0;0;0;1;2;0;0;0;0
"02/02/2019";"01:55:00";"70";"sem vítima";"33";"BR-116/SC";"Sul";"Colisão Traseira";0;0;2;0;0;0;0;0;0;0;2;0;0;0;0
"02/02/2019";"03:59:00";"87";"sem vítima";"234.6";"BR-116/SC";"Norte";"Tombamento";0;0;1;0;0;0;0;0;0;0;1;0;0;0;0
"02/02/2019";"10:20:00";"125";"sem vítima";"160";"BR-116/SC";"Sul";"Tombamento";0;0;0;0;0;0;0;0;0;1;1;0;0;0;0
"03/02/2019";"11:47:00";"52";"sem vítima";"146";"BR-116/PR";"Norte";"Choque - Talude";1;0;0;0;0;0;0;0;0;0;1;0;0;0;0
"03/02/2019";"01:26:00";"59";"sem vítima";"130";"BR-116/PR";"Norte";"Saida de Pista";1;0;0;0;0;0;0;0;0;0;1;0;0;0;0
"03/02/2019";"01:27:00";"60";"com vítima";"117";"BR-116/PR";"Norte";"Colisão Traseira";1;0;0;1;0;0;0;0;0;0;1;1;0;0;0
"03/02/2019";"01:52:00";"64";"sem vítima";"246";"BR-116/SC";"Norte";"Colisão Transversal";2;0;0;0;0;0;0;0;0;0;2;0;0;0;0
"03/02/2019";"05:07:00";"77";"com vítima";"176";"BR-116/SC";"Sul";"Colisão Lateral";2;0;0;0;0;0;0;0;0;0;5;1;0;0;0
"03/02/2019";"06:25:00";"83";"sem vítima";"113.5";"BR-116/SC";"Norte";"Colisão Traseira";1;0;1;0;0;0;0;0;0;0;2;0;0;0;0
"03/02/2019";"07:41:00";"92";"sem vítima";"233.6";"BR-116/SC";"Sul";"Colisão Lateral";1;0;1;0;0;0;0;0;0;0;2;0;0;0;0
"04/02/2019";"05:17:00";"19";"com vítima";"200.3";"BR-116/PR";"Sul";"Atropelamento - Andarilho";0;0;0;1;0;0;0;0;0;0;0;1;0;1;0
"05/02/2019";"09:38:00";"38";"com vítima";"117";"BR-116/PR";"Norte";"Queda de Moto";0;0;0;1;0;0;0;0;0;0;0;1;0;0;0
"07/02/2019";"08:05:00";"26";"sem vítima";"115";"BR-116/PR";"Norte";"Colisão Traseira";1;0;0;1;0;0;0;0;0;0;2;0;0;0;0
"07/02/2019";"09:38:00";"38";"sem vítima";"9";"BR-116/SC";"Sul";"Colisão Traseira";0;0;2;0;0;0;0;0;0;0;2;0;0;0;0
"07/02/2019";"02:24:00";"71";"sem vítima";"142";"BR-116/PR";"Sul";"Colisão Traseira";1;0;0;0;0;0;0;0;0;0;1;0;0;0;0