data;horario;n_da_ocorrencia;tipo_de_ocorrencia;km;trecho;sentido;tipo_de_acidente;automovel;bicicleta;caminhao;moto;onibus;outros;tracao_animal;transporte_de_cargas_especiais;trator_maquinas;utilitarios;ilesos;levemente_feridos;moderadamente_feridos;gravemente_feridos;mortos
"07/02/2019";"03:37:00";"76";"com vítima";"258.4";"BR-116/SC";"Norte";"Colisão Frontal";1;0;1;0;0;0;0;0;0;0;0;1;0;0;1
"07/02/2019";"05:08:00";"95";"sem vítima";"81.6";"BR-116/SC";"Sul";"Colisão Traseira";0;0;1;0;0;0;0;0;0;0;1;0;0;0;0
"08/02/2019";"06:54:00";"29";"sem vítima";"121.9";"BR-116/PR";"Norte";"Colisão Traseira";2;0;0;0;0;0;0;0;0;0;2;0;0;0;0
"08/02/2019";"06:56:00";"25";"com vítima";"120.1";"BR-116/PR";"Norte";"Engavetamento";4;0;0;0;0;0;0;0;0;1;4;2;0;0;0
"08/02/2019";"07:19:00";"28";"com vítima";"93";"BR-116/SC";"Norte";"Saida de Pista";0;0;0;0;0;0;0;0;0;1;0;1;0;1;0
"08/02/2019";"12:03:00";"65";"com vítima";"4.5";"BR-116/SC";"Sul";"Colisão Transversal";2;0;0;0;0;0;0;0;0;0;1;3;0;0;0
"09/02/2019";"04:25:00";"20";"com vítima";"142.2";"BR-116/SC";"Norte";"Colisão Transversal";1;0;1;0;0;0;0;0;0;0;2;2;0;0;0
"09/02/2019";"08:28:00";"31";"com vítima";"63.3";"BR-116/SC";"Norte";"Colisão Lateral";1;0;0;0;0;0;0;0;0;1;1;3;0;0;0
"09/02/2019";"01:04:00";"52";"sem vítima";"117.3";"BR-116/PR";"Sul";"Colisão Lateral";2;0;1;0;0;0;0;0;0;0;3;0;0;0;0
"09/02/2019";"02:57:00";"62";"sem vítima";"126";"BR-116/PR";"Norte";"Engavetamento";3;0;0;0;0;0;0;0;0;0;7;0;0;0;0
"09/02/2019";"05:02:00";"76";"com vítima";"124";"BR-116/PR";"Norte";"Colisão Traseira";1;0;0;1;0;1;0;0;0;0;2;1;0;0;0
"09/02/2019";"06:27:00";"86";"sem vítima";"134";"BR-116/PR";"Sul";"Colisão Traseira";1;0;1;0;0;0;0;0;0;0;2;0;0;0;0
"10/02/2019";"04:55:00";"24";"sem vítima";"199.6";"BR-116/PR";"Sul";"Capotamento";1;0;0;0;0;0;0;0;0;0;1;0;0;0;0
"10/02/2019";"06:24:00";"32";"com vítima";"122.935";"BR-116/PR";"Sul";"Saida de Pista";1;0;0;0;0;0;0;0;0;0;1;1;0;0;0
"10/02/2019";"06:29:00";"33";"com vítima";"125.8";"BR-116/PR";"Norte";"Choque - Veiculo parado na pista";3;0;0;0;0;0;0;0;0;0;1;2;0;0;0
"10/02/2019";"06:37:00";"34";"sem vítima";"261";"BR-116/SC";"Norte";"Colisão Lateral";2;0;0;0;0;0;0;0;0;0;3;0;0;0;0
"10/02/2019";"07:23:00";"38";"sem vítima";"230";"BR-116/SC";"Norte";"Saida de Pista";1;0;0;0;0;0;0;0;0;0;1;0;0;0;0
"10/02/2019";"09:18:00";"45";"sem vítima";"117.35";"BR-116/PR";"Sul";"Colisão Traseira";2;0;0;0;0;0;0;0;0;0;2;0;0;0;0
"10/02/2019";"03:19:00";"73";"com vítima";"124";"BR-116/PR";"Sul";"Colisão Traseira";0;0;0;1;0;0;0;0;0;1;1;1;0;0;0
"10/02/2019";"07:23:00";"101";"sem vítima";"194";"BR-116/SC";"Sul";"Choque - Defensa, barreira ou "submarino"";1;0;0;0;0;0;0;0;0;0;1;0;0;0;0
"10/02/2019";"10:20:00";"119";"sem vítima";"205";"BR-116/PR";"Norte";"Colisão Lateral";1;0;1;0;0;0;0;0;0;0;3;0;0;0;0
"11/02/2019";"12:02:00";"6";"sem vítima";"152.5";"BR-116/PR";"Sul";"Capotamento";1;0;0;0;0;0;0;0;0;0;1;0;0;0;0
"11/02/2019";"07:05:00";"26";"com vítima";"122.2";"BR-116/PR";"Norte";"Colisão Traseira";1;0;0;1;0;0;0;0;0;0;2;1;0;0;0
"11/02/2019";"11:04:00";"50";"sem vítima";"134.2";"BR-116/PR";"Norte";"Colisão Lateral";0;0;1;0;0;0;0;0;0;1;2;0;0;0;0
"11/02/2019";"03:53:00";"96";"sem vítima";"115";"BR-116/PR";"Norte";"Colisão Traseira";0;0;2;0;0;0;0;0;0;0;2;0;0;0;0
"11/02/2019";"08:33:00";"132";"sem vítima";"199";"BR-116/PR";"Sul";"Colisão Lateral";1;0;1;0;0;0;0;0;0;0;2;0;0;0;0
"12/02/2019";"12:30:00";"6";"sem vítima";"171";"BR-116/SC";"Norte";"Tombamento";0;0;1;0;0;0;0;0;0;0;1;0;0;0;0
"12/02/2019";"04:21:00";"18";"com vítima";"115.86";"BR-116/PR";"Norte";"Choque - Defensa, barreira ou "submarino"";0;0;0;1;0;0;0;0;0;0;0;0;0;0;1
"12/02/2019";"06:05:00";"22";"com vítima";"132";"BR-116/PR";"Norte";"Choque - Defensa, barreira ou "submarino"";1;0;0;0;0;0;0;0;0;0;0;1;0;0;0
"12/02/2019";"11:41:00";"73";"sem vítima";"131";"BR-116/PR";"Norte";"Queda de Moto";0;0;0;1;0;0;0;0;0;0;1;0;0;0;0
"12/02/2019";"07:37:00";"130";"sem vítima";"143";"BR-116/PR";"Norte";"Capotamento";0;0;0;0;0;0;0;0;0;1;1;0;0;0;0
"13/02/2019";"11:56:00";"62";"sem vítima";"186";"BR-116/PR";"Norte";"Saida de Pista";0;0;1;0;0;0;0;0;0;0;1;0;0;0;0
"13/02/2019";"06:07:00";"107";"sem vítima";"60.05";"BR-116/SC";"Sul";"Colisão Traseira";0;0;2;0;0;0;0;0;0;0;2;0;0;0;0
"14/02/2019";"11:02:00";"49";"sem vítima";"230";"BR-116/SC";"Sul";"Saida de Pista";2;0;0;0;0;0;0;0;0;0;2;0;0;0;0
"15/02/2019";"12:16:00";"9";"com vítima";"122.7";"BR-116/PR";"Norte";"Queda de Moto";0;0;0;1;0;0;0;0;0;0;0;1;0;0;0
"15/02/2019";"04:10:00";"21";"sem vítima";"115";"BR-116/SC";"Norte";"Choque - Defensa, barreira ou "submarino"";0;0;1;0;0;0;0;0;0;0;1;0;0;0;0
"15/02/2019";"02:00:00";"51";"sem vítima";"188";"BR-116/PR";"Norte";"Saida de Pista";1;0;0;0;0;0;0;0;0;0;1;0;0;0;0
"16/02/2019";"05:54:00";"14";"sem vítima";"115";"BR-116/PR";"Sul";"Choque - Poste";1;0;0;0;0;0;0;0;0;0;2;0;0;0;0
"16/02/2019";"09:40:00";"26";"sem vítima";"134";"BR-116/PR";"Sul";"Colisão Traseira";0;0;1;0;0;0;0;0;0;1;2;0;0;0;0
"16/02/2019";"07:41:00";"70";"sem vítima";"50";"BR-116/SC";"Sul";"Queda de Moto";0;0;0;1;0;0;0;0;0;0;1;0;0;0;0
"17/02/2019";"05:32:00";"16";"sem vítima";"252.45";"BR-116/SC";"Norte";"Choque - Defensa, barreira ou "submarino"";1;0;0;0;0;0;0;0;0;0;1;0;0;0;0
"17/02/2019";"11:19:00";"40";"com vítima";"130.8";"BR-116/PR";"Norte";"Colisão Transversal";1;0;1;0;0;0;0;0;0;0;1;1;0;0;0
"17/02/2019";"12:02:00";"44";"sem vítima";"131.2";"BR-116/PR";"Norte";"Engavetamento";3;0;0;0;0;0;0;0;0;0;5;0;0;0;0
"17/02/2019";"01:45:00";"49";"sem vítima";"130.8";"BR-116/PR";"Norte";"Colisão Traseira";1;0;0;0;0;0;0;0;0;0;1;0;0;0;0
"17/02/2019";"05:46:00";"64";"sem vítima";"180";"BR-116/PR";"Norte";"Colisão Lateral";2;0;0;0;0;0;0;0;0;0;2;0;0;0;0
"18/02/2019";"12:14:00";"6";"sem vítima";"117";"BR-116/PR";"Norte";"Saida de Pista";1;0;0;0;0;0;0;0;0;0;1;0;0;0;0
"18/02/2019";"12:05:00";"61";"sem vítima";"257.8";"BR-116/SC";"Sul";"Colisão Traseira";0;0;1;0;0;0;0;0;0;1;3;0;0;0;0
"18/02/2019";"05:50:00";"94";"sem vítima";"246";"BR-116/SC";"Sul";"Colisão Transversal";1;0;1;0;0;0;0;0;0;0;5;0;0;0;0
"18/02/2019";"08:03:00";"106";"sem vítima";"125.4";"BR-116/PR";"Norte";"Choque - Veiculo parado na pista";2;0;0;0;0;0;0;0;0;0;2;0;0;0;0
"19/02/2019";"06:18:00";"18";"sem vítima";"184";"BR-116/PR";"Sul";"Tombamento";0;0;1;0;0;0;0;0;0;0;1;0;0;0;0
"19/02/2019";"06:59:00";"20";"com vítima";"184";"BR-116/PR";"Norte";"Colisão Lateral";1;0;4;0;0;0;0;0;0;0;3;3;0;0;0
"19/02/2019";"08:15:00";"117";"sem vítima";"226.1";"BR-116/SC";"Sul";"Colisão Transversal";0;0;1;0;0;0;0;0;0;1;2;0;0;0;0
"20/02/2019";"02:02:00";"20";"com vítima";"45.2";"BR-116/SC";"Sul";"Atropelamento - Outros";0;0;0;0;1;0;0;0;0;0;1;0;0;1;0
"20/02/2019";"06:37:00";"121";"com vítima";"241";"BR-116/SC";"Sul";"Colisão Frontal";1;0;1;0;0;0;0;0;0;0;1;1;0;0;0
"20/02/2019";"08:27:00";"130";"com vítima";"125.81";"BR-116/PR";"Sul";"Choque - Veiculo parado na pista";0;0;1;1;0;0;0;0;0;0;2;0;0;0;1
"21/02/2019";"06:46:00";"19";"com vítima";"118.6";"BR-116/PR";"Norte";"Queda de Moto";0;0;0;1;0;0;0;0;0;0;0;1;0;0;0
"21/02/2019";"04:07:00";"88";"com vítima";"299.5";"BR-116/SC";"Sul";"Saida de Pista";1;0;0;0;0;0;0;0;1;0;4;1;0;0;0
"21/02/2019";"10:29:00";"120";"com vítima";"107.6";"BR-116/SC";"Norte";"Choque - Talude";0;0;1;0;0;0;0;0;0;0;0;2;0;0;0
"21/02/2019";"10:32:00";"121";"com vítima";"135.5";"BR-116/PR";"Norte";"Colisão Lateral";1;0;0;0;1;0;0;0;0;0;1;0;0;1;0
"22/02/2019";"01:00:00";"7";"sem vítima";"53.3";"BR-116/SC";"Norte";"Choque - Arvore";0;0;1;0;0;0;0;0;0;0;1;0;0;0;0
"22/02/2019";"01:50:00";"11";"com vítima";"105";"BR-116/SC";"Norte";"Colisão Lateral";1;0;1;0;0;0;0;0;0;0;1;1;0;0;0
"22/02/2019";"07:07:00";"25";"sem vítima";"252";"BR-116/SC";"Norte";"Choque - Talude";1;0;0;0;0;0;0;0;0;0;1;0;0;0;0
"22/02/2019";"06:23:00";"107";"com vítima";"126";"BR-116/PR";"Norte";"Colisão Traseira";0;0;0;2;0;0;0;0;0;0;0;2;0;0;0
"22/02/2019";"09:34:00";"125";"sem vítima";"122.5";"BR-116/SC";"Sul";"Colisão Traseira";0;0;2;0;0;0;0;0;0;0;2;0;0;0;0
"23/02/2019";"01:06:00";"10";"com vítima";"31.7";"BR-116/SC";"Sul";"Tombamento";0;0;2;0;0;0;0;0;0;0;2;1;0;0;0
"23/02/2019";"01:45:00";"14";"sem vítima";"119.2";"BR-116/PR";"Norte";"Choque - Poste";0;0;0;0;0;0;0;0;0;1;1;0;0;0;0
"23/02/2019";"05:56:00";"20";"sem vítima";"256.1";"BR-116/SC";"Norte";"Choque - Talude";0;0;1;0;0;0;0;0;0;0;1;0;0;0;0
"23/02/2019";"10:08:00";"40";"sem vítima";"117";"BR-116/PR";"Sul";"Colisão Traseira";1;0;0;0;0;1;0;0;0;0;2;0;0;0;0
"23/02/2019";"06:39:00";"88";"sem vítima";"126";"BR-116/PR";"Norte";"Engavetamento";3;0;0;0;0;0;0;0;0;1;4;0;0;0;0
"23/02/2019";"07:30:00";"96";"sem vítima";"11.2";"BR-116/SC";"Norte";"Colisão Transversal";1;0;0;0;0;0;0;0;0;1;2;0;0;0;0
"24/02/2019";"04:48:00";"27";"com vítima";"4.5";"BR-116/SC";"Sul";"Atropelamento - Ciclista";0;1;0;0;0;1;0;0;0;0;1;0;0;1;0
"24/02/2019";"05:01:00";"89";"sem vítima";"203";"BR-116/SC";"Sul";"Capotamento";1;0;0;0;0;0;0;0;0;0;1;0;0;0;0
"24/02/2019";"05:06:00";"90";"sem vítima";"32.7";"BR-116/SC";"Sul";"Colisão Traseira";0;0;2;0;0;0;0;0;0;0;2;0;0;0;0
"25/02/2019";"07:21:00";"25";"sem vítima";"124.4";"BR-116/PR";"Norte";"Colisão Traseira";1;0;0;0;0;1;0;0;0;0;2;0;0;0;0
"25/02/2019";"02:46:00";"60";"sem vítima";"196";"BR-116/PR";"Norte";"Saida de Pista";0;0;1;0;0;0;0;0;0;0;1;0;0;0;0
"25/02/2019";"05:21:00";"82";"sem vítima";"62";"BR-116/SC";"Sul";"Colisão Frontal";1;0;0;0;0;0;0;0;0;1;4;0;0;0;0
"25/02/2019";"08:24:00";"97";"sem vítima";"122";"BR-116/PR";"Sul";"Colisão Lateral";1;0;1;0;0;0;0;0;0;0;2;0;0;0;0
"25/02/2019";"11:35:00";"106";"com vítima";"149";"BR-116/SC";"Norte";"Capotamento";1;0;0;0;0;0;0;0;0;0;0;2;0;0;0
"26/02/2019";"07:29:00";"23";"com vítima";"117.7";"BR-116/PR";"Norte";"Colisão Traseira";1;0;0;2;0;0;0;0;0;0;2;1;0;0;0
"26/02/2019";"07:58:00";"29";"sem vítima";"211";"BR-116/PR";"Norte";"Choque - Defensa, barreira ou "submarino"";1;0;0;0;0;0;0;0;0;0;1;0;0;0;0
"26/02/2019";"08:34:00";"34";"sem vítima";"123.3";"BR-116/PR";"Norte";"Colisão Lateral";1;0;0;1;0;0;0;0;0;0;4;0;0;0;0
"26/02/2019";"10:02:00";"48";"com vítima";"245";"BR-116/SC";"Norte";"Colisão Transversal";1;0;0;1;0;0;0;0;0;0;3;1;0;0;0
"26/02/2019";"11:42:00";"54";"sem vítima";"140.4";"BR-116/SC";"Sul";"Saida de Pista";1;0;0;0;0;0;0;0;0;0;1;0;0;0;0
"26/02/2019";"03:02:00";"65";"sem vítima";"211.2";"BR-116/SC";"Sul";"Atropelamento - Ciclista";0;1;1;0;0;0;0;0;0;0;2;0;0;0;0
"26/02/2019";"10:25:00";"101";"sem vítima";"133.55";"BR-116/PR";"Sul";"Choque - Arvore";1;0;0;0;0;0;0;0;0;0;5;0;0;0;0
"27/02/2019";"03:00:00";"89";"sem vítima";"82.1";"BR-116/SC";"Sul";"Colisão Traseira";0;0;2;0;0;0;0;0;0;0;2;0;0;0;0
"27/02/2019";"03:18:00";"93";"sem vítima";"203";"BR-116/PR";"Sul";"Colisão Traseira";1;0;1;0;0;0;0;0;0;0;4;0;0;0;0
"27/02/2019";"04:32:00";"97";"com vítima";"221.2";"BR-116/SC";"Norte";"Colisão Transversal";1;0;1;0;0;0;0;0;0;0;1;2;0;0;0
"27/02/2019";"05:37:00";"103";"sem vítima";"235";"BR-116/SC";"Norte";"Choque - Objeto sobre a pista";0;0;2;0;0;0;0;0;0;0;2;0;0;0;0
"27/02/2019";"07:34:00";"117";"com vítima";"125";"BR-116/SC";"Sul";"Colisão Transversal";1;0;1;0;0;0;0;0;0;0;1;1;0;0;0
"27/02/2019";"09:51:00";"125";"com vítima";"115";"BR-116/SC";"Norte";"Tombamento";0;0;1;0;0;0;0;0;0;0;0;1;0;0;0
"28/02/2019";"06:03:00";"17";"sem vítima";"184.8";"BR-116/PR";"Sul";"Capotamento";1;0;0;0;0;0;0;0;0;0;1;0;0;0;0
"28/02/2019";"09:58:00";"48";"sem vítima";"175";"BR-116/PR";"Sul";"Choque - Veiculo parado na pista";0;0;2;0;0;0;0;0;0;0;2;0;0;0;0
"28/02/2019";"06:17:00";"96";"com vítima";"115";"BR-116/PR";"Norte";"Colisão Transversal";0;0;0;2;0;0;0;0;0;0;2;1;0;0;0
"28/02/2019";"06:20:00";"98";"com vítima";"151";"BR-116/PR";"Sul";"Colisão Lateral";1;0;1;1;0;0;0;0;0;0;2;1;0;0;0
"28/02/2019";"08:04:00";"106";"sem vítima";"205";"BR-116/PR";"Norte";"Colisão Transversal";0;0;2;0;0;0;0;0;0;0;2;0;0;0;0
"01/03/2019";"01:38:00";"8";"com vítima";"205.7";"BR-116/PR";"Norte";"Colisão Frontal";1;0;0;0;0;0;0;0;0;1;0;0;0;1;1
"01/03/2019";"07:53:00";"28";"sem vítima";"118";"BR-116/PR";"Norte";"Colisão Lateral";1;0;0;1;0;0;0;0;0;0;2;0;0;0;0
"02/03/2019";"09:10:00";"47";"com vítima";"121.6";"BR-116/PR";"Sul";"Capotamento";1;0;0;0;0;0;0;0;0;0;0;1;0;0;0
"02/03/2019";"01:49:00";"84";"com vítima";"53.5";"BR-116/SC";"Sul";"Choque - Defensa, barreira ou "submarino"";1;0;0;0;0;0;0;0;0;0;0;1;0;0;0
"02/03/2019";"02:39:00";"89";"sem vítima";"126";"BR-116/PR";"Norte";"Colisão Traseira";2;0;0;0;0;0;0;0;0;0;5;0;0;0;0
"02/03/2019";"10:09:00";"130";"com vítima";"174";"BR-116/SC";"Sul";"Choque - Elemento de Drenagem";0;0;0;1;0;0;0;0;0;0;0;1;0;0;0
"02/03/2019";"10:35:00";"133";"com vítima";"125.1";"BR-116/PR";"Norte";"Colisão Lateral";1;0;1;0;0;0;0;0;0;0;2;1;0;0;0
"03/03/2019";"09:17:00";"31";"sem vítima";"76";"BR-116/SC";"Norte";"Colisão Transversal";2;0;0;0;0;0;0;0;0;0;6;0;0;0;0
"04/03/2019";"02:27:00";"72";"com vítima";"126";"BR-116/PR";"Norte";"Atropelamento - Morador";0;0;0;1;0;0;0;0;0;0;1;1;0;0;0
"04/03/2019";"06:53:00";"93";"sem vítima";"1.95";"BR-116/SC";"Norte";"Colisão Traseira";1;0;1;0;0;0;0;0;0;0;2;0;0;0;0
"05/03/2019";"01:45:00";"10";"com vítima";"115.7";"BR-116/PR";"Norte";"Colisão Transversal";0;0;1;1;0;0;0;0;0;0;1;2;0;0;0
"05/03/2019";"08:12:00";"93";"sem vítima";"130";"BR-116/PR";"Sul";"Choque - Defensa, barreira ou "submarino"";1;0;0;0;0;0;0;0;0;0;2;0;0;0;0
"06/03/2019";"02:57:00";"65";"sem vítima";"123.6";"BR-116/PR";"Sul";"Colisão Traseira";1;0;1;0;0;0;0;0;0;0;2;0;0;0;0
"06/03/2019";"03:22:00";"68";"sem vítima";"124";"BR-116/PR";"Norte";"Colisão Traseira";2;0;0;0;0;0;0;0;0;0;2;0;0;0;0
"06/03/2019";"05:58:00";"80";"sem vítima";"4.004";"BR-116/SC";"Norte";"Colisão Lateral";1;0;1;0;0;0;0;0;0;0;2;0;0;0;0
"07/03/2019";"06:49:00";"17";"sem vítima";"117";"BR-116/PR";"Sul";"Colisão Traseira";1;0;0;0;0;0;0;0;0;1;2;0;0;0;0
"07/03/2019";"01:26:00";"57";"sem vítima";"123.3";"BR-116/PR";"Sul";"Saida de Pista";0;0;1;0;0;0;0;0;0;0;1;0;0;0;0
"07/03/2019";"07:42:00";"99";"com vítima";"116";"BR-116/PR";"Sul";"Colisão Lateral";1;0;0;1;0;0;0;0;0;0;1;1;0;0;0
"08/03/2019";"04:23:00";"16";"com vítima";"234.8";"BR-116/SC";"Sul";"Capotamento";1;0;0;0;0;0;0;0;0;0;0;3;0;0;0
"08/03/2019";"07:31:00";"23";"com vítima";"162.4";"BR-116/SC";"Norte";"Tombamento";0;0;1;0;0;0;0;0;0;0;0;1;0;0;0
"08/03/2019";"04:03:00";"80";"com vítima";"193";"BR-116/SC";"Norte";"Tombamento";0;0;1;0;0;0;0;0;0;0;2;0;0;1;0
"08/03/2019";"07:27:00";"101";"sem vítima";"119";"BR-116/PR";"Norte";"Colisão Lateral";1;0;0;0;0;1;0;0;0;0;2;0;0;0;0
"08/03/2019";"08:51:00";"111";"sem vítima";"165";"BR-116/PR";"Norte";"Colisão Lateral";2;0;0;0;0;0;0;0;0;0;2;0;0;0;0
"09/03/2019";"03:23:00";"16";"sem vítima";"148.2";"BR-116/PR";"Sul";"Capotamento";1;0;0;0;0;0;0;0;0;0;1;0;0;0;0
"09/03/2019";"09:34:00";"103";"sem vítima";"115";"BR-116/PR";"Sul";"Choque - Defensa, barreira ou "submarino"";1;0;0;0;0;0;0;0;0;0;1;0;0;0;0
"11/03/2019";"02:19:00";"11";"com vítima";"129.3";"BR-116/PR";"Sul";"Queda de Moto";0;0;0;1;0;0;0;0;0;0;0;1;0;0;0
"11/03/2019";"10:01:00";"47";"sem vítima";"203.9";"BR-116/PR";"Sul";"Colisão Traseira";0;0;1;1;0;0;0;0;0;0;3;0;0;0;0
"11/03/2019";"02:17:00";"79";"sem vítima";"134";"BR-116/PR";"Norte";"Colisão Traseira";2;0;0;0;0;0;0;0;0;0;2;0;0;0;0
"12/03/2019";"12:17:00";"7";"sem vítima";"135.5";"BR-116/PR";"Norte";"Saida de Pista";1;0;0;0;0;0;0;0;0;0;1;0;0;0;0
"12/03/2019";"08:35:00";"32";"com vítima";"117.2";"BR-116/PR";"Sul";"Colisão Traseira";0;0;1;1;0;0;0;0;0;0;1;1;0;0;0
"12/03/2019";"10:54:00";"54";"sem vítima";"208";"BR-116/SC";"Sul";"Colisão Transversal";1;0;0;0;1;0;0;0;0;0;5;0;0;0;0
"12/03/2019";"06:17:00";"112";"sem vítima";"187";"BR-116/SC";"Sul";"Choque - Objeto sobre a pista";1;0;0;0;0;0;0;0;0;0;1;0;0;0;0
"12/03/2019";"09:36:00";"128";"sem vítima";"170";"BR-116/PR";"Sul";"Colisão Lateral";1;0;0;0;0;0;0;0;0;0;1;0;0;0;0
"13/03/2019";"07:45:00";"121";"sem vítima";"56";"BR-116/SC";"Sul";"Colisão Traseira";1;0;0;1;0;0;0;0;0;0;3;0;0;0;0
"14/03/2019";"07:09:00";"25";"sem vítima";"117.6";"BR-116/PR";"Norte";"Choque - Veiculo parado no acostamento";1;1;0;0;0;0;0;0;0;0;2;0;0;0;0
"14/03/2019";"09:56:00";"137";"sem vítima";"193.1";"BR-116/SC";"Norte";"Tombamento";0;0;1;0;0;0;0;0;0;0;1;0;0;0;0
"15/03/2019";"07:10:00";"35";"sem vítima";"175.2";"BR-116/SC";"Sul";"Tombamento";0;0;1;0;0;0;0;0;0;0;1;0;0;0;0
"15/03/2019";"10:15:00";"63";"com vítima";"245";"BR-116/SC";"Sul";"Colisão Transversal";2;0;0;0;0;0;0;0;0;0;4;2;0;0;0
"16/03/2019";"06:02:00";"67";"com vítima";"172.1";"BR-116/PR";"Sul";"Colisão Traseira";1;0;2;0;0;0;0;0;0;0;2;2;0;0;0
"17/03/2019";"06:08:00";"17";"sem vítima";"227.06";"BR-116/SC";"Norte";"Saida de Pista";0;0;1;0;0;0;0;0;0;0;1;0;0;0;0
"17/03/2019";"04:29:00";"55";"sem vítima";"122.8";"BR-116/PR";"Sul";"Saida de Pista";1;0;0;0;0;0;0;0;0;0;1;0;0;0;0
"17/03/2019";"04:31:00";"56";"sem vítima";"146";"BR-116/PR";"Norte";"Colisão Lateral";1;0;1;1;0;0;0;0;0;0;3;0;0;0;0
"17/03/2019";"09:22:00";"76";"sem vítima";"210.1";"BR-116/SC";"Sul";"Choque - Elemento de Drenagem";1;0;0;0;0;0;0;0;0;0;1;0;0;0;0
"18/03/2019";"07:47:00";"28";"com vítima";"119.1";"BR-116/PR";"Norte";"Engavetamento";3;0;0;0;0;1;0;0;0;0;4;2;0;0;0
"18/03/2019";"10:39:00";"51";"sem vítima";"165";"BR-116/PR";"Norte";"Choque - Arvore";1;0;0;0;0;0;0;0;0;0;2;0;0;0;0
"18/03/2019";"02:00:00";"76";"sem vítima";"247.5";"BR-116/SC";"Norte";"Colisão Traseira";0;0;2;0;0;0;0;0;0;0;2;0;0;0;0
"18/03/2019";"03:26:00";"83";"sem vítima";"152.9";"BR-116/PR";"Norte";"Colisão Lateral";0;0;0;0;0;1;0;0;0;1;2;0;0;0;0
"18/03/2019";"04:13:00";"91";"sem vítima";"122.5";"BR-116/PR";"Sul";"Colisão Lateral";1;0;1;0;0;0;0;0;0;0;2;0;0;0;0
"19/03/2019";"04:12:00";"13";"sem vítima";"140";"BR-116/PR";"Sul";"Choque - Elemento de Drenagem";1;0;1;0;0;0;0;0;0;0;2;0;0;0;0
"19/03/2019";"03:25:00";"86";"sem vítima";"286.84";"BR-116/SC";"Sul";"Tombamento";0;0;1;0;0;0;0;0;0;0;1;0;0;0;0
"19/03/2019";"04:00:00";"90";"com vítima";"139";"BR-116/SC";"Sul";"Colisão Transversal";2;0;0;0;0;0;0;0;0;0;1;1;0;0;0
"19/03/2019";"06:45:00";"112";"sem vítima";"118";"BR-116/PR";"Sul";"Colisão Traseira";4;0;0;0;0;0;0;0;0;0;5;0;0;0;0
"19/03/2019";"07:45:00";"116";"com vítima";"8.5";"BR-116/SC";"Norte";"Colisão Frontal";1;0;0;1;0;0;0;0;0;1;3;0;0;1;0
"19/03/2019";"08:01:00";"117";"com vítima";"136.5";"BR-116/PR";"Sul";"Atropelamento de Animal";0;0;0;1;0;0;0;0;0;0;0;0;0;1;0
"20/03/2019";"10:41:00";"149";"sem vítima";"124";"BR-116/PR";"Norte";"Colisão Lateral";1;0;1;0;0;0;0;0;0;0;2;0;0;0;0
"20/03/2019";"11:27:00";"152";"sem vítima";"127.6";"BR-116/PR";"Norte";"Choque - Veiculo parado na pista";2;0;0;0;0;0;0;0;0;0;2;0;0;0;0
"21/03/2019";"07:14:00";"22";"com vítima";"123.4";"BR-116/PR";"Norte";"Colisão Traseira";1;0;0;1;0;0;0;0;0;0;2;1;0;0;0
"21/03/2019";"08:09:00";"28";"com vítima";"120.5";"BR-116/PR";"Norte";"Colisão Transversal";1;0;0;1;0;0;0;0;0;0;1;1;0;0;0
"21/03/2019";"06:29:00";"98";"sem vítima";"119";"BR-116/PR";"Sul";"Colisão Traseira";2;0;0;0;0;0;0;0;0;0;7;0;0;0;0
"21/03/2019";"06:36:00";"99";"sem vítima";"75.5";"BR-116/SC";"Sul";"Choque - Defensa, barreira ou "submarino"";1;0;0;0;0;0;0;0;0;0;1;0;0;0;0
"22/03/2019";"07:25:00";"32";"sem vítima";"122.4";"BR-116/PR";"Norte";"Colisão Traseira";0;0;0;0;0;0;0;0;0;2;4;0;0;0;0
"22/03/2019";"04:42:00";"93";"com vítima";"113.3";"BR-116/SC";"Sul";"Colisão Lateral";1;0;0;1;0;0;0;0;0;0;1;2;0;0;0
"22/03/2019";"04:45:00";"94";"com vítima";"4.5";"BR-116/SC";"Norte";"Colisão Transversal";1;0;0;1;0;0;0;0;0;0;2;1;0;0;0
"22/03/2019";"06:51:00";"108";"sem vítima";"116";"BR-116/PR";"Norte";"Choque - Veiculo parado na pista";3;0;0;0;0;1;0;0;0;0;6;0;0;0;0
"22/03/2019";"07:44:00";"116";"sem vítima";"174";"BR-116/SC";"Sul";"Saida de Pista";1;0;0;0;0;0;0;0;0;0;1;0;0;0;0
"22/03/2019";"07:48:00";"117";"sem vítima";"134";"BR-116/PR";"Sul";"Choque - Objeto sobre a pista";1;0;1;0;0;0;0;0;0;0;3;0;0;0;0
"23/03/2019";"02:33:00";"10";"sem vítima";"122.55";"BR-116/PR";"Sul";"Colisão Traseira";1;0;1;0;0;0;0;0;0;0;2;0;0;0;0
"23/03/2019";"03:42:00";"63";"com vítima";"210.8";"BR-116/PR";"Norte";"Colisão Lateral";1;0;0;1;0;0;0;0;0;0;1;2;0;0;0
"23/03/2019";"05:18:00";"67";"com vítima";"163.274";"BR-116/PR";"Sul";"Capotamento";1;0;0;0;0;0;0;0;0;0;2;2;0;1;0