data;horario;n_da_ocorrencia;tipo_de_ocorrencia;km;trecho;sentido;tipo_de_acidente;automovel;bicicleta;caminhao;moto;onibus;outros;tracao_animal;transporte_de_cargas_especiais;trator_maquinas;utilitarios;ilesos;levemente_feridos;moderadamente_feridos;gravemente_feridos;mortos
"06/05/2019";"05:15:00";"77";"sem vítima";"209";"BR-116/PR";"Sul";"Choque - Poste";1;0;0;0;0;0;0;0;0;0;1;0;0;0;0
"07/05/2019";"12:54:00";"9";"sem vítima";"308.3";"BR-116/SC";"Sul";"Capotamento";1;0;0;0;0;0;0;0;0;0;1;0;0;0;0
"07/05/2019";"05:17:00";"19";"sem vítima";"94.7";"BR-116/SC";"Sul";"Choque - Talude";0;0;1;0;0;0;0;0;0;0;1;0;0;0;0
"07/05/2019";"03:37:00";"83";"sem vítima";"126";"BR-116/PR";"Norte";"Colisão Lateral";1;0;0;0;0;0;0;0;0;0;1;0;0;0;0
"07/05/2019";"06:34:00";"109";"sem vítima";"121";"BR-116/PR";"Sul";"Colisão Traseira";1;0;1;0;0;0;0;0;0;0;4;0;0;0;0
"07/05/2019";"07:00:00";"114";"com vítima";"125";"BR-116/PR";"Sul";"Colisão Traseira";1;0;0;1;0;0;0;0;0;0;1;1;0;0;0
"08/05/2019";"07:18:00";"23";"sem vítima";"297.7";"BR-116/SC";"Norte";"Colisão Lateral";1;0;0;0;0;1;0;0;0;0;3;0;0;0;0
"08/05/2019";"04:04:00";"79";"sem vítima";"105.6";"BR-116/SC";"Norte";"Colisão Frontal";0;0;4;0;0;0;0;0;0;1;5;0;0;0;0
"08/05/2019";"06:00:00";"101";"sem vítima";"115.5";"BR-116/PR";"Sul";"Colisão Lateral";1;0;1;0;0;0;0;0;0;0;2;0;0;0;0
"09/05/2019";"09:31:00";"35";"sem vítima";"128";"BR-116/PR";"Norte";"Choque - Elemento de Drenagem";1;0;0;0;0;0;0;0;0;0;1;0;0;0;0
"09/05/2019";"09:40:00";"118";"sem vítima";"269.2";"BR-116/SC";"Norte";"Capotamento";0;0;0;0;0;0;0;0;0;1;1;0;0;0;0
"10/05/2019";"08:42:00";"34";"sem vítima";"135.7";"BR-116/PR";"Sul";"Colisão Traseira";1;0;1;0;0;0;0;0;0;0;3;0;0;0;0
"10/05/2019";"03:51:00";"92";"sem vítima";"118";"BR-116/PR";"Sul";"Colisão Traseira";1;0;0;0;0;1;0;0;0;0;2;0;0;0;0
"10/05/2019";"05:47:00";"103";"sem vítima";"208";"BR-116/SC";"Norte";"Colisão Frontal";0;0;1;0;0;0;0;0;0;0;1;0;0;0;0
"10/05/2019";"06:34:00";"108";"com vítima";"121.8";"BR-116/PR";"Norte";"Colisão Lateral";1;0;0;1;0;0;0;0;0;0;2;1;0;0;0
"10/05/2019";"06:35:00";"112";"sem vítima";"121.8";"BR-116/PR";"Norte";"Colisão Traseira";3;0;0;0;0;0;0;0;0;0;3;0;0;0;0
"10/05/2019";"09:45:00";"121";"sem vítima";"209";"BR-116/SC";"Sul";"Saida de Pista";1;0;0;0;0;0;0;0;0;0;1;0;0;0;0
"11/05/2019";"04:18:00";"23";"sem vítima";"152.495";"BR-116/PR";"Sul";"Choque - Elemento de Drenagem";1;0;0;0;0;0;0;0;0;0;1;0;0;0;0
"11/05/2019";"06:52:00";"26";"com vítima";"116.5";"BR-116/PR";"Sul";"Colisão Lateral";0;0;1;1;0;0;0;0;0;0;1;2;0;0;0
"11/05/2019";"09:01:00";"33";"com vítima";"184.6";"BR-116/SC";"Norte";"Colisão Transversal";2;0;0;0;0;0;0;0;0;0;2;1;0;0;0
"11/05/2019";"11:31:00";"47";"sem vítima";"171";"BR-116/PR";"Sul";"Saida de Pista";1;0;0;0;0;0;0;0;0;0;2;0;0;0;0
"11/05/2019";"12:43:00";"57";"sem vítima";"214.8";"BR-116/SC";"Norte";"Saida de Pista";1;0;0;0;0;0;0;0;0;0;1;0;0;0;0
"12/05/2019";"12:25:00";"9";"com vítima";"147.28";"BR-116/PR";"Sul";"Queda de Moto";0;0;0;1;0;0;0;0;0;0;1;1;0;0;0
"12/05/2019";"12:32:00";"10";"com vítima";"130.6";"BR-116/PR";"Sul";"Colisão Traseira";2;0;0;0;0;0;0;0;0;0;3;1;0;0;0
"12/05/2019";"03:48:00";"14";"sem vítima";"147.9";"BR-116/PR";"Norte";"Choque - Talude";0;0;0;0;0;0;0;0;0;1;1;0;0;0;0
"12/05/2019";"06:30:00";"28";"sem vítima";"148.6";"BR-116/PR";"Sul";"Queda de Moto";0;0;0;1;0;1;0;0;0;0;2;0;0;0;0
"12/05/2019";"06:53:00";"29";"sem vítima";"48.2";"BR-116/SC";"Sul";"Saida de Pista";1;0;0;0;0;0;0;0;0;0;2;0;0;0;0
"12/05/2019";"03:47:00";"74";"sem vítima";"134.3";"BR-116/PR";"Norte";"Colisão Traseira";2;0;0;0;0;0;0;0;0;0;5;0;0;0;0
"12/05/2019";"06:13:00";"86";"sem vítima";"152";"BR-116/PR";"Sul";"Colisão Transversal";2;0;0;0;0;0;0;0;0;0;8;0;0;0;0
"12/05/2019";"07:23:00";"93";"sem vítima";"12.3";"BR-116/SC";"Norte";"Saida de Pista";1;0;0;0;0;0;0;0;0;0;1;0;0;0;0
"12/05/2019";"08:20:00";"104";"sem vítima";"116.5";"BR-116/PR";"Sul";"Colisão Traseira";1;0;0;0;0;0;0;0;0;1;2;0;0;0;0
"12/05/2019";"08:27:00";"106";"com vítima";"214";"BR-116/SC";"Norte";"Capotamento";1;0;0;0;0;0;0;0;0;0;0;2;0;1;0
"13/05/2019";"07:00:00";"35";"sem vítima";"116.8";"BR-116/PR";"Norte";"Colisão Traseira";0;0;1;0;1;0;0;0;0;0;4;0;0;0;0
"13/05/2019";"07:14:00";"36";"com vítima";"122";"BR-116/PR";"Norte";"Colisão Lateral";1;0;0;1;0;0;0;0;0;0;1;2;0;0;0
"14/05/2019";"07:29:00";"20";"sem vítima";"120.6";"BR-116/PR";"Norte";"Colisão Traseira";3;0;0;0;0;0;0;0;0;0;3;0;0;0;0
"14/05/2019";"07:34:00";"22";"com vítima";"121.2";"BR-116/PR";"Norte";"Colisão Traseira";1;0;0;1;0;0;0;0;0;0;2;1;0;1;0
"14/05/2019";"01:23:00";"55";"sem vítima";"23";"BR-116/SC";"Norte";"Saida de Pista";0;0;1;0;0;0;0;0;0;0;1;0;0;0;0
"14/05/2019";"02:49:00";"69";"com vítima";"132";"BR-116/PR";"Norte";"Tombamento";0;0;1;0;0;0;0;0;0;0;0;1;0;0;0
"14/05/2019";"08:28:00";"110";"com vítima";"119";"BR-116/PR";"Sul";"Choque - Veiculo parado na pista";1;0;0;1;0;0;0;0;0;0;2;1;0;0;0
"15/05/2019";"12:20:00";"64";"com vítima";"153.2";"BR-116/PR";"Sul";"Colisão Traseira";1;0;0;1;0;0;0;0;0;0;1;1;0;0;0
"15/05/2019";"01:48:00";"70";"sem vítima";"117";"BR-116/PR";"Norte";"Colisão Lateral";1;0;1;0;0;0;0;0;0;0;6;0;0;0;0
"15/05/2019";"02:12:00";"79";"com vítima";"69";"BR-116/SC";"Sul";"Tombamento";0;0;1;0;0;0;0;0;0;0;0;1;0;0;0
"15/05/2019";"02:51:00";"80";"com vítima";"4.2";"BR-116/SC";"Norte";"Atropelamento - Ciclista";0;1;0;0;0;0;0;0;0;1;2;1;0;0;0
"15/05/2019";"04:43:00";"94";"com vítima";"32.4";"BR-116/SC";"Norte";"Capotamento";1;0;0;0;0;0;0;0;0;0;1;1;0;0;0
"15/05/2019";"07:02:00";"115";"sem vítima";"135";"BR-116/SC";"Sul";"Choque - Veiculo parado na pista";1;0;0;0;0;1;0;0;0;0;2;0;0;0;0
"15/05/2019";"11:33:00";"140";"com vítima";"161.416";"BR-116/PR";"Sul";"Colisão Lateral";0;0;1;0;1;0;0;0;0;0;2;1;0;0;0
"16/05/2019";"04:39:00";"18";"sem vítima";"184.1";"BR-116/PR";"Norte";"Atropelamento de Animal";1;0;0;0;0;0;0;0;0;0;1;0;0;0;0
"16/05/2019";"05:30:00";"20";"sem vítima";"132";"BR-116/PR";"Norte";"Saida de Pista";1;0;0;0;0;0;0;0;0;0;1;0;0;0;0
"16/05/2019";"08:48:00";"28";"sem vítima";"73.2";"BR-116/SC";"Norte";"Choque - Defensa, barreira ou "submarino"";0;0;1;0;0;0;0;0;0;0;1;0;0;0;0
"16/05/2019";"09:41:00";"36";"sem vítima";"296.2";"BR-116/SC";"Norte";"Colisão Lateral";1;0;1;0;0;0;0;0;0;0;3;0;0;0;0
"16/05/2019";"10:09:00";"40";"sem vítima";"152";"BR-116/SC";"Norte";"Choque - Veiculo parado na pista";2;0;0;0;0;0;0;0;0;0;2;0;0;0;0
"16/05/2019";"04:39:00";"81";"sem vítima";"118";"BR-116/PR";"Sul";"Saida de Pista";1;0;0;0;0;0;0;0;0;0;1;0;0;0;0
"16/05/2019";"05:47:00";"91";"sem vítima";"122.9";"BR-116/PR";"Norte";"Colisão Transversal";2;0;0;0;0;0;0;0;0;0;2;0;0;0;0
"16/05/2019";"06:46:00";"103";"com vítima";"124.15";"BR-116/PR";"Norte";"Colisão Traseira";1;0;0;1;0;0;0;0;0;0;1;1;0;0;0
"17/05/2019";"01:28:00";"10";"sem vítima";"235.65";"BR-116/SC";"Sul";"Choque - Talude";1;0;0;0;0;0;0;0;0;0;1;0;0;0;0
"17/05/2019";"02:39:00";"81";"sem vítima";"142.5";"BR-116/SC";"Sul";"Tombamento";0;0;1;0;0;0;0;0;0;0;1;0;0;0;0
"17/05/2019";"06:49:00";"123";"sem vítima";"129.7";"BR-116/PR";"Norte";"Outros";1;0;0;1;0;0;0;0;0;0;2;0;0;0;0
"17/05/2019";"07:13:00";"125";"sem vítima";"128";"BR-116/SC";"Sul";"Saida de Pista";1;0;0;0;0;0;0;0;0;0;2;0;0;0;0
"18/05/2019";"12:35:00";"47";"sem vítima";"23.5";"BR-116/SC";"Sul";"Colisão Transversal";0;0;1;0;0;0;0;0;0;1;2;0;0;0;0
"18/05/2019";"02:54:00";"58";"sem vítima";"117";"BR-116/PR";"Sul";"Colisão Traseira";2;0;0;0;0;0;0;0;0;0;2;0;0;0;0
"18/05/2019";"05:06:00";"71";"com vítima";"91.2";"BR-116/SC";"Norte";"Saida de Pista";1;0;0;0;0;0;0;0;0;0;0;0;0;1;0
"19/05/2019";"01:17:00";"9";"sem vítima";"1.15";"BR-116/SC";"Norte";"Choque - Elemento de Drenagem";1;0;0;0;0;0;0;0;0;0;1;0;0;0;0
"19/05/2019";"06:27:00";"20";"sem vítima";"146";"BR-116/PR";"Norte";"Choque - Talude";1;0;0;0;0;0;0;0;0;0;1;0;0;0;0
"19/05/2019";"06:18:00";"63";"sem vítima";"233";"BR-116/SC";"Norte";"Colisão Traseira";2;0;0;0;0;0;0;0;0;0;2;0;0;0;0
"20/05/2019";"06:58:00";"20";"sem vítima";"115.4";"BR-116/PR";"Norte";"Colisão Lateral";1;0;0;1;0;0;0;0;0;0;2;0;0;0;0
"20/05/2019";"02:20:00";"78";"sem vítima";"124";"BR-116/PR";"Norte";"Colisão Traseira";2;0;0;0;0;0;0;0;0;0;2;0;0;0;0
"21/05/2019";"02:43:00";"67";"com vítima";"247.9";"BR-116/SC";"Sul";"Colisão Traseira";1;0;1;0;0;0;0;0;0;0;2;1;0;0;0
"21/05/2019";"05:03:00";"81";"sem vítima";"5.5";"BR-116/SC";"Norte";"Tombamento";0;0;1;0;0;0;0;0;0;0;1;0;0;0;0
"22/05/2019";"07:16:00";"29";"com vítima";"305.6";"BR-116/SC";"Norte";"Colisão Frontal";0;0;2;0;0;0;0;0;0;0;1;0;0;0;1
"22/05/2019";"08:41:00";"104";"sem vítima";"155";"BR-116/PR";"Norte";"Colisão Lateral";0;0;1;0;1;0;0;0;0;0;28;0;0;0;0
"23/05/2019";"07:14:00";"81";"sem vítima";"306";"BR-116/SC";"Sul";"Saida de Pista";1;0;0;0;0;0;0;0;0;0;1;0;0;0;0
"24/05/2019";"10:39:00";"43";"sem vítima";"148.7";"BR-116/PR";"Sul";"Colisão Lateral";1;0;1;0;0;0;0;0;0;0;2;0;0;0;0
"24/05/2019";"06:28:00";"89";"sem vítima";"248";"BR-116/SC";"Sul";"Colisão Transversal";1;0;0;1;0;0;0;0;0;0;2;0;0;0;0
"25/05/2019";"09:32:00";"36";"com vítima";"168.55";"BR-116/PR";"Norte";"Colisão Transversal";2;0;0;0;0;0;0;0;0;0;1;3;0;1;0
"25/05/2019";"01:32:00";"58";"com vítima";"117";"BR-116/PR";"Sul";"Queda de Moto";0;0;0;1;0;0;0;0;0;0;0;1;0;0;0
"25/05/2019";"04:02:00";"81";"com vítima";"115";"BR-116/PR";"Norte";"Choque - Talude";1;0;0;0;0;0;0;0;0;0;0;1;0;0;0
"25/05/2019";"04:25:00";"85";"sem vítima";"233";"BR-116/SC";"Sul";"Colisão Traseira";2;0;0;0;0;0;0;0;0;0;4;0;0;0;0
"25/05/2019";"05:47:00";"93";"sem vítima";"268";"BR-116/SC";"Sul";"Colisão Transversal";1;0;1;0;0;0;0;0;0;0;3;0;0;0;0
"26/05/2019";"05:59:00";"19";"sem vítima";"120";"BR-116/PR";"Sul";"Colisão Traseira";1;0;0;0;0;0;0;0;0;1;2;0;0;0;0
"26/05/2019";"06:53:00";"21";"sem vítima";"206";"BR-116/SC";"Sul";"Tombamento";0;0;1;0;0;0;0;0;0;0;1;0;0;0;0
"26/05/2019";"09:36:00";"33";"sem vítima";"124";"BR-116/SC";"Sul";"Choque - Talude";1;0;0;0;0;0;0;0;0;0;1;0;0;0;0
"27/05/2019";"07:16:00";"26";"com vítima";"4.5";"BR-116/SC";"Sul";"Queda de Moto";0;0;0;1;0;0;0;0;0;0;0;1;0;0;0
"27/05/2019";"01:32:00";"73";"com vítima";"149.8";"BR-116/PR";"Norte";"Tombamento";0;0;1;0;0;0;0;0;0;0;0;4;0;0;0
"27/05/2019";"06:04:00";"93";"com vítima";"252";"BR-116/SC";"Norte";"Colisão Frontal";2;0;0;0;0;0;0;0;0;0;2;1;0;0;0
"27/05/2019";"06:35:00";"94";"sem vítima";"275";"BR-116/SC";"Norte";"Colisão Transversal";2;0;0;0;0;0;0;0;0;0;4;0;0;0;0
"28/05/2019";"01:34:00";"54";"com vítima";"140";"BR-116/SC";"Norte";"Colisão Transversal";1;0;0;0;0;1;0;0;0;0;1;1;0;0;0
"28/05/2019";"02:11:00";"59";"com vítima";"191";"BR-116/PR";"Sul";"Saida de Pista";0;0;0;0;0;0;0;0;0;1;0;1;0;0;0
"28/05/2019";"06:41:00";"86";"com vítima";"172.3";"BR-116/PR";"Norte";"Choque - Arvore";2;0;0;0;0;0;0;0;0;0;1;0;0;0;1
"30/05/2019";"06:51:00";"30";"com vítima";"116";"BR-116/PR";"Sul";"Queda de Moto";0;0;0;1;0;0;0;0;0;0;0;1;0;0;0
"30/05/2019";"07:14:00";"31";"com vítima";"116.1";"BR-116/PR";"Norte";"Choque - Veiculo parado na pista";1;0;1;0;0;0;0;0;0;0;1;1;0;0;0
"30/05/2019";"11:30:00";"49";"sem vítima";"64.5";"BR-116/SC";"Sul";"Colisão Traseira";0;0;2;0;0;0;0;0;0;0;2;0;0;0;0
"30/05/2019";"03:20:00";"72";"com vítima";"143.15";"BR-116/SC";"Sul";"Colisão Transversal";2;0;0;0;0;0;0;0;0;0;3;1;0;0;0
"30/05/2019";"06:00:00";"89";"sem vítima";"135";"BR-116/PR";"Sul";"Colisão Transversal";0;0;1;0;0;0;0;0;0;1;2;0;0;0;0
"31/05/2019";"08:01:00";"31";"com vítima";"117";"BR-116/PR";"Norte";"Colisão Lateral";1;0;0;1;0;0;0;0;0;0;1;1;0;0;0
"31/05/2019";"11:59:00";"62";"sem vítima";"245";"BR-116/SC";"Sul";"Colisão Lateral";1;0;0;0;0;0;0;0;0;1;2;0;0;0;0
"31/05/2019";"04:23:00";"97";"sem vítima";"152";"BR-116/SC";"Sul";"Colisão Traseira";1;0;1;0;0;0;0;0;0;0;2;0;0;0;0
"31/05/2019";"06:49:00";"118";"com vítima";"252";"BR-116/SC";"Norte";"Colisão Transversal";1;0;0;1;0;0;0;0;0;0;2;1;0;0;0
"31/05/2019";"07:17:00";"124";"com vítima";"122";"BR-116/PR";"Norte";"Colisão Traseira";1;0;0;1;0;0;0;0;0;0;1;1;0;0;0
"01/06/2019";"02:32:00";"11";"sem vítima";"142.8";"BR-116/PR";"Sul";"Colisão Traseira";1;0;0;0;0;1;0;0;0;0;6;0;0;0;0
"01/06/2019";"04:25:00";"15";"sem vítima";"126.5";"BR-116/PR";"Norte";"Colisão Transversal";1;0;0;0;0;1;0;0;0;0;3;0;0;0;0
"01/06/2019";"07:56:00";"97";"sem vítima";"192.3";"BR-116/SC";"Sul";"Saida de Pista";1;0;0;0;0;0;0;0;0;0;2;0;0;0;0
"01/06/2019";"09:24:00";"104";"sem vítima";"241";"BR-116/SC";"Norte";"Atropelamento de Animal";0;0;1;0;0;0;0;0;0;0;1;0;0;0;0
"01/06/2019";"10:43:00";"109";"sem vítima";"212";"BR-116/SC";"Norte";"Capotamento";1;0;0;0;0;0;0;0;0;0;1;0;0;0;0
"02/06/2019";"06:13:00";"32";"sem vítima";"125.95";"BR-116/PR";"Sul";"Saida de Pista";1;0;0;0;0;0;0;0;0;0;1;0;0;0;0
"02/06/2019";"01:42:00";"61";"sem vítima";"124.3";"BR-116/PR";"Norte";"Colisão Lateral";2;0;0;0;0;0;0;0;0;0;2;0;0;0;0
"02/06/2019";"03:55:00";"74";"sem vítima";"17.5";"BR-116/SC";"Norte";"Colisão Lateral";1;0;0;0;0;1;0;0;0;0;4;0;0;0;0
"02/06/2019";"07:26:00";"103";"sem vítima";"209";"BR-116/PR";"Norte";"Choque - Elemento de Drenagem";1;0;0;0;0;0;0;0;0;0;1;0;0;0;0
"02/06/2019";"09:10:00";"113";"sem vítima";"193";"BR-116/PR";"Norte";"Colisão Traseira";0;0;2;0;0;0;0;0;0;0;2;0;0;0;0
"03/06/2019";"05:53:00";"20";"sem vítima";"122.7";"BR-116/PR";"Norte";"Choque - Defensa, barreira ou "submarino"";1;0;0;0;0;0;0;0;0;0;1;0;0;0;0
"03/06/2019";"12:34:00";"57";"sem vítima";"217";"BR-116/SC";"Norte";"Choque - Veiculo parado no acostamento";1;0;1;0;0;0;0;0;0;0;2;0;0;0;0
"03/06/2019";"01:32:00";"63";"sem vítima";"205";"BR-116/SC";"Norte";"Capotamento";1;0;0;0;0;0;0;0;0;0;1;0;0;0;0
"03/06/2019";"02:50:00";"68";"com vítima";"185.5";"BR-116/SC";"Norte";"Colisão Lateral";0;0;1;1;0;0;0;0;0;0;1;0;0;1;0
"03/06/2019";"09:39:00";"120";"com vítima";"242";"BR-116/SC";"Sul";"Choque - Defensa, barreira ou "submarino"";1;0;0;0;0;0;0;0;0;0;1;2;0;0;0
"03/06/2019";"09:51:00";"122";"sem vítima";"119";"BR-116/PR";"Sul";"Queda de Moto";0;0;0;1;0;0;0;0;0;0;1;0;0;0;0
"04/06/2019";"09:44:00";"45";"com vítima";"130";"BR-116/PR";"Norte";"Queda de Moto";0;0;0;1;0;0;0;0;0;0;0;1;0;0;0
"04/06/2019";"01:56:00";"66";"sem vítima";"68";"BR-116/SC";"Sul";"Colisão Traseira";1;0;2;0;0;0;0;0;0;0;3;0;0;0;0
"04/06/2019";"03:26:00";"76";"sem vítima";"118.4";"BR-116/PR";"Sul";"Colisão Transversal";1;0;1;0;0;0;0;0;0;0;2;0;0;0;0
"04/06/2019";"04:05:00";"84";"sem vítima";"296.7";"BR-116/SC";"Sul";"Choque - Defensa, barreira ou "submarino"";1;0;0;0;0;0;0;0;0;0;1;0;0;0;0
"05/06/2019";"06:05:00";"20";"com vítima";"117.45";"BR-116/PR";"Norte";"Engavetamento";1;0;0;0;1;0;0;0;0;1;87;0;0;1;0
"05/06/2019";"08:35:00";"28";"sem vítima";"192.1";"BR-116/SC";"Norte";"Colisão Lateral";1;0;0;0;0;0;0;0;0;1;2;0;0;0;0
"05/06/2019";"08:48:00";"31";"sem vítima";"131";"BR-116/PR";"Norte";"Choque - Talude";1;0;0;0;0;0;0;0;0;0;1;0;0;0;0
"05/06/2019";"11:04:00";"52";"sem vítima";"159";"BR-116/PR";"Norte";"Colisão Traseira";2;0;0;0;0;0;0;0;0;0;2;0;0;0;0
"05/06/2019";"01:44:00";"82";"sem vítima";"130";"BR-116/PR";"Sul";"Queda de Moto";0;0;0;1;0;0;0;0;0;0;1;0;0;0;0
"06/06/2019";"03:04:00";"13";"sem vítima";"131.6";"BR-116/PR";"Sul";"Saida de Pista";1;0;0;0;0;0;0;0;0;0;1;0;0;0;0
"06/06/2019";"10:23:00";"54";"sem vítima";"247";"BR-116/SC";"Sul";"Colisão Transversal";1;0;1;0;0;0;0;0;0;0;2;0;0;0;0
"06/06/2019";"02:53:00";"94";"sem vítima";"189";"BR-116/PR";"Sul";"Colisão Transversal";1;0;1;0;0;0;0;0;0;0;2;0;0;0;0
"06/06/2019";"03:17:00";"99";"sem vítima";"134.4";"BR-116/PR";"Sul";"Choque - Defensa, barreira ou "submarino"";0;0;1;0;0;0;0;0;0;0;1;0;0;0;0
"06/06/2019";"05:48:00";"112";"sem vítima";"116";"BR-116/PR";"Sul";"Colisão Traseira";2;0;0;0;0;0;0;0;0;0;2;0;0;0;0
"06/06/2019";"08:28:00";"130";"sem vítima";"116.3";"BR-116/PR";"Norte";"Tombamento";0;0;1;0;0;0;0;0;0;0;1;0;0;0;0
"07/06/2019";"06:22:00";"23";"sem vítima";"122.15";"BR-116/PR";"Norte";"Engavetamento";4;0;0;0;0;0;0;0;0;0;4;0;0;0;0
"07/06/2019";"07:13:00";"26";"com vítima";"277.05";"BR-116/SC";"Sul";"Colisão Lateral";2;0;0;0;0;0;0;0;0;0;2;2;0;0;0
"07/06/2019";"10:36:00";"54";"sem vítima";"163";"BR-116/PR";"Norte";"Colisão Traseira";1;0;1;0;0;0;0;0;0;0;2;0;0;0;0
"07/06/2019";"10:53:00";"58";"sem vítima";"185.6";"BR-116/PR";"Sul";"Colisão Traseira";1;0;1;0;0;0;0;0;0;0;2;0;0;0;0
"07/06/2019";"01:17:00";"75";"com vítima";"139.85";"BR-116/SC";"Norte";"Colisão Transversal";1;0;0;0;0;0;0;0;0;1;3;1;0;0;0
"07/06/2019";"03:49:00";"92";"com vítima";"154.05";"BR-116/SC";"Sul";"Tombamento";0;0;1;0;0;0;0;0;0;0;1;1;0;0;0
"07/06/2019";"04:20:00";"96";"com vítima";"3.9";"BR-116/SC";"Norte";"Colisão Lateral";2;0;1;0;0;0;0;0;0;0;2;1;0;0;0
"08/06/2019";"06:30:00";"23";"sem vítima";"126.2";"BR-116/PR";"Norte";"Colisão Transversal";0;0;0;1;0;1;0;0;0;0;2;0;0;0;0
"08/06/2019";"11:26:00";"140";"sem vítima";"124";"BR-116/PR";"Sul";"Choque - Defensa, barreira ou "submarino"";1;0;0;0;0;0;0;0;0;0;1;0;0;0;0
"09/06/2019";"04:42:00";"16";"com vítima";"212.2";"BR-116/SC";"Norte";"Capotamento";1;0;0;0;0;0;0;0;0;0;0;1;0;0;0
"09/06/2019";"06:15:00";"24";"sem vítima";"216.9";"BR-116/SC";"Norte";"Choque - Defensa, barreira ou "submarino"";1;0;0;0;0;0;0;0;0;0;3;0;0;0;0
"09/06/2019";"06:18:00";"25";"sem vítima";"107.8";"BR-116/SC";"Sul";"Saida de Pista";0;0;0;0;0;0;0;0;0;1;1;0;0;0;0
"09/06/2019";"09:20:00";"40";"sem vítima";"118.9";"BR-116/PR";"Sul";"Choque - Defensa, barreira ou "submarino"";1;0;0;0;0;0;0;0;0;0;1;0;0;0;0
"09/06/2019";"10:05:00";"45";"sem vítima";"53.35";"BR-116/SC";"Sul";"Choque - Talude";0;0;1;0;0;0;0;0;0;0;1;0;0;0;0
"09/06/2019";"03:50:00";"71";"com vítima";"146.893";"BR-116/PR";"Norte";"Capotamento";1;0;0;0;0;0;0;0;0;0;0;1;0;0;0
"09/06/2019";"06:50:00";"97";"com vítima";"152.5";"BR-116/PR";"Norte";"Colisão Traseira";2;0;0;0;0;0;0;0;0;0;1;1;0;0;0
"09/06/2019";"08:30:00";"105";"com vítima";"126.5";"BR-116/PR";"Norte";"Colisão Lateral";1;0;0;1;0;0;0;0;0;0;1;1;0;1;0
"10/06/2019";"03:19:00";"17";"sem vítima";"127.8";"BR-116/PR";"Sul";"Choque - Defensa, barreira ou "submarino"";1;0;0;0;0;0;0;0;0;0;3;0;0;0;0
"10/06/2019";"06:40:00";"26";"sem vítima";"117.853";"BR-116/PR";"Norte";"Colisão Traseira";2;0;0;0;0;0;0;0;0;0;2;0;0;0;0
"10/06/2019";"08:39:00";"39";"com vítima";"150.3";"BR-116/PR";"Norte";"Colisão Frontal";1;0;0;0;0;0;0;0;0;1;1;1;0;0;0
"10/06/2019";"01:48:00";"79";"sem vítima";"22";"BR-116/SC";"Norte";"Colisão Traseira";0;0;0;0;0;0;0;0;0;2;3;0;0;0;0
"10/06/2019";"06:55:00";"118";"sem vítima";"114";"BR-116/SC";"Sul";"Colisão Traseira";0;0;1;0;0;0;0;0;0;1;2;0;0;0;0
"10/06/2019";"10:34:00";"137";"com vítima";"209";"BR-116/PR";"Sul";"Colisão Lateral";1;0;0;1;0;0;0;0;0;0;2;1;0;0;0
"11/06/2019";"11:28:00";"51";"sem vítima";"233";"BR-116/SC";"Sul";"Colisão Lateral";1;0;1;0;0;0;0;0;0;0;2;0;0;0;0
"11/06/2019";"03:14:00";"73";"sem vítima";"8.8";"BR-116/SC";"Sul";"Colisão Lateral";0;0;1;0;0;0;0;0;0;1;2;0;0;0;0
"11/06/2019";"11:34:00";"117";"com vítima";"125.6";"BR-116/PR";"Sul";"Choque - Defensa, barreira ou "submarino"";1;0;0;0;0;0;0;0;0;0;0;1;0;0;0
"12/06/2019";"02:49:00";"17";"com vítima";"126";"BR-116/PR";"Norte";"Saida de Pista";1;0;0;0;0;0;0;0;0;0;2;1;0;0;0
"12/06/2019";"07:07:00";"22";"com vítima";"126";"BR-116/PR";"Sul";"Colisão Transversal";1;0;1;0;0;0;0;0;0;0;1;3;0;0;0
"13/06/2019";"06:44:00";"20";"com vítima";"113.946";"BR-116/SC";"Sul";"Engavetamento";0;0;3;0;0;0;0;0;0;0;1;2;0;2;1
"13/06/2019";"11:33:00";"47";"sem vítima";"204";"BR-116/PR";"Sul";"Choque - Veiculo parado na pista";2;0;0;0;0;0;0;0;0;0;2;0;0;0;0
"14/06/2019";"05:51:00";"18";"com vítima";"183.15";"BR-116/SC";"Norte";"Colisão Frontal";1;0;1;0;0;0;0;0;0;0;1;2;0;0;0
"14/06/2019";"07:51:00";"24";"sem vítima";"152.4";"BR-116/PR";"Sul";"Colisão Transversal";1;0;1;0;0;0;0;0;0;0;2;0;0;0;0
"14/06/2019";"01:18:00";"54";"com vítima";"36";"BR-116/SC";"Sul";"Choque - Talude";0;0;0;1;0;0;0;0;0;0;0;1;0;0;0
"14/06/2019";"04:11:00";"69";"sem vítima";"108.2";"BR-116/SC";"Norte";"Choque - Elemento de Drenagem";0;0;0;0;0;0;0;0;0;1;1;0;0;0;0
"15/06/2019";"02:24:00";"64";"sem vítima";"135.08";"BR-116/PR";"Sul";"Saida de Pista";1;0;0;0;0;0;0;0;0;0;1;0;0;0;0
"15/06/2019";"07:23:00";"87";"com vítima";"116";"BR-116/PR";"Sul";"Colisão Traseira";1;0;0;1;0;0;0;0;0;0;1;1;0;0;0
"16/06/2019";"01:39:00";"13";"sem vítima";"204.3";"BR-116/PR";"Norte";"Saida de Pista";1;0;0;0;0;0;0;0;0;0;3;0;0;0;0