data;horario;n_da_ocorrencia;tipo_de_ocorrencia;km;trecho;sentido;tipo_de_acidente;automovel;bicicleta;caminhao;moto;onibus;outros;tracao_animal;transporte_de_cargas_especiais;trator_maquinas;utilitarios;ilesos;levemente_feridos;moderadamente_feridos;gravemente_feridos;mortos
"17/02/2020";"12:02:00";"53";"sem vítima";"245";"BR-116/SC";"Norte";"Colisão Transversal";1;0;0;0;0;0;0;0;0;1;6;0;0;0;0
"17/02/2020";"04:33:00";"81";"sem vítima";"12";"BR-116/SC";"Sul";"Colisão Transversal";0;0;2;0;0;0;0;0;0;0;2;0;0;0;0
"17/02/2020";"10:19:00";"106";"com vítima";"134.2";"BR-116/PR";"Sul";"Outros";0;1;0;0;0;0;0;0;0;0;1;1;0;0;0
"18/02/2020";"02:40:00";"84";"com vítima";"119.95";"BR-116/PR";"Norte";"Queda de Moto";0;0;0;1;0;0;0;0;0;0;0;2;0;0;0
"19/02/2020";"09:27:00";"45";"sem vítima";"13.3";"BR-116/SC";"Sul";"Colisão Lateral";1;0;1;0;0;0;0;0;0;0;2;0;0;0;0
"19/02/2020";"02:24:00";"82";"com vítima";"149.685";"BR-116/PR";"Sul";"Capotamento";0;0;0;0;0;0;0;0;0;1;0;1;0;0;0
"19/02/2020";"09:56:00";"136";"sem vítima";"54";"BR-116/SC";"Norte";"Colisão Traseira";1;0;0;0;0;1;0;0;0;0;2;0;0;0;0
"20/02/2020";"02:19:00";"88";"sem vítima";"218";"BR-116/SC";"Sul";"Colisão Traseira";1;0;0;0;0;0;0;0;0;1;2;0;0;0;0
"20/02/2020";"02:52:00";"91";"com vítima";"218.2";"BR-116/SC";"Sul";"Colisão Transversal";2;0;0;0;0;0;0;0;0;0;1;2;0;0;0
"20/02/2020";"06:29:00";"112";"com vítima";"246.1";"BR-116/SC";"Sul";"Colisão Transversal";0;0;0;1;0;0;0;0;0;1;1;1;0;0;0
"20/02/2020";"06:42:00";"116";"sem vítima";"245.7";"BR-116/SC";"Sul";"Colisão Traseira";2;0;0;0;0;0;0;0;0;0;3;0;0;0;0
"20/02/2020";"11:42:00";"136";"com vítima";"3.9";"BR-116/SC";"Norte";"Choque - Poste";1;0;0;0;0;0;0;0;0;0;0;1;0;0;0
"21/02/2020";"11:17:00";"47";"sem vítima";"153";"BR-116/PR";"Norte";"Choque - Veiculo parado na pista";1;0;1;0;0;0;0;0;0;0;2;0;0;0;0
"21/02/2020";"02:29:00";"70";"sem vítima";"139";"BR-116/SC";"Norte";"Colisão Traseira";2;0;0;0;0;0;0;0;0;0;2;0;0;0;0
"21/02/2020";"04:39:00";"95";"com vítima";"116.8";"BR-116/PR";"Sul";"Colisão Lateral";1;0;0;1;0;0;0;0;0;0;1;0;0;1;0
"21/02/2020";"04:57:00";"96";"sem vítima";"146.5";"BR-116/PR";"Norte";"Choque - Talude";1;0;0;0;0;0;0;0;0;0;1;0;0;0;0
"21/02/2020";"09:40:00";"123";"sem vítima";"152";"BR-116/PR";"Norte";"Colisão Transversal";2;0;0;0;0;0;0;0;0;0;2;0;0;0;0
"22/02/2020";"05:16:00";"23";"com vítima";"1.7";"BR-116/SC";"Sul";"Colisão Lateral";0;0;0;1;0;1;0;0;0;0;1;1;0;0;0
"22/02/2020";"02:20:00";"53";"sem vítima";"267";"BR-116/SC";"Norte";"Choque - Outros";1;0;0;0;0;0;0;0;0;0;1;0;0;0;0
"22/02/2020";"09:33:00";"82";"sem vítima";"202";"BR-116/SC";"Sul";"Colisão Lateral";1;0;1;0;0;0;0;0;0;0;2;0;0;0;0
"23/02/2020";"12:25:00";"5";"com vítima";"121";"BR-116/PR";"Norte";"Colisão Lateral";3;0;0;0;0;0;0;0;0;0;1;4;0;0;0
"23/02/2020";"03:09:00";"14";"sem vítima";"117";"BR-116/PR";"Norte";"Choque - Poste";1;0;0;0;0;0;0;0;0;0;1;0;0;0;0
"23/02/2020";"03:57:00";"57";"sem vítima";"225";"BR-116/SC";"Norte";"Saida de Pista";1;0;0;0;0;0;0;0;0;0;1;0;0;0;0
"23/02/2020";"11:03:00";"92";"sem vítima";"124";"BR-116/PR";"Sul";"Choque - Defensa, barreira ou "submarino"";1;0;0;0;0;0;0;0;0;0;1;0;0;0;0
"24/02/2020";"01:46:00";"45";"com vítima";"131.8";"BR-116/PR";"Norte";"Colisão Lateral";0;0;1;1;0;0;0;0;0;0;1;1;0;0;0
"25/02/2020";"10:45:00";"41";"sem vítima";"116.7";"BR-116/PR";"Norte";"Choque - Elemento de Drenagem";1;0;0;0;0;0;0;0;0;0;1;0;0;0;0
"25/02/2020";"02:43:00";"57";"sem vítima";"191";"BR-116/PR";"Sul";"Colisão Traseira";1;0;0;0;0;0;0;0;0;1;2;0;0;0;0
"25/02/2020";"04:40:00";"67";"sem vítima";"5.5";"BR-116/SC";"Norte";"Colisão Transversal";1;0;0;0;0;0;0;0;0;1;2;0;0;0;0
"25/02/2020";"06:08:00";"70";"com vítima";"126";"BR-116/PR";"Norte";"Colisão Traseira";2;0;0;0;0;0;0;0;0;0;3;1;0;0;0
"25/02/2020";"09:46:00";"82";"sem vítima";"126.1";"BR-116/PR";"Sul";"Objeto lançado contra veículo";1;0;1;0;0;0;0;0;0;0;2;0;0;0;0
"27/02/2020";"06:56:00";"13";"sem vítima";"124.8";"BR-116/PR";"Norte";"Colisão Traseira";2;0;0;0;0;1;0;0;0;0;4;0;0;0;0
"27/02/2020";"08:00:00";"18";"com vítima";"125.2";"BR-116/PR";"Sul";"Choque - Defensa, barreira ou "submarino"";0;0;0;1;0;1;0;0;0;0;1;1;0;0;0
"27/02/2020";"02:42:00";"51";"com vítima";"156.7";"BR-116/SC";"Norte";"Tombamento";0;0;1;0;0;0;0;0;0;0;0;0;0;1;0
"28/02/2020";"03:43:00";"5";"sem vítima";"127.9";"BR-116/PR";"Norte";"Colisão Lateral";1;0;1;0;0;0;0;0;0;0;2;0;0;0;0
"28/02/2020";"06:13:00";"100";"sem vítima";"209";"BR-116/PR";"Norte";"Colisão Transversal";1;0;0;1;0;0;0;0;0;0;2;0;0;0;0
"28/02/2020";"06:23:00";"101";"com vítima";"118";"BR-116/PR";"Sul";"Colisão Lateral";1;0;0;1;0;0;0;0;0;0;1;1;0;0;0
"28/02/2020";"07:53:00";"111";"sem vítima";"115.5";"BR-116/PR";"Sul";"Engavetamento";2;0;0;0;0;1;0;0;0;0;3;0;0;0;0
"28/02/2020";"08:59:00";"115";"sem vítima";"126";"BR-116/PR";"Norte";"Choque - Veiculo parado na pista";1;0;1;0;0;0;0;0;0;0;2;0;0;0;0
"28/02/2020";"11:41:00";"125";"com vítima";"154.65";"BR-116/PR";"Sul";"Colisão Lateral";0;0;1;1;0;0;0;0;0;1;2;1;0;0;0
"29/02/2020";"10:50:00";"53";"com vítima";"98.8";"BR-116/SC";"Sul";"Colisão Transversal";0;0;1;1;0;0;0;0;0;0;1;0;0;1;0
"29/02/2020";"02:14:00";"70";"sem vítima";"122.7";"BR-116/PR";"Sul";"Queda de Moto";0;0;0;1;0;0;0;0;0;0;2;0;0;0;0
"29/02/2020";"03:55:00";"79";"sem vítima";"41";"BR-116/SC";"Sul";"Saida de Pista";0;0;0;0;0;0;0;0;0;1;1;0;0;0;0
"29/02/2020";"08:34:00";"100";"sem vítima";"206";"BR-116/SC";"Norte";"Colisão Transversal";0;0;1;0;0;1;0;0;0;0;2;0;0;0;0
"29/02/2020";"09:32:00";"102";"sem vítima";"264.6";"BR-116/SC";"Norte";"Choque - Defensa, barreira ou "submarino"";0;0;0;0;0;0;0;0;0;1;1;0;0;0;0
"01/03/2020";"12:56:00";"5";"sem vítima";"148.1";"BR-116/PR";"Norte";"Capotamento";1;0;0;0;0;0;0;0;0;0;1;0;0;0;0
"01/03/2020";"02:19:00";"11";"com vítima";"211";"BR-116/SC";"Norte";"Choque - Suporte de Sinalização";0;0;0;1;0;0;0;0;0;0;0;1;0;0;0
"01/03/2020";"08:12:00";"23";"com vítima";"132";"BR-116/PR";"Norte";"Queda de Moto";0;0;0;1;0;0;0;0;0;0;0;1;0;0;0
"01/03/2020";"02:24:00";"55";"com vítima";"116.5";"BR-116/PR";"Norte";"Queda de Moto";0;0;0;1;0;1;0;0;0;0;1;1;0;0;0
"01/03/2020";"03:15:00";"58";"com vítima";"128";"BR-116/PR";"Norte";"Queda de Moto";0;0;0;1;0;0;0;0;0;0;0;1;0;0;0
"02/03/2020";"03:27:00";"8";"com vítima";"187";"BR-116/SC";"Norte";"Choque - Arvore";1;0;0;0;0;0;0;0;0;0;0;1;0;0;0
"02/03/2020";"07:55:00";"20";"sem vítima";"120.5";"BR-116/PR";"Norte";"Colisão Traseira";2;0;0;0;0;0;0;0;0;0;2;0;0;0;0
"02/03/2020";"05:36:00";"85";"sem vítima";"126.3";"BR-116/PR";"Norte";"Engavetamento";2;0;0;0;0;1;0;0;0;0;3;0;0;0;0
"02/03/2020";"06:19:00";"88";"com vítima";"124.3";"BR-116/PR";"Sul";"Colisão Traseira";1;0;0;1;0;0;0;0;0;0;1;1;1;0;0
"02/03/2020";"07:03:00";"91";"com vítima";"121";"BR-116/PR";"Sul";"Colisão Lateral";0;0;0;1;0;1;0;0;0;0;2;1;0;0;0
"03/03/2020";"04:46:00";"12";"sem vítima";"117.025";"BR-116/PR";"Sul";"Capotamento";0;0;0;0;0;0;0;0;0;1;1;0;0;0;0
"03/03/2020";"07:48:00";"21";"sem vítima";"218.5";"BR-116/SC";"Sul";"Atropelamento de Animal";1;0;0;0;0;0;0;0;0;0;1;0;0;0;0
"04/03/2020";"08:07:00";"24";"com vítima";"156.6";"BR-116/SC";"Norte";"Tombamento";0;0;1;0;0;0;0;0;0;0;0;1;0;0;0
"05/03/2020";"07:11:00";"21";"com vítima";"128";"BR-116/PR";"Norte";"Queda de Moto";0;0;0;1;0;0;0;0;0;0;0;1;0;0;0
"05/03/2020";"07:20:00";"96";"sem vítima";"125.42";"BR-116/PR";"Sul";"Choque - Veiculo parado na pista";1;0;0;1;0;0;0;0;0;0;2;0;0;0;0
"06/03/2020";"01:49:00";"59";"sem vítima";"183";"BR-116/SC";"Sul";"Colisão Lateral";2;0;0;0;0;0;0;0;0;0;3;0;0;0;0
"06/03/2020";"03:18:00";"65";"com vítima";"116.4";"BR-116/PR";"Sul";"Colisão Traseira";0;0;0;1;0;0;0;0;0;1;1;1;0;0;0
"06/03/2020";"03:55:00";"71";"sem vítima";"132";"BR-116/PR";"Norte";"Saida de Pista";0;0;0;0;0;0;0;0;0;1;1;0;0;0;0
"07/03/2020";"07:20:00";"75";"sem vítima";"126";"BR-116/PR";"Sul";"Choque - Veiculo parado na pista";1;0;0;1;0;0;0;0;0;0;2;0;0;0;0
"07/03/2020";"07:26:00";"76";"com vítima";"132.5";"BR-116/SC";"Norte";"Colisão Frontal";1;0;1;0;0;0;0;0;0;0;1;1;0;0;0
"08/03/2020";"06:32:00";"13";"sem vítima";"117";"BR-116/PR";"Norte";"Choque - Poste";1;0;0;0;0;0;0;0;0;0;1;0;0;0;0
"08/03/2020";"04:51:00";"63";"sem vítima";"119.6";"BR-116/PR";"Norte";"Colisão Traseira";1;0;0;0;0;0;0;0;0;1;2;0;0;0;0
"08/03/2020";"05:21:00";"68";"com vítima";"8.4";"BR-116/SC";"Norte";"Colisão Frontal";1;0;2;0;0;0;0;0;0;0;2;0;0;1;1
"08/03/2020";"05:25:00";"71";"com vítima";"22.1";"BR-116/SC";"Sul";"Colisão Frontal";1;0;1;0;0;0;0;0;0;0;0;1;0;0;1
"08/03/2020";"11:24:00";"99";"sem vítima";"115";"BR-116/PR";"Sul";"Colisão Lateral";0;0;1;0;0;1;0;0;0;0;2;0;0;0;0
"09/03/2020";"06:30:00";"14";"com vítima";"125";"BR-116/PR";"Norte";"Colisão Lateral";1;0;0;1;0;0;0;0;0;0;1;1;0;0;0
"09/03/2020";"12:51:00";"54";"sem vítima";"130.5";"BR-116/PR";"Sul";"Colisão Traseira";1;0;0;0;0;1;0;0;0;0;2;0;0;0;0
"09/03/2020";"10:40:00";"106";"sem vítima";"126";"BR-116/PR";"Sul";"Colisão Traseira";2;0;0;0;0;0;0;0;0;0;2;0;0;0;0
"10/03/2020";"06:11:00";"72";"sem vítima";"65";"BR-116/SC";"Norte";"Colisão Traseira";0;0;0;0;0;0;0;0;0;2;2;0;0;0;0
"10/03/2020";"08:05:00";"81";"sem vítima";"96.2";"BR-116/SC";"Sul";"Colisão Lateral";1;0;1;0;0;0;0;0;0;0;2;0;0;0;0
"11/03/2020";"06:31:00";"88";"sem vítima";"118.9";"BR-116/PR";"Sul";"Colisão Traseira";1;0;0;0;0;1;0;0;0;0;2;0;0;0;0
"11/03/2020";"09:01:00";"96";"com vítima";"122";"BR-116/PR";"Sul";"Queda de Moto";0;0;0;1;0;0;0;0;0;0;0;1;0;0;0
"12/03/2020";"03:17:00";"3";"sem vítima";"146";"BR-116/PR";"Norte";"Choque - Defensa, barreira ou "submarino"";1;0;0;0;0;0;0;0;0;0;1;0;0;0;0
"12/03/2020";"04:44:00";"71";"sem vítima";"12.3";"BR-116/SC";"Sul";"Colisão Transversal";1;0;0;0;0;1;0;0;0;0;2;0;0;0;0
"12/03/2020";"06:00:00";"80";"sem vítima";"179";"BR-116/PR";"Sul";"Colisão Lateral";0;0;2;0;0;0;0;0;0;0;2;0;0;0;0
"13/03/2020";"02:04:00";"69";"sem vítima";"5.5";"BR-116/SC";"Sul";"Colisão Transversal";2;0;0;0;0;0;0;0;0;0;2;0;0;0;0
"13/03/2020";"05:27:00";"91";"sem vítima";"117.5";"BR-116/PR";"Sul";"Colisão Traseira";2;0;0;0;0;0;0;0;0;0;2;0;0;0;0
"13/03/2020";"08:05:00";"111";"com vítima";"154.05";"BR-116/PR";"Sul";"Atropelamento - Andarilho";0;0;0;0;0;1;0;0;0;0;1;1;0;0;0
"14/03/2020";"09:33:00";"31";"com vítima";"260.2";"BR-116/SC";"Norte";"Atropelamento - Usuário";0;0;1;0;0;0;0;0;0;0;0;0;1;0;1
"14/03/2020";"05:20:00";"79";"sem vítima";"183.55";"BR-116/PR";"Norte";"Outros - Sequência";0;0;1;0;0;0;0;0;0;0;1;0;0;0;0
"14/03/2020";"07:22:00";"93";"sem vítima";"245.6";"BR-116/SC";"Sul";"Colisão Transversal";0;0;0;0;0;0;0;0;0;2;2;0;0;0;0
"14/03/2020";"09:20:00";"102";"com vítima";"128";"BR-116/PR";"Norte";"Colisão Transversal";2;0;0;0;0;0;0;0;0;0;3;1;0;0;0
"14/03/2020";"11:45:00";"110";"com vítima";"127.2";"BR-116/PR";"Sul";"Colisão Lateral";1;0;1;0;0;0;0;0;0;0;1;1;0;0;0
"15/03/2020";"04:37:00";"10";"com vítima";"120";"BR-116/PR";"Sul";"Queda de Moto";0;0;0;1;0;0;0;0;0;0;0;0;0;1;0
"15/03/2020";"05:45:00";"11";"com vítima";"169.1";"BR-116/SC";"Sul";"Choque - Arvore";1;0;0;0;0;0;0;0;0;0;0;2;0;0;0
"15/03/2020";"08:21:00";"20";"sem vítima";"12.3";"BR-116/SC";"Norte";"Tombamento";0;0;1;0;0;0;0;0;0;0;1;0;0;0;0
"15/03/2020";"10:39:00";"34";"sem vítima";"127.4";"BR-116/PR";"Sul";"Colisão Lateral";1;0;1;0;0;0;0;0;0;0;3;0;0;0;0
"15/03/2020";"10:49:00";"36";"sem vítima";"166";"BR-116/PR";"Norte";"Colisão Transversal";1;0;0;0;0;0;0;0;0;1;2;0;0;0;0
"15/03/2020";"08:22:00";"87";"sem vítima";"226.6";"BR-116/SC";"Norte";"Atropelamento de Animal";1;0;0;0;0;0;0;0;0;0;2;0;0;0;0
"15/03/2020";"10:29:00";"96";"sem vítima";"250.8";"BR-116/SC";"Norte";"Colisão Traseira";2;0;0;0;0;0;0;0;0;0;5;0;0;0;0
"15/03/2020";"11:10:00";"98";"sem vítima";"148";"BR-116/PR";"Norte";"Colisão Traseira";0;0;2;0;0;0;0;0;0;0;2;0;0;0;0
"15/03/2020";"11:20:00";"99";"com vítima";"120.5";"BR-116/PR";"Sul";"Choque - Defensa, barreira ou "submarino"";1;0;0;0;0;0;0;0;0;0;0;1;0;0;0
"16/03/2020";"06:37:00";"14";"com vítima";"132.2";"BR-116/SC";"Norte";"Capotamento";1;0;0;0;0;0;0;0;0;0;0;3;0;2;0
"16/03/2020";"07:18:00";"16";"sem vítima";"117";"BR-116/PR";"Norte";"Colisão Traseira";2;0;0;0;1;0;0;0;0;0;73;0;0;0;0
"16/03/2020";"08:42:00";"26";"com vítima";"124.2";"BR-116/PR";"Sul";"Choque - Defensa, barreira ou "submarino"";1;0;0;0;0;0;0;0;0;0;0;1;0;0;0
"17/03/2020";"07:56:00";"14";"com vítima";"126";"BR-116/PR";"Norte";"Queda de Moto";0;0;0;1;0;1;0;0;0;0;1;2;0;0;0
"18/03/2020";"01:38:00";"37";"sem vítima";"199";"BR-116/PR";"Sul";"Choque - Defensa, barreira ou "submarino"";1;0;0;0;0;0;0;0;0;0;1;0;0;0;0
"18/03/2020";"03:19:00";"41";"sem vítima";"121.5";"BR-116/PR";"Sul";"Queda de Moto";0;0;0;1;0;0;0;0;0;0;1;0;0;0;0
"18/03/2020";"03:49:00";"44";"sem vítima";"119";"BR-116/PR";"Sul";"Colisão Traseira";0;0;1;1;0;0;0;0;0;0;2;0;0;0;0
"19/03/2020";"05:06:00";"11";"sem vítima";"3.005";"BR-116/SC";"Sul";"Choque - Defensa, barreira ou "submarino"";1;0;0;0;0;0;0;0;0;0;1;0;0;0;0
"19/03/2020";"06:51:00";"15";"sem vítima";"124.2";"BR-116/PR";"Norte";"Colisão Lateral";1;0;0;1;0;0;0;0;0;0;2;0;0;0;0
"19/03/2020";"02:16:00";"65";"sem vítima";"299.5";"BR-116/SC";"Sul";"Colisão Lateral";0;0;1;0;0;1;0;0;0;1;3;0;0;0;0
"20/03/2020";"12:22:00";"56";"sem vítima";"254.6";"BR-116/SC";"Sul";"Colisão Traseira";0;0;1;0;0;0;0;0;0;1;2;0;0;0;0
"20/03/2020";"02:21:00";"66";"sem vítima";"4.5";"BR-116/SC";"Sul";"Tombamento";0;0;1;0;0;0;0;0;0;0;1;0;0;0;0
"20/03/2020";"03:34:00";"71";"sem vítima";"94";"BR-116/SC";"Sul";"Colisão Lateral";0;0;2;0;0;0;0;0;0;0;2;0;0;0;0
"21/03/2020";"07:22:00";"57";"sem vítima";"130.1";"BR-116/PR";"Sul";"Capotamento";1;0;0;0;0;0;0;0;0;0;1;0;0;0;0
"21/03/2020";"11:13:00";"69";"com vítima";"158";"BR-116/PR";"Sul";"Queda de Moto";1;0;0;0;0;0;0;0;0;0;0;1;0;0;0
"22/03/2020";"07:47:00";"9";"com vítima";"160";"BR-116/PR";"Norte";"Saida de Pista";0;0;0;1;0;0;0;0;0;0;1;1;0;0;0
"22/03/2020";"03:47:00";"30";"sem vítima";"126";"BR-116/PR";"Sul";"Engavetamento";3;0;0;0;0;0;0;0;0;1;4;0;0;0;0
"22/03/2020";"05:25:00";"43";"com vítima";"107.7";"BR-116/SC";"Norte";"Tombamento";0;0;1;0;0;0;0;0;0;0;0;0;0;0;1
"23/03/2020";"05:03:00";"4";"sem vítima";"244.9";"BR-116/SC";"Norte";"Choque - Defensa, barreira ou "submarino"";0;0;1;0;0;0;0;0;0;0;1;0;0;0;0
"23/03/2020";"06:45:00";"66";"com vítima";"122.7";"BR-116/PR";"Sul";"Colisão Traseira";1;0;0;1;0;0;0;0;0;0;1;1;0;0;0
"24/03/2020";"06:40:00";"72";"com vítima";"247.8";"BR-116/SC";"Sul";"Colisão Transversal";2;0;0;0;0;0;0;0;0;0;1;1;0;0;0
"25/03/2020";"03:55:00";"38";"sem vítima";"308.7";"BR-116/SC";"Norte";"Outros";0;0;1;0;0;0;0;0;0;0;1;0;0;0;0
"27/03/2020";"07:51:00";"14";"com vítima";"129.4";"BR-116/PR";"Norte";"Capotamento";1;0;0;0;1;0;0;0;0;0;17;1;0;0;0
"27/03/2020";"10:59:00";"34";"com vítima";"184.4";"BR-116/SC";"Norte";"Tombamento";0;0;1;0;0;0;0;0;0;0;0;1;0;0;0
"28/03/2020";"05:17:00";"7";"sem vítima";"235.7";"BR-116/SC";"Norte";"Choque - Talude";1;0;0;0;0;0;0;0;0;0;3;0;0;0;0
"28/03/2020";"12:04:00";"34";"com vítima";"140.5";"BR-116/SC";"Sul";"Colisão Transversal";1;0;1;0;0;0;0;0;0;1;2;0;0;1;0
"28/03/2020";"06:36:00";"62";"sem vítima";"118";"BR-116/PR";"Sul";"Capotamento";1;0;0;0;0;0;0;0;0;0;1;0;0;0;0
"29/03/2020";"12:12:00";"25";"com vítima";"177.4";"BR-116/PR";"Sul";"Choque - Arvore";1;0;0;0;0;0;0;0;0;0;0;1;0;0;0
"29/03/2020";"05:56:00";"45";"sem vítima";"205.35";"BR-116/SC";"Sul";"Capotamento";1;0;0;0;0;0;0;0;0;0;1;0;0;0;0
"31/03/2020";"01:29:00";"1";"sem vítima";"0";"BR-116/SC";"Norte";"Colisão Traseira";0;0;2;0;0;0;0;0;0;0;2;0;0;0;0
"31/03/2020";"02:22:00";"42";"sem vítima";"310.3";"BR-116/SC";"Norte";"Outros";0;0;1;0;0;1;0;0;0;0;2;0;0;0;0
"01/04/2020";"01:38:00";"42";"3 - Aciden";"126.2";"BR-116/PR";"Sul";"Colisão Traseira";1;0;1;0;0;0;0;0;0;0;2;0;0;0;0
"01/04/2020";"04:56:00";"61";"1 - Aciden";"107.7";"BR-116/SC";"Norte";"Queda de Moto";0;0;1;1;0;0;0;0;0;0;1;0;0;0;1
"02/04/2020";"01:28:00";"6";"2 - Aciden";"0.5";"BR-116/SC";"Sul";"Queda de Moto";0;0;0;1;0;0;0;0;0;0;0;1;0;0;0
"04/04/2020";"01:05:00";"2";"2 - Aciden";"117.5";"BR-116/SC";"Norte";"Tombamento";0;0;1;0;0;0;0;0;0;0;0;1;0;0;0
"04/04/2020";"12:21:00";"36";"2 - Aciden";"121.5";"BR-116/PR";"Sul";"Choque - Defensa, barreira ou "submarino"";0;0;0;1;0;0;0;0;0;0;0;1;0;0;0
"04/04/2020";"12:32:00";"37";"2 - Aciden";"120";"BR-116/PR";"Sul";"Colisão Traseira";2;0;0;0;0;0;0;0;0;0;1;1;0;0;0
"04/04/2020";"02:34:00";"47";"2 - Aciden";"118.9";"BR-116/PR";"Sul";"Queda de Moto";0;0;0;1;0;0;0;0;0;0;0;1;0;0;0
"04/04/2020";"05:27:00";"54";"2 - Aciden";"220";"BR-116/SC";"Norte";"Colisão Transversal";1;0;0;1;0;0;0;0;0;0;1;2;0;0;0
"05/04/2020";"02:13:00";"2";"3 - Aciden";"105";"BR-116/SC";"Norte";"Colisão Frontal";1;0;2;0;0;0;0;0;0;0;3;0;0;0;0
"05/04/2020";"02:25:00";"31";"3 - Aciden";"32";"BR-116/SC";"Norte";"Choque - Suporte de Sinalização";0;0;1;0;0;0;0;0;0;0;1;0;0;0;0
"06/04/2020";"01:09:00";"3";"3 - Aciden";"125.8";"BR-116/PR";"Norte";"Colisão Traseira";1;0;1;0;0;0;0;0;0;0;3;0;0;0;0
"06/04/2020";"03:47:00";"60";"2 - Aciden";"69";"BR-116/SC";"Sul";"Colisão Traseira";3;0;0;0;0;0;0;0;0;0;1;1;0;5;0
"06/04/2020";"05:06:00";"71";"3 - Aciden";"121.5";"BR-116/PR";"Sul";"Tombamento";0;0;1;0;0;0;0;0;0;0;1;0;0;0;0
"07/04/2020";"10:27:00";"40";"2 - Aciden";"137";"BR-116/PR";"Norte";"Choque - Defensa, barreira ou "submarino"";1;0;0;0;0;0;0;0;0;0;1;1;0;0;0
"07/04/2020";"10:41:00";"43";"1 - Aciden";"273.1";"BR-116/SC";"Norte";"Colisão Transversal";1;0;1;0;0;0;0;0;0;0;1;0;0;2;3
"07/04/2020";"09:52:00";"90";"3 - Aciden";"222.5";"BR-116/SC";"Sul";"Atropelamento de Animal";1;0;0;0;0;0;0;0;0;0;1;0;0;0;0
"08/04/2020";"07:16:00";"9";"2 - Aciden";"179.8";"BR-116/PR";"Sul";"Colisão Frontal";0;0;2;0;0;0;0;0;0;0;0;0;0;2;0
"08/04/2020";"06:41:00";"74";"3 - Aciden";"117";"BR-116/PR";"Sul";"Choque - Elemento de Drenagem";1;0;0;0;0;0;0;0;0;0;1;0;0;0;0
"08/04/2020";"08:29:00";"83";"3 - Aciden";"115";"BR-116/PR";"Sul";"Choque - Arvore";1;0;0;0;0;0;0;0;0;0;1;0;0;0;0
"09/04/2020";"08:16:00";"114";"3 - Aciden";"124";"BR-116/PR";"Sul";"Choque - Veiculo parado na pista";3;0;0;0;0;0;0;0;0;0;3;0;0;0;0
"09/04/2020";"10:25:00";"120";"2 - Aciden";"184";"BR-116/SC";"Norte";"Colisão Frontal";1;0;1;0;0;0;0;0;0;0;2;0;0;1;0
"10/04/2020";"03:43:00";"33";"3 - Aciden";"134.5";"BR-116/PR";"Sul";"Colisão Traseira";1;0;1;0;0;0;0;0;0;0;2;0;0;0;0
"10/04/2020";"04:29:00";"38";"2 - Aciden";"123.75";"BR-116/PR";"Norte";"Queda de Moto";0;0;0;1;0;0;0;0;0;0;1;1;0;0;0
"10/04/2020";"06:48:00";"49";"3 - Aciden";"141.6";"BR-116/PR";"Norte";"Colisão Traseira";2;0;0;0;0;0;0;0;0;0;3;0;0;0;0
"10/04/2020";"07:02:00";"51";"1 - Aciden";"203";"BR-116/SC";"Norte";"Atropelamento - Morador";1;0;0;0;0;1;0;0;0;0;4;0;0;0;1
"11/04/2020";"09:09:00";"21";"3 - Aciden";"179";"BR-116/PR";"Norte";"Colisão Lateral";0;0;2;0;0;0;0;0;0;0;2;0;0;0;0
"11/04/2020";"03:38:00";"37";"3 - Aciden";"306.4";"BR-116/SC";"Norte";"Colisão Traseira";0;0;1;0;0;1;0;0;0;0;2;0;0;0;0
"12/04/2020";"07:00:00";"12";"3 - Aciden";"131.7";"BR-116/PR";"Sul";"Choque - Defensa, barreira ou "submarino"";1;0;0;0;0;0;0;0;0;0;1;0;0;0;0
"12/04/2020";"03:33:00";"40";"3 - Aciden";"65";"BR-116/SC";"Norte";"Colisão Transversal";1;0;0;1;0;0;0;0;0;0;4;0;0;0;0
"12/04/2020";"05:33:00";"51";"3 - Aciden";"121.8";"BR-116/PR";"Sul";"Choque - Defensa, barreira ou "submarino"";1;0;0;0;0;0;0;0;0;0;1;0;0;0;0
"12/04/2020";"09:01:00";"74";"2 - Aciden";"117";"BR-116/PR";"Sul";"Choque - Defensa, barreira ou "submarino"";1;0;0;0;0;0;0;0;0;0;2;1;0;0;0
"12/04/2020";"10:41:00";"78";"3 - Aciden";"120.6";"BR-116/PR";"Sul";"Capotamento";1;0;0;0;0;0;0;0;0;0;1;0;0;0;0
"13/04/2020";"07:56:00";"63";"3 - Aciden";"245.6";"BR-116/SC";"Sul";"Colisão Traseira";2;0;0;0;0;0;0;0;0;0;2;0;0;0;0
"13/04/2020";"10:39:00";"74";"2 - Aciden";"24.4";"BR-116/SC";"Sul";"Colisão Transversal";1;0;1;0;0;0;0;0;0;0;0;2;0;1;0
"13/04/2020";"10:39:00";"71";"2 - Aciden";"24.4";"BR-116/SC";"Norte";"Tombamento";0;0;1;0;0;0;0;0;0;0;0;0;0;1;0
"14/04/2020";"04:29:00";"5";"3 - Aciden";"117.6";"BR-116/PR";"Sul";"Capotamento";1;0;0;0;0;0;0;0;0;0;4;0;0;0;0
"14/04/2020";"06:47:00";"7";"2 - Aciden";"2.3";"BR-116/SC";"Norte";"Atropelamento - Ciclista";0;1;1;0;0;0;0;0;0;0;1;1;0;0;0
"14/04/2020";"09:51:00";"22";"3 - Aciden";"150.5";"BR-116/PR";"Norte";"Colisão Traseira";3;0;0;0;0;0;0;0;0;0;3;0;0;0;0