data;horario;n_da_ocorrencia;tipo_de_ocorrencia;km;trecho;sentido;tipo_de_acidente;automovel;bicicleta;caminhao;moto;onibus;outros;tracao_animal;transporte_de_cargas_especiais;trator_maquinas;utilitarios;ilesos;levemente_feridos;moderadamente_feridos;gravemente_feridos;mortos
"14/04/2020";"12:22:00";"34";"2 - Aciden";"122.9";"BR-116/PR";"Sul";"Queda de Moto";0;0;0;1;0;0;0;0;0;0;0;2;0;0;0
"15/04/2020";"01:00:00";"1";"3 - Aciden";"128.5";"BR-116/SC";"Sul";"Atropelamento de Animal";0;0;1;0;0;0;0;0;0;0;1;0;0;0;0
"15/04/2020";"01:54:00";"4";"3 - Aciden";"165";"BR-116/SC";"Sul";"Atropelamento de Animal";0;0;1;0;0;0;0;0;0;0;1;0;0;0;0
"15/04/2020";"02:35:00";"46";"3 - Aciden";"238.8";"BR-116/SC";"Norte";"Tombamento";0;0;1;0;0;0;0;0;0;0;1;0;0;0;0
"16/04/2020";"01:35:00";"44";"2 - Aciden";"58";"BR-116/SC";"Sul";"Colisão Transversal";1;0;0;1;0;0;0;0;0;0;1;1;0;0;0
"16/04/2020";"02:49:00";"51";"2 - Aciden";"141.3";"BR-116/SC";"Sul";"Colisão Transversal";0;0;1;1;0;0;0;0;0;0;1;1;0;0;0
"16/04/2020";"06:26:00";"74";"3 - Aciden";"119";"BR-116/PR";"Sul";"Engavetamento";3;0;0;0;0;0;0;0;0;0;3;0;0;0;0
"16/04/2020";"06:36:00";"75";"2 - Aciden";"124";"BR-116/PR";"Sul";"Colisão Lateral";2;0;0;1;0;0;0;0;0;0;2;2;0;0;0
"17/04/2020";"01:54:00";"63";"3 - Aciden";"121";"BR-116/PR";"Sul";"Colisão Traseira";1;0;1;0;0;0;0;0;0;0;2;0;0;0;0
"17/04/2020";"01:54:00";"62";"2 - Aciden";"193";"BR-116/PR";"Sul";"Colisão Traseira";1;0;0;1;0;0;0;0;0;0;1;1;0;0;0
"17/04/2020";"07:51:00";"95";"2 - Aciden";"49.15";"BR-116/SC";"Sul";"Colisão Frontal";0;1;0;1;0;0;0;0;0;0;0;2;0;0;0
"18/04/2020";"08:20:00";"78";"3 - Aciden";"143.15";"BR-116/PR";"Sul";"Capotamento";1;0;0;0;0;0;0;0;0;0;2;0;0;0;0
"19/04/2020";"07:30:00";"48";"3 - Aciden";"107";"BR-116/SC";"Sul";"Choque - Talude";1;0;0;0;0;0;0;0;0;0;1;0;0;0;0
"19/04/2020";"08:45:00";"52";"3 - Aciden";"222.2";"BR-116/SC";"Sul";"Capotamento";1;0;0;0;0;0;0;0;0;0;1;0;0;0;0
"20/04/2020";"02:45:00";"57";"3 - Aciden";"238";"BR-116/SC";"Sul";"Choque - Veiculo parado na pista";0;0;0;0;0;0;0;0;0;2;5;0;0;0;0
"20/04/2020";"02:46:00";"58";"3 - Aciden";"139";"BR-116/PR";"Sul";"Choque - Defensa, barreira ou "submarino"";1;0;0;0;0;0;0;0;0;0;1;0;0;0;0
"20/04/2020";"03:48:00";"65";"2 - Aciden";"234.65";"BR-116/SC";"Norte";"Saida de Pista";0;0;1;0;0;0;0;0;0;0;0;1;0;0;0
"21/04/2020";"06:11:00";"11";"3 - Aciden";"141.008";"BR-116/PR";"Norte";"Choque - Elemento de Drenagem";1;0;0;0;0;0;0;0;0;0;1;0;0;0;0
"21/04/2020";"01:57:00";"52";"2 - Aciden";"119";"BR-116/PR";"Sul";"Queda de Moto";0;0;0;1;0;0;0;0;0;0;1;1;0;0;0
"21/04/2020";"05:30:00";"61";"3 - Aciden";"237.5";"BR-116/SC";"Sul";"Saida de Pista";0;0;0;0;0;0;0;0;0;1;1;0;0;0;0
"21/04/2020";"07:13:00";"68";"2 - Aciden";"125.7";"BR-116/PR";"Sul";"Engavetamento";4;0;0;0;0;0;0;0;0;0;2;3;0;0;0
"22/04/2020";"07:14:00";"80";"3 - Aciden";"121.7";"BR-116/PR";"Sul";"Colisão Traseira";2;0;0;0;0;0;0;0;0;1;3;0;0;0;0
"24/04/2020";"06:09:00";"70";"2 - Aciden";"151.325";"BR-116/PR";"Norte";"Colisão Frontal";0;0;1;1;0;0;0;0;0;0;1;0;0;1;0
"25/04/2020";"04:05:00";"12";"3 - Aciden";"49.55";"BR-116/SC";"Sul";"Choque - Talude";1;0;0;0;0;0;0;0;0;0;1;0;0;0;0
"25/04/2020";"07:53:00";"27";"2 - Aciden";"3.4";"BR-116/SC";"Sul";"Queda de Moto";0;1;0;1;0;0;0;0;0;0;1;1;0;0;0
"25/04/2020";"07:53:00";"26";"2 - Aciden";"127";"BR-116/PR";"Norte";"Colisão Traseira";2;0;0;0;0;0;0;0;0;0;1;1;0;0;0
"25/04/2020";"08:29:00";"86";"3 - Aciden";"231";"BR-116/SC";"Sul";"Colisão Lateral";1;0;0;0;0;1;0;0;0;0;2;0;0;0;0
"25/04/2020";"11:25:00";"97";"3 - Aciden";"241.1";"BR-116/SC";"Norte";"Atropelamento de Animal";0;0;1;0;0;0;0;0;0;0;1;0;0;0;0
"26/04/2020";"03:27:00";"40";"2 - Aciden";"125.2";"BR-116/PR";"Sul";"Choque - Outros";0;0;0;1;0;0;0;0;0;0;0;1;0;0;0
"26/04/2020";"04:42:00";"48";"3 - Aciden";"174";"BR-116/PR";"Sul";"Choque - Defensa, barreira ou "submarino"";1;0;0;0;0;0;0;0;0;0;3;0;0;0;0
"26/04/2020";"07:19:00";"66";"3 - Aciden";"188";"BR-116/SC";"Norte";"Colisão Lateral";1;0;0;0;0;1;0;0;0;0;2;0;0;0;0
"28/04/2020";"07:02:00";"15";"2 - Aciden";"115.7";"BR-116/PR";"Norte";"Choque - Poste";0;0;1;0;0;0;0;0;0;0;0;0;0;1;0
"28/04/2020";"07:45:00";"65";"2 - Aciden";"126.2";"BR-116/PR";"Norte";"Choque - Veiculo parado na pista";1;0;0;1;0;0;0;0;0;0;1;1;0;0;0
"28/04/2020";"09:21:00";"68";"3 - Aciden";"120.8";"BR-116/PR";"Sul";"Colisão Frontal";1;0;0;2;0;0;0;0;0;0;3;0;0;0;0
"29/04/2020";"05:07:00";"14";"3 - Aciden";"278";"BR-116/SC";"Sul";"Atropelamento de Animal";1;0;0;0;0;0;0;0;0;0;2;0;0;0;0
"29/04/2020";"01:05:00";"52";"3 - Aciden";"144";"BR-116/PR";"Norte";"Choque - Defensa, barreira ou "submarino"";0;0;0;0;0;0;0;0;0;1;1;0;0;0;0
"29/04/2020";"05:05:00";"74";"3 - Aciden";"304.9";"BR-116/SC";"Sul";"Engavetamento";0;0;3;0;0;0;0;0;0;0;3;0;0;0;0
"30/04/2020";"08:24:00";"28";"3 - Aciden";"116.7";"BR-116/PR";"Norte";"Engavetamento";1;0;0;0;0;3;0;0;0;0;4;0;0;0;0
"30/04/2020";"09:47:00";"42";"3 - Aciden";"198.3";"BR-116/SC";"Norte";"Queda de Moto";0;0;0;1;0;0;0;0;0;0;2;0;0;0;0
"30/04/2020";"12:12:00";"59";"3 - Aciden";"281.8";"BR-116/SC";"Norte";"Colisão Lateral";0;0;1;0;0;1;0;0;0;0;2;0;0;0;0
"01/05/2020";"12:56:00";"5";"sem vítima";"273";"BR-116/SC";"Sul";"Atropelamento de Animal";1;0;0;0;0;0;0;0;0;0;4;0;0;0;0
"01/05/2020";"01:32:00";"8";"sem vítima";"208";"BR-116/PR";"Norte";"Capotamento";1;0;0;0;0;0;0;0;0;0;1;0;0;0;0
"02/05/2020";"06:16:00";"45";"com vítima";"122.6";"BR-116/PR";"Norte";"Colisão Traseira";1;0;0;1;0;0;0;0;0;0;1;1;0;0;0
"03/05/2020";"04:46:00";"7";"sem vítima";"168.9";"BR-116/PR";"Norte";"Saida de Pista";1;0;0;0;0;0;0;0;0;0;1;0;0;0;0
"03/05/2020";"10:14:00";"13";"com vítima";"45.5";"BR-116/SC";"Norte";"Capotamento";1;0;0;0;0;0;0;0;0;0;1;1;0;0;0
"03/05/2020";"08:39:00";"54";"com vítima";"117.4";"BR-116/PR";"Norte";"Choque - Defensa, barreira ou "submarino"";0;0;0;1;0;1;0;0;0;0;1;1;0;0;0
"04/05/2020";"07:22:00";"12";"sem vítima";"121";"BR-116/PR";"Norte";"Engavetamento";3;0;0;0;0;0;0;0;0;0;3;0;0;0;0
"04/05/2020";"03:58:00";"60";"sem vítima";"186.1";"BR-116/SC";"Norte";"Saida de Pista";0;0;1;0;0;0;0;0;0;0;1;0;0;0;0
"04/05/2020";"07:12:00";"79";"sem vítima";"119";"BR-116/PR";"Sul";"Colisão Traseira";3;0;0;0;0;0;0;0;0;0;4;0;0;0;0
"05/05/2020";"07:34:00";"13";"sem vítima";"128";"BR-116/PR";"Sul";"Colisão Traseira";1;0;0;1;0;0;0;0;0;0;2;0;0;0;0
"06/05/2020";"06:22:00";"15";"sem vítima";"128";"BR-116/PR";"Norte";"Colisão Traseira";1;0;0;0;0;1;0;0;0;0;2;0;0;0;0
"06/05/2020";"08:32:00";"22";"sem vítima";"145.3";"BR-116/SC";"Norte";"Saida de Pista";1;0;0;0;0;0;0;0;0;0;1;0;0;0;0
"06/05/2020";"01:00:00";"44";"sem vítima";"117";"BR-116/PR";"Sul";"Choque - Defensa, barreira ou "submarino"";1;0;0;0;0;0;0;0;0;0;1;0;0;0;0
"06/05/2020";"02:04:00";"47";"sem vítima";"130";"BR-116/PR";"Norte";"Queda de Moto";0;0;1;1;0;0;0;0;0;0;2;0;0;0;0
"06/05/2020";"06:00:00";"59";"sem vítima";"245";"BR-116/SC";"Sul";"Choque - Veiculo parado na pista";1;0;0;0;0;0;0;0;0;1;2;0;0;0;0
"06/05/2020";"06:03:00";"60";"sem vítima";"126.2";"BR-116/PR";"Norte";"Colisão Transversal";1;0;0;1;0;0;0;0;0;0;2;0;0;0;0
"08/05/2020";"10:23:00";"40";"sem vítima";"205.3";"BR-116/SC";"Sul";"Capotamento";1;0;0;0;0;0;0;0;0;0;2;0;0;0;0
"08/05/2020";"01:53:00";"58";"com vítima";"122.78";"BR-116/PR";"Norte";"Colisão Traseira";2;0;0;0;0;0;0;0;0;0;1;1;0;0;0
"08/05/2020";"04:13:00";"91";"sem vítima";"121.8";"BR-116/PR";"Sul";"Colisão Traseira";2;0;0;0;0;0;0;0;0;0;2;0;0;0;0
"09/05/2020";"05:37:00";"67";"sem vítima";"290";"BR-116/SC";"Norte";"Choque - Outros";0;0;3;0;0;0;0;0;0;1;4;0;0;0;0
"09/05/2020";"06:42:00";"78";"com vítima";"115.15";"BR-116/PR";"Norte";"Choque - Defensa, barreira ou "submarino"";1;0;0;0;0;0;0;0;0;0;1;1;0;0;0
"10/05/2020";"02:31:00";"5";"sem vítima";"128.9";"BR-116/PR";"Sul";"Colisão Traseira";2;0;0;0;0;0;0;0;0;0;2;0;0;0;0
"10/05/2020";"02:47:00";"6";"com vítima";"122.8";"BR-116/PR";"Norte";"Choque - Talude";1;0;0;0;0;0;0;0;0;0;0;1;0;0;0
"10/05/2020";"06:20:00";"7";"sem vítima";"126.5";"BR-116/PR";"Sul";"Colisão Traseira";2;0;0;0;0;0;0;0;0;0;2;0;0;0;0
"10/05/2020";"03:58:00";"45";"com vítima";"124";"BR-116/PR";"Sul";"Queda de Moto";0;0;0;1;0;0;0;0;0;0;0;1;0;0;0
"10/05/2020";"06:39:00";"68";"sem vítima";"119.2";"BR-116/PR";"Sul";"Engavetamento";4;0;0;1;0;0;0;0;0;1;11;0;0;0;0
"10/05/2020";"06:59:00";"72";"sem vítima";"117";"BR-116/PR";"Sul";"Choque - Defensa, barreira ou "submarino"";1;0;0;0;0;0;0;0;0;0;1;0;0;0;0
"10/05/2020";"10:17:00";"85";"sem vítima";"143.2";"BR-116/PR";"Norte";"Colisão Traseira";2;0;0;0;0;0;0;0;0;0;7;0;0;0;0
"11/05/2020";"11:18:00";"48";"com vítima";"120";"BR-116/PR";"Norte";"Choque - Outros";0;0;0;1;0;0;0;0;0;0;0;1;0;0;0
"11/05/2020";"01:47:00";"61";"sem vítima";"139.8";"BR-116/SC";"Norte";"Colisão Lateral";2;0;0;0;0;1;0;0;0;0;3;0;0;0;0
"11/05/2020";"05:45:00";"87";"sem vítima";"152.45";"BR-116/PR";"Norte";"Colisão Transversal";1;0;1;0;0;1;0;0;0;0;3;0;0;0;0
"12/05/2020";"07:30:00";"15";"com vítima";"163";"BR-116/PR";"Norte";"Colisão Traseira";0;0;0;1;0;0;0;0;0;1;1;0;0;1;0
"12/05/2020";"07:45:00";"16";"com vítima";"116.8";"BR-116/PR";"Norte";"Colisão Traseira";0;0;1;1;0;0;0;0;0;0;1;0;0;2;0
"12/05/2020";"06:22:00";"84";"sem vítima";"11.3";"BR-116/SC";"Norte";"Colisão Lateral";1;0;0;1;0;0;0;0;0;0;2;0;0;0;0
"13/05/2020";"10:26:00";"31";"com vítima";"206";"BR-116/PR";"Sul";"Colisão Frontal";0;0;1;0;0;0;0;0;0;1;1;1;0;0;0
"13/05/2020";"11:06:00";"35";"com vítima";"250.9";"BR-116/SC";"Sul";"Colisão Transversal";1;0;1;0;0;0;0;0;0;0;2;1;0;0;0
"13/05/2020";"06:29:00";"68";"com vítima";"140.6";"BR-116/SC";"Sul";"Colisão Transversal";1;1;0;0;0;0;0;0;0;0;1;1;0;0;0
"13/05/2020";"07:03:00";"71";"com vítima";"245.8";"BR-116/SC";"Norte";"Colisão Transversal";1;0;0;1;0;0;0;0;0;0;1;1;0;0;0
"13/05/2020";"11:40:00";"83";"com vítima";"233.95";"BR-116/SC";"Norte";"Colisão Frontal";2;0;0;0;0;0;0;0;0;0;0;1;0;0;1
"14/05/2020";"07:19:00";"21";"com vítima";"125";"BR-116/PR";"Norte";"Colisão Lateral";1;0;0;1;0;0;0;0;0;0;1;1;0;0;0
"14/05/2020";"09:49:00";"38";"com vítima";"201";"BR-116/SC";"Norte";"Queda de Moto";0;0;0;1;0;0;0;0;0;0;0;1;0;0;0
"14/05/2020";"06:55:00";"75";"com vítima";"63";"BR-116/SC";"Sul";"Colisão Lateral";0;0;1;0;0;0;0;0;0;1;2;1;0;0;0
"15/05/2020";"07:32:00";"19";"com vítima";"169.4";"BR-116/SC";"Norte";"Colisão Frontal";1;0;1;0;0;0;0;0;0;0;2;1;0;0;0
"15/05/2020";"10:08:00";"43";"sem vítima";"37.1";"BR-116/SC";"Sul";"Capotamento";1;0;0;0;0;0;0;0;0;0;1;0;0;0;0
"15/05/2020";"05:35:00";"76";"com vítima";"209.9";"BR-116/PR";"Sul";"Atropelamento - Outros";0;0;0;1;0;0;0;0;0;0;1;1;0;0;0
"15/05/2020";"06:56:00";"82";"com vítima";"120";"BR-116/PR";"Sul";"Colisão Lateral";1;0;0;1;0;0;0;0;0;0;1;2;0;0;0
"16/05/2020";"02:05:00";"34";"sem vítima";"147.3";"BR-116/PR";"Sul";"Capotamento";3;0;0;0;0;0;0;0;0;0;5;0;0;0;0
"16/05/2020";"02:20:00";"35";"com vítima";"7.8";"BR-116/SC";"Sul";"Capotamento";1;0;0;0;0;0;0;0;0;0;0;0;0;1;0
"16/05/2020";"02:27:00";"36";"sem vítima";"211.6";"BR-116/PR";"Sul";"Colisão Traseira";1;0;0;0;0;0;0;0;0;1;2;0;0;0;0
"16/05/2020";"02:57:00";"40";"com vítima";"137.9";"BR-116/SC";"Sul";"Choque - Talude";1;0;0;0;0;0;0;0;0;0;0;1;0;0;0
"16/05/2020";"03:35:00";"46";"com vítima";"116.5";"BR-116/PR";"Sul";"Colisão Traseira";0;0;0;1;0;1;0;0;0;0;2;1;0;0;0
"17/05/2020";"07:01:00";"56";"com vítima";"171.15";"BR-116/PR";"Norte";"Colisão Frontal";0;1;1;0;0;0;0;0;0;0;1;0;0;1;0
"17/05/2020";"09:23:00";"63";"com vítima";"129.2";"BR-116/SC";"Norte";"Colisão Traseira";2;0;0;0;0;0;0;0;0;0;1;1;0;0;0
"18/05/2020";"12:13:00";"1";"sem vítima";"121";"BR-116/PR";"Norte";"Choque - Defensa, barreira ou "submarino"";1;0;0;0;0;0;0;0;0;0;2;0;0;0;0
"18/05/2020";"12:56:00";"36";"com vítima";"140.8";"BR-116/SC";"Sul";"Colisão Traseira";2;0;0;0;0;0;0;0;0;0;0;3;0;0;0
"18/05/2020";"01:51:00";"41";"com vítima";"117.5";"BR-116/PR";"Norte";"Colisão Lateral";1;0;0;0;0;1;0;0;0;0;1;1;0;0;0
"18/05/2020";"02:35:00";"42";"sem vítima";"159";"BR-116/PR";"Norte";"Choque - Defensa, barreira ou "submarino"";1;0;0;0;0;0;0;0;0;0;1;0;0;0;0
"18/05/2020";"06:13:00";"66";"com vítima";"247";"BR-116/SC";"Sul";"Colisão Transversal";1;0;0;1;0;0;0;0;0;0;1;1;0;0;0
"19/05/2020";"11:46:00";"102";"com vítima";"122";"BR-116/PR";"Sul";"Outros";0;1;0;0;0;0;0;0;0;0;0;1;0;0;0
"20/05/2020";"08:35:00";"90";"sem vítima";"195.1";"BR-116/SC";"Sul";"Colisão Lateral";1;0;0;0;0;1;0;0;0;0;2;0;0;0;0
"21/05/2020";"08:35:00";"27";"com vítima";"131.8";"BR-116/SC";"Sul";"Colisão Frontal";1;0;2;0;0;0;0;0;0;0;2;0;0;0;1
"21/05/2020";"05:55:00";"78";"com vítima";"126";"BR-116/PR";"Norte";"Colisão Transversal";0;0;0;1;0;0;0;0;0;1;1;1;0;0;0
"21/05/2020";"11:14:00";"109";"com vítima";"118.8";"BR-116/PR";"Sul";"Colisão Lateral";1;0;0;1;0;0;0;0;0;0;3;1;0;0;0
"22/05/2020";"07:06:00";"50";"sem vítima";"118.6";"BR-116/PR";"Sul";"Engavetamento";4;0;0;0;0;0;0;0;0;0;4;0;0;0;0
"22/05/2020";"08:47:00";"55";"sem vítima";"210";"BR-116/SC";"Sul";"Colisão Lateral";1;0;1;0;0;0;0;0;0;0;2;0;0;0;0
"23/05/2020";"11:44:00";"43";"com vítima";"142";"BR-116/PR";"Norte";"Queda de Moto";0;0;0;1;0;0;0;0;0;0;0;1;0;0;0
"23/05/2020";"01:06:00";"49";"sem vítima";"122.8";"BR-116/PR";"Sul";"Capotamento";1;0;0;0;0;0;0;0;0;0;1;0;0;0;0
"23/05/2020";"03:14:00";"59";"com vítima";"163.5";"BR-116/SC";"Norte";"Colisão Lateral";0;0;1;1;0;0;0;0;0;0;1;1;0;0;0
"23/05/2020";"04:24:00";"64";"sem vítima";"265";"BR-116/SC";"Norte";"Capotamento";1;0;0;0;0;0;0;0;0;0;1;0;0;0;0
"23/05/2020";"05:46:00";"71";"com vítima";"249.9";"BR-116/SC";"Sul";"Capotamento";1;0;0;0;0;0;0;0;0;0;1;1;0;0;0
"23/05/2020";"06:34:00";"78";"com vítima";"245.6";"BR-116/SC";"Sul";"Colisão Transversal";1;0;0;0;0;0;0;0;0;1;4;1;0;0;0
"23/05/2020";"09:45:00";"87";"com vítima";"117.7";"BR-116/PR";"Sul";"Colisão Traseira";2;0;0;0;0;0;0;0;0;0;3;1;0;0;0
"23/05/2020";"10:24:00";"88";"sem vítima";"117.7";"BR-116/PR";"Sul";"Colisão Traseira";2;0;0;0;0;0;0;0;0;0;2;0;0;0;0
"23/05/2020";"11:09:00";"92";"sem vítima";"16.6";"BR-116/SC";"Norte";"Atropelamento de Animal";1;0;0;0;0;0;0;0;0;0;2;0;0;0;0
"24/05/2020";"01:33:00";"33";"sem vítima";"128.1";"BR-116/PR";"Norte";"Capotamento";1;0;0;0;0;0;0;0;0;0;1;0;0;0;0
"24/05/2020";"05:59:00";"57";"sem vítima";"38";"BR-116/SC";"Sul";"Choque - Suporte de Sinalização";1;0;0;0;0;0;0;0;0;0;1;0;0;0;0
"24/05/2020";"09:07:00";"72";"sem vítima";"51.9";"BR-116/SC";"Norte";"Saida de Pista";0;0;0;1;0;0;0;0;0;0;1;0;0;0;0
"25/05/2020";"07:32:00";"9";"com vítima";"127";"BR-116/PR";"Norte";"Tombamento";0;0;0;0;0;0;0;0;0;1;1;1;0;0;0
"26/05/2020";"12:15:00";"37";"sem vítima";"125.5";"BR-116/PR";"Norte";"Engavetamento";5;0;0;0;0;0;0;0;0;0;5;0;0;0;0
"26/05/2020";"06:12:00";"74";"com vítima";"3.5";"BR-116/SC";"Sul";"Atropelamento de Animal";0;0;0;1;0;0;0;0;0;0;0;1;0;0;0
"27/05/2020";"01:48:00";"60";"sem vítima";"184";"BR-116/SC";"Sul";"Choque - Elemento de Drenagem";1;0;0;0;0;0;0;0;0;0;2;0;0;0;0
"27/05/2020";"06:15:00";"95";"com vítima";"262.9";"BR-116/SC";"Norte";"Capotamento";1;0;0;0;0;0;0;0;0;0;0;1;0;0;0
"27/05/2020";"06:39:00";"96";"sem vítima";"120.9";"BR-116/PR";"Sul";"Colisão Traseira";2;0;0;0;0;0;0;0;0;0;2;0;0;0;0
"27/05/2020";"07:23:00";"101";"sem vítima";"118.6";"BR-116/PR";"Sul";"Colisão Traseira";3;0;0;0;0;0;0;0;0;0;3;0;0;0;0
"28/05/2020";"06:47:00";"18";"com vítima";"118";"BR-116/PR";"Norte";"Colisão Traseira";0;0;0;0;0;0;0;0;0;2;1;1;0;0;0
"28/05/2020";"06:54:00";"19";"sem vítima";"120";"BR-116/PR";"Norte";"Engavetamento";2;0;0;0;0;0;0;0;0;1;3;0;0;0;0
"28/05/2020";"07:40:00";"21";"com vítima";"125.4";"BR-116/PR";"Norte";"Colisão Traseira";1;0;0;1;0;0;0;0;0;0;1;1;0;0;0
"28/05/2020";"08:09:00";"27";"sem vítima";"197.4";"BR-116/PR";"Norte";"Colisão Traseira";0;0;0;0;0;0;0;0;0;2;2;0;0;0;0
"29/05/2020";"06:19:00";"22";"com vítima";"117";"BR-116/PR";"Norte";"Colisão Lateral";0;0;0;1;0;1;0;0;0;0;1;1;0;0;0
"29/05/2020";"06:44:00";"25";"com vítima";"123";"BR-116/PR";"Norte";"Colisão Lateral";1;0;0;1;0;0;0;0;0;0;1;1;0;0;0
"29/05/2020";"08:31:00";"27";"sem vítima";"123";"BR-116/PR";"Norte";"Colisão Traseira";1;0;0;1;0;0;0;0;0;0;2;0;0;0;0
"29/05/2020";"04:49:00";"76";"sem vítima";"118.7";"BR-116/PR";"Sul";"Engavetamento";3;0;0;0;0;0;0;0;0;0;4;0;0;0;0
"30/05/2020";"10:10:00";"37";"com vítima";"239.25";"BR-116/SC";"Norte";"Choque - Arvore";1;0;0;0;0;0;0;0;0;0;0;0;0;1;0
"30/05/2020";"12:29:00";"53";"sem vítima";"210.6";"BR-116/PR";"Norte";"Colisão Transversal";2;0;0;0;0;0;0;0;0;0;2;0;0;0;0
"31/05/2020";"04:59:00";"12";"com vítima";"105.8";"BR-116/SC";"Norte";"Tombamento";0;0;1;0;0;0;0;0;0;0;0;1;0;0;0
"31/05/2020";"07:03:00";"63";"com vítima";"146";"BR-116/PR";"Norte";"Queda de Moto";0;0;0;1;0;0;0;0;0;0;1;1;0;0;0
"31/05/2020";"07:19:00";"66";"sem vítima";"264.9";"BR-116/SC";"Sul";"Capotamento";1;0;0;0;0;0;0;0;0;0;2;0;0;0;0
"01/06/2020";"01:56:00";"53";"sem vítima";"152.45";"BR-116/PR";"Sul";"Colisão Transversal";2;0;0;0;0;0;0;0;0;0;2;0;0;0;0
"01/06/2020";"05:21:00";"78";"sem vítima";"103.7";"BR-116/SC";"Sul";"Choque - Talude";1;0;0;0;0;0;0;0;0;0;2;0;0;0;0
"01/06/2020";"07:06:00";"90";"sem vítima";"116";"BR-116/PR";"Sul";"Queda de Moto";0;0;0;1;0;0;0;0;0;0;1;0;0;0;0
"02/06/2020";"10:22:00";"25";"sem vítima";"119.9";"BR-116/SC";"Sul";"Tombamento";1;0;0;0;0;0;0;0;0;0;3;0;0;0;0
"02/06/2020";"11:15:00";"32";"sem vítima";"119.9";"BR-116/SC";"Sul";"Colisão Lateral";1;0;1;0;0;0;0;0;0;0;2;0;0;0;0
"02/06/2020";"02:19:00";"43";"com vítima";"117.25";"BR-116/PR";"Sul";"Choque - Elemento de Drenagem";1;0;0;0;0;0;0;0;0;0;0;1;0;0;0
"02/06/2020";"06:04:00";"69";"com vítima";"124.95";"BR-116/PR";"Sul";"Colisão Lateral";1;0;0;1;0;0;0;0;0;0;1;1;0;0;0
"03/06/2020";"08:54:00";"26";"sem vítima";"135";"BR-116/PR";"Sul";"Choque - Objeto sobre a pista";1;0;1;0;0;1;0;0;0;1;4;0;0;0;0
"04/06/2020";"08:46:00";"23";"sem vítima";"181.2";"BR-116/SC";"Sul";"Tombamento";0;0;1;0;0;0;0;0;0;0;1;0;0;0;0
"04/06/2020";"11:49:00";"40";"sem vítima";"305.9";"BR-116/SC";"Sul";"Choque - Talude";0;0;1;0;0;0;0;0;0;0;1;0;0;0;0
"04/06/2020";"05:46:00";"67";"sem vítima";"118.9";"BR-116/PR";"Sul";"Colisão Traseira";2;0;0;0;0;0;0;0;0;0;2;0;0;0;0
"04/06/2020";"07:05:00";"73";"sem vítima";"118.5";"BR-116/PR";"Sul";"Colisão Lateral";0;0;0;1;0;0;0;0;0;1;3;0;0;0;0
"04/06/2020";"07:25:00";"76";"com vítima";"129.7";"BR-116/PR";"Sul";"Colisão Lateral";1;0;0;0;0;1;0;0;0;0;2;1;0;0;0
"04/06/2020";"11:57:00";"89";"com vítima";"140.6";"BR-116/SC";"Norte";"Choque - Defensa, barreira ou "submarino"";1;0;0;0;0;0;0;0;0;0;0;2;0;0;0
"05/06/2020";"12:23:00";"4";"sem vítima";"204.4";"BR-116/SC";"Sul";"Tombamento";0;0;1;0;0;0;0;0;0;0;2;0;0;0;0
"05/06/2020";"01:59:00";"11";"sem vítima";"35.3";"BR-116/SC";"Norte";"Saida de Pista";1;0;0;0;0;0;0;0;0;0;3;0;0;0;0
"05/06/2020";"10:48:00";"33";"sem vítima";"245.6";"BR-116/SC";"Sul";"Colisão Transversal";1;0;1;0;0;0;0;0;0;0;4;0;0;0;0
"05/06/2020";"08:14:00";"88";"com vítima";"179.6";"BR-116/SC";"Norte";"Choque - Outros";1;0;0;0;0;0;0;0;0;0;0;1;0;0;0
"06/06/2020";"07:30:00";"73";"com vítima";"220.4";"BR-116/SC";"Sul";"Colisão Lateral";2;0;0;0;0;0;0;0;0;0;1;1;0;0;0
"07/06/2020";"03:54:00";"46";"com vítima";"275";"BR-116/SC";"Norte";"Queda de Moto";0;0;0;1;0;0;0;0;0;0;0;1;0;0;0
"07/06/2020";"06:37:00";"55";"sem vítima";"116.7";"BR-116/PR";"Norte";"Capotamento";1;0;0;0;0;0;0;0;0;0;4;0;0;0;0
"07/06/2020";"08:54:00";"62";"com vítima";"128";"BR-116/PR";"Norte";"Atropelamento - Ciclista";0;1;0;0;0;0;0;0;0;1;1;1;0;0;0
"08/06/2020";"06:51:00";"101";"sem vítima";"121";"BR-116/PR";"Sul";"Colisão Traseira";2;0;0;0;0;0;0;0;0;0;2;0;0;0;0
"09/06/2020";"07:08:00";"18";"sem vítima";"121.4";"BR-116/PR";"Norte";"Queda de Moto";0;0;0;2;0;1;0;0;0;0;3;0;0;0;0
"09/06/2020";"03:22:00";"62";"com vítima";"228.95";"BR-116/SC";"Sul";"Colisão Transversal";2;0;0;0;0;0;0;0;0;0;1;2;0;0;0
"09/06/2020";"07:48:00";"88";"com vítima";"135.57";"BR-116/PR";"Sul";"Colisão Transversal";1;0;0;1;0;0;0;0;0;0;1;1;0;0;0
"09/06/2020";"07:54:00";"89";"sem vítima";"116.65";"BR-116/PR";"Norte";"Choque - Elemento de Drenagem";1;0;0;0;0;0;0;0;0;0;1;0;0;0;0
"09/06/2020";"08:19:00";"92";"sem vítima";"148.1";"BR-116/PR";"Sul";"Choque - Elemento de Drenagem";1;0;0;0;0;0;0;0;0;0;1;0;0;0;0
"09/06/2020";"09:54:00";"95";"sem vítima";"125.53";"BR-116/PR";"Sul";"Saida de Pista";1;0;0;0;0;0;0;0;0;0;1;0;0;0;0
"10/06/2020";"02:28:00";"8";"sem vítima";"10.5";"BR-116/SC";"Norte";"Tombamento";0;0;1;0;0;0;0;0;0;0;1;0;0;0;0