data;horario;n_da_ocorrencia;tipo_de_ocorrencia;km;trecho;sentido;tipo_de_acidente;automovel;bicicleta;caminhao;moto;onibus;outros;tracao_animal;transporte_de_cargas_especiais;trator_maquinas;utilitarios;ilesos;levemente_feridos;moderadamente_feridos;gravemente_feridos;mortos
"10/06/2020";"03:47:00";"66";"sem vítima";"206";"BR-116/SC";"Sul";"Colisão Traseira";0;0;2;0;0;0;0;0;0;0;2;0;0;0;0
"11/06/2020";"11:16:00";"29";"sem vítima";"209";"BR-116/PR";"Norte";"Saida de Pista";1;0;0;0;0;0;0;0;0;0;1;0;0;0;0
"11/06/2020";"02:54:00";"45";"sem vítima";"153.49";"BR-116/PR";"Sul";"Choque - Elemento de Drenagem";1;0;0;0;0;0;0;0;0;0;2;0;0;0;0
"11/06/2020";"11:02:00";"77";"sem vítima";"118.9";"BR-116/SC";"Sul";"Choque - Elemento de Drenagem";1;0;0;0;0;0;0;0;0;0;1;0;0;0;0
"12/06/2020";"05:53:00";"8";"sem vítima";"126";"BR-116/PR";"Norte";"Colisão Traseira";2;0;0;0;0;0;0;0;0;0;6;0;0;0;0
"12/06/2020";"11:52:00";"41";"com vítima";"3.5";"BR-116/SC";"Sul";"Colisão Frontal";1;0;1;0;0;0;0;0;0;0;1;0;0;1;0
"12/06/2020";"02:42:00";"62";"com vítima";"69.3";"BR-116/SC";"Sul";"Colisão Transversal";0;0;1;1;0;0;0;0;0;0;1;0;0;1;0
"12/06/2020";"05:13:00";"86";"com vítima";"1.39";"BR-116/SC";"Sul";"Colisão Lateral";0;1;1;0;0;0;0;0;0;0;1;0;0;1;0
"12/06/2020";"09:10:00";"117";"sem vítima";"119.05";"BR-116/PR";"Sul";"Colisão Lateral";1;0;1;0;0;0;0;0;0;0;2;0;0;0;0
"13/06/2020";"01:22:00";"6";"sem vítima";"146.95";"BR-116/PR";"Sul";"Queda de Moto";0;0;0;1;0;0;0;0;0;0;1;0;0;0;0
"13/06/2020";"05:49:00";"65";"sem vítima";"208.98";"BR-116/PR";"Sul";"Colisão Transversal";2;0;0;0;0;0;0;0;0;0;3;0;0;0;0
"13/06/2020";"06:40:00";"70";"sem vítima";"134.5";"BR-116/PR";"Sul";"Choque - Elemento de Drenagem";1;0;0;0;0;0;0;0;0;0;1;0;0;0;0
"13/06/2020";"06:45:00";"72";"sem vítima";"117";"BR-116/PR";"Sul";"Choque - Elemento de Drenagem";1;0;0;0;0;0;0;0;0;0;1;0;0;0;0
"13/06/2020";"07:11:00";"74";"com vítima";"117";"BR-116/PR";"Norte";"Colisão Lateral";0;1;1;0;0;0;0;0;0;0;1;0;0;1;0
"13/06/2020";"09:00:00";"81";"com vítima";"121.7";"BR-116/PR";"Sul";"Choque - Defensa, barreira ou "submarino"";1;0;0;0;0;0;0;0;0;0;0;1;0;0;0
"14/06/2020";"10:54:00";"29";"com vítima";"205";"BR-116/PR";"Norte";"Queda de Moto";0;0;0;1;0;0;0;0;0;0;1;1;0;0;0
"14/06/2020";"05:07:00";"65";"sem vítima";"81.6";"BR-116/SC";"Norte";"Colisão Traseira";2;0;0;0;0;0;0;0;0;0;5;0;0;0;0
"14/06/2020";"05:50:00";"68";"com vítima";"246";"BR-116/SC";"Norte";"Colisão Transversal";1;0;0;0;0;1;0;0;0;0;2;1;0;0;0
"14/06/2020";"06:26:00";"75";"sem vítima";"15";"BR-116/SC";"Norte";"Colisão Lateral";0;0;1;0;0;0;0;0;0;1;2;0;0;0;0
"15/06/2020";"06:51:00";"17";"sem vítima";"134.951";"BR-116/PR";"Norte";"Colisão Lateral";0;0;2;0;0;0;0;0;0;0;2;0;0;0;0
"15/06/2020";"08:27:00";"26";"com vítima";"120";"BR-116/PR";"Sul";"Queda de Moto";0;0;0;1;0;0;0;0;0;0;0;1;0;0;0
"15/06/2020";"08:57:00";"28";"sem vítima";"245.6";"BR-116/SC";"Sul";"Choque - Defensa, barreira ou "submarino"";1;0;0;0;0;0;0;0;0;0;1;0;0;0;0
"15/06/2020";"09:14:00";"34";"sem vítima";"126";"BR-116/PR";"Norte";"Colisão Traseira";2;0;0;0;0;0;0;0;0;0;2;0;0;0;0
"15/06/2020";"06:19:00";"92";"sem vítima";"121";"BR-116/PR";"Sul";"Engavetamento";4;0;1;0;0;0;0;0;0;0;5;0;0;0;0
"16/06/2020";"12:45:00";"4";"sem vítima";"130.4";"BR-116/SC";"Norte";"Capotamento";1;0;0;0;0;0;0;0;0;0;2;0;0;0;0
"16/06/2020";"06:52:00";"24";"com vítima";"209.7";"BR-116/PR";"Sul";"Choque - Defensa, barreira ou "submarino"";1;0;0;0;0;0;0;0;0;0;0;1;0;0;0
"16/06/2020";"07:17:00";"25";"sem vítima";"1";"BR-116/SC";"Sul";"Colisão Transversal";2;0;0;0;0;0;0;0;0;0;2;0;0;0;0
"17/06/2020";"08:19:00";"34";"sem vítima";"176.8";"BR-116/SC";"Norte";"Colisão Lateral";1;0;1;0;0;0;0;0;0;0;2;0;0;0;0
"18/06/2020";"06:58:00";"114";"sem vítima";"122";"BR-116/PR";"Sul";"Colisão Traseira";2;0;0;0;0;0;0;0;0;0;2;0;0;0;0
"18/06/2020";"07:42:00";"117";"com vítima";"129.8";"BR-116/SC";"Norte";"Colisão Traseira";0;0;1;1;0;0;0;0;0;0;2;1;0;0;0
"18/06/2020";"10:22:00";"125";"sem vítima";"128.7";"BR-116/PR";"Norte";"Colisão Lateral";2;0;0;0;0;0;0;0;0;0;2;0;0;0;0
"19/06/2020";"05:01:00";"87";"sem vítima";"93";"BR-116/SC";"Sul";"Colisão Lateral";2;0;0;0;0;0;0;0;0;0;2;0;0;0;0
"19/06/2020";"06:04:00";"92";"com vítima";"121.26";"BR-116/PR";"Sul";"Colisão Lateral";0;0;0;1;0;0;0;0;0;1;1;1;0;0;0
"19/06/2020";"06:06:00";"94";"com vítima";"164.4";"BR-116/PR";"Sul";"Choque - Suporte de Sinalização";1;0;0;0;0;0;0;0;0;0;1;1;0;0;0
"19/06/2020";"10:39:00";"113";"com vítima";"125.8";"BR-116/PR";"Norte";"Colisão Transversal";1;0;0;1;0;0;0;0;0;0;1;0;0;1;0
"20/06/2020";"04:32:00";"101";"com vítima";"179.13";"BR-116/PR";"Sul";"Queda de Moto";0;0;0;1;0;0;0;0;0;0;0;1;0;0;0
"20/06/2020";"09:18:00";"132";"sem vítima";"175";"BR-116/SC";"Sul";"Choque - Outros";1;0;0;0;0;0;0;0;0;0;1;0;0;0;0
"21/06/2020";"12:36:00";"47";"sem vítima";"49";"BR-116/SC";"Norte";"Colisão Traseira";0;0;1;0;0;0;0;0;0;1;2;0;0;0;0
"22/06/2020";"02:52:00";"51";"sem vítima";"1.4";"BR-116/SC";"Sul";"Colisão Traseira";1;0;1;0;0;0;0;0;0;0;2;0;0;0;0
"22/06/2020";"05:22:00";"65";"com vítima";"4.7";"BR-116/SC";"Norte";"Colisão Transversal";1;0;0;1;0;0;0;0;0;0;1;1;0;0;0
"22/06/2020";"05:45:00";"69";"sem vítima";"118.8";"BR-116/PR";"Sul";"Engavetamento";2;0;0;0;0;3;0;0;0;0;5;0;0;0;0
"22/06/2020";"08:27:00";"86";"sem vítima";"140.6";"BR-116/SC";"Sul";"Choque - Outros";1;0;0;0;0;0;0;0;0;0;1;0;0;0;0
"23/06/2020";"06:51:00";"11";"com vítima";"117";"BR-116/PR";"Norte";"Atropelamento - Ambulante";0;0;0;1;0;0;0;0;0;0;1;1;0;0;0
"23/06/2020";"04:00:00";"64";"sem vítima";"84";"BR-116/SC";"Norte";"Colisão Traseira";1;0;1;0;0;0;0;0;0;0;4;0;0;0;0
"23/06/2020";"05:47:00";"75";"sem vítima";"123";"BR-116/PR";"Sul";"Colisão Traseira";2;0;0;0;0;0;0;0;0;0;2;0;0;0;0
"24/06/2020";"07:32:00";"24";"com vítima";"146";"BR-116/PR";"Sul";"Queda de Moto";0;0;0;1;0;0;0;0;0;0;0;1;0;0;0
"24/06/2020";"08:14:00";"29";"sem vítima";"133";"BR-116/SC";"Sul";"Colisão Transversal";1;0;1;0;0;0;0;0;0;0;3;0;0;0;0
"24/06/2020";"06:04:00";"99";"sem vítima";"119";"BR-116/PR";"Sul";"Colisão Lateral";1;0;1;0;0;0;0;0;0;0;2;0;0;0;0
"24/06/2020";"06:14:00";"100";"sem vítima";"130";"BR-116/PR";"Norte";"Choque - Defensa, barreira ou "submarino"";1;0;0;0;0;0;0;0;0;0;1;0;0;0;0
"25/06/2020";"01:05:00";"57";"sem vítima";"107.5";"BR-116/SC";"Sul";"Tombamento";0;0;1;0;0;0;0;0;0;0;1;0;0;0;0
"25/06/2020";"05:45:00";"82";"sem vítima";"176";"BR-116/SC";"Sul";"Choque - Elemento de Drenagem";1;0;0;0;0;0;0;0;0;0;1;0;0;0;0
"26/06/2020";"02:15:00";"6";"com vítima";"209";"BR-116/SC";"Sul";"Colisão Frontal";1;0;1;0;0;0;0;0;0;0;1;0;0;0;1
"26/06/2020";"05:37:00";"8";"sem vítima";"242.97";"BR-116/SC";"Norte";"Choque - Defensa, barreira ou "submarino"";0;0;0;0;0;0;0;0;0;1;1;0;0;0;0
"26/06/2020";"09:09:00";"101";"sem vítima";"65.2";"BR-116/SC";"Norte";"Colisão Traseira";1;0;1;0;0;0;0;0;0;0;3;0;0;0;0
"27/06/2020";"03:15:00";"44";"sem vítima";"98.5";"BR-116/SC";"Sul";"Choque - Defensa, barreira ou "submarino"";1;0;0;0;0;0;0;0;0;0;1;0;0;0;0
"27/06/2020";"06:49:00";"57";"sem vítima";"121.75";"BR-116/PR";"Sul";"Colisão Traseira";2;0;0;0;0;0;0;0;0;0;3;0;0;0;0
"29/06/2020";"11:17:00";"39";"sem vítima";"222";"BR-116/SC";"Sul";"Colisão Transversal";0;0;1;0;0;0;0;0;0;1;3;0;0;0;0
"29/06/2020";"12:58:00";"42";"com vítima";"53.8";"BR-116/SC";"Sul";"Colisão Transversal";1;0;0;1;0;0;0;0;0;0;1;1;0;0;0
"30/06/2020";"02:30:00";"6";"sem vítima";"134";"BR-116/PR";"Norte";"Choque - Defensa, barreira ou "submarino"";1;0;0;0;0;0;0;0;0;0;1;0;0;0;0
"30/06/2020";"02:09:00";"48";"sem vítima";"209";"BR-116/PR";"Norte";"Colisão Lateral";1;0;1;0;0;0;0;0;0;0;2;0;0;0;0
"30/06/2020";"03:06:00";"66";"com vítima";"51.4";"BR-116/SC";"Sul";"Choque - Defensa, barreira ou "submarino"";0;0;0;1;0;0;0;0;0;0;0;0;0;0;1
"01/07/2020";"04:41:00";"33";"sem vítima";"271.6";"BR-116/SC";"Sul";"Capotamento";0;0;1;0;0;0;0;0;0;0;1;0;0;0;0
"01/07/2020";"03:00:00";"99";"sem vítima";"119";"BR-116/PR";"Sul";"Colisão Traseira";2;0;0;0;0;0;0;0;0;0;2;0;0;0;0
"02/07/2020";"03:35:00";"104";"com vítima";"115.4";"BR-116/PR";"Norte";"Colisão Lateral";0;0;1;1;0;0;0;0;0;0;1;1;0;0;0
"03/07/2020";"08:04:00";"133";"sem vítima";"118.8";"BR-116/PR";"Sul";"Engavetamento";2;0;0;0;0;1;0;0;0;0;3;0;0;0;0
"04/07/2020";"10:28:00";"24";"sem vítima";"141";"BR-116/PR";"Sul";"Colisão Lateral";1;0;1;0;0;1;0;0;0;0;6;0;0;0;0
"04/07/2020";"05:42:00";"63";"com vítima";"51.7";"BR-116/SC";"Norte";"Colisão Frontal";1;0;1;0;0;0;0;0;0;0;2;2;0;0;0
"05/07/2020";"12:32:00";"4";"com vítima";"141";"BR-116/PR";"Sul";"Colisão Lateral";0;0;0;1;0;1;0;0;0;0;1;1;0;0;0
"05/07/2020";"12:17:00";"36";"com vítima";"192.8";"BR-116/SC";"Norte";"Tombamento";0;0;1;0;0;0;0;0;0;0;0;1;0;0;0
"05/07/2020";"05:11:00";"61";"com vítima";"143";"BR-116/PR";"Sul";"Colisão Lateral";1;0;0;1;0;0;0;0;0;0;1;2;0;0;0
"05/07/2020";"09:59:00";"91";"sem vítima";"173";"BR-116/SC";"Norte";"Choque - Defensa, barreira ou "submarino"";1;0;0;0;0;0;0;0;0;0;1;0;0;0;0
"06/07/2020";"12:51:00";"5";"sem vítima";"105";"BR-116/SC";"Norte";"Choque - Talude";0;0;1;0;0;0;0;0;0;0;1;0;0;0;0
"06/07/2020";"01:59:00";"11";"com vítima";"182.6";"BR-116/PR";"Sul";"Queda de Moto";0;0;0;1;0;0;0;0;0;0;0;1;0;0;0
"06/07/2020";"10:42:00";"44";"sem vítima";"281.3";"BR-116/SC";"Norte";"Colisão Lateral";2;0;0;0;0;0;0;0;0;0;2;0;0;0;0
"06/07/2020";"04:17:00";"67";"sem vítima";"120";"BR-116/PR";"Norte";"Engavetamento";3;0;0;0;0;0;0;0;0;0;3;0;0;0;0
"06/07/2020";"04:28:00";"68";"sem vítima";"120";"BR-116/PR";"Sul";"Colisão Traseira";2;0;0;0;0;0;0;0;0;0;2;0;0;0;0
"06/07/2020";"04:49:00";"70";"sem vítima";"120";"BR-116/PR";"Norte";"Colisão Traseira";2;0;0;0;0;0;0;0;0;0;2;0;0;0;0
"06/07/2020";"07:37:00";"85";"sem vítima";"107";"BR-116/SC";"Sul";"Saida de Pista";0;0;0;0;0;0;0;0;0;1;1;0;0;0;0
"07/07/2020";"06:41:00";"16";"com vítima";"194";"BR-116/PR";"Sul";"Tombamento";0;0;1;0;0;0;0;0;0;0;0;1;0;0;0
"07/07/2020";"01:48:00";"38";"sem vítima";"239";"BR-116/SC";"Sul";"Choque - Outros";1;0;0;0;0;0;0;0;0;0;1;0;0;0;0
"08/07/2020";"05:31:00";"15";"com vítima";"180.45";"BR-116/PR";"Sul";"Capotamento";1;0;0;0;0;1;0;0;0;0;1;1;0;0;0
"08/07/2020";"10:26:00";"38";"sem vítima";"119";"BR-116/PR";"Norte";"Colisão Transversal";2;0;0;0;0;0;0;0;0;0;2;0;0;0;0
"09/07/2020";"02:57:00";"69";"sem vítima";"245";"BR-116/SC";"Sul";"Choque - Veiculo parado na pista";0;0;2;0;0;0;0;0;0;0;2;0;0;0;0
"09/07/2020";"10:39:00";"89";"sem vítima";"5";"BR-116/SC";"Sul";"Colisão Lateral";1;0;0;0;0;0;0;0;0;1;2;0;0;0;0
"09/07/2020";"10:46:00";"90";"com vítima";"135";"BR-116/SC";"Sul";"Choque - Objeto sobre a pista";1;0;0;0;0;0;0;0;0;0;2;1;0;0;0
"10/07/2020";"04:55:00";"13";"sem vítima";"229";"BR-116/SC";"Sul";"Colisão Lateral";1;0;1;0;0;0;0;0;0;0;2;0;0;0;0
"10/07/2020";"07:39:00";"26";"com vítima";"145.5";"BR-116/PR";"Norte";"Capotamento";1;0;0;0;0;0;0;0;0;0;0;1;0;0;0
"10/07/2020";"01:01:00";"67";"sem vítima";"134.4";"BR-116/PR";"Norte";"Engavetamento";3;0;0;0;0;0;0;0;0;0;5;0;0;0;0
"10/07/2020";"03:14:00";"75";"sem vítima";"115.6";"BR-116/PR";"Norte";"Colisão Traseira";1;0;1;0;0;0;0;0;0;0;2;0;0;0;0
"10/07/2020";"05:52:00";"83";"sem vítima";"120";"BR-116/PR";"Sul";"Colisão Traseira";2;0;0;0;0;0;0;0;0;0;2;0;0;0;0
"10/07/2020";"09:53:00";"100";"sem vítima";"200.95";"BR-116/PR";"Norte";"Colisão Lateral";1;0;0;0;0;1;0;0;0;0;2;0;0;0;0
"10/07/2020";"11:30:00";"108";"sem vítima";"189.4";"BR-116/SC";"Sul";"Choque - Arvore";1;0;0;0;0;0;0;0;0;0;2;0;0;0;0
"11/07/2020";"03:20:00";"13";"sem vítima";"218.8";"BR-116/SC";"Sul";"Choque - Elemento de Drenagem";1;0;0;0;0;0;0;0;0;0;1;0;0;0;0
"11/07/2020";"07:43:00";"17";"sem vítima";"306.15";"BR-116/SC";"Sul";"Saida de Pista";0;0;1;0;0;0;0;0;0;0;1;0;0;0;0
"11/07/2020";"07:00:00";"68";"sem vítima";"150";"BR-116/PR";"Norte";"Colisão Transversal";2;0;0;0;0;0;0;0;0;0;2;0;0;0;0
"13/07/2020";"08:13:00";"19";"sem vítima";"44.9";"BR-116/SC";"Norte";"Choque - Veiculo parado no acostamento";1;0;0;0;0;0;0;0;0;1;3;0;0;0;0
"13/07/2020";"10:12:00";"33";"com vítima";"202.7";"BR-116/PR";"Norte";"Tombamento";0;0;1;0;0;0;0;0;0;0;0;1;0;0;0
"13/07/2020";"03:41:00";"55";"sem vítima";"153";"BR-116/PR";"Sul";"Colisão Lateral";1;0;1;0;0;0;0;0;0;0;2;0;0;0;0
"13/07/2020";"06:21:00";"72";"sem vítima";"4.4";"BR-116/SC";"Norte";"Colisão Traseira";0;1;0;1;0;0;0;0;0;0;2;0;0;0;0
"14/07/2020";"05:35:00";"18";"sem vítima";"9.8";"BR-116/SC";"Norte";"Colisão Lateral";1;0;0;0;0;1;0;0;0;0;3;0;0;0;0
"14/07/2020";"10:09:00";"40";"sem vítima";"172.6";"BR-116/PR";"Sul";"Colisão Traseira";2;0;0;0;0;0;0;0;0;0;5;0;0;0;0
"14/07/2020";"07:44:00";"110";"com vítima";"5.5";"BR-116/SC";"Norte";"Colisão Lateral";1;1;1;0;0;0;0;0;0;0;2;1;0;0;0
"15/07/2020";"03:23:00";"12";"sem vítima";"144.9";"BR-116/PR";"Sul";"Choque - Objeto sobre a pista";0;0;1;0;0;0;0;0;0;0;1;0;0;0;0
"15/07/2020";"03:24:00";"13";"com vítima";"126";"BR-116/PR";"Norte";"Colisão Transversal";1;0;0;0;0;1;0;0;0;0;1;1;0;0;0
"15/07/2020";"06:51:00";"22";"sem vítima";"119.92";"BR-116/PR";"Norte";"Engavetamento";2;0;0;0;0;0;0;0;0;1;3;0;0;0;0
"15/07/2020";"07:22:00";"26";"com vítima";"124";"BR-116/PR";"Norte";"Colisão Traseira";1;0;0;1;0;0;0;0;0;0;1;1;0;0;0
"15/07/2020";"11:16:00";"50";"com vítima";"119";"BR-116/PR";"Norte";"Colisão Traseira";1;0;0;1;0;0;0;0;0;0;1;1;0;0;0
"15/07/2020";"03:35:00";"72";"com vítima";"115";"BR-116/PR";"Sul";"Colisão Traseira";0;0;1;1;0;0;0;0;0;0;1;1;0;0;0
"16/07/2020";"12:05:00";"43";"sem vítima";"81.4";"BR-116/SC";"Sul";"Choque - Veiculo parado na pista";1;0;1;0;0;0;0;0;0;0;3;0;0;0;0
"16/07/2020";"03:46:00";"68";"sem vítima";"116";"BR-116/PR";"Sul";"Saida de Pista";1;0;0;0;0;0;0;0;0;0;1;0;0;0;0
"16/07/2020";"06:14:00";"88";"sem vítima";"135";"BR-116/PR";"Norte";"Capotamento";1;0;0;0;0;0;0;0;0;0;1;0;0;0;0
"16/07/2020";"06:18:00";"89";"sem vítima";"247.8";"BR-116/SC";"Norte";"Colisão Transversal";2;0;0;0;0;0;0;0;0;0;2;0;0;0;0
"16/07/2020";"06:23:00";"90";"sem vítima";"135";"BR-116/PR";"Norte";"Colisão Traseira";2;0;0;0;0;0;0;0;0;0;2;0;0;0;0
"16/07/2020";"06:35:00";"93";"com vítima";"145";"BR-116/PR";"Sul";"Colisão Transversal";0;0;0;1;0;1;0;0;0;0;1;1;0;0;0
"17/07/2020";"03:16:00";"13";"sem vítima";"219.28";"BR-116/SC";"Sul";"Choque - Suporte de Sinalização";1;0;0;0;0;0;0;0;0;0;1;0;0;0;0
"17/07/2020";"06:45:00";"18";"sem vítima";"150";"BR-116/PR";"Sul";"Colisão Lateral";0;0;1;0;0;1;0;0;0;0;2;0;0;0;0
"17/07/2020";"07:06:00";"21";"sem vítima";"120.5";"BR-116/PR";"Norte";"Colisão Lateral";1;0;0;0;1;0;0;0;0;0;2;0;0;0;0
"17/07/2020";"01:24:00";"60";"sem vítima";"183";"BR-116/PR";"Norte";"Colisão Lateral";0;0;1;0;0;0;0;0;0;1;4;0;0;0;0
"17/07/2020";"01:41:00";"61";"sem vítima";"11.2";"BR-116/SC";"Norte";"Colisão Lateral";1;0;1;0;0;0;0;0;0;0;2;0;0;0;0
"17/07/2020";"05:50:00";"77";"com vítima";"191";"BR-116/PR";"Norte";"Colisão Traseira";0;0;0;2;0;0;0;0;0;0;5;1;0;0;0
"17/07/2020";"06:06:00";"82";"sem vítima";"121.3";"BR-116/PR";"Sul";"Colisão Traseira";0;0;0;0;0;2;0;0;0;0;2;0;0;0;0
"17/07/2020";"07:11:00";"85";"sem vítima";"3.9";"BR-116/SC";"Norte";"Capotamento";0;0;0;0;0;1;0;0;0;0;1;0;0;0;0
"17/07/2020";"08:54:00";"93";"sem vítima";"26.5";"BR-116/SC";"Norte";"Choque - Talude";0;0;1;0;0;0;0;0;0;0;2;0;0;0;0
"18/07/2020";"05:18:00";"5";"sem vítima";"173.7";"BR-116/SC";"Norte";"Tombamento";0;0;1;0;0;0;0;0;0;0;1;0;0;0;0
"18/07/2020";"08:56:00";"19";"sem vítima";"116.7";"BR-116/SC";"Sul";"Choque - Talude";1;0;0;0;0;0;0;0;0;0;1;0;0;0;0
"18/07/2020";"09:44:00";"26";"com vítima";"59.5";"BR-116/SC";"Sul";"Colisão Transversal";1;0;0;1;0;0;0;0;0;0;1;1;0;0;0
"19/07/2020";"11:07:00";"32";"sem vítima";"160";"BR-116/PR";"Sul";"Saida de Pista";1;0;0;0;0;0;0;0;0;0;1;0;0;0;0
"19/07/2020";"12:12:00";"36";"sem vítima";"125";"BR-116/PR";"Norte";"Colisão Lateral";1;0;1;0;0;0;0;0;0;0;2;0;0;0;0
"19/07/2020";"01:27:00";"40";"sem vítima";"119";"BR-116/PR";"Norte";"Choque - Poste";1;0;0;0;0;0;0;0;0;0;1;0;0;0;0
"19/07/2020";"04:28:00";"53";"com vítima";"146";"BR-116/PR";"Sul";"Colisão Transversal";2;0;0;0;0;0;0;0;0;0;2;1;0;0;0
"19/07/2020";"06:38:00";"65";"com vítima";"129.6";"BR-116/PR";"Sul";"Choque - Elemento de Drenagem";0;0;0;1;0;0;0;0;0;0;0;1;0;0;0
"19/07/2020";"07:23:00";"67";"sem vítima";"127";"BR-116/PR";"Norte";"Colisão Traseira";2;0;0;0;0;0;0;0;0;0;2;0;0;0;0
"20/07/2020";"06:41:00";"9";"sem vítima";"120.5";"BR-116/PR";"Norte";"Engavetamento";2;0;0;0;0;1;0;0;0;0;3;0;0;0;0
"20/07/2020";"08:56:00";"19";"sem vítima";"152";"BR-116/PR";"Sul";"Colisão Transversal";0;0;2;0;0;0;0;0;0;0;2;0;0;0;0
"20/07/2020";"07:15:00";"85";"sem vítima";"240.05";"BR-116/SC";"Sul";"Capotamento";1;0;0;0;0;0;0;0;0;0;1;0;0;0;0
"20/07/2020";"07:39:00";"86";"sem vítima";"121.5";"BR-116/PR";"Sul";"Colisão Traseira";2;0;0;0;0;0;0;0;0;0;1;0;0;0;0
"21/07/2020";"06:19:00";"85";"sem vítima";"122.6";"BR-116/PR";"Norte";"Engavetamento";3;0;0;0;0;0;0;0;0;0;3;0;0;0;0
"21/07/2020";"07:57:00";"93";"com vítima";"107.8";"BR-116/SC";"Norte";"Colisão Frontal";0;0;1;0;0;0;0;0;0;1;2;2;0;0;0
"22/07/2020";"08:09:00";"93";"sem vítima";"143.85";"BR-116/SC";"Norte";"Tombamento";0;0;1;0;0;0;0;0;0;0;1;0;0;0;0
"22/07/2020";"09:06:00";"96";"com vítima";"121.5";"BR-116/PR";"Norte";"Atropelamento - Ciclista";0;3;0;1;0;0;0;0;0;0;3;2;0;0;0
"23/07/2020";"06:04:00";"79";"sem vítima";"119";"BR-116/PR";"Sul";"Colisão Traseira";1;0;0;0;0;0;0;0;0;1;2;0;0;0;0
"25/07/2020";"02:17:00";"8";"sem vítima";"140";"BR-116/SC";"Sul";"Choque - Elemento de Drenagem";1;0;0;0;0;0;0;0;0;0;1;0;0;0;0
"25/07/2020";"10:08:00";"24";"com vítima";"164.3";"BR-116/PR";"Norte";"Colisão Frontal";2;0;0;0;0;0;0;0;0;0;0;0;0;3;0
"26/07/2020";"08:14:00";"14";"sem vítima";"119";"BR-116/PR";"Norte";"Colisão Lateral";2;0;0;0;0;0;0;0;0;0;2;0;0;0;0
"26/07/2020";"05:51:00";"52";"sem vítima";"162.55";"BR-116/SC";"Sul";"Choque - Talude";1;0;0;0;0;0;0;0;0;0;1;0;0;0;0
"27/07/2020";"06:43:00";"12";"sem vítima";"49";"BR-116/SC";"Sul";"Colisão Traseira";0;0;2;0;0;0;0;0;0;0;2;0;0;0;0
"27/07/2020";"06:44:00";"83";"com vítima";"9.535";"BR-116/SC";"Sul";"Colisão Transversal";2;0;0;0;0;0;0;0;0;0;1;1;0;0;0
"28/07/2020";"03:56:00";"66";"sem vítima";"5.6";"BR-116/SC";"Norte";"Colisão Transversal";1;0;1;0;0;0;0;0;0;0;2;0;0;0;0
"28/07/2020";"06:31:00";"79";"sem vítima";"119.5";"BR-116/PR";"Sul";"Colisão Traseira";2;0;0;0;0;0;0;0;0;0;2;0;0;0;0
"28/07/2020";"08:42:00";"86";"sem vítima";"107.6";"BR-116/SC";"Sul";"Choque - Talude";0;0;1;0;0;0;0;0;0;0;1;0;0;0;0
"28/07/2020";"10:59:00";"91";"sem vítima";"125";"BR-116/PR";"Norte";"Capotamento";1;0;0;0;0;0;0;0;0;0;1;0;0;0;0
"29/07/2020";"02:06:00";"5";"sem vítima";"162.8";"BR-116/SC";"Sul";"Tombamento";0;0;1;0;0;0;0;0;0;0;1;0;0;0;0
"29/07/2020";"11:26:00";"39";"sem vítima";"84.2";"BR-116/SC";"Norte";"Colisão Traseira";2;0;0;0;0;0;0;0;0;0;3;0;0;0;0
"30/07/2020";"06:46:00";"15";"com vítima";"125.9";"BR-116/PR";"Norte";"Colisão Lateral";1;0;0;1;0;0;0;0;0;0;1;1;0;0;0
"30/07/2020";"03:36:00";"68";"sem vítima";"192.4";"BR-116/PR";"Norte";"Colisão Traseira";0;0;2;0;0;0;0;0;0;0;2;0;0;0;0
"30/07/2020";"07:12:00";"94";"sem vítima";"120";"BR-116/PR";"Sul";"Engavetamento";2;0;0;0;0;0;0;0;0;2;4;0;0;0;0
"31/07/2020";"07:38:00";"13";"sem vítima";"122.7";"BR-116/PR";"Norte";"Tombamento";0;0;1;0;0;0;0;0;0;0;1;0;0;0;0
"31/07/2020";"09:34:00";"25";"com vítima";"139";"BR-116/PR";"Norte";"Colisão Lateral";1;0;1;0;0;0;0;0;0;0;1;1;0;0;0
"01/08/2020";"02:48:00";"51";"3 - Aciden";"119.23";"BR-116/PR";"Sul";"Engavetamento";4;0;0;0;0;0;0;0;0;0;4;0;0;0;0
"01/08/2020";"04:18:00";"64";"2 - Aciden";"37.6";"BR-116/SC";"Sul";"Choque - Talude";1;0;0;0;0;0;0;0;0;0;0;1;0;0;0
"01/08/2020";"06:59:00";"78";"3 - Aciden";"161.68";"BR-116/PR";"Sul";"Colisão Lateral";2;0;0;0;0;0;0;0;0;0;2;0;0;0;0
"02/08/2020";"03:40:00";"14";"3 - Aciden";"124.9";"BR-116/SC";"Sul";"Choque - Talude";1;0;0;0;0;0;0;0;0;0;1;0;0;0;0
"03/08/2020";"11:12:00";"46";"2 - Aciden";"157";"BR-116/PR";"Norte";"Colisão Transversal";2;0;0;0;0;0;0;0;0;0;2;1;0;0;0
"03/08/2020";"06:03:00";"73";"3 - Aciden";"123.4";"BR-116/PR";"Sul";"Colisão Lateral";1;0;0;1;0;0;0;0;0;0;2;0;0;0;0
"03/08/2020";"07:38:00";"84";"3 - Aciden";"122";"BR-116/PR";"Sul";"Engavetamento";5;0;1;0;0;0;0;0;0;0;6;0;0;0;0
"04/08/2020";"10:33:00";"101";"3 - Aciden";"130.8";"BR-116/PR";"Sul";"Colisão Lateral";2;0;0;0;0;0;0;0;0;0;2;0;0;0;0