data;horario;n_da_ocorrencia;tipo_de_ocorrencia;km;trecho;sentido;tipo_de_acidente;automovel;bicicleta;caminhao;moto;onibus;outros;tracao_animal;transporte_de_cargas_especiais;trator_maquinas;utilitarios;ilesos;levemente_feridos;moderadamente_feridos;gravemente_feridos;mortos
"05/08/2020";"02:10:00";"52";"3 - Aciden";"2.1";"BR-116/SC";"Norte";"Colisão Traseira";0;0;1;0;0;0;0;0;0;1;2;0;0;0;0
"06/08/2020";"03:28:00";"8";"3 - Aciden";"107.7";"BR-116/SC";"Norte";"Capotamento";0;0;1;0;0;0;0;0;0;0;1;0;0;0;0
"06/08/2020";"08:17:00";"22";"3 - Aciden";"115.001";"BR-116/PR";"Norte";"Colisão Lateral";0;0;1;0;0;0;0;0;0;1;2;0;0;0;0
"06/08/2020";"08:47:00";"24";"3 - Aciden";"115";"BR-116/PR";"Norte";"Colisão Lateral";1;0;1;0;0;0;0;0;0;0;3;0;0;0;0
"06/08/2020";"03:04:00";"78";"3 - Aciden";"246.5";"BR-116/SC";"Norte";"Colisão Lateral";1;0;1;0;0;0;0;0;0;0;2;0;0;0;0
"07/08/2020";"10:29:00";"23";"2 - Aciden";"172";"BR-116/SC";"Sul";"Colisão Traseira";2;0;0;0;0;1;0;0;0;0;5;2;0;0;0
"07/08/2020";"04:34:00";"49";"3 - Aciden";"209";"BR-116/PR";"Sul";"Colisão Traseira";1;0;1;0;0;0;0;0;0;0;2;0;0;0;0
"07/08/2020";"06:20:00";"55";"3 - Aciden";"121";"BR-116/PR";"Sul";"Engavetamento";3;0;0;0;0;0;0;0;0;0;3;0;0;0;0
"07/08/2020";"07:37:00";"66";"3 - Aciden";"116.5";"BR-116/PR";"Sul";"Colisão Lateral";0;0;0;1;0;0;0;0;0;1;2;0;0;0;0
"07/08/2020";"08:17:00";"71";"3 - Aciden";"118";"BR-116/PR";"Sul";"Engavetamento";3;0;0;0;0;0;0;0;0;0;3;0;0;0;0
"07/08/2020";"10:35:00";"77";"2 - Aciden";"145";"BR-116/PR";"Sul";"Colisão Traseira";0;0;2;0;0;0;0;0;0;0;1;1;0;0;0
"08/08/2020";"03:05:00";"44";"3 - Aciden";"116";"BR-116/PR";"Norte";"Colisão Traseira";1;0;0;1;0;0;0;0;0;0;2;0;0;0;0
"08/08/2020";"09:35:00";"84";"3 - Aciden";"154.6";"BR-116/SC";"Sul";"Choque - Defensa, barreira ou "submarino"";0;0;0;0;0;0;0;0;0;1;2;0;0;0;0
"09/08/2020";"04:12:00";"35";"3 - Aciden";"129";"BR-116/PR";"Norte";"Choque - Elemento de Drenagem";2;0;0;0;0;0;0;0;0;0;2;0;0;0;0
"09/08/2020";"06:35:00";"51";"3 - Aciden";"264.5";"BR-116/SC";"Sul";"Colisão Lateral";1;0;1;0;0;0;0;0;0;0;2;0;0;0;0
"10/08/2020";"08:10:00";"21";"2 - Aciden";"124.4";"BR-116/PR";"Norte";"Colisão Lateral";1;0;0;1;0;0;0;0;0;0;1;1;0;0;0
"11/08/2020";"01:50:00";"6";"3 - Aciden";"130.6";"BR-116/PR";"Sul";"Colisão Lateral";0;0;2;0;0;0;0;0;0;0;2;0;0;0;0
"11/08/2020";"07:52:00";"20";"2 - Aciden";"116.2";"BR-116/PR";"Norte";"Colisão Transversal";2;0;0;0;0;0;0;0;0;0;1;1;0;0;0
"11/08/2020";"04:09:00";"78";"2 - Aciden";"221.1";"BR-116/SC";"Sul";"Colisão Transversal";2;0;0;0;0;0;0;0;0;0;2;1;0;0;0
"11/08/2020";"07:33:00";"101";"3 - Aciden";"124";"BR-116/PR";"Sul";"Colisão Traseira";1;0;0;0;0;0;0;0;0;1;2;0;0;0;0
"11/08/2020";"09:06:00";"105";"2 - Aciden";"245";"BR-116/SC";"Sul";"Colisão Transversal";0;0;0;1;0;0;0;0;0;1;2;1;0;0;0
"12/08/2020";"09:25:00";"30";"2 - Aciden";"246.7";"BR-116/SC";"Norte";"Colisão Transversal";2;0;0;0;0;0;0;0;0;0;1;2;0;0;0
"12/08/2020";"02:12:00";"59";"2 - Aciden";"76";"BR-116/SC";"Norte";"Colisão Traseira";0;0;1;1;0;0;0;0;0;0;1;0;0;1;0
"12/08/2020";"05:21:00";"76";"2 - Aciden";"210.8";"BR-116/PR";"Sul";"Colisão Transversal";1;0;1;0;0;0;0;0;0;0;1;0;0;1;0
"12/08/2020";"07:04:00";"82";"2 - Aciden";"184.55";"BR-116/PR";"Norte";"Colisão Traseira";1;0;0;1;0;0;0;0;0;0;1;1;0;0;0
"12/08/2020";"11:05:00";"92";"3 - Aciden";"194";"BR-116/PR";"Sul";"Colisão Frontal";1;0;1;0;0;0;0;0;0;0;3;0;0;0;0
"13/08/2020";"07:32:00";"17";"3 - Aciden";"149.7";"BR-116/SC";"Norte";"Choque - Talude";1;0;0;0;0;0;0;0;0;0;1;0;0;0;0
"13/08/2020";"08:24:00";"25";"2 - Aciden";"116.95";"BR-116/PR";"Norte";"Colisão Lateral";0;0;0;1;0;1;0;0;0;0;1;1;0;0;0
"13/08/2020";"09:09:00";"32";"3 - Aciden";"108";"BR-116/SC";"Norte";"Tombamento";0;0;1;0;0;0;0;0;0;0;1;0;0;0;0
"13/08/2020";"11:39:00";"50";"3 - Aciden";"175";"BR-116/SC";"Sul";"Tombamento";0;0;1;0;0;0;0;0;0;0;1;0;0;0;0
"13/08/2020";"12:15:00";"52";"2 - Aciden";"113.9";"BR-116/SC";"Norte";"Engavetamento";0;0;2;0;0;0;0;0;0;1;2;2;0;0;0
"13/08/2020";"12:37:00";"57";"3 - Aciden";"153.3";"BR-116/PR";"Norte";"Colisão Transversal";0;0;1;0;0;1;0;0;0;0;2;0;0;0;0
"13/08/2020";"02:23:00";"63";"3 - Aciden";"183";"BR-116/SC";"Sul";"Saida de Pista";1;0;0;0;0;1;0;0;0;0;3;0;0;0;0
"13/08/2020";"08:36:00";"97";"3 - Aciden";"214.5";"BR-116/SC";"Sul";"Choque - Talude";0;0;1;0;0;1;0;0;0;0;2;0;0;0;0
"13/08/2020";"11:41:00";"102";"3 - Aciden";"152.5";"BR-116/PR";"Sul";"Saida de Pista";1;0;0;0;0;0;0;0;0;0;1;0;0;0;0
"14/08/2020";"05:28:00";"75";"3 - Aciden";"117.05";"BR-116/PR";"Sul";"Colisão Traseira";1;0;0;1;0;0;0;0;0;0;2;0;0;0;0
"14/08/2020";"06:38:00";"83";"3 - Aciden";"121.8";"BR-116/PR";"Sul";"Engavetamento";4;0;0;0;0;0;0;0;0;0;4;0;0;0;0
"15/08/2020";"02:18:00";"60";"3 - Aciden";"118.6";"BR-116/PR";"Norte";"Choque - Talude";0;0;1;0;0;0;0;0;0;0;1;0;0;0;0
"16/08/2020";"12:00:00";"1";"3 - Aciden";"124.95";"BR-116/PR";"Sul";"Choque - Defensa, barreira ou "submarino"";1;0;0;0;0;0;0;0;0;0;1;0;0;0;0
"16/08/2020";"04:25:00";"8";"3 - Aciden";"121.2";"BR-116/PR";"Norte";"Choque - Defensa, barreira ou "submarino"";1;0;0;0;0;0;0;0;0;0;1;0;0;0;0
"17/08/2020";"07:47:00";"21";"3 - Aciden";"172.6";"BR-116/PR";"Sul";"Saida de Pista";1;0;0;0;0;0;0;0;0;0;1;0;0;0;0
"18/08/2020";"06:37:00";"12";"3 - Aciden";"136.2";"BR-116/PR";"Norte";"Tombamento";0;0;1;0;0;0;0;0;0;0;1;0;0;0;0
"18/08/2020";"03:41:00";"61";"2 - Aciden";"5.5";"BR-116/SC";"Norte";"Colisão Transversal";2;0;0;0;0;0;0;0;0;0;2;1;0;0;0
"18/08/2020";"04:49:00";"65";"2 - Aciden";"308.9";"BR-116/SC";"Sul";"Tombamento";0;0;1;0;0;0;0;0;0;0;0;1;0;0;0
"19/08/2020";"04:58:00";"49";"3 - Aciden";"129";"BR-116/SC";"Sul";"Colisão Lateral";1;0;1;0;0;0;0;0;0;0;2;0;0;0;0
"20/08/2020";"10:06:00";"37";"3 - Aciden";"149.3";"BR-116/SC";"Sul";"Choque - Talude";1;0;0;0;0;0;0;0;0;0;2;0;0;0;0
"20/08/2020";"06:18:00";"88";"3 - Aciden";"115.6";"BR-116/PR";"Norte";"Colisão Traseira";1;0;1;0;0;0;0;0;0;0;2;0;0;0;0
"20/08/2020";"07:08:00";"94";"3 - Aciden";"152.7";"BR-116/PR";"Norte";"Colisão Transversal";2;0;0;0;0;0;0;0;0;0;2;0;0;0;0
"20/08/2020";"07:33:00";"99";"3 - Aciden";"121.8";"BR-116/PR";"Sul";"Colisão Traseira";2;0;0;0;0;0;0;0;0;0;2;0;0;0;0
"20/08/2020";"11:11:00";"111";"3 - Aciden";"137.8";"BR-116/PR";"Norte";"Choque - Defensa, barreira ou "submarino"";0;0;0;0;0;0;0;0;0;1;1;0;0;0;0
"21/08/2020";"11:10:00";"52";"3 - Aciden";"107.9";"BR-116/SC";"Sul";"Colisão Traseira";0;0;1;0;0;1;0;0;0;0;2;0;0;0;0
"21/08/2020";"04:56:00";"95";"3 - Aciden";"231.4";"BR-116/SC";"Sul";"Objeto lançado contra veículo";1;0;1;0;0;0;0;0;0;0;2;0;0;0;0
"21/08/2020";"07:04:00";"115";"3 - Aciden";"116.6";"BR-116/PR";"Sul";"Colisão Traseira";2;0;0;0;0;3;0;0;0;0;5;0;0;0;0
"23/08/2020";"11:39:00";"35";"3 - Aciden";"179.7";"BR-116/SC";"Norte";"Colisão Traseira";1;0;1;0;0;0;0;0;0;0;2;0;0;0;0
"24/08/2020";"05:13:00";"13";"3 - Aciden";"152.6";"BR-116/PR";"Sul";"Colisão Transversal";1;0;0;1;0;0;0;0;0;0;2;0;0;0;0
"24/08/2020";"01:53:00";"43";"3 - Aciden";"8";"BR-116/SC";"Sul";"Colisão Lateral";1;0;1;0;0;0;0;0;0;0;2;0;0;0;0
"24/08/2020";"05:34:00";"61";"2 - Aciden";"241.9";"BR-116/SC";"Sul";"Tombamento";0;0;1;0;0;0;0;0;0;0;0;2;0;0;0
"25/08/2020";"10:20:00";"25";"3 - Aciden";"138";"BR-116/PR";"Sul";"Colisão Transversal";2;0;1;0;0;0;0;0;0;0;3;0;0;0;0
"25/08/2020";"11:14:00";"32";"2 - Aciden";"135";"BR-116/PR";"Sul";"Colisão Frontal";1;0;1;0;0;0;0;0;0;0;1;0;0;1;0
"25/08/2020";"05:00:00";"72";"3 - Aciden";"147";"BR-116/PR";"Norte";"Colisão Lateral";2;0;1;0;0;0;0;0;0;0;3;0;0;0;0
"25/08/2020";"05:54:00";"77";"3 - Aciden";"184.6";"BR-116/SC";"Sul";"Tombamento";0;0;1;0;0;0;0;0;0;0;1;0;0;0;0
"25/08/2020";"07:22:00";"80";"2 - Aciden";"54.8";"BR-116/SC";"Sul";"Engavetamento";0;0;2;0;0;0;0;0;0;1;3;0;0;1;0
"26/08/2020";"04:20:00";"8";"3 - Aciden";"193.9";"BR-116/PR";"Norte";"Choque - Arvore";0;0;1;0;0;0;0;0;0;0;1;0;0;0;0
"26/08/2020";"09:33:00";"35";"3 - Aciden";"64";"BR-116/SC";"Norte";"Colisão Traseira";1;0;1;0;0;0;0;0;0;0;2;0;0;0;0
"26/08/2020";"05:28:00";"82";"3 - Aciden";"12";"BR-116/SC";"Sul";"Colisão Transversal";2;0;0;0;0;0;0;0;0;0;2;0;0;0;0
"26/08/2020";"06:52:00";"89";"2 - Aciden";"115";"BR-116/SC";"Norte";"Tombamento";0;0;1;0;0;0;0;0;0;0;0;1;0;0;0
"26/08/2020";"07:06:00";"90";"2 - Aciden";"170";"BR-116/SC";"Sul";"Atropelamento - Outros";0;0;0;0;0;1;0;0;0;0;1;1;0;0;0
"27/08/2020";"12:14:00";"65";"3 - Aciden";"164.5";"BR-116/PR";"Sul";"Colisão Transversal";2;0;0;0;0;0;0;0;0;0;2;0;0;0;0
"27/08/2020";"11:18:00";"112";"2 - Aciden";"211.75";"BR-116/SC";"Sul";"Tombamento";0;0;1;0;0;0;0;0;0;0;0;1;0;0;0
"27/08/2020";"11:57:00";"115";"1 - Aciden";"179.6";"BR-116/SC";"Norte";"Colisão Frontal";1;0;1;0;0;0;0;0;0;0;1;0;0;0;3
"28/08/2020";"12:17:00";"62";"3 - Aciden";"69";"BR-116/SC";"Sul";"Colisão Traseira";2;0;0;0;0;0;0;0;0;0;2;0;0;0;0
"28/08/2020";"03:05:00";"77";"3 - Aciden";"69.7";"BR-116/SC";"Norte";"Engavetamento";2;0;1;0;0;0;0;0;0;0;3;0;0;0;0
"28/08/2020";"06:46:00";"101";"3 - Aciden";"145.7";"BR-116/PR";"Sul";"Colisão Traseira";2;0;0;0;0;1;0;0;0;0;3;0;0;0;0
"28/08/2020";"10:55:00";"119";"3 - Aciden";"165";"BR-116/PR";"Sul";"Saida de Pista";1;0;0;0;0;0;0;0;0;0;1;0;0;0;0
"29/08/2020";"10:27:00";"30";"2 - Aciden";"115";"BR-116/PR";"Sul";"Colisão Traseira";1;0;0;1;0;0;0;0;0;0;1;1;0;0;0
"29/08/2020";"10:41:00";"35";"2 - Aciden";"7";"BR-116/SC";"Norte";"Colisão Transversal";2;0;0;0;0;0;0;0;0;0;4;1;0;0;0
"30/08/2020";"09:36:00";"17";"3 - Aciden";"309";"BR-116/SC";"Norte";"Tombamento";0;0;1;0;0;0;0;0;0;0;1;0;0;0;0
"30/08/2020";"05:32:00";"51";"2 - Aciden";"153.6";"BR-116/PR";"Norte";"Colisão Transversal";1;0;0;1;0;0;0;0;0;0;1;0;0;1;0
"30/08/2020";"06:44:00";"60";"2 - Aciden";"140.08";"BR-116/PR";"Sul";"Capotamento";1;0;0;0;0;0;0;0;0;0;0;1;0;0;0
"31/08/2020";"05:19:00";"9";"1 - Aciden";"270.98";"BR-116/SC";"Norte";"Colisão Frontal";1;0;1;0;0;0;0;0;0;0;1;0;0;0;1
"31/08/2020";"01:08:00";"47";"3 - Aciden";"166.1";"BR-116/PR";"Norte";"Colisão Transversal";2;0;0;0;0;0;0;0;0;0;2;0;0;0;0
"31/08/2020";"03:51:00";"66";"3 - Aciden";"191.5";"BR-116/PR";"Norte";"Colisão Traseira";1;0;1;0;0;0;0;0;0;0;2;0;0;0;0
"31/08/2020";"06:20:00";"83";"3 - Aciden";"120.95";"BR-116/PR";"Norte";"Colisão Lateral";1;0;1;0;0;0;0;0;0;0;2;0;0;0;0
"01/09/2020";"12:32:00";"2";"3 - Aciden";"152.65";"BR-116/PR";"Sul";"Colisão Lateral";1;0;0;0;0;1;0;0;0;0;2;0;0;0;0
"01/09/2020";"09:53:00";"27";"3 - Aciden";"134.6";"BR-116/PR";"Norte";"Choque - Veiculo parado na pista";1;0;1;0;0;0;0;0;0;0;2;0;0;0;0
"01/09/2020";"09:27:00";"99";"3 - Aciden";"143.45";"BR-116/PR";"Sul";"Choque - Elemento de Drenagem";1;0;0;0;0;0;0;0;0;0;1;0;0;0;0
"02/09/2020";"07:09:00";"16";"3 - Aciden";"116";"BR-116/PR";"Norte";"Colisão Lateral";1;0;0;1;0;0;0;0;0;0;2;0;0;0;0
"02/09/2020";"07:42:00";"17";"2 - Aciden";"124";"BR-116/PR";"Norte";"Colisão Lateral";1;0;0;1;0;0;0;0;0;0;1;1;0;0;0
"02/09/2020";"04:29:00";"75";"3 - Aciden";"138.87";"BR-116/PR";"Sul";"Colisão Traseira";1;0;0;0;1;0;0;0;0;0;2;0;0;0;0
"02/09/2020";"06:24:00";"83";"2 - Aciden";"121.86";"BR-116/PR";"Sul";"Engavetamento";1;0;0;1;0;0;0;0;0;0;1;1;0;0;0
"03/09/2020";"11:12:00";"101";"3 - Aciden";"50.6";"BR-116/SC";"Norte";"Atropelamento de Animal";1;0;0;0;0;0;0;0;0;0;1;0;0;0;0
"04/09/2020";"08:05:00";"27";"2 - Aciden";"121.7";"BR-116/PR";"Norte";"Colisão Lateral";1;0;0;1;0;0;0;0;0;0;1;1;0;0;0
"04/09/2020";"03:24:00";"68";"2 - Aciden";"117";"BR-116/PR";"Norte";"Atropelamento - Outros";1;0;0;0;0;0;0;0;0;0;1;0;0;1;0
"04/09/2020";"05:32:00";"80";"3 - Aciden";"189";"BR-116/SC";"Sul";"Colisão Lateral";0;0;2;0;0;0;0;0;0;0;2;0;0;0;0
"04/09/2020";"08:19:00";"99";"2 - Aciden";"85.9";"BR-116/SC";"Sul";"Colisão Transversal";1;0;1;0;0;0;0;0;0;0;2;0;0;1;0
"04/09/2020";"08:29:00";"101";"2 - Aciden";"209";"BR-116/PR";"Norte";"Colisão Transversal";1;0;0;1;0;0;0;0;0;0;1;0;0;1;0
"05/09/2020";"06:45:00";"18";"3 - Aciden";"130";"BR-116/PR";"Sul";"Queda de Moto";0;0;0;1;0;0;0;0;0;0;1;0;0;0;0
"05/09/2020";"09:55:00";"27";"2 - Aciden";"0.3";"BR-116/SC";"Sul";"Choque - Defensa, barreira ou "submarino"";1;0;0;0;0;0;0;0;0;0;0;2;0;0;0
"05/09/2020";"04:30:00";"68";"3 - Aciden";"150";"BR-116/PR";"Norte";"Colisão Traseira";1;0;0;0;0;0;0;0;0;1;2;0;0;0;0
"06/09/2020";"05:10:00";"7";"3 - Aciden";"205.15";"BR-116/PR";"Norte";"Choque - Suporte de Sinalização";1;0;0;0;0;0;0;0;0;0;1;0;0;0;0
"06/09/2020";"07:13:00";"58";"3 - Aciden";"132";"BR-116/SC";"Sul";"Atropelamento de Animal";0;0;0;1;0;0;0;0;0;0;1;0;0;0;0
"07/09/2020";"07:02:00";"59";"2 - Aciden";"115.4";"BR-116/PR";"Sul";"Colisão Traseira";1;0;0;1;0;0;0;0;0;0;1;2;0;0;0
"08/09/2020";"01:01:00";"3";"3 - Aciden";"126.2";"BR-116/PR";"Sul";"Colisão Traseira";2;0;0;0;0;0;0;0;0;0;2;0;0;0;0
"08/09/2020";"05:36:00";"11";"3 - Aciden";"137.8";"BR-116/PR";"Sul";"Atropelamento - Andarilho";1;0;0;0;0;0;0;0;0;0;2;0;0;0;0
"08/09/2020";"12:14:00";"44";"2 - Aciden";"178.9";"BR-116/PR";"Norte";"Colisão Traseira";3;0;0;0;0;0;0;0;0;0;6;1;0;0;0
"08/09/2020";"04:26:00";"65";"2 - Aciden";"150.8";"BR-116/PR";"Norte";"Colisão Transversal";2;0;0;0;0;0;0;0;0;0;1;0;0;1;0
"08/09/2020";"06:05:00";"81";"3 - Aciden";"147.7";"BR-116/PR";"Norte";"Colisão Transversal";2;0;0;0;0;0;0;0;0;0;2;0;0;0;0
"09/09/2020";"07:56:00";"25";"2 - Aciden";"271.5";"BR-116/SC";"Norte";"Capotamento";1;0;1;0;0;0;0;0;0;0;1;1;0;0;0
"09/09/2020";"01:55:00";"66";"3 - Aciden";"121";"BR-116/PR";"Sul";"Colisão Lateral";0;0;2;1;0;0;0;0;0;0;3;0;0;0;0
"09/09/2020";"11:59:00";"98";"3 - Aciden";"119.1";"BR-116/PR";"Norte";"Capotamento";1;0;0;0;0;0;0;0;0;0;1;0;0;0;0
"10/09/2020";"09:45:00";"30";"3 - Aciden";"219.3";"BR-116/SC";"Norte";"Colisão Transversal";1;0;1;0;0;0;0;0;0;0;2;0;0;0;0
"10/09/2020";"06:35:00";"74";"2 - Aciden";"135.5";"BR-116/PR";"Norte";"Colisão Lateral";2;0;0;0;0;0;0;0;0;0;2;1;0;0;0
"10/09/2020";"09:34:00";"82";"3 - Aciden";"152.5";"BR-116/PR";"Norte";"Colisão Transversal";1;0;0;0;0;0;0;0;0;1;2;0;0;0;0
"11/09/2020";"05:52:00";"9";"2 - Aciden";"128.1";"BR-116/PR";"Norte";"Colisão Traseira";0;0;0;1;0;1;0;0;0;0;1;0;0;1;0
"11/09/2020";"04:17:00";"89";"3 - Aciden";"159.4";"BR-116/SC";"Norte";"Tombamento";0;0;1;0;0;0;0;0;0;0;1;0;0;0;0
"11/09/2020";"07:47:00";"117";"2 - Aciden";"120.1";"BR-116/PR";"Sul";"Engavetamento";1;0;0;2;0;0;0;0;0;0;1;2;0;0;0
"11/09/2020";"09:16:00";"121";"2 - Aciden";"131.99";"BR-116/PR";"Sul";"Choque - Defensa, barreira ou "submarino"";1;0;0;0;0;0;0;0;0;0;0;1;0;0;0
"12/09/2020";"01:16:00";"6";"2 - Aciden";"135.9";"BR-116/PR";"Sul";"Colisão Frontal";2;0;0;0;0;0;0;0;0;0;0;1;0;1;0
"12/09/2020";"05:38:00";"19";"2 - Aciden";"13.4";"BR-116/SC";"Norte";"Queda de Moto";0;0;0;1;0;0;0;0;0;0;1;1;0;0;0
"12/09/2020";"06:18:00";"21";"3 - Aciden";"140.3";"BR-116/SC";"Norte";"Choque - Defensa, barreira ou "submarino"";1;0;0;0;0;0;0;0;0;0;1;0;0;0;0
"12/09/2020";"07:07:00";"79";"3 - Aciden";"81.001";"BR-116/SC";"Sul";"Colisão Traseira";1;0;1;0;0;0;0;0;0;0;2;0;0;0;0
"12/09/2020";"07:09:00";"80";"2 - Aciden";"173";"BR-116/PR";"Norte";"Colisão Transversal";0;1;0;1;0;0;0;0;0;0;0;1;0;1;0
"13/09/2020";"02:27:00";"7";"3 - Aciden";"129.45";"BR-116/PR";"Sul";"Choque - Defensa, barreira ou "submarino"";1;0;0;0;0;0;0;0;0;0;1;0;0;0;0
"13/09/2020";"09:54:00";"28";"3 - Aciden";"141.5";"BR-116/PR";"Norte";"Colisão Traseira";1;1;0;0;0;0;0;0;0;0;2;0;0;0;0
"13/09/2020";"11:10:00";"36";"3 - Aciden";"52";"BR-116/SC";"Sul";"Colisão Transversal";2;0;0;0;0;0;0;0;0;0;2;0;0;0;0
"13/09/2020";"03:41:00";"51";"3 - Aciden";"12.3";"BR-116/SC";"Norte";"Colisão Transversal";2;0;0;0;0;0;0;0;0;0;4;0;0;0;0
"13/09/2020";"10:23:00";"90";"3 - Aciden";"117";"BR-116/PR";"Norte";"Choque - Defensa, barreira ou "submarino"";0;0;0;0;0;0;0;0;0;1;1;0;0;0;0
"14/09/2020";"12:24:00";"3";"2 - Aciden";"144.5";"BR-116/PR";"Sul";"Queda de Moto";0;0;0;0;0;1;0;0;0;0;0;1;0;0;0
"15/09/2020";"06:44:00";"11";"3 - Aciden";"123";"BR-116/PR";"Norte";"Colisão Traseira";1;0;0;0;0;1;0;0;0;0;2;0;0;0;0
"15/09/2020";"06:45:00";"13";"3 - Aciden";"123";"BR-116/PR";"Norte";"Choque - Veiculo parado na pista";2;0;0;0;0;1;0;0;0;0;3;0;0;0;0
"15/09/2020";"06:20:00";"74";"2 - Aciden";"211.2";"BR-116/SC";"Sul";"Colisão Frontal";1;0;1;0;0;0;0;0;0;0;1;1;0;0;0
"15/09/2020";"06:49:00";"76";"2 - Aciden";"73.73";"BR-116/SC";"Sul";"Colisão Traseira";0;0;1;1;0;1;0;0;0;0;2;0;0;1;0
"15/09/2020";"06:58:00";"77";"2 - Aciden";"210.8";"BR-116/PR";"Sul";"Colisão Transversal";2;0;0;0;0;0;0;0;0;0;2;1;0;0;0
"16/09/2020";"05:52:00";"16";"3 - Aciden";"152";"BR-116/PR";"Norte";"Colisão Transversal";1;0;0;1;0;0;0;0;0;0;2;0;0;0;0
"16/09/2020";"08:15:00";"25";"3 - Aciden";"116.7";"BR-116/PR";"Norte";"Colisão Traseira";1;0;0;1;0;0;0;0;0;0;2;0;0;0;0
"16/09/2020";"08:57:00";"31";"3 - Aciden";"115";"BR-116/PR";"Norte";"Colisão Traseira";0;0;2;0;0;1;0;0;0;0;3;0;0;0;0
"16/09/2020";"12:43:00";"55";"3 - Aciden";"306.4";"BR-116/SC";"Norte";"Choque - Defensa, barreira ou "submarino"";0;0;1;0;0;0;0;0;0;0;1;0;0;0;0
"16/09/2020";"02:10:00";"61";"3 - Aciden";"79.8";"BR-116/SC";"Sul";"Choque - Arvore";1;0;0;0;0;0;0;0;0;0;2;0;0;0;0
"16/09/2020";"02:51:00";"68";"3 - Aciden";"143";"BR-116/PR";"Sul";"Saida de Pista";1;0;0;0;0;1;0;0;0;0;3;0;0;0;0
"16/09/2020";"06:44:00";"93";"2 - Aciden";"132.2";"BR-116/PR";"Sul";"Colisão Lateral";0;1;0;1;0;0;0;0;0;0;1;1;0;0;0
"18/09/2020";"11:13:00";"41";"3 - Aciden";"140";"BR-116/PR";"Norte";"Colisão Lateral";0;0;1;0;0;1;0;0;0;0;2;0;0;0;0
"18/09/2020";"01:15:00";"52";"3 - Aciden";"160";"BR-116/PR";"Sul";"Choque - Veiculo parado na pista";1;0;1;0;0;0;0;0;0;0;2;0;0;0;0
"18/09/2020";"07:21:00";"92";"2 - Aciden";"184.6";"BR-116/SC";"Sul";"Colisão Transversal";1;0;1;0;0;0;0;0;0;0;1;1;0;0;0
"19/09/2020";"07:08:00";"9";"2 - Aciden";"124.5";"BR-116/PR";"Sul";"Capotamento";1;0;0;0;0;0;0;0;0;0;0;1;0;0;0
"19/09/2020";"10:18:00";"18";"2 - Aciden";"0.5";"BR-116/SC";"Sul";"Colisão Lateral";1;0;0;1;0;0;0;0;0;0;1;2;0;0;0
"19/09/2020";"01:14:00";"28";"3 - Aciden";"125.1";"BR-116/PR";"Sul";"Colisão Lateral";1;0;1;0;0;0;0;0;0;0;3;0;0;0;0
"19/09/2020";"06:21:00";"54";"3 - Aciden";"126";"BR-116/PR";"Sul";"Colisão Traseira";2;0;0;0;0;0;0;0;0;0;2;0;0;0;0
"19/09/2020";"06:26:00";"55";"2 - Aciden";"236";"BR-116/SC";"Sul";"Queda de Moto";0;0;0;1;0;0;0;0;0;0;0;1;0;0;0
"19/09/2020";"09:07:00";"62";"2 - Aciden";"59.65";"BR-116/SC";"Sul";"Choque - Talude";1;0;0;0;0;0;0;0;0;0;0;1;0;0;0
"20/09/2020";"04:29:00";"50";"2 - Aciden";"245.6";"BR-116/SC";"Norte";"Colisão Transversal";1;0;0;1;0;0;0;0;0;0;3;1;0;0;0
"21/09/2020";"03:37:00";"9";"3 - Aciden";"149.5";"BR-116/SC";"Sul";"Tombamento";0;0;1;0;0;0;0;0;0;0;1;0;0;0;0
"21/09/2020";"09:09:00";"34";"3 - Aciden";"139.1";"BR-116/SC";"Sul";"Colisão Transversal";1;0;0;0;0;0;0;0;0;1;2;0;0;0;0
"21/09/2020";"04:21:00";"77";"3 - Aciden";"204";"BR-116/SC";"Norte";"Colisão Lateral";1;0;0;0;0;1;0;0;0;0;2;0;0;0;0
"21/09/2020";"11:33:00";"107";"2 - Aciden";"125";"BR-116/PR";"Norte";"Engavetamento";3;0;1;0;0;0;0;0;0;0;3;1;0;0;0
"22/09/2020";"11:50:00";"40";"3 - Aciden";"184.6";"BR-116/SC";"Sul";"Choque - Outros";1;0;0;0;0;0;0;0;0;0;1;0;0;0;0
"22/09/2020";"04:26:00";"61";"3 - Aciden";"2";"BR-116/SC";"Norte";"Colisão Traseira";0;0;0;0;0;0;0;0;0;2;5;0;0;0;0
"23/09/2020";"03:12:00";"62";"3 - Aciden";"184.4";"BR-116/SC";"Sul";"Choque - Outros";1;0;0;0;0;0;0;0;0;0;1;0;0;0;0
"24/09/2020";"04:24:00";"9";"3 - Aciden";"120.75";"BR-116/PR";"Norte";"Colisão Traseira";2;0;0;0;0;0;0;0;0;0;2;0;0;0;0
"24/09/2020";"01:31:00";"66";"3 - Aciden";"56";"BR-116/SC";"Sul";"Colisão Lateral";1;0;0;0;0;0;0;0;0;1;2;0;0;0;0
"25/09/2020";"06:52:00";"14";"2 - Aciden";"124";"BR-116/PR";"Norte";"Colisão Traseira";1;0;0;1;0;0;0;0;0;0;1;1;0;0;0
"25/09/2020";"09:44:00";"111";"3 - Aciden";"122.6";"BR-116/PR";"Norte";"Colisão Traseira";1;0;0;0;0;1;0;0;0;0;2;0;0;0;0
"26/09/2020";"10:31:00";"34";"3 - Aciden";"150";"BR-116/PR";"Norte";"Colisão Lateral";1;0;0;1;0;0;0;0;0;0;2;0;0;0;0
"26/09/2020";"05:10:00";"73";"3 - Aciden";"71.7";"BR-116/SC";"Sul";"Colisão Lateral";0;0;1;0;0;1;0;0;0;0;2;0;0;0;0
"28/09/2020";"07:58:00";"25";"3 - Aciden";"85";"BR-116/SC";"Norte";"Saida de Pista";1;0;0;0;0;0;0;0;0;0;2;0;0;0;0
"28/09/2020";"08:47:00";"77";"1 - Aciden";"138.5";"BR-116/SC";"Sul";"Colisão Frontal";1;0;0;1;0;0;0;0;0;0;1;0;0;0;1
"28/09/2020";"11:56:00";"84";"3 - Aciden";"159.4";"BR-116/PR";"Norte";"Capotamento";0;0;1;0;0;0;0;0;0;0;1;0;0;0;0