data;horario;n_da_ocorrencia;tipo_de_ocorrencia;km;trecho;sentido;tipo_de_acidente;automovel;bicicleta;caminhao;moto;onibus;outros;tracao_animal;transporte_de_cargas_especiais;trator_maquinas;utilitarios;ilesos;levemente_feridos;moderadamente_feridos;gravemente_feridos;mortos
"29/09/2020";"07:45:00";"18";"3 - Aciden";"125";"BR-116/PR";"Norte";"Colisão Traseira";2;0;0;0;0;0;0;0;0;0;2;0;0;0;0
"29/09/2020";"11:16:00";"47";"3 - Aciden";"153.4";"BR-116/PR";"Sul";"Colisão Traseira";1;0;1;0;0;0;0;0;0;0;2;0;0;0;0
"30/09/2020";"05:39:00";"94";"2 - Aciden";"136";"BR-116/SC";"Sul";"Colisão Lateral";1;0;1;0;0;0;0;0;0;0;1;1;0;0;0
"30/09/2020";"06:44:00";"104";"3 - Aciden";"116.09";"BR-116/PR";"Norte";"Colisão Lateral";1;0;0;1;0;0;0;0;0;0;2;0;0;0;0
"01/10/2020";"04:32:00";"5";"2 - Aciden";"1.9";"BR-116/SC";"Sul";"Colisão Frontal";1;0;1;0;0;0;0;0;0;0;1;0;0;1;0
"01/10/2020";"07:34:00";"12";"3 - Aciden";"1.9";"BR-116/SC";"Norte";"Choque - Veiculo parado no acostamento";0;0;1;0;1;0;0;0;0;0;2;0;0;0;0
"01/10/2020";"08:21:00";"16";"2 - Aciden";"118.2";"BR-116/PR";"Norte";"Queda de Moto";0;0;0;1;0;0;0;0;0;0;0;1;0;0;0
"01/10/2020";"04:21:00";"75";"3 - Aciden";"117.1";"BR-116/PR";"Norte";"Colisão Lateral";2;0;1;0;0;0;0;0;0;0;3;0;0;0;0
"01/10/2020";"05:18:00";"84";"3 - Aciden";"152.4";"BR-116/PR";"Sul";"Colisão Transversal";1;0;1;0;0;0;0;0;0;0;2;0;0;0;0
"01/10/2020";"11:44:00";"103";"3 - Aciden";"205.1";"BR-116/PR";"Norte";"Colisão Lateral";0;0;1;0;0;1;0;0;0;0;2;0;0;0;0
"02/10/2020";"06:28:00";"18";"3 - Aciden";"238.9";"BR-116/SC";"Sul";"Tombamento";0;0;2;0;0;0;0;0;0;0;5;0;0;0;0
"02/10/2020";"05:23:00";"102";"3 - Aciden";"249.9";"BR-116/SC";"Norte";"Colisão Lateral";0;0;1;0;0;0;0;0;0;1;2;0;0;0;0
"02/10/2020";"05:25:00";"103";"3 - Aciden";"148";"BR-116/PR";"Sul";"Choque - Elemento de Drenagem";1;0;0;0;0;0;0;0;0;0;1;0;0;0;0
"02/10/2020";"06:21:00";"106";"3 - Aciden";"246";"BR-116/SC";"Sul";"Colisão Lateral";1;0;0;0;1;0;0;0;0;0;2;0;0;0;0
"03/10/2020";"06:17:00";"6";"2 - Aciden";"235.8";"BR-116/SC";"Sul";"Colisão Frontal";2;0;0;0;0;0;0;0;0;0;1;1;0;2;0
"03/10/2020";"10:04:00";"22";"3 - Aciden";"184";"BR-116/PR";"Sul";"Tombamento";0;0;1;0;0;0;0;0;0;0;1;0;0;0;0
"03/10/2020";"03:33:00";"49";"3 - Aciden";"7";"BR-116/SC";"Sul";"Objeto lançado contra veículo";0;0;2;0;0;0;0;0;0;0;2;0;0;0;0
"03/10/2020";"06:05:00";"65";"3 - Aciden";"304";"BR-116/SC";"Norte";"Choque - Talude";0;0;1;0;0;0;0;0;0;0;1;0;0;0;0
"03/10/2020";"09:05:00";"74";"3 - Aciden";"208.1";"BR-116/PR";"Sul";"Colisão Traseira";1;0;1;0;0;0;0;0;0;0;2;0;0;0;0
"03/10/2020";"10:40:00";"80";"3 - Aciden";"131";"BR-116/PR";"Sul";"Colisão Traseira";1;0;1;0;0;0;0;0;0;0;4;0;0;0;0
"04/10/2020";"05:07:00";"38";"2 - Aciden";"126.6";"BR-116/PR";"Norte";"Engavetamento";5;0;0;0;0;0;0;0;0;0;5;1;0;0;0
"04/10/2020";"08:47:00";"48";"3 - Aciden";"5.5";"BR-116/SC";"Sul";"Colisão Transversal";1;0;0;0;0;1;0;0;0;0;6;0;0;0;0
"05/10/2020";"06:21:00";"78";"2 - Aciden";"122";"BR-116/PR";"Sul";"Queda de Moto";0;0;0;2;0;0;0;0;0;0;1;1;0;0;0
"06/10/2020";"09:37:00";"29";"3 - Aciden";"147";"BR-116/PR";"Norte";"Engavetamento";4;0;1;0;0;0;0;0;0;0;7;0;0;0;0
"07/10/2020";"08:17:00";"19";"3 - Aciden";"120.8";"BR-116/PR";"Norte";"Colisão Traseira";2;0;0;0;0;1;0;0;0;0;3;0;0;0;0
"07/10/2020";"08:46:00";"20";"3 - Aciden";"116";"BR-116/PR";"Norte";"Colisão Traseira";0;0;0;1;0;0;0;0;0;1;2;0;0;0;0
"07/10/2020";"06:36:00";"87";"2 - Aciden";"123.6";"BR-116/PR";"Sul";"Colisão Traseira";1;0;0;1;0;0;0;0;0;0;1;1;0;0;0
"07/10/2020";"07:43:00";"93";"3 - Aciden";"217.4";"BR-116/SC";"Sul";"Colisão Transversal";2;0;0;0;0;0;0;0;0;0;2;0;0;0;0
"07/10/2020";"07:57:00";"94";"3 - Aciden";"22.7";"BR-116/SC";"Norte";"Choque - Talude";0;0;0;0;0;0;0;0;0;1;1;0;0;0;0
"07/10/2020";"08:11:00";"95";"3 - Aciden";"115.2";"BR-116/PR";"Sul";"Engavetamento";3;0;0;0;0;0;0;0;0;0;3;0;0;0;0
"07/10/2020";"10:23:00";"100";"3 - Aciden";"126";"BR-116/PR";"Norte";"Colisão Lateral";1;0;1;0;0;0;0;0;0;0;2;0;0;0;0
"07/10/2020";"10:54:00";"102";"3 - Aciden";"125.8";"BR-116/PR";"Sul";"Engavetamento";3;0;0;0;0;0;0;0;0;0;3;0;0;0;0
"08/10/2020";"07:57:00";"15";"2 - Aciden";"220.9";"BR-116/SC";"Sul";"Colisão Lateral";2;0;0;0;0;0;0;0;0;0;0;2;0;0;0
"08/10/2020";"08:34:00";"23";"1 - Aciden";"31.34";"BR-116/SC";"Norte";"Colisão Transversal";1;0;1;0;0;0;0;0;0;0;1;0;0;0;1
"08/10/2020";"10:12:00";"38";"3 - Aciden";"130";"BR-116/PR";"Norte";"Choque - Defensa, barreira ou "submarino"";1;0;0;0;0;0;0;0;0;0;3;0;0;0;0
"08/10/2020";"10:59:00";"42";"3 - Aciden";"187";"BR-116/SC";"Norte";"Colisão Lateral";0;0;1;0;0;1;0;0;0;0;2;0;0;0;0
"08/10/2020";"12:01:00";"51";"2 - Aciden";"159";"BR-116/SC";"Norte";"Tombamento";0;0;1;0;0;0;0;0;0;0;1;1;0;0;0
"08/10/2020";"03:18:00";"61";"3 - Aciden";"117.5";"BR-116/PR";"Norte";"Choque - Elemento de Drenagem";0;0;0;0;0;0;0;0;0;1;1;0;0;0;0
"08/10/2020";"10:11:00";"95";"3 - Aciden";"58";"BR-116/SC";"Sul";"Colisão Transversal";1;0;1;0;0;0;0;0;0;0;2;0;0;0;0
"09/10/2020";"07:45:00";"9";"2 - Aciden";"34.8";"BR-116/SC";"Sul";"Tombamento";0;0;1;0;0;0;0;0;0;0;0;1;0;0;0
"09/10/2020";"07:18:00";"63";"1 - Aciden";"174.3";"BR-116/SC";"Sul";"Tombamento";0;0;1;0;0;0;0;0;0;0;0;0;0;0;1
"09/10/2020";"09:07:00";"74";"3 - Aciden";"118.5";"BR-116/PR";"Sul";"Colisão Traseira";2;0;0;0;0;0;0;0;0;0;2;0;0;0;0
"09/10/2020";"11:52:00";"82";"3 - Aciden";"286.9";"BR-116/SC";"Norte";"Choque - Talude";1;0;0;0;0;0;0;0;0;0;2;0;0;0;0
"10/10/2020";"12:15:00";"1";"3 - Aciden";"167.95";"BR-116/SC";"Sul";"Atropelamento de Animal";1;0;0;0;0;0;0;0;0;0;1;0;0;0;0
"10/10/2020";"06:39:00";"18";"3 - Aciden";"121.8";"BR-116/SC";"Norte";"Choque - Talude";1;0;0;0;0;0;0;0;0;0;1;0;0;0;0
"10/10/2020";"06:51:00";"19";"2 - Aciden";"50.35";"BR-116/SC";"Sul";"Colisão Frontal";1;0;1;0;0;0;0;0;0;0;1;0;0;1;0
"10/10/2020";"12:11:00";"51";"2 - Aciden";"225.4";"BR-116/SC";"Sul";"Queda de Moto";0;0;0;1;0;0;0;0;0;0;0;1;0;0;0
"10/10/2020";"12:56:00";"53";"3 - Aciden";"122";"BR-116/PR";"Sul";"Colisão Traseira";0;0;0;1;0;1;0;0;0;0;2;0;0;0;0
"10/10/2020";"02:31:00";"60";"2 - Aciden";"250.2";"BR-116/SC";"Norte";"Atropelamento - Ciclista";0;1;0;0;0;0;0;0;0;1;1;0;0;1;0
"10/10/2020";"08:07:00";"91";"3 - Aciden";"88.4";"BR-116/SC";"Norte";"Choque - Arvore";1;0;0;0;0;0;0;0;0;0;2;0;0;0;0
"11/10/2020";"03:42:00";"14";"1 - Aciden";"205.44";"BR-116/PR";"Norte";"Colisão Frontal";1;0;1;0;0;0;0;0;0;0;1;0;0;0;1
"11/10/2020";"09:23:00";"26";"2 - Aciden";"304.5";"BR-116/SC";"Sul";"Tombamento";0;0;1;0;0;0;0;0;0;0;0;1;0;0;0
"11/10/2020";"10:34:00";"83";"2 - Aciden";"131.2";"BR-116/SC";"Sul";"Colisão Lateral";1;0;1;0;0;0;0;0;0;0;1;0;0;2;0
"12/10/2020";"07:00:00";"9";"3 - Aciden";"117";"BR-116/PR";"Sul";"Choque - Outros";1;0;0;0;0;0;0;0;0;0;5;0;0;0;0
"12/10/2020";"01:48:00";"37";"2 - Aciden";"17";"BR-116/SC";"Sul";"Colisão Transversal";1;0;0;1;0;0;0;0;0;0;5;0;0;1;0
"12/10/2020";"05:30:00";"61";"2 - Aciden";"125.7";"BR-116/PR";"Sul";"Colisão Lateral";0;0;0;1;0;1;0;0;0;0;1;1;0;0;0
"12/10/2020";"05:32:00";"63";"2 - Aciden";"117.3";"BR-116/PR";"Norte";"Capotamento";1;0;0;0;0;0;0;0;0;0;0;1;0;0;0
"13/10/2020";"05:35:00";"13";"3 - Aciden";"130";"BR-116/PR";"Sul";"Colisão Lateral";1;0;1;0;0;0;0;0;0;0;2;0;0;0;0
"13/10/2020";"05:01:00";"93";"3 - Aciden";"120";"BR-116/PR";"Sul";"Queda de Moto";0;0;0;1;0;0;0;0;0;0;1;0;0;0;0
"14/10/2020";"07:41:00";"18";"2 - Aciden";"116.7";"BR-116/PR";"Sul";"Colisão Lateral";2;0;0;1;0;0;0;0;0;0;2;1;0;1;0
"14/10/2020";"07:49:00";"19";"2 - Aciden";"122";"BR-116/PR";"Norte";"Queda de Moto";0;0;0;1;0;0;0;0;0;0;0;1;0;0;0
"14/10/2020";"12:07:00";"46";"2 - Aciden";"209";"BR-116/PR";"Norte";"Colisão Traseira";1;0;0;1;0;0;0;0;0;0;1;1;0;0;0
"15/10/2020";"06:54:00";"18";"3 - Aciden";"125.1";"BR-116/PR";"Norte";"Colisão Lateral";1;0;0;1;0;0;0;0;0;0;2;0;0;0;0
"15/10/2020";"07:23:00";"22";"3 - Aciden";"124";"BR-116/PR";"Norte";"Colisão Traseira";2;0;0;0;0;0;0;0;0;0;2;0;0;0;0
"15/10/2020";"08:06:00";"27";"3 - Aciden";"107";"BR-116/SC";"Norte";"Choque - Talude";0;0;1;0;0;0;0;0;0;0;1;0;0;0;0
"15/10/2020";"09:34:00";"42";"2 - Aciden";"117.6";"BR-116/SC";"Norte";"Tombamento";0;0;1;0;0;0;0;0;0;0;0;1;0;0;0
"15/10/2020";"04:37:00";"83";"2 - Aciden";"133";"BR-116/SC";"Norte";"Queda de Moto";0;0;0;1;0;0;0;0;0;0;0;1;0;0;0
"16/10/2020";"12:21:00";"1";"3 - Aciden";"147";"BR-116/PR";"Sul";"Choque - Talude";1;0;0;0;0;0;0;0;0;0;1;0;0;0;0
"16/10/2020";"06:11:00";"8";"3 - Aciden";"122.7";"BR-116/PR";"Norte";"Colisão Traseira";0;0;1;0;1;0;0;0;0;0;2;0;0;0;0
"16/10/2020";"10:52:00";"47";"3 - Aciden";"116";"BR-116/PR";"Norte";"Colisão Lateral";1;0;1;0;0;0;0;0;0;0;2;0;0;0;0
"16/10/2020";"12:29:00";"56";"2 - Aciden";"125";"BR-116/PR";"Norte";"Colisão Traseira";1;0;0;1;0;0;0;0;0;0;1;2;0;0;0
"16/10/2020";"03:19:00";"72";"3 - Aciden";"130";"BR-116/PR";"Norte";"Colisão Lateral";1;0;0;0;0;1;0;0;0;0;2;0;0;0;0
"16/10/2020";"03:27:00";"73";"3 - Aciden";"206";"BR-116/SC";"Norte";"Colisão Traseira";1;0;0;0;0;1;0;0;0;0;3;0;0;0;0
"17/10/2020";"01:06:00";"2";"3 - Aciden";"174";"BR-116/SC";"Sul";"Capotamento";1;0;0;0;0;0;0;0;0;0;2;0;0;0;0
"17/10/2020";"09:56:00";"34";"3 - Aciden";"118";"BR-116/PR";"Sul";"Colisão Traseira";0;0;2;0;0;0;0;0;0;0;2;0;0;0;0
"17/10/2020";"10:57:00";"39";"3 - Aciden";"118";"BR-116/PR";"Sul";"Colisão Traseira";2;0;1;0;0;0;0;0;0;0;3;0;0;0;0
"18/10/2020";"01:14:00";"1";"3 - Aciden";"126.19";"BR-116/PR";"Sul";"Colisão Traseira";1;0;0;0;0;0;0;0;0;1;2;0;0;0;0
"18/10/2020";"06:11:00";"12";"2 - Aciden";"148";"BR-116/PR";"Norte";"Choque - Arvore";1;0;0;0;0;0;0;0;0;0;0;1;0;0;0
"18/10/2020";"02:56:00";"47";"2 - Aciden";"131.47";"BR-116/PR";"Sul";"Colisão Lateral";1;0;0;1;0;0;0;0;0;0;1;1;0;0;0
"18/10/2020";"06:43:00";"67";"3 - Aciden";"197.3";"BR-116/SC";"Sul";"Choque - Defensa, barreira ou "submarino"";1;0;0;0;0;0;0;0;0;0;1;0;0;0;0
"18/10/2020";"09:50:00";"72";"3 - Aciden";"140";"BR-116/SC";"Norte";"Atropelamento de Animal";0;0;1;0;0;0;0;0;0;0;1;0;0;0;0
"19/10/2020";"03:56:00";"10";"3 - Aciden";"143.69";"BR-116/PR";"Norte";"Choque - Elemento de Drenagem";1;0;0;0;0;0;0;0;0;0;1;0;0;0;0
"19/10/2020";"06:16:00";"69";"3 - Aciden";"118.58";"BR-116/PR";"Sul";"Engavetamento";3;0;0;0;0;2;0;0;0;0;5;0;0;0;0
"19/10/2020";"07:29:00";"72";"3 - Aciden";"122.6";"BR-116/PR";"Sul";"Colisão Lateral";2;0;1;0;0;0;0;0;0;0;3;0;0;0;0
"20/10/2020";"05:08:00";"81";"3 - Aciden";"19.9";"BR-116/SC";"Norte";"Engavetamento";1;0;2;0;0;1;0;0;0;0;4;0;0;0;0
"20/10/2020";"05:56:00";"85";"3 - Aciden";"87";"BR-116/SC";"Norte";"Colisão Lateral";1;0;0;0;0;0;0;0;0;1;2;0;0;0;0
"21/10/2020";"01:39:00";"63";"3 - Aciden";"78";"BR-116/SC";"Sul";"Colisão Traseira";0;0;2;0;0;0;0;0;0;0;2;0;0;0;0
"21/10/2020";"03:41:00";"73";"2 - Aciden";"144";"BR-116/PR";"Sul";"Colisão Lateral";1;0;1;0;0;0;0;0;0;0;1;1;0;0;0
"21/10/2020";"05:54:00";"86";"3 - Aciden";"166";"BR-116/PR";"Norte";"Colisão Transversal";2;0;1;0;0;0;0;0;0;0;3;0;0;0;0
"22/10/2020";"05:26:00";"18";"2 - Aciden";"209.5";"BR-116/SC";"Sul";"Choque - Arvore";1;0;0;0;0;0;0;0;0;0;2;1;0;0;0
"22/10/2020";"05:05:00";"102";"3 - Aciden";"148.3";"BR-116/PR";"Norte";"Colisão Traseira";2;0;0;0;0;0;0;0;0;0;2;0;0;0;0
"22/10/2020";"07:04:00";"117";"3 - Aciden";"141";"BR-116/SC";"Norte";"Colisão Transversal";1;0;0;0;1;0;0;0;0;0;2;0;0;0;0
"22/10/2020";"07:08:00";"118";"3 - Aciden";"152";"BR-116/PR";"Norte";"Colisão Transversal";2;0;0;0;0;0;0;0;0;0;2;0;0;0;0
"23/10/2020";"04:28:00";"8";"2 - Aciden";"202.05";"BR-116/PR";"Norte";"Colisão Frontal";0;0;2;0;0;0;0;0;0;0;1;0;0;1;0
"23/10/2020";"04:58:00";"9";"3 - Aciden";"125.975";"BR-116/PR";"Norte";"Choque - Elemento de Drenagem";1;0;0;0;0;0;0;0;0;0;4;0;0;0;0
"23/10/2020";"07:47:00";"25";"3 - Aciden";"132";"BR-116/PR";"Norte";"Saida de Pista";1;0;0;0;0;0;0;0;0;0;1;0;0;0;0
"23/10/2020";"12:12:00";"64";"3 - Aciden";"134.4";"BR-116/PR";"Sul";"Colisão Traseira";2;0;0;0;0;0;0;0;0;0;2;0;0;0;0
"23/10/2020";"03:59:00";"85";"3 - Aciden";"125.9";"BR-116/PR";"Norte";"Colisão Lateral";0;0;1;0;0;0;0;0;0;1;4;0;0;0;0
"23/10/2020";"07:41:00";"101";"2 - Aciden";"118.8";"BR-116/PR";"Sul";"Engavetamento";0;0;1;2;0;0;0;0;0;0;2;1;0;0;0
"24/10/2020";"07:22:00";"15";"2 - Aciden";"124.1";"BR-116/PR";"Norte";"Queda de Moto";0;0;0;1;0;0;0;0;0;0;0;0;0;1;0
"25/10/2020";"02:21:00";"3";"2 - Aciden";"176";"BR-116/SC";"Norte";"Choque - Arvore";1;0;0;0;0;0;0;0;0;0;0;1;0;0;0
"25/10/2020";"08:42:00";"18";"2 - Aciden";"130.7";"BR-116/PR";"Sul";"Choque - Defensa, barreira ou "submarino"";0;1;0;0;0;0;0;0;0;0;0;1;0;0;0
"25/10/2020";"09:24:00";"21";"2 - Aciden";"4.5";"BR-116/SC";"Sul";"Atropelamento - Ciclista";0;1;0;0;0;1;0;0;0;0;1;0;0;1;0
"25/10/2020";"02:58:00";"57";"2 - Aciden";"263.8";"BR-116/SC";"Sul";"Colisão Transversal";1;0;1;0;0;0;0;0;0;0;4;2;0;1;0
"25/10/2020";"04:17:00";"64";"2 - Aciden";"118.4";"BR-116/PR";"Sul";"Capotamento";1;0;0;0;0;0;0;0;0;0;1;1;0;1;0
"25/10/2020";"04:24:00";"65";"2 - Aciden";"130.8";"BR-116/PR";"Sul";"Choque - Defensa, barreira ou "submarino"";1;0;0;0;0;0;0;0;0;0;1;1;0;0;0
"25/10/2020";"07:13:00";"77";"3 - Aciden";"126.8";"BR-116/PR";"Norte";"Engavetamento";4;0;0;0;0;0;0;0;0;0;4;0;0;0;0
"25/10/2020";"08:03:00";"80";"3 - Aciden";"162.2";"BR-116/PR";"Sul";"Saida de Pista";1;0;0;0;0;0;0;0;0;0;1;0;0;0;0
"25/10/2020";"08:43:00";"85";"3 - Aciden";"199";"BR-116/PR";"Sul";"Saida de Pista";1;0;0;0;0;0;0;0;0;0;1;0;0;0;0
"26/10/2020";"06:29:00";"79";"2 - Aciden";"118.6";"BR-116/PR";"Sul";"Colisão Traseira";1;0;0;1;0;0;0;0;0;0;2;1;0;0;0
"27/10/2020";"06:11:00";"12";"3 - Aciden";"170";"BR-116/SC";"Norte";"Choque - Talude";1;0;0;0;0;0;0;0;0;0;1;0;0;0;0
"28/10/2020";"12:58:00";"2";"2 - Aciden";"105.6";"BR-116/SC";"Norte";"Choque - Talude";1;0;0;0;0;0;0;0;0;0;0;1;0;0;0
"28/10/2020";"02:16:00";"6";"3 - Aciden";"118.8";"BR-116/PR";"Sul";"Capotamento";1;0;1;0;0;0;0;0;0;0;2;0;0;0;0
"28/10/2020";"07:06:00";"20";"3 - Aciden";"154";"BR-116/PR";"Sul";"Colisão Lateral";1;0;1;0;0;0;0;0;0;0;3;0;0;0;0
"28/10/2020";"07:42:00";"28";"3 - Aciden";"306.5";"BR-116/SC";"Sul";"Colisão Traseira";0;0;2;0;0;0;0;0;0;1;6;0;0;0;0
"28/10/2020";"07:55:00";"31";"3 - Aciden";"115";"BR-116/PR";"Norte";"Colisão Traseira";1;0;0;1;0;0;0;0;0;0;3;0;0;0;0
"29/10/2020";"03:18:00";"67";"3 - Aciden";"23.9";"BR-116/SC";"Sul";"Colisão Lateral";1;0;2;0;0;0;0;0;0;0;3;0;0;0;0
"29/10/2020";"05:44:00";"84";"3 - Aciden";"138";"BR-116/PR";"Sul";"Colisão Traseira";1;0;0;0;0;0;0;0;0;1;2;0;0;0;0
"29/10/2020";"06:19:00";"87";"2 - Aciden";"246";"BR-116/SC";"Sul";"Colisão Transversal";1;0;0;1;0;0;0;0;0;0;2;1;0;0;0
"29/10/2020";"08:18:00";"98";"2 - Aciden";"51.7";"BR-116/SC";"Norte";"Capotamento";0;0;0;0;0;0;0;0;0;1;0;1;0;0;0
"29/10/2020";"10:18:00";"104";"2 - Aciden";"107.95";"BR-116/SC";"Norte";"Outros";0;0;1;0;0;0;0;0;0;1;2;1;0;0;0
"31/10/2020";"04:26:00";"9";"3 - Aciden";"184.6";"BR-116/SC";"Norte";"Colisão Traseira";1;0;0;0;0;1;0;0;0;0;6;0;0;0;0
"31/10/2020";"05:13:00";"11";"2 - Aciden";"190.1";"BR-116/SC";"Norte";"Capotamento";1;0;0;0;0;0;0;0;0;0;0;0;0;1;0
"31/10/2020";"08:08:00";"19";"3 - Aciden";"139.3";"BR-116/SC";"Sul";"Colisão Traseira";2;0;0;0;0;0;0;0;0;0;3;0;0;0;0
"31/10/2020";"12:03:00";"50";"3 - Aciden";"5";"BR-116/SC";"Sul";"Colisão Traseira";1;0;0;0;0;1;0;0;0;0;2;0;0;0;0
"31/10/2020";"03:00:00";"68";"3 - Aciden";"115.3";"BR-116/PR";"Norte";"Choque - Defensa, barreira ou "submarino"";0;0;1;0;0;0;0;0;0;0;1;0;0;0;0
"31/10/2020";"03:24:00";"71";"3 - Aciden";"209.17";"BR-116/PR";"Sul";"Colisão Traseira";0;0;2;0;0;0;0;0;0;0;2;0;0;0;0
"01/11/2020";"09:48:00";"61";"2 - Aciden";"125.8";"BR-116/PR";"Sul";"Engavetamento";3;0;0;0;0;0;0;0;0;0;3;1;0;0;0
"01/11/2020";"09:53:00";"62";"2 - Aciden";"117.5";"BR-116/PR";"Norte";"Choque - Elemento de Drenagem";1;0;0;0;0;0;0;0;0;0;1;3;0;0;0
"02/11/2020";"04:54:00";"49";"3 - Aciden";"141.8";"BR-116/PR";"Norte";"Capotamento";1;0;0;0;0;0;0;0;0;0;1;0;0;0;0
"02/11/2020";"08:10:00";"72";"2 - Aciden";"210.025";"BR-116/PR";"Sul";"Colisão Transversal";1;0;0;1;0;0;0;0;0;0;3;1;0;0;0
"03/11/2020";"06:55:00";"17";" 2- Aciden";"122.7";"BR-116/PR";"Norte";"Colisão Lateral";1;0;1;0;0;0;0;0;0;0;1;0;1;0;0
"03/11/2020";"10:42:00";"32";"3 - Aciden";"163.2";"BR-116/PR";"Sul";"Choque - Arvore";0;0;0;0;0;0;0;0;0;1;1;0;0;0;0
"03/11/2020";"12:44:00";"39";"2 - Aciden";"171.7";"BR-116/PR";"Norte";"Choque - Arvore";0;0;1;0;0;0;0;0;0;0;0;1;0;0;0
"03/11/2020";"02:28:00";"46";"3 - Aciden";"180.87";"BR-116/SC";"Sul";"Choque - Defensa, barreira ou "submarino"";0;0;1;0;0;0;0;0;0;0;1;0;0;0;0
"03/11/2020";"06:32:00";"67";"3 - Aciden";"200.7";"BR-116/SC";"Sul";"Choque - Suporte de Sinalização";1;0;0;0;0;0;0;0;0;0;1;0;0;0;0
"03/11/2020";"06:49:00";"69";"3 - Aciden";"200.7";"BR-116/SC";"Sul";"Saida de Pista";0;0;0;0;0;0;0;0;0;1;1;0;0;0;0
"04/11/2020";"12:14:00";"45";"2 - Aciden";"106.5";"BR-116/SC";"Norte";"Choque - Defensa, barreira ou "submarino"";0;0;0;0;0;0;0;0;0;1;0;1;0;0;0
"04/11/2020";"05:53:00";"74";"3 - Aciden";"118.8";"BR-116/PR";"Sul";"Colisão Traseira";0;0;2;0;0;0;0;0;0;0;2;0;0;0;0
"04/11/2020";"08:51:00";"86";"2 - Aciden";"152.6";"BR-116/PR";"Sul";"Colisão Transversal";1;0;0;1;0;0;0;0;0;0;2;0;0;1;0
"05/11/2020";"10:45:00";"48";"1 - Aciden";"125.2";"BR-116/PR";"Sul";"Objeto lançado contra veículo";0;0;1;2;0;0;0;0;0;0;2;0;0;0;1
"05/11/2020";"06:11:00";"87";"3 - Aciden";"124.05";"BR-116/PR";"Sul";"Colisão Lateral";1;0;0;1;0;0;0;0;0;0;2;0;0;0;0
"05/11/2020";"06:14:00";"88";"2 - Aciden";"139.9";"BR-116/SC";"Sul";"Colisão Transversal";1;0;0;0;0;0;0;0;0;1;1;1;0;1;0
"05/11/2020";"06:57:00";"92";"3 - Aciden";"141.6";"BR-116/PR";"Norte";"Colisão Traseira";1;0;0;1;0;0;0;0;0;0;2;0;0;0;0
"06/11/2020";"06:14:00";"18";"2 - Aciden";"126.5";"BR-116/PR";"Norte";"Colisão Lateral";1;0;0;1;0;0;0;0;0;0;1;1;0;0;0
"06/11/2020";"02:59:00";"73";"3 - Aciden";"46";"BR-116/SC";"Norte";"Colisão Traseira";1;0;0;0;1;0;0;0;0;0;2;0;0;0;0
"06/11/2020";"05:38:00";"88";"3 - Aciden";"121.5";"BR-116/PR";"Sul";"Engavetamento";3;0;0;0;0;0;0;0;0;0;3;0;0;0;0
"07/11/2020";"06:45:00";"77";"3 - Aciden";"241";"BR-116/SC";"Norte";"Colisão Frontal";0;0;1;0;0;0;0;0;0;1;2;0;0;0;0
"07/11/2020";"08:17:00";"83";"3 - Aciden";"120.8";"BR-116/PR";"Sul";"Engavetamento";3;0;0;0;0;0;0;0;0;0;3;0;0;0;0
"07/11/2020";"09:44:00";"90";"2 - Aciden";"199.3";"BR-116/SC";"Sul";"Atropelamento - Andarilho";0;0;0;0;0;1;0;0;0;0;1;1;0;0;0
"07/11/2020";"10:03:00";"96";"2 - Aciden";"41.65";"BR-116/SC";"Norte";"Colisão Transversal";2;0;0;0;0;0;0;0;0;0;1;1;0;0;0
"07/11/2020";"10:03:00";"95";"2 - Aciden";"41.6";"BR-116/SC";"Norte";"Colisão Lateral";1;0;1;0;0;0;0;0;0;0;1;1;0;0;0
"08/11/2020";"05:20:00";"21";"3 - Aciden";"157.55";"BR-116/PR";"Sul";"Capotamento";1;0;0;0;0;0;0;0;0;0;1;0;0;0;0
"08/11/2020";"04:09:00";"65";"3 - Aciden";"153.2";"BR-116/PR";"Sul";"Choque - Defensa, barreira ou "submarino"";1;0;0;0;0;0;0;0;0;0;1;0;0;0;0
"08/11/2020";"10:08:00";"94";"2 - Aciden";"30";"BR-116/SC";"Sul";"Colisão Transversal";2;0;0;0;0;0;0;0;0;0;2;3;0;0;0
"09/11/2020";"07:46:00";"18";"2 - Aciden";"126.2";"BR-116/PR";"Norte";"Choque - Veiculo parado na pista";0;0;1;1;0;0;0;0;0;0;1;1;0;0;0
"09/11/2020";"01:36:00";"58";"3 - Aciden";"105";"BR-116/SC";"Sul";"Saida de Pista";1;0;0;0;0;0;0;0;0;0;1;0;0;0;0
"09/11/2020";"01:55:00";"60";" 2- Aciden";"140.6";"BR-116/SC";"Sul";"Tombamento";1;0;1;0;0;0;0;0;0;0;3;0;1;0;0
"09/11/2020";"02:07:00";"62";" 2- Aciden";"69.1";"BR-116/SC";"Sul";"Colisão Lateral";2;0;0;0;0;0;0;0;0;0;4;0;1;0;0
"09/11/2020";"02:11:00";"63";"3 - Aciden";"115";"BR-116/PR";"Norte";"Outros";0;0;0;0;0;0;0;0;0;1;1;0;0;0;0
"09/11/2020";"05:41:00";"75";"2 - Aciden";"154.6";"BR-116/PR";"Sul";"Colisão Frontal";1;0;0;0;0;0;0;0;0;1;0;2;0;2;0
"09/11/2020";"06:30:00";"77";"3 - Aciden";"121";"BR-116/PR";"Sul";"Engavetamento";2;0;0;0;0;0;0;0;0;1;3;0;0;0;0
"09/11/2020";"07:00:00";"82";"3 - Aciden";"95";"BR-116/SC";"Sul";"Choque - Talude";1;0;0;0;0;0;0;0;0;0;3;0;0;0;0
"09/11/2020";"09:48:00";"94";"2 - Aciden";"124";"BR-116/PR";"Norte";"Choque - Veiculo parado no acostamento";1;0;0;1;0;0;0;0;0;0;1;1;0;0;0
"10/11/2020";"01:41:00";"52";"3 - Aciden";"174.7";"BR-116/PR";"Sul";"Colisão Lateral";1;0;1;0;0;1;0;0;0;0;3;0;0;0;0
"10/11/2020";"02:31:00";"54";"2 - Aciden";"126.2";"BR-116/PR";"Norte";"Colisão Transversal";1;0;0;1;0;0;0;0;0;0;1;1;0;0;0
"10/11/2020";"08:26:00";"83";"3 - Aciden";"118.3";"BR-116/PR";"Sul";"Choque - Talude";1;0;0;0;0;0;0;0;0;0;1;0;0;0;0