data;horario;n_da_ocorrencia;tipo_de_ocorrencia;km;trecho;sentido;tipo_de_acidente;automovel;bicicleta;caminhao;moto;onibus;outros;tracao_animal;transporte_de_cargas_especiais;trator_maquinas;utilitarios;ilesos;levemente_feridos;moderadamente_feridos;gravemente_feridos;mortos
"08/05/2021";"05:29:00";"13";"3 - Aciden";"115.2";"BR-116/PR";"Sul";"Colisão Traseira";1;0;0;0;0;0;0;0;0;1;2;0;0;0;0
"08/05/2021";"08:54:00";"25";"3 - Aciden";"121.1";"BR-116/PR";"Norte";"Colisão Traseira";1;0;0;1;0;0;0;0;0;0;2;0;0;0;0
"08/05/2021";"12:08:00";"47";"3 - Aciden";"143.4";"BR-116/PR";"Sul";"Choque - Veiculo parado na pista";2;0;0;0;0;0;0;0;0;0;2;0;0;0;0
"08/05/2021";"03:36:00";"67";"3 - Aciden";"135.001";"BR-116/PR";"Norte";"Colisão Traseira";2;0;0;0;0;0;0;0;0;0;2;0;0;0;0
"08/05/2021";"07:58:00";"92";"2 - Aciden";"275.6";"BR-116/SC";"Norte";"Colisão Transversal";2;0;0;0;0;0;0;0;0;0;3;1;0;0;0
"08/05/2021";"07:59:00";"93";"2 - Aciden";"151.001";"BR-116/PR";"Norte";"Colisão Transversal";2;0;0;0;0;0;0;0;0;0;2;1;0;0;0
"09/05/2021";"01:57:00";"7";"3 - Aciden";"206.8";"BR-116/PR";"Norte";"Colisão Lateral";1;0;1;0;0;0;0;0;0;0;5;0;0;0;0
"09/05/2021";"07:28:00";"15";"3 - Aciden";"128.1";"BR-116/PR";"Norte";"Choque - Defensa, barreira ou "submarino"";1;0;0;0;0;0;0;0;0;0;1;0;0;0;0
"09/05/2021";"11:16:00";"40";"3 - Aciden";"126.4";"BR-116/PR";"Norte";"Engavetamento";3;0;0;0;0;0;0;0;0;0;3;0;0;0;0
"09/05/2021";"12:03:00";"44";"2 - Aciden";"126.4";"BR-116/PR";"Norte";"Colisão Traseira";1;0;0;1;0;0;0;0;0;0;1;1;0;0;0
"09/05/2021";"12:19:00";"45";"3 - Aciden";"122.001";"BR-116/PR";"Norte";"Colisão Traseira";1;0;0;0;0;1;0;0;0;0;2;0;0;0;0
"09/05/2021";"06:51:00";"78";"2 - Aciden";"156.6";"BR-116/PR";"Sul";"Colisão Frontal";2;0;0;0;0;0;0;0;0;0;3;1;0;0;0
"09/05/2021";"07:04:00";"79";"3 - Aciden";"151.001";"BR-116/PR";"Sul";"Colisão Traseira";2;0;0;0;0;0;0;0;0;0;2;0;0;0;0
"10/05/2021";"07:29:00";"25";"2 - Aciden";"176.95";"BR-116/SC";"Norte";"Queda de Moto";0;0;0;1;0;0;0;0;0;0;0;1;0;0;0
"10/05/2021";"02:24:00";"69";"3 - Aciden";"191.1";"BR-116/PR";"Sul";"Colisão Traseira";1;0;0;0;0;0;0;0;0;1;2;0;0;0;0
"10/05/2021";"03:37:00";"75";"2 - Aciden";"59.864";"BR-116/SC";"Sul";"Colisão Transversal";0;0;2;0;0;0;0;0;0;0;1;1;0;0;0
"10/05/2021";"04:59:00";"85";"2 - Aciden";"182.8";"BR-116/SC";"Norte";"Saida de Pista";1;0;0;0;0;0;0;0;0;0;2;1;0;0;0
"10/05/2021";"05:20:00";"88";"3 - Aciden";"182.75";"BR-116/SC";"Norte";"Saida de Pista";1;0;0;0;0;0;0;0;0;0;1;0;0;0;0
"10/05/2021";"07:15:00";"96";"2 - Aciden";"124.001";"BR-116/PR";"Norte";"Engavetamento";4;0;0;0;0;0;0;0;0;0;3;1;0;0;0
"10/05/2021";"10:19:00";"111";"2 - Aciden";"125.9";"BR-116/PR";"Norte";"Engavetamento";1;0;1;1;0;0;0;0;0;0;2;1;0;0;0
"11/05/2021";"10:31:00";"52";"2 - Aciden";"168.3";"BR-116/PR";"Norte";"Colisão Transversal";2;0;0;0;0;0;0;0;0;0;0;2;0;2;0
"11/05/2021";"08:18:00";"103";"2 - Aciden";"284.001";"BR-116/SC";"Sul";"Queda de Moto";0;0;1;1;0;0;0;0;0;0;1;0;0;1;0
"12/05/2021";"07:44:00";"13";"3 - Aciden";"95.001";"BR-116/SC";"Sul";"Colisão Traseira";0;0;2;0;0;0;0;0;0;0;2;0;0;0;0
"12/05/2021";"12:05:00";"40";"3 - Aciden";"5.001";"BR-116/SC";"Sul";"Colisão Traseira";2;0;0;0;0;0;0;0;0;0;2;0;0;0;0
"12/05/2021";"05:26:00";"76";"3 - Aciden";"87.001";"BR-116/SC";"Sul";"Colisão Transversal";1;0;0;0;0;1;0;0;0;0;2;0;0;0;0
"13/05/2021";"07:51:00";"22";"3 - Aciden";"3.001";"BR-116/SC";"Sul";"Colisão Lateral";2;0;0;0;0;0;0;0;0;0;2;0;0;0;0
"13/05/2021";"12:54:00";"76";"3 - Aciden";"166.4";"BR-116/PR";"Sul";"Colisão Traseira";2;0;0;0;0;0;0;0;0;0;2;0;0;0;0
"13/05/2021";"08:33:00";"131";"3 - Aciden";"69.001";"BR-116/SC";"Sul";"Colisão Frontal";1;0;1;0;0;0;0;0;0;0;2;0;0;0;0
"14/05/2021";"04:15:00";"82";"2 - Aciden";"119.5";"BR-116/PR";"Sul";"Colisão Lateral";0;0;1;1;0;0;0;0;0;0;1;1;0;0;0
"14/05/2021";"07:50:00";"103";"3 - Aciden";"119.001";"BR-116/PR";"Sul";"Colisão Traseira";0;0;2;0;0;0;0;0;0;0;2;0;0;0;0
"15/05/2021";"01:36:00";"4";"2 - Aciden";"207.95";"BR-116/PR";"Norte";"Saida de Pista";1;0;0;0;0;0;0;0;0;0;1;1;0;0;0
"15/05/2021";"01:45:00";"6";"3 - Aciden";"246.001";"BR-116/SC";"Sul";"Saida de Pista";1;0;0;0;0;0;0;0;0;0;1;0;0;0;0
"15/05/2021";"02:02:00";"7";"3 - Aciden";"233.2";"BR-116/SC";"Sul";"Saida de Pista";1;0;0;0;0;0;0;0;0;0;1;0;0;0;0
"15/05/2021";"03:04:00";"9";"3 - Aciden";"116.001";"BR-116/PR";"Sul";"Saida de Pista";0;0;0;0;0;0;0;0;0;1;1;0;0;0;0
"15/05/2021";"03:24:00";"11";"3 - Aciden";"107.6";"BR-116/SC";"Norte";"Tombamento";0;0;1;0;0;0;0;0;0;0;1;0;0;0;0
"15/05/2021";"06:12:00";"90";"2 - Aciden";"197.1";"BR-116/SC";"Sul";"Colisão Transversal";1;0;0;1;0;0;0;0;0;0;1;1;0;0;0
"16/05/2021";"04:30:00";"13";"2 - Aciden";"74.3";"BR-116/SC";"Norte";"Choque - Defensa, barreira ou "submarino"";1;0;0;0;0;0;0;0;0;0;0;1;0;0;0
"16/05/2021";"08:01:00";"20";"3 - Aciden";"126.001";"BR-116/PR";"Norte";"Engavetamento";4;0;0;0;0;0;0;0;0;0;4;0;0;0;0
"16/05/2021";"11:46:00";"44";"3 - Aciden";"126.001";"BR-116/PR";"Norte";"Colisão Traseira";2;0;0;0;0;0;0;0;0;0;2;0;0;0;0
"16/05/2021";"12:01:00";"45";"3 - Aciden";"58.8";"BR-116/SC";"Norte";"Saida de Pista";1;0;0;0;0;0;0;0;0;0;1;0;0;0;0
"16/05/2021";"04:59:00";"69";"3 - Aciden";"268.3";"BR-116/SC";"Norte";"Colisão Traseira";2;0;0;0;0;0;0;0;0;0;8;0;0;0;0
"16/05/2021";"07:32:00";"84";"2 - Aciden";"158.5";"BR-116/PR";"Norte";"Colisão Lateral";1;0;0;1;0;0;0;0;0;0;5;0;0;1;0
"17/05/2021";"07:45:00";"20";"3 - Aciden";"5.05";"BR-116/SC";"Sul";"Colisão Lateral";2;0;0;0;0;0;0;0;0;0;2;0;0;0;0
"17/05/2021";"10:11:00";"40";"3 - Aciden";"81.6";"BR-116/SC";"Norte";"Colisão Traseira";1;0;0;0;0;1;0;0;0;0;2;0;0;0;0
"17/05/2021";"01:08:00";"60";"3 - Aciden";"233.1";"BR-116/SC";"Sul";"Colisão Traseira";2;0;0;0;0;0;0;0;0;0;2;0;0;0;0
"17/05/2021";"05:56:00";"79";"2 - Aciden";"127.9";"BR-116/PR";"Norte";"Colisão Traseira";1;0;0;1;0;0;0;0;0;0;2;1;0;0;0
"17/05/2021";"09:30:00";"87";"3 - Aciden";"258.001";"BR-116/SC";"Sul";"Colisão Traseira";1;0;0;0;0;0;0;0;0;0;3;0;0;0;0
"18/05/2021";"07:45:00";"22";"3 - Aciden";"209.1";"BR-116/PR";"Sul";"Choque - Defensa, barreira ou "submarino"";1;0;0;0;0;0;0;0;0;0;1;0;0;0;0
"18/05/2021";"08:26:00";"30";"2 - Aciden";"141.1";"BR-116/PR";"Sul";"Colisão Transversal";2;0;1;0;0;0;0;0;0;0;2;2;0;0;0
"18/05/2021";"02:13:00";"74";"3 - Aciden";"126.001";"BR-116/PR";"Norte";"Engavetamento";1;0;2;0;0;0;0;0;0;0;4;0;0;0;0
"18/05/2021";"05:16:00";"95";"3 - Aciden";"203.001";"BR-116/SC";"Norte";"Colisão Traseira";1;0;0;0;0;0;0;0;0;0;1;0;0;0;0
"19/05/2021";"11:31:00";"62";"3 - Aciden";"204.001";"BR-116/PR";"Sul";"Colisão Traseira";1;0;1;0;0;0;0;0;0;0;2;0;0;0;0
"19/05/2021";"01:28:00";"82";"2 - Aciden";"69.05";"BR-116/SC";"Sul";"Colisão Transversal";2;0;0;0;0;0;0;0;0;0;2;1;0;0;0
"19/05/2021";"08:11:00";"121";"3 - Aciden";"209.001";"BR-116/PR";"Norte";"Colisão Lateral";1;0;0;0;0;1;0;0;0;0;3;0;0;0;0
"20/05/2021";"04:35:00";"19";"3 - Aciden";"116.15";"BR-116/PR";"Norte";"Colisão Traseira";1;0;0;0;0;0;0;0;0;0;2;0;0;0;0
"20/05/2021";"07:50:00";"119";"2 - Aciden";"119.001";"BR-116/PR";"Sul";"Colisão Traseira";1;0;0;2;0;0;0;0;0;0;1;3;0;0;0
"20/05/2021";"11:07:00";"131";"3 - Aciden";"143.8";"BR-116/SC";"Sul";"Capotamento";1;0;0;0;0;0;0;0;0;0;1;0;0;0;0
"21/05/2021";"06:09:00";"6";"3 - Aciden";"196.25";"BR-116/PR";"Sul";"Colisão Lateral";1;0;1;0;0;0;0;0;0;0;5;0;0;0;0
"21/05/2021";"12:12:00";"67";"2 - Aciden";"223.001";"BR-116/SC";"Norte";"Colisão Transversal";2;0;0;0;0;0;0;0;0;0;0;2;0;0;0
"21/05/2021";"03:25:00";"90";"3 - Aciden";"12.3";"BR-116/SC";"Sul";"Colisão Transversal";2;0;0;0;0;0;0;0;0;0;5;0;0;0;0
"21/05/2021";"06:28:00";"107";"2 - Aciden";"150.8";"BR-116/PR";"Norte";"Colisão Lateral";1;0;0;1;0;0;0;0;0;0;3;1;0;0;0
"22/05/2021";"01:29:00";"7";"3 - Aciden";"107.01";"BR-116/SC";"Norte";"Saida de Pista";0;0;0;0;0;0;0;0;0;1;1;0;0;0;0
"22/05/2021";"07:15:00";"22";"3 - Aciden";"115.1";"BR-116/SC";"Norte";"Choque - Defensa, barreira ou "submarino"";1;0;0;0;0;0;0;0;0;0;1;0;0;0;0
"22/05/2021";"04:33:00";"84";"2 - Aciden";"127.8";"BR-116/PR";"Norte";"Queda de Moto";0;0;0;1;0;0;0;0;0;0;0;1;0;0;0
"22/05/2021";"06:01:00";"97";"2 - Aciden";"141.9";"BR-116/PR";"Sul";"Capotamento";3;0;0;0;0;0;0;0;0;0;2;1;0;0;0
"22/05/2021";"09:37:00";"113";"3 - Aciden";"142.5";"BR-116/SC";"Norte";"Colisão Lateral";2;0;0;0;0;0;0;0;0;0;5;0;0;0;0
"23/05/2021";"05:06:00";"7";"3 - Aciden";"38.02";"BR-116/SC";"Norte";"Saida de Pista";1;0;0;0;0;0;0;0;0;0;1;0;0;0;0
"24/05/2021";"06:18:00";"17";"3 - Aciden";"182.001";"BR-116/PR";"Norte";"Colisão Traseira";1;0;0;0;0;1;0;0;0;0;2;0;0;0;0
"24/05/2021";"06:50:00";"21";"3 - Aciden";"126.001";"BR-116/PR";"Sul";"Colisão Traseira";2;0;0;0;0;0;0;0;0;0;2;0;0;0;0
"24/05/2021";"03:22:00";"85";"2 - Aciden";"2.1";"BR-116/SC";"Sul";"Colisão Traseira";1;0;1;0;0;0;0;0;0;0;2;1;0;0;0
"24/05/2021";"08:29:00";"108";"3 - Aciden";"4.5";"BR-116/SC";"Sul";"Tombamento";0;0;1;0;0;0;0;0;0;0;1;0;0;0;0
"25/05/2021";"12:19:00";"71";"3 - Aciden";"149.583";"BR-116/PR";"Norte";"Queda de Moto";0;0;0;1;0;0;0;0;0;0;1;0;0;0;0
"25/05/2021";"04:24:00";"87";"2 - Aciden";"115.2";"BR-116/PR";"Sul";"Engavetamento";3;0;0;0;0;0;0;0;0;0;2;2;0;0;0
"26/05/2021";"06:05:00";"137";"2 - Aciden";"2.001";"BR-116/SC";"Sul";"Colisão Transversal";0;0;0;1;0;1;0;0;0;0;1;1;0;0;0
"26/05/2021";"08:03:00";"146";"3 - Aciden";"116.2";"BR-116/PR";"Sul";"Colisão Traseira";2;0;0;0;0;0;0;0;0;0;2;0;0;0;0
"26/05/2021";"10:07:00";"150";"2 - Aciden";"125.9";"BR-116/PR";"Norte";"Engavetamento";4;0;0;0;0;0;0;0;0;0;3;1;0;0;0
"27/05/2021";"07:23:00";"13";"2 - Aciden";"119.001";"BR-116/PR";"Norte";"Colisão Lateral";0;0;0;2;0;0;0;0;0;0;1;1;0;0;0
"27/05/2021";"09:55:00";"43";"3 - Aciden";"8.001";"BR-116/SC";"Sul";"Engavetamento";1;0;2;0;0;0;0;0;0;0;3;0;0;0;0
"27/05/2021";"11:21:00";"52";"3 - Aciden";"220.3";"BR-116/SC";"Sul";"Colisão Transversal";1;0;1;0;0;0;0;0;0;0;2;0;0;0;0
"27/05/2021";"01:09:00";"62";"3 - Aciden";"153.001";"BR-116/PR";"Sul";"Colisão Lateral";1;0;1;0;0;0;0;0;0;0;2;0;0;0;0
"27/05/2021";"05:13:00";"91";"3 - Aciden";"89.5";"BR-116/SC";"Norte";"Saida de Pista";1;0;0;0;0;0;0;0;0;0;1;0;0;0;0
"28/05/2021";"10:09:00";"45";"2 - Aciden";"160.1";"BR-116/PR";"Sul";"Colisão Traseira";1;0;0;0;0;1;0;0;0;0;2;1;0;0;0
"28/05/2021";"04:10:00";"82";"2 - Aciden";"138.1";"BR-116/PR";"Sul";"Choque - Defensa, barreira ou "submarino"";1;0;0;0;0;0;0;0;0;0;0;0;0;1;0
"28/05/2021";"07:32:00";"100";"1 - Aciden";"171.248";"BR-116/PR";"Norte";"Colisão Frontal";1;0;0;0;1;0;0;0;0;0;8;0;0;0;1
"28/05/2021";"09:13:00";"109";"3 - Aciden";"229.001";"BR-116/SC";"Sul";"Saida de Pista";0;0;0;0;0;0;0;0;0;1;1;0;0;0;0
"28/05/2021";"10:06:00";"115";"2 - Aciden";"207.5";"BR-116/PR";"Sul";"Colisão Frontal";1;0;0;1;0;0;0;0;0;0;1;0;0;2;0
"29/05/2021";"01:29:00";"8";"3 - Aciden";"186.9";"BR-116/SC";"Sul";"Saida de Pista";1;0;0;0;0;0;0;0;0;0;1;0;0;0;0
"29/05/2021";"02:39:00";"13";"3 - Aciden";"107.7";"BR-116/SC";"Norte";"Saida de Pista";0;0;1;0;0;0;0;0;0;0;1;0;0;0;0
"29/05/2021";"06:52:00";"16";"2 - Aciden";"159.4";"BR-116/PR";"Sul";"Colisão Transversal";0;0;2;0;0;0;0;0;0;0;2;1;0;0;0
"29/05/2021";"09:05:00";"33";"3 - Aciden";"204.418";"BR-116/SC";"Sul";"Choque - Defensa, barreira ou "submarino"";0;0;1;0;0;0;0;0;0;0;1;0;0;0;0
"29/05/2021";"10:37:00";"44";"3 - Aciden";"105.8";"BR-116/SC";"Sul";"Choque - Talude";1;0;0;0;0;0;0;0;0;0;1;0;0;0;0
"29/05/2021";"10:39:00";"45";"3 - Aciden";"234.03";"BR-116/SC";"Norte";"Saida de Pista";1;0;0;0;0;0;0;0;0;0;1;0;0;0;0
"29/05/2021";"11:01:00";"46";"3 - Aciden";"147.2";"BR-116/PR";"Norte";"Colisão Traseira";2;0;0;0;0;0;0;0;0;0;2;0;0;0;0
"29/05/2021";"04:55:00";"86";"2 - Aciden";"142.001";"BR-116/PR";"Sul";"Colisão Transversal";2;0;0;0;0;0;0;0;0;0;1;3;0;0;0
"29/05/2021";"05:27:00";"87";"2 - Aciden";"129.75";"BR-116/SC";"Sul";"Queda de Moto";0;0;0;1;0;0;0;0;0;0;0;1;0;0;0
"30/05/2021";"07:35:00";"17";"3 - Aciden";"148.55";"BR-116/PR";"Norte";"Choque - Talude";1;0;0;0;0;0;0;0;0;0;1;0;0;0;0
"30/05/2021";"04:43:00";"75";"2 - Aciden";"251.6";"BR-116/SC";"Norte";"Colisão Lateral";2;0;0;0;0;0;0;0;0;0;3;1;0;0;0
"30/05/2021";"05:26:00";"77";"3 - Aciden";"233.1";"BR-116/SC";"Norte";"Colisão Traseira";2;0;0;0;0;0;0;0;0;0;5;0;0;0;0
"30/05/2021";"11:22:00";"94";"3 - Aciden";"224.5";"BR-116/SC";"Norte";"Saida de Pista";1;0;0;0;0;0;0;0;0;0;1;0;0;0;0
"30/05/2021";"11:29:00";"95";"2 - Aciden";"166.001";"BR-116/PR";"Norte";"Saida de Pista";1;0;0;0;0;0;0;0;0;0;0;4;0;1;0
"31/05/2021";"02:50:00";"7";"3 - Aciden";"107.001";"BR-116/SC";"Norte";"Tombamento";0;0;1;0;0;0;0;0;0;0;1;0;0;0;0
"31/05/2021";"11:59:00";"51";"3 - Aciden";"152.25";"BR-116/PR";"Sul";"Colisão Transversal";1;0;1;0;0;0;0;0;0;0;2;0;0;0;0
"31/05/2021";"05:32:00";"83";"2 - Aciden";"153.001";"BR-116/PR";"Sul";"Colisão Lateral";0;0;0;2;0;0;0;0;0;0;1;1;0;0;0
"31/05/2021";"05:57:00";"85";"3 - Aciden";"116.2";"BR-116/PR";"Norte";"Colisão Lateral";1;0;0;1;0;0;0;0;0;0;2;0;0;0;0
"31/05/2021";"07:21:00";"92";"3 - Aciden";"122.001";"BR-116/PR";"Sul";"Engavetamento";2;0;0;0;0;1;0;0;0;0;3;0;0;0;0
"01/06/2021";"07:25:00";"21";"2 - Aciden";"117.1";"BR-116/PR";"Norte";"Colisão Traseira";1;0;0;1;0;0;0;0;0;0;5;1;0;0;0
"01/06/2021";"09:58:00";"46";"3 - Aciden";"115.001";"BR-116/PR";"Norte";"Colisão Traseira";2;0;0;0;0;0;0;0;0;0;2;0;0;0;0
"01/06/2021";"02:29:00";"79";"3 - Aciden";"124.001";"BR-116/PR";"Sul";"Engavetamento";3;0;0;0;0;0;0;0;0;0;3;0;0;0;0
"01/06/2021";"04:10:00";"92";"3 - Aciden";"248.1";"BR-116/SC";"Sul";"Colisão Transversal";1;0;1;0;0;0;0;0;0;0;2;0;0;0;0
"01/06/2021";"06:28:00";"113";"2 - Aciden";"127.001";"BR-116/PR";"Norte";"Colisão Lateral";1;0;0;1;0;0;0;0;0;0;1;1;0;0;0
"01/06/2021";"06:43:00";"117";"3 - Aciden";"127.001";"BR-116/PR";"Sul";"Colisão Traseira";2;0;0;0;0;0;0;0;0;0;2;0;0;0;0
"02/06/2021";"04:25:00";"14";"2 - Aciden";"115.1";"BR-116/PR";"Sul";"Colisão Traseira";2;0;1;0;0;0;0;0;0;0;3;1;0;0;0
"02/06/2021";"07:05:00";"23";"3 - Aciden";"120.25";"BR-116/PR";"Norte";"Queda de Moto";0;0;0;1;0;0;0;0;0;0;1;0;0;0;0
"02/06/2021";"07:19:00";"25";"2 - Aciden";"115.05";"BR-116/PR";"Norte";"Colisão Traseira";1;0;0;1;0;0;0;0;0;0;1;1;0;0;0
"02/06/2021";"09:01:00";"44";"3 - Aciden";"117.1";"BR-116/PR";"Norte";"Colisão Lateral";1;0;1;0;0;0;0;0;0;0;2;0;0;0;0
"02/06/2021";"02:58:00";"91";"3 - Aciden";"207.1";"BR-116/PR";"Norte";"Colisão Traseira";1;0;0;0;0;0;0;0;0;1;2;0;0;0;0
"02/06/2021";"03:03:00";"93";"3 - Aciden";"151.009";"BR-116/SC";"Sul";"Choque - Defensa, barreira ou "submarino"";0;0;1;0;0;0;0;0;0;0;1;0;0;0;0
"02/06/2021";"03:29:00";"96";"2 - Aciden";"173.01";"BR-116/SC";"Sul";"Colisão Lateral";0;0;2;0;0;0;0;0;0;0;1;1;0;0;0
"02/06/2021";"05:07:00";"105";"3 - Aciden";"176.1";"BR-116/SC";"Norte";"Colisão Traseira";0;0;1;0;0;0;0;0;0;1;2;0;0;0;0
"02/06/2021";"05:50:00";"107";"3 - Aciden";"118.001";"BR-116/PR";"Sul";"Queda de Moto";0;0;0;1;0;0;0;0;0;0;1;0;0;0;0
"02/06/2021";"06:21:00";"111";"3 - Aciden";"153.001";"BR-116/PR";"Norte";"Colisão Transversal";2;0;0;0;0;0;0;0;0;0;2;0;0;0;0
"02/06/2021";"06:23:00";"112";"3 - Aciden";"118.5";"BR-116/PR";"Sul";"Colisão Lateral";1;0;1;0;0;0;0;0;0;0;2;0;0;0;0
"03/06/2021";"12:57:00";"4";"2 - Aciden";"124.6";"BR-116/SC";"Norte";"Colisão Lateral";0;0;3;0;0;0;0;0;0;0;2;2;0;0;0
"03/06/2021";"11:37:00";"46";"2 - Aciden";"122.001";"BR-116/PR";"Norte";"Queda de Moto";0;0;0;1;0;0;0;0;0;0;0;2;0;0;0
"03/06/2021";"04:21:00";"72";"2 - Aciden";"250.9";"BR-116/SC";"Sul";"Queda de Moto";0;0;0;1;0;0;0;0;0;0;0;1;0;0;0
"04/06/2021";"12:23:00";"2";"3 - Aciden";"206.4";"BR-116/SC";"Sul";"Capotamento";1;0;0;0;0;0;0;0;0;0;1;0;0;0;0
"05/06/2021";"01:42:00";"4";"2 - Aciden";"156.7";"BR-116/SC";"Norte";"Tombamento";0;0;1;0;0;0;0;0;0;0;0;1;0;0;0
"05/06/2021";"03:51:00";"66";"3 - Aciden";"119.001";"BR-116/PR";"Norte";"Capotamento";1;0;0;0;0;0;0;0;0;0;1;0;0;0;0
"05/06/2021";"10:14:00";"97";"3 - Aciden";"141.001";"BR-116/PR";"Norte";"Colisão Traseira";1;0;0;1;0;0;0;0;0;0;2;0;0;0;0
"06/06/2021";"12:49:00";"2";"1 - Aciden";"48.8";"BR-116/SC";"Norte";"Capotamento";1;0;0;0;0;0;0;0;0;0;0;0;0;2;2
"06/06/2021";"09:04:00";"19";"3 - Aciden";"134.3";"BR-116/SC";"Norte";"Capotamento";1;0;0;0;0;0;0;0;0;0;1;0;0;0;0
"07/06/2021";"06:34:00";"11";"3 - Aciden";"107.7";"BR-116/SC";"Norte";"Choque - Defensa, barreira ou "submarino"";0;0;1;0;0;0;0;0;0;0;1;0;0;0;0
"07/06/2021";"12:14:00";"56";"2 - Aciden";"138.001";"BR-116/PR";"Sul";"Colisão Frontal";3;0;0;0;0;0;0;0;0;0;1;5;0;1;0
"07/06/2021";"02:19:00";"74";"3 - Aciden";"148.7";"BR-116/SC";"Sul";"Tombamento";0;0;1;0;0;0;0;0;0;0;1;0;0;0;0
"07/06/2021";"03:00:00";"77";"2 - Aciden";"76.001";"BR-116/SC";"Norte";"Saida de Pista";1;0;0;0;0;0;0;0;0;0;0;1;0;0;0
"07/06/2021";"03:34:00";"85";"2 - Aciden";"209.05";"BR-116/PR";"Norte";"Queda de Moto";0;0;0;1;0;0;0;0;0;0;0;1;0;0;0
"07/06/2021";"10:21:00";"110";"3 - Aciden";"235.001";"BR-116/SC";"Norte";"Choque - Defensa, barreira ou "submarino"";1;0;0;0;0;0;0;0;0;0;1;0;0;0;0
"08/06/2021";"06:46:00";"14";"2 - Aciden";"103.6";"BR-116/SC";"Sul";"Choque - Talude";1;0;0;0;0;0;0;0;0;0;0;1;0;0;0
"08/06/2021";"10:32:00";"39";"3 - Aciden";"131.75";"BR-116/PR";"Norte";"Colisão Traseira";2;0;0;0;0;0;0;0;0;0;2;0;0;0;0
"08/06/2021";"09:59:00";"96";"3 - Aciden";"117.001";"BR-116/PR";"Norte";"Choque - Defensa, barreira ou "submarino"";1;0;0;0;0;0;0;0;0;0;1;0;0;0;0
"09/06/2021";"08:51:00";"31";"3 - Aciden";"240.5";"BR-116/SC";"Sul";"Colisão Transversal";2;0;0;0;0;0;0;0;0;0;2;0;0;0;0
"09/06/2021";"09:05:00";"35";"3 - Aciden";"134.1";"BR-116/PR";"Sul";"Colisão Traseira";1;0;1;0;0;0;0;0;0;0;2;0;0;0;0
"09/06/2021";"10:15:00";"53";"2 - Aciden";"195.1";"BR-116/PR";"Sul";"Colisão Lateral";1;0;1;0;0;0;0;0;0;0;1;1;0;0;0
"09/06/2021";"12:20:00";"71";"3 - Aciden";"152.001";"BR-116/PR";"Sul";"Colisão Transversal";2;0;0;0;0;0;0;0;0;0;3;0;0;0;0
"09/06/2021";"04:32:00";"86";"2 - Aciden";"225.746";"BR-116/SC";"Norte";"Tombamento";0;0;1;0;0;0;0;0;0;0;0;1;0;0;0
"09/06/2021";"06:18:00";"98";"3 - Aciden";"12.3";"BR-116/SC";"Sul";"Colisão Transversal";0;0;1;0;0;0;0;0;0;1;2;0;0;0;0
"09/06/2021";"11:56:00";"121";"2 - Aciden";"237.8";"BR-116/SC";"Sul";"Queda de Moto";0;0;0;1;0;0;0;0;0;0;0;0;0;1;0
"10/06/2021";"06:30:00";"25";"3 - Aciden";"232.1";"BR-116/SC";"Sul";"Capotamento";0;0;0;0;0;0;0;0;0;1;1;0;0;0;0
"10/06/2021";"07:29:00";"31";"2 - Aciden";"126.001";"BR-116/PR";"Norte";"Queda de Moto";0;0;0;1;0;0;0;0;0;0;1;1;0;0;0
"10/06/2021";"09:21:00";"56";"3 - Aciden";"195.5";"BR-116/SC";"Sul";"Colisão Lateral";1;0;0;0;0;0;0;0;0;1;2;0;0;0;0
"10/06/2021";"10:21:00";"66";"2 - Aciden";"192.572";"BR-116/SC";"Norte";"Colisão Frontal";1;0;0;0;0;0;0;0;0;1;1;0;0;2;0
"10/06/2021";"11:13:00";"75";"2 - Aciden";"5.001";"BR-116/SC";"Sul";"Colisão Lateral";0;0;0;1;0;1;0;0;0;0;1;1;0;0;0
"10/06/2021";"01:24:00";"82";"3 - Aciden";"176.001";"BR-116/SC";"Sul";"Saida de Pista";1;0;0;0;0;0;0;0;0;0;1;0;0;0;0
"10/06/2021";"01:47:00";"84";"3 - Aciden";"19.005";"BR-116/SC";"Norte";"Colisão Traseira";2;0;0;0;0;0;0;0;0;0;3;0;0;0;0
"10/06/2021";"07:40:00";"125";"3 - Aciden";"177.3";"BR-116/PR";"Norte";"Tombamento";0;0;1;0;0;0;0;0;0;0;2;0;0;0;0
"11/06/2021";"06:03:00";"22";"2 - Aciden";"126.793";"BR-116/PR";"Sul";"Colisão Traseira";1;0;1;0;0;0;0;0;0;0;1;1;0;0;0
"11/06/2021";"10:44:00";"75";"2 - Aciden";"119.001";"BR-116/PR";"Sul";"Queda de Moto";0;0;0;1;0;0;0;0;0;0;0;1;0;0;0
"11/06/2021";"12:16:00";"84";"2 - Aciden";"140.001";"BR-116/PR";"Norte";"Colisão Traseira";1;0;0;1;0;0;0;0;0;0;1;1;0;0;0
"11/06/2021";"03:28:00";"100";"3 - Aciden";"220.2";"BR-116/SC";"Sul";"Colisão Traseira";2;0;0;0;0;0;0;0;0;0;2;0;0;0;0
"11/06/2021";"05:55:00";"126";"2 - Aciden";"123.1";"BR-116/PR";"Sul";"Colisão Transversal";0;0;0;1;0;1;0;0;0;0;2;1;0;0;0
"11/06/2021";"11:40:00";"150";"2 - Aciden";"141.5";"BR-116/SC";"Norte";"Colisão Frontal";2;0;0;0;0;0;0;0;0;0;1;1;0;0;0
"12/06/2021";"12:05:00";"1";"3 - Aciden";"209.2";"BR-116/SC";"Sul";"Outros";0;0;0;2;0;0;0;0;0;0;2;0;0;0;0
"12/06/2021";"10:10:00";"46";"3 - Aciden";"151.1";"BR-116/PR";"Sul";"Colisão Traseira";0;0;2;0;0;0;0;0;0;0;2;0;0;0;0
"12/06/2021";"07:46:00";"112";"3 - Aciden";"126.1";"BR-116/PR";"Norte";"Engavetamento";3;0;0;0;0;0;0;0;0;0;3;0;0;0;0
"12/06/2021";"11:43:00";"134";"3 - Aciden";"220.001";"BR-116/SC";"Sul";"Capotamento";2;0;0;0;0;0;0;0;0;0;2;0;0;0;0
"13/06/2021";"03:44:00";"9";"2 - Aciden";"59.853";"BR-116/SC";"Sul";"Choque - Poste";1;0;0;0;0;0;0;0;0;0;1;1;0;0;0