data;horario;n_da_ocorrencia;tipo_de_ocorrencia;km;trecho;sentido;tipo_de_acidente;automovel;bicicleta;caminhao;moto;onibus;outros;tracao_animal;transporte_de_cargas_especiais;trator_maquinas;utilitarios;ilesos;levemente_feridos;moderadamente_feridos;gravemente_feridos;mortos
"13/06/2021";"10:47:00";"36";"2 - Aciden";"148.9";"BR-116/PR";"Sul";"Queda de Moto";0;0;0;1;0;0;0;0;0;0;0;1;0;0;0
"13/06/2021";"06:03:00";"83";"2 - Aciden";"4.1";"BR-116/SC";"Norte";"Colisão Lateral";1;0;1;0;0;0;0;0;0;0;2;1;0;0;0
"13/06/2021";"06:40:00";"88";"2 - Aciden";"43.9";"BR-116/SC";"Sul";"Colisão Lateral";2;0;0;0;0;0;0;0;0;0;2;1;0;0;0
"13/06/2021";"06:50:00";"89";"3 - Aciden";"126.001";"BR-116/PR";"Norte";"Colisão Traseira";2;0;0;1;0;0;0;0;0;0;6;0;0;0;0
"13/06/2021";"08:30:00";"92";"3 - Aciden";"152.001";"BR-116/PR";"Norte";"Colisão Traseira";1;0;0;0;0;0;0;0;0;0;1;0;0;0;0
"13/06/2021";"09:15:00";"100";"3 - Aciden";"176.3";"BR-116/PR";"Norte";"Colisão Traseira";2;0;0;0;0;0;0;0;0;0;4;0;0;0;0
"13/06/2021";"10:08:00";"106";"2 - Aciden";"144.1";"BR-116/PR";"Sul";"Colisão Traseira";1;0;0;1;0;0;0;0;0;0;1;0;0;1;0
"13/06/2021";"10:09:00";"107";"2 - Aciden";"125.001";"BR-116/SC";"Sul";"Colisão Lateral";1;0;1;0;0;0;0;0;0;0;3;1;0;0;0
"14/06/2021";"06:31:00";"10";"2 - Aciden";"236.547";"BR-116/SC";"Norte";"Colisão Frontal";1;0;1;0;0;0;0;0;0;0;1;1;0;0;0
"14/06/2021";"07:50:00";"15";"3 - Aciden";"236.001";"BR-116/SC";"Norte";"Colisão Traseira";1;0;0;0;0;1;0;0;0;0;2;0;0;0;0
"14/06/2021";"03:52:00";"77";"2 - Aciden";"0.8";"BR-116/SC";"Norte";"Colisão Traseira";1;0;0;1;0;0;0;0;0;0;1;1;0;0;0
"14/06/2021";"07:09:00";"98";"2 - Aciden";"104.9";"BR-116/SC";"Norte";"Tombamento";0;0;1;0;0;0;0;0;0;0;0;0;0;1;0
"15/06/2021";"06:04:00";"14";"2 - Aciden";"152.25";"BR-116/PR";"Sul";"Colisão Transversal";0;0;1;0;0;0;0;0;0;1;7;3;0;0;0
"15/06/2021";"11:16:00";"65";"3 - Aciden";"269.7";"BR-116/SC";"Sul";"Colisão Traseira";0;0;2;0;0;0;0;0;0;0;2;0;0;0;0
"15/06/2021";"05:25:00";"117";"2 - Aciden";"4.5";"BR-116/SC";"Norte";"Colisão Lateral";1;0;0;1;0;0;0;0;0;0;1;1;0;0;0
"15/06/2021";"05:50:00";"120";"2 - Aciden";"139.8";"BR-116/SC";"Sul";"Colisão Transversal";2;0;0;0;0;0;0;0;0;0;4;3;0;0;0
"15/06/2021";"11:16:00";"139";"3 - Aciden";"139.525";"BR-116/PR";"Norte";"Saida de Pista";1;0;0;0;0;0;0;0;0;0;1;0;0;0;0
"15/06/2021";"11:21:00";"141";"3 - Aciden";"133.792";"BR-116/PR";"Sul";"Saida de Pista";1;0;0;0;0;0;0;0;0;0;1;0;0;0;0
"16/06/2021";"10:39:00";"61";"3 - Aciden";"5.874";"BR-116/SC";"Norte";"Engavetamento";0;0;3;0;0;0;0;0;0;0;3;0;0;0;0
"16/06/2021";"06:27:00";"111";"2 - Aciden";"118.001";"BR-116/PR";"Sul";"Queda de Moto";0;0;0;1;0;0;0;0;0;0;0;1;0;0;0
"16/06/2021";"06:29:00";"112";"3 - Aciden";"133.001";"BR-116/PR";"Norte";"Saida de Pista";1;0;0;0;0;0;0;0;0;0;1;0;0;0;0
"16/06/2021";"06:34:00";"113";"2 - Aciden";"152.5";"BR-116/PR";"Norte";"Colisão Frontal";2;0;0;0;0;0;0;0;0;0;2;1;0;0;0
"17/06/2021";"10:13:00";"62";"3 - Aciden";"170.8";"BR-116/PR";"Norte";"Choque - Defensa, barreira ou "submarino"";0;0;1;0;0;1;0;0;0;0;2;0;0;0;0
"17/06/2021";"11:50:00";"83";"3 - Aciden";"173.1";"BR-116/PR";"Sul";"Choque - Elemento de Drenagem";1;0;0;0;0;0;0;0;0;0;1;0;0;0;0
"17/06/2021";"06:53:00";"132";"3 - Aciden";"236.1";"BR-116/SC";"Sul";"Atropelamento de Animal";1;0;0;0;0;0;0;0;0;0;3;0;0;0;0
"17/06/2021";"10:52:00";"143";"2 - Aciden";"129.366";"BR-116/PR";"Sul";"Atropelamento - Outros";0;0;0;1;0;0;0;0;0;0;0;1;0;1;0
"18/06/2021";"10:05:00";"66";"3 - Aciden";"267.763";"BR-116/SC";"Sul";"Colisão Transversal";2;0;0;0;0;0;0;0;0;0;7;0;0;0;0
"19/06/2021";"03:29:00";"10";"3 - Aciden";"221.063";"BR-116/SC";"Sul";"Saida de Pista";1;0;0;0;0;0;0;0;0;0;1;0;0;0;0
"19/06/2021";"05:21:00";"12";"2 - Aciden";"126.001";"BR-116/PR";"Norte";"Colisão Lateral";1;0;0;1;0;0;0;0;0;0;1;1;0;0;0
"19/06/2021";"12:04:00";"40";"2 - Aciden";"52.374";"BR-116/SC";"Norte";"Colisão Transversal";2;0;0;0;0;0;0;0;0;0;1;3;0;0;0
"19/06/2021";"04:39:00";"63";"3 - Aciden";"151.001";"BR-116/PR";"Sul";"Colisão Traseira";2;0;0;0;0;0;0;0;0;0;3;0;0;0;0
"19/06/2021";"06:20:00";"66";"2 - Aciden";"50.1";"BR-116/SC";"Sul";"Colisão Frontal";1;0;1;0;0;0;0;0;0;0;1;0;0;2;0
"19/06/2021";"07:13:00";"71";"3 - Aciden";"190.1";"BR-116/SC";"Norte";"Colisão Lateral";1;0;0;0;0;1;0;0;0;0;2;0;0;0;0
"19/06/2021";"08:47:00";"78";"1 - Aciden";"188.7";"BR-116/PR";"Norte";"Saida de Pista";1;0;0;0;0;0;0;0;0;0;0;0;0;0;1
"19/06/2021";"08:49:00";"80";"2 - Aciden";"193.1";"BR-116/SC";"Sul";"Queda de Moto";0;0;0;1;0;0;0;0;0;0;0;1;0;0;0
"19/06/2021";"11:02:00";"86";"3 - Aciden";"117.001";"BR-116/PR";"Norte";"Colisão Traseira";2;0;0;0;0;0;0;0;0;0;2;0;0;0;0
"20/06/2021";"11:50:00";"40";"3 - Aciden";"125.001";"BR-116/PR";"Norte";"Colisão Traseira";2;0;0;0;0;0;0;0;0;0;2;0;0;0;0
"20/06/2021";"12:04:00";"41";"3 - Aciden";"124.9";"BR-116/PR";"Norte";"Colisão Traseira";2;0;0;0;0;0;0;0;0;0;2;0;0;0;0
"20/06/2021";"04:49:00";"68";"2 - Aciden";"126.001";"BR-116/PR";"Norte";"Colisão Traseira";1;0;0;1;0;0;0;0;0;0;2;1;0;0;0
"20/06/2021";"05:06:00";"73";"3 - Aciden";"139.6";"BR-116/SC";"Sul";"Colisão Traseira";0;0;2;0;0;0;0;0;0;0;2;0;0;0;0
"20/06/2021";"08:05:00";"78";"3 - Aciden";"121.001";"BR-116/PR";"Norte";"Choque - Defensa, barreira ou "submarino"";1;0;0;0;0;1;0;0;0;0;3;0;0;0;0
"21/06/2021";"03:18:00";"8";"2 - Aciden";"152.001";"BR-116/PR";"Norte";"Atropelamento - Outros";0;0;0;0;0;1;0;0;0;0;1;1;0;0;0
"21/06/2021";"06:46:00";"10";"2 - Aciden";"124.001";"BR-116/PR";"Norte";"Colisão Lateral";1;0;0;1;0;0;0;0;0;0;1;1;0;0;0
"21/06/2021";"10:22:00";"104";"3 - Aciden";"120.001";"BR-116/PR";"Norte";"Colisão Traseira";1;0;1;0;0;0;0;0;0;0;2;0;0;0;0
"21/06/2021";"11:13:00";"109";"3 - Aciden";"136.6";"BR-116/SC";"Sul";"Colisão Lateral";1;0;0;0;0;1;0;0;0;0;3;0;0;0;0
"22/06/2021";"12:47:00";"4";"3 - Aciden";"59.001";"BR-116/SC";"Sul";"Saida de Pista";1;0;0;0;0;0;0;0;0;0;1;0;0;0;0
"23/06/2021";"08:07:00";"36";"3 - Aciden";"107.7";"BR-116/SC";"Sul";"Colisão Lateral";1;0;1;0;0;0;0;0;0;0;2;0;0;0;0
"23/06/2021";"11:49:00";"93";"3 - Aciden";"23.001";"BR-116/SC";"Sul";"Colisão Lateral";1;0;1;0;0;0;0;0;0;0;3;0;0;0;0
"23/06/2021";"05:51:00";"145";"2 - Aciden";"209.007";"BR-116/PR";"Norte";"Colisão Lateral";1;0;0;1;0;0;0;0;0;0;1;1;0;0;0
"23/06/2021";"07:53:00";"155";"2 - Aciden";"152.5";"BR-116/PR";"Sul";"Colisão Transversal";0;0;1;1;0;0;0;0;0;0;1;1;0;0;0
"24/06/2021";"03:48:00";"12";"2 - Aciden";"116.3";"BR-116/PR";"Norte";"Colisão Traseira";0;0;0;1;0;1;0;0;0;0;1;2;0;0;0
"24/06/2021";"04:52:00";"114";"2 - Aciden";"53.841";"BR-116/SC";"Norte";"Tombamento";0;0;1;0;0;0;0;0;0;0;0;1;0;0;0
"24/06/2021";"08:56:00";"130";"3 - Aciden";"116.1";"BR-116/PR";"Norte";"Colisão Lateral";1;0;1;0;0;0;0;0;0;0;2;0;0;0;0
"25/06/2021";"02:38:00";"15";"3 - Aciden";"122.3";"BR-116/PR";"Norte";"Capotamento";1;0;0;0;0;0;0;0;0;0;1;0;0;0;0
"25/06/2021";"07:21:00";"30";"3 - Aciden";"210.001";"BR-116/SC";"Norte";"Saida de Pista";1;0;0;0;0;0;0;0;0;0;1;0;0;0;0
"25/06/2021";"07:45:00";"39";"3 - Aciden";"11.2";"BR-116/SC";"Sul";"Colisão Lateral";2;0;0;0;0;0;0;0;0;0;2;0;0;0;0
"25/06/2021";"03:35:00";"138";"2 - Aciden";"180.2";"BR-116/SC";"Sul";"Colisão Frontal";2;0;0;0;0;0;0;0;0;0;3;1;0;0;0
"25/06/2021";"05:04:00";"148";"3 - Aciden";"184.3";"BR-116/SC";"Sul";"Colisão Traseira";1;0;0;0;0;0;0;0;0;1;2;0;0;0;0
"25/06/2021";"05:08:00";"150";"2 - Aciden";"134.1";"BR-116/PR";"Sul";"Colisão Frontal";1;0;0;0;0;0;0;0;0;1;1;1;0;0;0
"25/06/2021";"05:53:00";"152";"2 - Aciden";"121.1";"BR-116/PR";"Sul";"Colisão Traseira";1;0;0;1;0;0;0;0;0;0;1;2;0;0;0
"26/06/2021";"12:01:00";"1";"2 - Aciden";"119.3";"BR-116/PR";"Sul";"Colisão Traseira";1;0;1;0;0;0;0;0;0;0;1;1;0;0;0
"26/06/2021";"12:33:00";"72";"3 - Aciden";"245.5";"BR-116/SC";"Sul";"Colisão Transversal";2;0;0;0;0;0;0;0;0;0;5;0;0;0;0
"26/06/2021";"01:03:00";"75";"2 - Aciden";"128.5";"BR-116/SC";"Sul";"Engavetamento";3;0;0;0;0;0;0;0;0;0;7;1;0;0;0
"26/06/2021";"08:12:00";"104";"3 - Aciden";"182.6";"BR-116/PR";"Sul";"Colisão Lateral";1;0;1;0;0;0;0;0;0;0;2;0;0;0;0
"26/06/2021";"09:14:00";"107";"2 - Aciden";"68.1";"BR-116/SC";"Norte";"Colisão Lateral";1;0;1;0;0;0;0;0;0;0;5;1;0;0;0
"26/06/2021";"11:42:00";"114";"2 - Aciden";"29.8";"BR-116/SC";"Sul";"Colisão Lateral";2;0;2;0;0;0;0;0;0;0;4;2;0;0;0
"27/06/2021";"02:16:00";"13";"2 - Aciden";"121.874";"BR-116/PR";"Sul";"Capotamento";1;0;0;0;0;0;0;0;0;0;3;1;0;0;0
"27/06/2021";"05:36:00";"21";"2 - Aciden";"107.8";"BR-116/SC";"Norte";"Tombamento";0;0;1;0;0;0;0;0;0;0;1;1;0;0;0
"27/06/2021";"09:07:00";"37";"3 - Aciden";"32.001";"BR-116/SC";"Norte";"Colisão Transversal";1;0;1;0;0;0;0;0;0;0;3;0;0;0;0
"27/06/2021";"12:09:00";"57";"2 - Aciden";"127.25";"BR-116/SC";"Norte";"Colisão Transversal";2;0;0;0;0;0;0;0;0;0;2;2;0;0;0
"27/06/2021";"02:07:00";"60";"2 - Aciden";"137.001";"BR-116/SC";"Norte";"Saida de Pista";1;0;0;0;0;0;0;0;0;0;0;1;0;0;0
"27/06/2021";"05:30:00";"79";"2 - Aciden";"152.001";"BR-116/PR";"Sul";"Queda de Moto";0;0;0;1;0;0;0;0;0;0;0;2;0;0;0
"27/06/2021";"06:36:00";"84";"3 - Aciden";"256.8";"BR-116/SC";"Sul";"Colisão Lateral";1;0;1;0;0;0;0;0;0;0;2;0;0;0;0
"27/06/2021";"06:51:00";"86";"3 - Aciden";"131.1";"BR-116/PR";"Sul";"Engavetamento";3;0;0;0;0;0;0;0;0;0;3;0;0;0;0
"27/06/2021";"07:41:00";"92";"3 - Aciden";"153.2";"BR-116/PR";"Sul";"Colisão Traseira";2;0;0;0;0;0;0;0;0;0;2;0;0;0;0
"28/06/2021";"10:53:00";"101";"3 - Aciden";"148.001";"BR-116/PR";"Sul";"Saida de Pista";1;0;0;0;0;0;0;0;0;0;1;0;0;0;0
"29/06/2021";"08:01:00";"40";"2 - Aciden";"174.9";"BR-116/PR";"Norte";"Colisão Traseira";2;0;0;0;0;0;0;0;0;0;0;3;0;0;0
"29/06/2021";"02:18:00";"129";"3 - Aciden";"142.001";"BR-116/PR";"Norte";"Colisão Lateral";0;0;2;0;0;0;0;0;0;0;2;0;0;0;0
"29/06/2021";"02:57:00";"132";"3 - Aciden";"140.9";"BR-116/SC";"Norte";"Colisão Transversal";1;0;0;0;0;0;0;0;0;1;2;0;0;0;0
"29/06/2021";"06:50:00";"162";"3 - Aciden";"125.3";"BR-116/PR";"Sul";"Saida de Pista";1;0;0;0;0;1;0;0;0;0;2;0;0;0;0
"30/06/2021";"12:08:00";"1";"2 - Aciden";"126.001";"BR-116/PR";"Sul";"Colisão Lateral";0;0;0;1;0;1;0;0;0;0;1;1;0;0;0
"30/06/2021";"07:30:00";"28";"2 - Aciden";"119.15";"BR-116/PR";"Norte";"Colisão Lateral";1;0;0;1;0;0;0;0;0;0;2;1;0;0;0
"30/06/2021";"08:25:00";"50";"2 - Aciden";"245.4";"BR-116/SC";"Sul";"Colisão Transversal";1;0;1;0;0;0;0;0;0;0;1;1;0;0;0
"30/06/2021";"03:18:00";"135";"3 - Aciden";"119.8";"BR-116/PR";"Sul";"Colisão Traseira";2;0;0;0;0;0;0;0;0;0;4;0;0;0;0
"30/06/2021";"04:06:00";"149";"3 - Aciden";"209.1";"BR-116/PR";"Norte";"Colisão Lateral";1;0;1;0;0;0;0;0;0;0;3;0;0;0;0
"01/07/2021";"07:45:00";"35";"3 - Aciden";"5.15";"BR-116/SC";"Sul";"Colisão Traseira";1;0;2;0;0;0;0;0;0;0;5;0;0;0;0
"01/07/2021";"11:11:00";"86";"2 - Aciden";"121.888";"BR-116/PR";"Sul";"Colisão Lateral";1;0;0;1;0;0;0;0;0;0;1;1;0;0;0
"01/07/2021";"03:53:00";"126";"3 - Aciden";"181.1";"BR-116/PR";"Sul";"Colisão Traseira";0;0;2;0;0;0;0;0;0;0;2;0;0;0;0
"02/07/2021";"07:27:00";"20";"2 - Aciden";"137.001";"BR-116/SC";"Sul";"Saida de Pista";1;0;0;0;0;0;0;0;0;0;0;1;0;0;0
"02/07/2021";"11:08:00";"71";"3 - Aciden";"126.4";"BR-116/PR";"Norte";"Colisão Lateral";1;0;1;0;0;0;0;0;0;0;2;0;0;0;0
"02/07/2021";"12:06:00";"81";"3 - Aciden";"5.12";"BR-116/SC";"Norte";"Colisão Transversal";1;0;0;1;0;0;0;0;0;0;2;0;0;0;0
"02/07/2021";"05:07:00";"114";"3 - Aciden";"123.057";"BR-116/PR";"Sul";"Colisão Traseira";2;0;0;0;0;0;0;0;0;0;2;0;0;0;0
"02/07/2021";"08:00:00";"130";"3 - Aciden";"118.001";"BR-116/PR";"Sul";"Engavetamento";1;0;0;0;0;2;0;0;0;0;3;0;0;0;0
"02/07/2021";"08:50:00";"137";"3 - Aciden";"155.001";"BR-116/PR";"Sul";"Engavetamento";2;0;1;0;0;0;0;0;0;0;3;0;0;0;0
"02/07/2021";"11:20:00";"147";"3 - Aciden";"131.1";"BR-116/PR";"Sul";"Saida de Pista";1;0;0;0;0;0;0;0;0;0;1;0;0;0;0
"03/07/2021";"12:21:00";"2";"2 - Aciden";"206.02";"BR-116/SC";"Sul";"Choque - Poste";1;0;0;0;0;0;0;0;0;0;0;1;0;0;0
"03/07/2021";"05:52:00";"22";"3 - Aciden";"125.001";"BR-116/PR";"Sul";"Colisão Lateral";0;0;1;0;0;0;0;0;0;1;2;0;0;0;0
"03/07/2021";"06:26:00";"23";"3 - Aciden";"306.6";"BR-116/SC";"Norte";"Choque - Talude";1;0;0;0;0;0;0;0;0;0;1;0;0;0;0
"03/07/2021";"07:57:00";"32";"3 - Aciden";"258.8";"BR-116/SC";"Sul";"Colisão Transversal";2;0;0;0;0;0;0;0;0;0;2;0;0;0;0
"03/07/2021";"10:45:00";"60";"3 - Aciden";"94.88";"BR-116/SC";"Sul";"Engavetamento";1;0;2;0;0;0;0;0;0;0;3;0;0;0;0
"03/07/2021";"11:21:00";"65";"3 - Aciden";"175.001";"BR-116/SC";"Sul";"Colisão Traseira";2;0;0;0;0;0;0;0;0;0;2;0;0;0;0
"03/07/2021";"01:03:00";"75";"2 - Aciden";"156.5";"BR-116/SC";"Norte";"Tombamento";0;0;1;0;0;0;0;0;0;0;0;0;0;1;0
"03/07/2021";"06:24:00";"103";"2 - Aciden";"148.001";"BR-116/PR";"Sul";"Saida de Pista";1;0;0;0;0;0;0;0;0;0;0;1;0;0;0
"03/07/2021";"08:20:00";"114";"2 - Aciden";"210.001";"BR-116/PR";"Sul";"Capotamento";1;0;0;0;0;0;0;0;0;0;0;1;0;0;0
"03/07/2021";"10:21:00";"123";"2 - Aciden";"141.8";"BR-116/SC";"Sul";"Colisão Frontal";2;0;1;0;0;0;0;0;0;0;2;1;0;0;0
"04/07/2021";"07:11:00";"18";"2 - Aciden";"305.4";"BR-116/SC";"Sul";"Tombamento";0;0;1;0;0;0;0;0;0;0;1;0;0;1;0
"04/07/2021";"10:20:00";"37";"1 - Aciden";"157.634";"BR-116/PR";"Sul";"Capotamento";1;0;0;0;0;0;0;0;0;0;0;0;0;0;1
"04/07/2021";"02:09:00";"62";"2 - Aciden";"73.886";"BR-116/SC";"Sul";"Tombamento";0;0;1;0;0;0;0;0;0;0;0;1;0;0;0
"04/07/2021";"03:25:00";"70";"3 - Aciden";"137.9";"BR-116/SC";"Sul";"Engavetamento";3;0;0;0;0;0;0;0;0;0;3;0;0;0;0
"04/07/2021";"06:53:00";"92";"3 - Aciden";"106.5";"BR-116/SC";"Norte";"Colisão Lateral";1;0;0;0;0;1;0;0;0;0;4;0;0;0;0
"05/07/2021";"07:01:00";"21";"3 - Aciden";"126.2";"BR-116/PR";"Norte";"Engavetamento";3;0;1;0;0;0;0;0;0;0;4;0;0;0;0
"05/07/2021";"07:22:00";"22";"3 - Aciden";"115.001";"BR-116/PR";"Norte";"Colisão Traseira";1;0;0;1;0;0;0;0;0;0;2;0;0;0;0
"05/07/2021";"01:06:00";"80";"2 - Aciden";"12.25";"BR-116/SC";"Sul";"Colisão Transversal";2;0;0;0;0;0;0;0;0;0;4;1;0;0;0
"05/07/2021";"02:50:00";"89";"2 - Aciden";"117.2";"BR-116/PR";"Sul";"Colisão Traseira";1;0;0;1;0;0;0;0;0;0;1;0;0;2;0
"05/07/2021";"03:50:00";"97";"2 - Aciden";"115.001";"BR-116/PR";"Sul";"Queda de Moto";0;0;0;1;0;0;0;0;0;0;0;1;0;0;0
"06/07/2021";"03:28:00";"87";"2 - Aciden";"220.1";"BR-116/SC";"Norte";"Colisão Lateral";1;0;1;0;0;0;0;0;0;0;2;2;0;0;0
"06/07/2021";"03:53:00";"89";"2 - Aciden";"211.001";"BR-116/PR";"Norte";"Saida de Pista";1;0;0;0;0;0;0;0;0;0;0;1;0;1;0
"06/07/2021";"04:11:00";"93";"3 - Aciden";"266.1";"BR-116/SC";"Norte";"Colisão Traseira";1;0;1;0;0;0;0;0;0;0;2;0;0;0;0
"06/07/2021";"06:19:00";"108";"3 - Aciden";"64.294";"BR-116/SC";"Sul";"Colisão Traseira";1;0;0;0;0;0;0;0;0;1;2;0;0;0;0
"06/07/2021";"06:26:00";"110";"3 - Aciden";"119.15";"BR-116/PR";"Sul";"Engavetamento";4;0;0;0;0;0;0;0;0;0;4;0;0;0;0
"06/07/2021";"06:53:00";"113";"3 - Aciden";"69.333";"BR-116/SC";"Sul";"Colisão Traseira";0;0;2;0;0;0;0;0;0;0;2;0;0;0;0
"06/07/2021";"07:21:00";"116";"2 - Aciden";"116.5";"BR-116/PR";"Sul";"Engavetamento";2;0;1;0;0;0;0;0;0;0;4;1;0;0;0
"06/07/2021";"10:31:00";"122";"3 - Aciden";"153.001";"BR-116/PR";"Norte";"Colisão Traseira";1;0;0;0;0;1;0;0;0;0;2;0;0;0;0
"07/07/2021";"09:54:00";"39";"3 - Aciden";"68.6";"BR-116/SC";"Sul";"Colisão Lateral";0;0;3;0;0;0;0;0;0;0;3;0;0;0;0
"07/07/2021";"12:28:00";"62";"3 - Aciden";"120.001";"BR-116/PR";"Norte";"Colisão Traseira";2;0;0;0;0;0;0;0;0;0;2;0;0;0;0
"07/07/2021";"12:42:00";"64";"3 - Aciden";"125.96";"BR-116/PR";"Norte";"Colisão Traseira";1;0;0;1;0;0;0;0;0;0;2;0;0;0;0
"07/07/2021";"01:21:00";"70";"2 - Aciden";"119.001";"BR-116/PR";"Norte";"Colisão Traseira";1;0;0;2;0;0;0;0;0;0;2;1;0;0;0
"07/07/2021";"04:40:00";"105";"3 - Aciden";"208.824";"BR-116/PR";"Norte";"Colisão Lateral";1;0;1;0;0;0;0;0;0;0;3;0;0;0;0
"07/07/2021";"07:07:00";"117";"3 - Aciden";"126.001";"BR-116/PR";"Norte";"Colisão Traseira";2;0;0;0;0;0;0;0;0;0;2;0;0;0;0
"07/07/2021";"11:14:00";"129";"3 - Aciden";"143.5";"BR-116/PR";"Sul";"Colisão Traseira";2;0;0;0;0;0;0;0;0;0;2;0;0;0;0
"08/07/2021";"07:57:00";"28";"2 - Aciden";"116.2";"BR-116/PR";"Norte";"Colisão Lateral";1;0;0;1;0;0;0;0;0;0;1;1;0;0;0
"08/07/2021";"07:59:00";"29";"3 - Aciden";"12.001";"BR-116/SC";"Sul";"Colisão Transversal";1;0;0;1;0;0;0;0;0;0;2;0;0;0;0
"08/07/2021";"11:39:00";"101";"1 - Aciden";"156.5";"BR-116/SC";"Norte";"Tombamento";0;0;1;0;0;0;0;0;0;0;0;0;0;0;1
"08/07/2021";"08:03:00";"151";"2 - Aciden";"126.001";"BR-116/PR";"Sul";"Colisão Lateral";1;0;1;1;0;0;0;0;0;0;3;1;0;0;0
"09/07/2021";"09:11:00";"52";"3 - Aciden";"40.001";"BR-116/SC";"Norte";"Colisão Traseira";3;0;0;0;0;0;0;0;0;0;6;0;0;0;0
"09/07/2021";"03:31:00";"110";"3 - Aciden";"305.001";"BR-116/SC";"Norte";"Engavetamento";3;0;0;0;0;0;0;0;0;0;6;0;0;0;0
"09/07/2021";"06:25:00";"135";"1 - Aciden";"140.335";"BR-116/PR";"Norte";"Atropelamento - Ciclista";0;1;0;0;0;1;0;0;0;0;1;0;0;0;1
"09/07/2021";"07:14:00";"141";"2 - Aciden";"220.6";"BR-116/SC";"Norte";"Colisão Transversal";2;0;0;0;0;0;0;0;0;0;1;1;0;0;0
"09/07/2021";"09:15:00";"149";"3 - Aciden";"140.3";"BR-116/PR";"Norte";"Colisão Lateral";1;0;0;0;0;0;0;0;0;1;4;0;0;0;0
"09/07/2021";"11:12:00";"155";"3 - Aciden";"116.7";"BR-116/PR";"Sul";"Saida de Pista";0;0;0;0;0;1;0;0;0;0;1;0;0;0;0
"10/07/2021";"01:29:00";"5";"3 - Aciden";"132.4";"BR-116/PR";"Norte";"Saida de Pista";1;0;0;0;0;1;0;0;0;0;3;0;0;0;0
"10/07/2021";"04:49:00";"9";"2 - Aciden";"49.8";"BR-116/SC";"Sul";"Colisão Traseira";2;0;0;0;0;0;0;0;0;0;1;1;0;0;0
"10/07/2021";"04:53:00";"11";"2 - Aciden";"126.001";"BR-116/PR";"Norte";"Colisão Transversal";1;0;0;1;0;0;0;0;0;0;1;0;0;1;0
"10/07/2021";"07:34:00";"18";"3 - Aciden";"128.3";"BR-116/SC";"Sul";"Colisão Traseira";2;0;0;0;0;0;0;0;0;0;8;0;0;0;0
"10/07/2021";"10:22:00";"45";"3 - Aciden";"155.001";"BR-116/PR";"Norte";"Colisão Lateral";2;0;0;0;0;0;0;0;0;0;2;0;0;0;0
"10/07/2021";"06:05:00";"75";"2 - Aciden";"11.2";"BR-116/SC";"Sul";"Colisão Traseira";1;0;0;1;0;0;0;0;0;0;1;0;0;1;0
"11/07/2021";"06:24:00";"90";"2 - Aciden";"145.5";"BR-116/PR";"Norte";"Colisão Transversal";2;0;0;0;0;0;0;0;0;0;3;2;0;1;0
"11/07/2021";"06:33:00";"92";"2 - Aciden";"156.715";"BR-116/PR";"Sul";"Colisão Transversal";2;0;0;0;0;0;0;0;0;0;4;1;0;0;0
"11/07/2021";"07:46:00";"104";"3 - Aciden";"30.001";"BR-116/SC";"Sul";"Capotamento";1;0;0;0;0;0;0;0;0;0;1;0;0;0;0
"11/07/2021";"09:15:00";"110";"1 - Aciden";"139.4";"BR-116/PR";"Norte";"Atropelamento - Sem Informação";0;0;0;0;0;0;0;0;0;0;0;0;0;0;1
"11/07/2021";"10:34:00";"113";"2 - Aciden";"115.001";"BR-116/PR";"Sul";"Saida de Pista";1;0;0;0;0;0;0;0;0;0;1;2;0;0;0
"12/07/2021";"10:36:00";"68";"3 - Aciden";"45.001";"BR-116/SC";"Norte";"Colisão Traseira";1;0;0;0;0;1;0;0;0;0;4;0;0;0;0
"12/07/2021";"12:18:00";"79";"2 - Aciden";"184.343";"BR-116/PR";"Norte";"Tombamento";0;0;1;0;0;0;0;0;0;0;0;1;0;0;0
"12/07/2021";"07:03:00";"125";"2 - Aciden";"255.001";"BR-116/SC";"Norte";"Colisão Transversal";1;0;1;0;0;0;0;0;0;0;1;2;1;0;0
"13/07/2021";"07:33:00";"18";"3 - Aciden";"126.001";"BR-116/PR";"Norte";"Colisão Traseira";2;0;0;0;0;0;0;0;0;0;2;0;0;0;0
"13/07/2021";"01:20:00";"83";"2 - Aciden";"13.199";"BR-116/SC";"Sul";"Tombamento";0;0;1;0;0;0;0;0;0;0;0;1;0;0;0
"13/07/2021";"04:05:00";"102";"3 - Aciden";"116.5";"BR-116/PR";"Norte";"Colisão Lateral";1;0;0;1;0;0;0;0;0;0;2;0;0;0;0
"13/07/2021";"04:32:00";"107";"3 - Aciden";"125.949";"BR-116/PR";"Norte";"Engavetamento";2;0;0;0;0;0;0;0;0;2;4;0;0;0;0
"14/07/2021";"10:24:00";"50";"3 - Aciden";"84.9";"BR-116/SC";"Norte";"Engavetamento";1;0;1;0;0;0;0;0;0;1;4;0;0;0;0
"14/07/2021";"02:14:00";"81";"2 - Aciden";"134.1";"BR-116/PR";"Sul";"Colisão Transversal";1;0;1;0;0;0;0;0;0;0;1;1;0;1;0
"14/07/2021";"06:12:00";"112";"2 - Aciden";"121.001";"BR-116/PR";"Sul";"Colisão Traseira";0;0;0;2;0;0;0;0;0;0;1;1;0;0;0
"14/07/2021";"06:33:00";"116";"3 - Aciden";"9.3";"BR-116/SC";"Sul";"Colisão Traseira";0;0;1;0;0;0;0;0;0;1;2;0;0;0;0
"15/07/2021";"07:14:00";"15";"2 - Aciden";"115.5";"BR-116/PR";"Norte";"Queda de Moto";0;0;0;1;0;0;0;0;0;0;0;1;0;0;0
"15/07/2021";"11:27:00";"63";"2 - Aciden";"155.3";"BR-116/SC";"Norte";"Tombamento";0;0;2;0;0;0;0;0;0;0;0;1;0;1;0
"15/07/2021";"07:23:00";"100";"3 - Aciden";"191.1";"BR-116/PR";"Norte";"Saida de Pista";0;0;1;0;0;0;0;0;0;0;1;0;0;0;0
"16/07/2021";"08:55:00";"34";"3 - Aciden";"12.361";"BR-116/SC";"Sul";"Colisão Transversal";1;0;1;0;0;0;0;0;0;0;2;0;0;0;0