data;horario;n_da_ocorrencia;tipo_de_ocorrencia;km;trecho;sentido;tipo_de_acidente;automovel;bicicleta;caminhao;moto;onibus;outros;tracao_animal;transporte_de_cargas_especiais;trator_maquinas;utilitarios;ilesos;levemente_feridos;moderadamente_feridos;gravemente_feridos;mortos
"15/11/2021";"01:29:00";"50";"3 - Aciden";"12.962";"BR-116/SC";"Norte";"Colisão Transversal";2;0;0;0;0;0;0;0;0;0;2;0;0;0;0
"15/11/2021";"05:46:00";"71";"3 - Aciden";"152.219";"BR-116/PR";"Norte";"Engavetamento";2;0;0;0;0;0;0;0;0;1;10;0;0;0;0
"15/11/2021";"06:43:00";"77";"3 - Aciden";"118.044";"BR-116/PR";"Sul";"Saida de Pista";2;0;0;0;0;0;0;0;0;0;6;0;0;0;0
"16/11/2021";"08:01:00";"24";"3 - Aciden";"271.5";"BR-116/SC";"Norte";"Colisão Traseira";1;0;0;0;0;0;0;0;0;1;2;0;0;0;0
"16/11/2021";"04:16:00";"105";"3 - Aciden";"172.95";"BR-116/SC";"Norte";"Tombamento";0;0;1;0;0;0;0;0;0;0;1;0;0;0;0
"16/11/2021";"05:33:00";"110";"3 - Aciden";"125.8";"BR-116/PR";"Sul";"Colisão Traseira";0;0;0;1;0;1;0;0;0;0;2;0;0;0;0
"16/11/2021";"05:50:00";"111";"3 - Aciden";"126.001";"BR-116/PR";"Norte";"Colisão Traseira";2;0;0;0;0;0;0;0;0;0;2;0;0;0;0
"16/11/2021";"11:45:00";"132";"1 - Aciden";"130.048";"BR-116/SC";"Sul";"Colisão Traseira";0;0;1;0;0;0;0;0;0;1;1;0;0;0;1
"17/11/2021";"04:48:00";"14";"3 - Aciden";"35.95";"BR-116/SC";"Sul";"Atropelamento de Animal";0;0;1;0;0;0;0;0;0;0;3;0;0;0;0
"17/11/2021";"12:37:00";"86";"1 - Aciden";"156.745";"BR-116/PR";"Sul";"Colisão Transversal";1;0;0;0;0;0;0;0;0;1;1;0;0;1;1
"17/11/2021";"06:57:00";"123";"2 - Aciden";"125.476";"BR-116/PR";"Sul";"Colisão Lateral";0;0;0;2;0;0;0;0;0;0;2;1;0;0;0
"18/11/2021";"06:35:00";"18";"3 - Aciden";"113.7";"BR-116/SC";"Sul";"Colisão Traseira";0;0;1;0;0;0;0;0;0;1;3;0;0;0;0
"18/11/2021";"08:06:00";"40";"2 - Aciden";"247.5";"BR-116/SC";"Sul";"Colisão Transversal";2;0;0;0;0;0;0;0;0;0;0;2;0;0;0
"19/11/2021";"07:17:00";"112";"3 - Aciden";"300.3";"BR-116/SC";"Norte";"Colisão Lateral";1;0;0;0;0;0;0;0;0;1;4;0;0;0;0
"19/11/2021";"07:26:00";"113";"2 - Aciden";"166.789";"BR-116/PR";"Norte";"Colisão Transversal";2;0;0;0;0;0;0;0;0;0;1;1;0;0;0
"19/11/2021";"07:58:00";"116";"3 - Aciden";"122.426";"BR-116/PR";"Sul";"Colisão Lateral";1;0;0;1;0;0;0;0;0;0;2;0;0;0;0
"20/11/2021";"11:42:00";"44";"3 - Aciden";"124.001";"BR-116/PR";"Norte";"Colisão Lateral";0;0;0;1;0;1;0;0;0;0;2;0;0;0;0
"20/11/2021";"04:11:00";"75";"3 - Aciden";"134.4";"BR-116/PR";"Sul";"Colisão Traseira";1;0;1;0;0;0;0;0;0;0;5;0;0;0;0
"21/11/2021";"07:02:00";"13";"3 - Aciden";"289.1";"BR-116/SC";"Norte";"Capotamento";1;0;0;0;0;0;0;0;0;0;1;0;0;0;0
"21/11/2021";"07:16:00";"14";"2 - Aciden";"126.2";"BR-116/SC";"Norte";"Queda de Moto";0;0;0;1;0;0;0;0;0;0;0;1;0;0;0
"21/11/2021";"11:43:00";"47";"3 - Aciden";"115.001";"BR-116/PR";"Norte";"Engavetamento";4;0;0;0;0;0;0;0;0;0;12;0;0;0;0
"21/11/2021";"04:40:00";"76";"2 - Aciden";"195.354";"BR-116/PR";"Sul";"Colisão Frontal";2;0;0;0;0;0;0;0;0;0;2;0;0;1;0
"22/11/2021";"04:59:00";"13";"3 - Aciden";"170.05";"BR-116/SC";"Sul";"Saida de Pista";1;0;0;0;0;0;0;0;0;0;1;0;0;0;0
"22/11/2021";"12:52:00";"85";"3 - Aciden";"12.25";"BR-116/SC";"Sul";"Colisão Transversal";2;0;1;0;0;0;0;0;0;0;3;0;0;0;0
"22/11/2021";"07:46:00";"136";"2 - Aciden";"210.245";"BR-116/PR";"Sul";"Colisão Traseira";0;0;0;1;0;1;0;0;0;0;1;1;0;0;0
"23/11/2021";"05:57:00";"18";"3 - Aciden";"93.7";"BR-116/SC";"Norte";"Tombamento";0;0;1;0;0;0;0;0;0;0;1;0;0;0;0
"23/11/2021";"07:29:00";"29";"2 - Aciden";"119.4";"BR-116/PR";"Sul";"Queda de Moto";0;0;0;1;0;0;0;0;0;0;0;1;0;0;0
"23/11/2021";"12:25:00";"79";"3 - Aciden";"234.495";"BR-116/SC";"Sul";"Tombamento";0;0;1;0;0;0;0;0;0;0;1;0;0;0;0
"23/11/2021";"01:47:00";"88";"3 - Aciden";"48.1";"BR-116/SC";"Sul";"Choque - Defensa, barreira ou "submarino"";0;0;1;0;0;0;0;0;0;0;2;0;0;0;0
"23/11/2021";"03:15:00";"96";"2 - Aciden";"136.266";"BR-116/PR";"Sul";"Atropelamento - Ciclista";0;1;0;0;0;0;0;0;0;0;0;1;0;0;0
"23/11/2021";"08:27:00";"133";"2 - Aciden";"221.215";"BR-116/SC";"Sul";"Colisão Lateral";1;0;1;0;0;0;0;0;0;0;1;1;0;0;0
"24/11/2021";"02:13:00";"13";"2 - Aciden";"124.083";"BR-116/PR";"Norte";"Queda de Moto";0;0;0;1;0;0;0;0;0;0;0;0;0;1;0
"24/11/2021";"06:29:00";"29";"3 - Aciden";"187.842";"BR-116/SC";"Sul";"Colisão Traseira";1;0;1;0;0;0;0;0;0;0;2;0;0;0;0
"24/11/2021";"02:49:00";"94";"2 - Aciden";"70.252";"BR-116/SC";"Sul";"Colisão Lateral";0;0;1;1;0;0;0;0;0;0;1;1;0;0;0
"24/11/2021";"05:20:00";"103";"3 - Aciden";"9.42";"BR-116/SC";"Sul";"Colisão Traseira";1;0;1;0;0;0;0;0;0;0;2;0;0;0;0
"24/11/2021";"11:57:00";"124";"3 - Aciden";"263.8";"BR-116/SC";"Norte";"Saida de Pista";0;0;1;0;0;0;0;0;0;0;1;0;0;0;0
"25/11/2021";"04:09:00";"13";"2 - Aciden";"119.81";"BR-116/PR";"Norte";"Queda de Moto";0;0;0;1;0;0;0;0;0;0;0;1;0;0;0
"25/11/2021";"07:59:00";"44";"2 - Aciden";"18.001";"BR-116/SC";"Sul";"Saida de Pista";1;0;0;0;0;0;0;0;0;0;0;1;0;0;0
"25/11/2021";"08:06:00";"47";"2 - Aciden";"116.126";"BR-116/PR";"Sul";"Queda de Moto";0;0;0;1;0;0;0;0;0;0;0;0;0;1;0
"25/11/2021";"08:29:00";"118";"3 - Aciden";"128.986";"BR-116/PR";"Norte";"Colisão Frontal";2;0;0;0;0;0;0;0;0;0;2;0;0;0;0
"26/11/2021";"08:27:00";"31";"3 - Aciden";"120.762";"BR-116/PR";"Norte";"Colisão Traseira";2;0;0;0;0;1;0;0;0;0;3;0;0;0;0
"26/11/2021";"03:36:00";"73";"3 - Aciden";"155.001";"BR-116/PR";"Norte";"Colisão Transversal";2;0;0;0;0;0;0;0;0;0;2;0;0;0;0
"26/11/2021";"05:41:00";"84";"2 - Aciden";"123.418";"BR-116/PR";"Sul";"Colisão Traseira";1;0;0;1;0;0;0;0;0;0;4;1;0;0;0
"27/11/2021";"02:51:00";"13";"3 - Aciden";"3.833";"BR-116/SC";"Norte";"Colisão Traseira";1;0;0;0;0;0;0;0;0;0;1;0;0;0;0
"27/11/2021";"08:19:00";"89";"2 - Aciden";"165.094";"BR-116/SC";"Sul";"Saida de Pista";1;0;0;0;0;0;0;0;0;0;1;1;0;0;0
"27/11/2021";"10:25:00";"94";"2 - Aciden";"129.1";"BR-116/PR";"Sul";"Queda de Moto";0;0;0;1;0;0;0;0;0;0;0;0;0;1;0
"27/11/2021";"11:05:00";"97";"3 - Aciden";"146.1";"BR-116/PR";"Norte";"Choque - Talude";1;0;0;0;0;0;0;0;0;0;1;0;0;0;0
"28/11/2021";"11:00:00";"20";"2 - Aciden";"4.5";"BR-116/SC";"Sul";"Colisão Transversal";1;0;0;1;0;0;0;0;0;0;1;1;0;0;0
"28/11/2021";"01:20:00";"28";"3 - Aciden";"167.287";"BR-116/SC";"Norte";"Colisão Transversal";1;0;0;0;0;1;0;0;0;0;2;0;0;0;0
"28/11/2021";"01:48:00";"30";"2 - Aciden";"57.695";"BR-116/SC";"Norte";"Colisão Transversal";0;0;1;0;1;0;0;0;0;0;32;1;0;0;0
"28/11/2021";"05:12:00";"44";"2 - Aciden";"121.091";"BR-116/PR";"Norte";"Colisão Traseira";1;0;0;0;0;1;0;0;0;0;1;1;0;0;0
"29/11/2021";"02:59:00";"91";"3 - Aciden";"205.9";"BR-116/SC";"Sul";"Colisão Traseira";0;0;2;0;0;0;0;0;0;0;2;0;0;0;0
"29/11/2021";"05:29:00";"105";"3 - Aciden";"122.7";"BR-116/PR";"Sul";"Choque - Defensa, barreira ou "submarino"";0;0;1;0;0;0;0;0;0;0;1;0;0;0;0
"30/11/2021";"07:45:00";"46";"2 - Aciden";"126.001";"BR-116/PR";"Norte";"Colisão Traseira";1;0;0;1;0;0;0;0;0;0;1;1;0;0;0
"30/11/2021";"04:10:00";"109";"2 - Aciden";"137.787";"BR-116/SC";"Sul";"Engavetamento";3;0;0;0;0;0;0;0;0;0;2;1;0;0;0
"01/12/2021";"08:27:00";"37";"2 - Aciden";"3.5";"BR-116/SC";"Sul";"Choque - Defensa, barreira ou "submarino"";1;0;0;0;0;0;0;0;0;0;0;2;0;0;0
"01/12/2021";"08:29:00";"38";"3 - Aciden";"115.2";"BR-116/PR";"Norte";"Queda de Moto";0;0;0;1;0;0;0;0;0;0;1;0;0;0;0
"01/12/2021";"04:18:00";"103";"3 - Aciden";"184.34";"BR-116/PR";"Norte";"Tombamento";0;0;1;0;0;0;0;0;0;0;1;0;0;0;0
"01/12/2021";"08:00:00";"128";"3 - Aciden";"125.957";"BR-116/PR";"Sul";"Engavetamento";5;0;0;0;0;0;0;0;0;0;5;0;0;0;0
"02/12/2021";"10:48:00";"113";"3 - Aciden";"205.001";"BR-116/PR";"Norte";"Saida de Pista";0;0;0;0;0;0;0;0;0;1;2;0;0;0;0
"03/12/2021";"01:17:00";"3";"3 - Aciden";"147.65";"BR-116/PR";"Norte";"Choque - Defensa, barreira ou "submarino"";0;0;0;0;0;0;0;0;0;1;1;0;0;0;0
"03/12/2021";"01:34:00";"4";"2 - Aciden";"120.62";"BR-116/PR";"Norte";"Colisão Traseira";2;0;0;0;0;0;0;0;0;0;1;3;0;0;0
"03/12/2021";"06:49:00";"17";"3 - Aciden";"144.85";"BR-116/SC";"Sul";"Choque - Defensa, barreira ou "submarino"";1;0;0;0;0;0;0;0;0;0;2;0;0;0;0
"03/12/2021";"07:24:00";"21";"3 - Aciden";"119.563";"BR-116/PR";"Norte";"Tombamento";0;0;1;0;0;0;0;0;0;0;2;0;0;0;0
"03/12/2021";"10:05:00";"46";"3 - Aciden";"180.1";"BR-116/SC";"Sul";"Colisão Lateral";2;0;0;0;0;0;0;0;0;0;2;0;0;0;0
"03/12/2021";"11:46:00";"66";"3 - Aciden";"171.4";"BR-116/PR";"Sul";"Capotamento";1;0;0;0;0;0;0;0;0;0;1;0;0;0;0
"03/12/2021";"07:39:00";"104";"3 - Aciden";"141.646";"BR-116/PR";"Norte";"Colisão Traseira";0;0;2;0;0;0;0;0;0;0;2;0;0;0;0
"03/12/2021";"09:23:00";"111";"2 - Aciden";"135.597";"BR-116/PR";"Norte";"Colisão Transversal";0;0;1;0;0;0;0;0;0;1;1;2;0;0;0
"04/12/2021";"12:36:00";"2";"2 - Aciden";"69.25";"BR-116/SC";"Sul";"Colisão Lateral";1;0;1;0;0;0;0;0;0;0;1;1;0;0;0
"04/12/2021";"10:03:00";"54";"3 - Aciden";"152.5";"BR-116/PR";"Sul";"Colisão Transversal";2;0;0;0;0;0;0;0;0;0;7;0;0;0;0
"04/12/2021";"12:22:00";"66";"2 - Aciden";"117.067";"BR-116/PR";"Sul";"Engavetamento";3;0;0;0;0;0;0;0;0;0;3;1;0;0;0
"04/12/2021";"02:39:00";"81";"3 - Aciden";"118.844";"BR-116/PR";"Sul";"Choque - Elemento de Drenagem";1;0;0;0;0;0;0;0;0;0;1;0;0;0;0
"04/12/2021";"02:51:00";"82";"3 - Aciden";"119.965";"BR-116/PR";"Sul";"Engavetamento";3;0;0;0;0;0;0;0;0;0;3;0;0;0;0
"04/12/2021";"05:17:00";"101";"1 - Aciden";"173.357";"BR-116/PR";"Norte";"Colisão Transversal";0;0;1;1;0;0;0;0;0;0;1;0;0;0;1
"05/12/2021";"04:12:00";"13";"2 - Aciden";"122.725";"BR-116/PR";"Norte";"Colisão Traseira";2;0;0;0;0;0;0;0;0;0;2;1;0;0;0
"05/12/2021";"06:30:00";"22";"3 - Aciden";"126.15";"BR-116/PR";"Sul";"Engavetamento";3;0;0;0;0;0;0;0;0;0;3;0;0;0;0
"05/12/2021";"06:08:00";"89";"3 - Aciden";"125.782";"BR-116/PR";"Sul";"Colisão Transversal";2;0;0;0;0;0;0;0;0;0;2;0;0;0;0
"05/12/2021";"06:08:00";"96";"2 - Aciden";"125.756";"BR-116/PR";"Norte";"Colisão Lateral";1;0;0;1;0;0;0;0;0;0;2;1;0;0;0
"05/12/2021";"07:37:00";"102";"2 - Aciden";"150.801";"BR-116/PR";"Sul";"Atropelamento - Andarilho";0;0;0;0;0;0;0;0;0;0;0;0;0;1;0
"05/12/2021";"07:54:00";"104";"3 - Aciden";"165.091";"BR-116/SC";"Sul";"Choque - Elemento de Drenagem";1;0;0;0;0;0;0;0;0;0;1;0;0;0;0
"05/12/2021";"08:06:00";"107";"3 - Aciden";"141.064";"BR-116/PR";"Norte";"Colisão Traseira";1;0;0;0;0;1;0;0;0;0;2;0;0;0;0
"05/12/2021";"08:43:00";"110";"2 - Aciden";"4.32";"BR-116/SC";"Norte";"Colisão Transversal";1;0;1;0;0;0;0;0;0;0;2;2;0;0;0
"05/12/2021";"09:40:00";"115";"2 - Aciden";"142.001";"BR-116/PR";"Sul";"Queda de Moto";0;0;0;1;0;0;0;0;0;0;0;2;0;0;0
"05/12/2021";"10:38:00";"116";"3 - Aciden";"139.15";"BR-116/PR";"Norte";"Saida de Pista";1;0;0;0;0;0;0;0;0;0;1;0;0;0;0
"06/12/2021";"12:43:00";"59";"2 - Aciden";"238.9";"BR-116/SC";"Norte";"Tombamento";0;0;1;0;0;0;0;0;0;0;0;2;0;0;0
"06/12/2021";"02:47:00";"70";"3 - Aciden";"199.638";"BR-116/PR";"Norte";"Choque - Talude";0;0;1;0;0;0;0;0;0;0;1;0;0;0;0
"06/12/2021";"04:04:00";"77";"3 - Aciden";"277.001";"BR-116/SC";"Sul";"Choque - Defensa, barreira ou "submarino"";0;0;0;1;0;0;0;0;0;0;2;0;0;0;0
"07/12/2021";"04:28:00";"94";"3 - Aciden";"144.15";"BR-116/PR";"Norte";"Colisão Frontal";1;0;1;0;0;0;0;0;0;0;2;0;0;0;0
"07/12/2021";"04:52:00";"98";"3 - Aciden";"304.001";"BR-116/SC";"Sul";"Colisão Traseira";0;0;1;0;1;0;0;0;0;0;2;0;0;0;0
"07/12/2021";"05:23:00";"103";"3 - Aciden";"110.001";"BR-116/SC";"Sul";"Queda de Moto";0;0;0;1;0;0;0;0;0;0;1;0;0;0;0
"07/12/2021";"08:27:00";"113";"2 - Aciden";"117.8";"BR-116/SC";"Sul";"Tombamento";0;0;1;0;0;1;0;0;0;0;1;0;0;1;0
"08/12/2021";"10:28:00";"74";"3 - Aciden";"134.2";"BR-116/PR";"Sul";"Saida de Pista";1;0;0;0;0;0;0;0;0;0;1;0;0;0;0
"08/12/2021";"10:56:00";"77";"3 - Aciden";"144.001";"BR-116/PR";"Sul";"Colisão Lateral";0;0;1;0;0;0;0;0;0;1;2;0;0;0;0
"08/12/2021";"11:20:00";"88";"3 - Aciden";"148.9";"BR-116/PR";"Sul";"Colisão Traseira";1;0;0;0;0;0;0;0;0;1;5;0;0;0;0
"08/12/2021";"01:21:00";"100";"3 - Aciden";"231.113";"BR-116/SC";"Sul";"Capotamento";0;0;0;0;0;0;0;0;0;1;1;0;0;0;0
"08/12/2021";"04:50:00";"123";"3 - Aciden";"224.157";"BR-116/SC";"Norte";"Colisão Traseira";1;0;1;0;0;0;0;0;0;0;4;0;0;0;0
"09/12/2021";"12:55:00";"7";"2 - Aciden";"140.319";"BR-116/SC";"Norte";"Choque - Poste";1;0;0;0;0;0;0;0;0;0;0;3;0;0;0
"09/12/2021";"05:14:00";"125";"3 - Aciden";"209.41";"BR-116/PR";"Sul";"Colisão Lateral";1;0;1;0;0;0;0;0;0;0;2;0;0;0;0
"09/12/2021";"05:30:00";"126";"3 - Aciden";"152.429";"BR-116/PR";"Norte";"Colisão Lateral";1;0;0;0;0;1;0;0;0;0;2;0;0;0;0
"10/12/2021";"08:38:00";"56";"2 - Aciden";"116.6";"BR-116/PR";"Norte";"Colisão Lateral";1;0;0;1;0;0;0;0;0;0;1;1;0;0;0
"10/12/2021";"09:45:00";"64";"3 - Aciden";"209.1";"BR-116/PR";"Sul";"Colisão Traseira";2;0;0;0;0;0;0;0;0;0;2;0;0;0;0
"10/12/2021";"07:49:00";"139";"2 - Aciden";"209.972";"BR-116/PR";"Norte";"Colisão Transversal";1;0;0;1;0;0;0;0;0;0;1;2;0;0;0
"11/12/2021";"03:52:00";"88";"3 - Aciden";"49.409";"BR-116/SC";"Sul";"Colisão Traseira";0;0;1;0;0;1;0;0;0;0;2;0;0;0;0
"11/12/2021";"04:43:00";"94";"3 - Aciden";"184.587";"BR-116/SC";"Sul";"Colisão Traseira";1;0;1;0;0;0;0;0;0;0;2;0;0;0;0
"12/12/2021";"07:39:00";"26";"3 - Aciden";"193.22";"BR-116/SC";"Sul";"Capotamento";1;0;0;0;0;0;0;0;0;0;2;0;0;0;0
"12/12/2021";"10:55:00";"44";"3 - Aciden";"180.8";"BR-116/SC";"Norte";"Tombamento";0;0;1;0;0;0;0;0;0;0;3;0;0;0;0
"12/12/2021";"12:15:00";"53";"2 - Aciden";"294.5";"BR-116/SC";"Sul";"Choque - Defensa, barreira ou "submarino"";0;0;1;0;0;0;0;0;0;0;0;1;0;0;0
"12/12/2021";"05:27:00";"80";"2 - Aciden";"150.587";"BR-116/PR";"Norte";"Colisão Traseira";1;0;0;1;0;0;0;0;0;0;1;0;0;1;0
"12/12/2021";"05:58:00";"86";"3 - Aciden";"10.753";"BR-116/SC";"Sul";"Colisão Traseira";1;0;0;0;0;0;0;0;0;1;2;0;0;0;0
"12/12/2021";"11:51:00";"122";"3 - Aciden";"220.1";"BR-116/SC";"Norte";"Colisão Transversal";0;0;1;0;0;0;0;0;0;1;2;0;0;0;0
"13/12/2021";"07:18:00";"93";"2 - Aciden";"184.788";"BR-116/SC";"Sul";"Tombamento";0;0;1;0;0;0;0;0;0;0;1;1;0;0;0
"14/12/2021";"04:00:00";"63";"3 - Aciden";"126.193";"BR-116/PR";"Sul";"Colisão Traseira";1;0;0;0;0;0;0;0;0;1;3;0;0;0;0
"14/12/2021";"07:51:00";"89";"3 - Aciden";"116.283";"BR-116/PR";"Sul";"Engavetamento";4;0;0;0;0;0;0;0;0;1;6;0;0;0;0
"14/12/2021";"08:55:00";"92";"3 - Aciden";"217.431";"BR-116/SC";"Norte";"Colisão Transversal";0;0;1;0;0;1;0;0;0;0;2;0;0;0;0
"15/12/2021";"08:24:00";"52";"3 - Aciden";"138.8";"BR-116/SC";"Sul";"Colisão Traseira";1;0;0;0;0;1;0;0;0;1;4;0;0;0;0
"15/12/2021";"04:12:00";"114";"3 - Aciden";"161.63";"BR-116/PR";"Norte";"Saida de Pista";0;0;0;0;0;0;0;0;0;1;1;0;0;0;0
"15/12/2021";"05:02:00";"121";"2 - Aciden";"127.3";"BR-116/SC";"Sul";"Colisão Lateral";1;0;1;0;0;0;0;0;0;0;1;1;0;0;0
"16/12/2021";"07:19:00";"38";"2 - Aciden";"121.9";"BR-116/PR";"Norte";"Colisão Traseira";1;0;0;1;0;0;0;0;0;0;1;1;0;0;0
"16/12/2021";"09:21:00";"82";"3 - Aciden";"5.5";"BR-116/SC";"Sul";"Colisão Traseira";1;0;0;1;0;0;0;0;0;0;2;0;0;0;0
"16/12/2021";"06:57:00";"162";"2 - Aciden";"156.681";"BR-116/SC";"Norte";"Tombamento";0;0;1;0;0;0;0;0;0;0;0;1;0;0;0
"17/12/2021";"01:52:00";"12";"2 - Aciden";"180.586";"BR-116/SC";"Sul";"Colisão Traseira";0;0;2;0;0;0;0;0;0;0;1;1;0;0;0
"17/12/2021";"02:58:00";"16";"2 - Aciden";"133.806";"BR-116/PR";"Sul";"Capotamento";1;0;0;0;0;0;0;0;0;0;0;0;0;1;0
"17/12/2021";"03:48:00";"21";"2 - Aciden";"225.217";"BR-116/SC";"Norte";"Choque - Talude";1;0;0;0;0;0;0;0;0;0;0;0;0;1;0
"17/12/2021";"08:40:00";"44";"3 - Aciden";"133.001";"BR-116/PR";"Norte";"Colisão Traseira";1;0;0;0;0;1;0;0;0;0;2;0;0;0;0
"17/12/2021";"12:25:00";"92";"1 - Aciden";"34.337";"BR-116/SC";"Norte";"Engavetamento";1;0;2;0;0;0;0;0;0;0;3;0;0;0;1
"18/12/2021";"01:18:00";"4";"2 - Aciden";"158.75";"BR-116/PR";"Norte";"Atropelamento - Sem Informação";0;0;0;0;1;0;0;0;0;0;1;0;0;1;0
"18/12/2021";"04:32:00";"13";"3 - Aciden";"144.8";"BR-116/SC";"Sul";"Choque - Defensa, barreira ou "submarino"";1;0;0;0;0;0;0;0;0;0;1;0;0;0;0
"18/12/2021";"05:22:00";"17";"3 - Aciden";"121.89";"BR-116/PR";"Sul";"Choque - Objeto sobre a pista";1;0;1;0;0;0;0;0;0;0;2;0;0;0;0
"18/12/2021";"05:54:00";"18";"3 - Aciden";"183.001";"BR-116/SC";"Norte";"Capotamento";1;0;0;0;0;0;0;0;0;0;1;0;0;0;0
"18/12/2021";"07:37:00";"25";"3 - Aciden";"115.9";"BR-116/PR";"Sul";"Choque - Elemento de Drenagem";1;0;0;0;0;0;0;0;0;0;1;0;0;0;0
"18/12/2021";"10:25:00";"55";"2 - Aciden";"12.3";"BR-116/SC";"Sul";"Colisão Transversal";1;0;1;0;0;0;0;0;0;0;2;0;0;1;0
"18/12/2021";"10:06:00";"107";"1 - Aciden";"124.575";"BR-116/PR";"Sul";"Atropelamento - Sem Informação";0;0;0;0;1;0;0;0;0;0;1;0;0;0;1
"18/12/2021";"11:06:00";"112";"3 - Aciden";"123.358";"BR-116/PR";"Norte";"Colisão Traseira";2;0;0;0;0;0;0;0;0;0;2;0;0;0;0
"19/12/2021";"12:16:00";"2";"3 - Aciden";"212.4";"BR-116/SC";"Norte";"Choque - Talude";1;0;0;0;0;0;0;0;0;0;1;0;0;0;0
"19/12/2021";"09:14:00";"28";"2 - Aciden";"222.01";"BR-116/SC";"Norte";"Capotamento";1;0;0;0;0;0;0;0;0;0;0;1;0;0;0
"19/12/2021";"06:30:00";"67";"2 - Aciden";"122.202";"BR-116/PR";"Sul";"Colisão Lateral";1;0;0;1;0;0;0;0;0;0;1;1;0;0;0
"19/12/2021";"06:53:00";"71";"2 - Aciden";"193.87";"BR-116/SC";"Norte";"Colisão Transversal";2;0;0;0;0;0;0;0;0;0;2;1;0;0;0
"19/12/2021";"09:40:00";"80";"3 - Aciden";"211.4";"BR-116/SC";"Sul";"Capotamento";0;0;0;0;0;0;0;0;0;1;2;0;0;0;0
"20/12/2021";"08:45:00";"38";"2 - Aciden";"115.2";"BR-116/PR";"Norte";"Colisão Traseira";1;0;0;1;0;0;0;0;0;0;2;1;0;0;0
"20/12/2021";"02:46:00";"96";"3 - Aciden";"251.3";"BR-116/SC";"Sul";"Colisão Traseira";2;0;0;0;0;0;0;0;0;0;2;0;0;0;0
"20/12/2021";"03:46:00";"108";"3 - Aciden";"122.7";"BR-116/SC";"Norte";"Tombamento";0;0;1;0;0;0;0;0;0;0;1;0;0;0;0
"20/12/2021";"04:11:00";"111";"3 - Aciden";"107.7";"BR-116/SC";"Sul";"Choque - Defensa, barreira ou "submarino"";0;0;1;0;0;0;0;0;0;0;1;0;0;0;0
"20/12/2021";"04:32:00";"114";"3 - Aciden";"142.284";"BR-116/SC";"Sul";"Capotamento";1;0;0;0;0;0;0;0;0;0;1;0;0;0;0
"21/12/2021";"08:45:00";"39";"3 - Aciden";"247.85";"BR-116/SC";"Sul";"Colisão Traseira";2;0;0;0;0;0;0;0;0;0;4;0;0;0;0
"21/12/2021";"10:26:00";"61";"3 - Aciden";"52.2";"BR-116/SC";"Sul";"Colisão Traseira";0;0;1;0;0;0;0;0;0;1;2;0;0;0;0
"21/12/2021";"10:40:00";"64";"3 - Aciden";"225.011";"BR-116/SC";"Norte";"Colisão Traseira";1;0;1;0;0;0;0;0;0;0;5;0;0;0;0
"21/12/2021";"09:03:00";"131";"3 - Aciden";"124.54";"BR-116/PR";"Sul";"Choque - Defensa, barreira ou "submarino"";1;0;0;0;0;0;0;0;0;0;1;0;0;0;0
"21/12/2021";"09:18:00";"133";"3 - Aciden";"129.001";"BR-116/PR";"Sul";"Queda de Moto";0;0;0;1;0;0;0;0;0;0;2;0;0;0;0
"21/12/2021";"10:05:00";"137";"1 - Aciden";"156.048";"BR-116/PR";"Norte";"Colisão Lateral";0;0;1;1;0;0;0;0;0;1;2;0;0;0;1
"22/12/2021";"09:24:00";"36";"3 - Aciden";"170.988";"BR-116/SC";"Norte";"Colisão Frontal";1;0;1;0;0;1;0;0;0;0;3;0;0;0;0
"22/12/2021";"11:41:00";"53";"2 - Aciden";"199.138";"BR-116/PR";"Sul";"Tombamento";0;0;1;0;0;0;0;0;0;0;2;1;0;0;0
"22/12/2021";"01:28:00";"64";"3 - Aciden";"245.6";"BR-116/SC";"Sul";"Colisão Transversal";2;0;0;0;0;0;0;0;0;0;2;0;0;0;0
"22/12/2021";"05:44:00";"91";"3 - Aciden";"37.15";"BR-116/SC";"Sul";"Choque - Arvore";0;0;1;0;0;0;0;0;0;0;1;0;0;0;0
"22/12/2021";"08:43:00";"120";"3 - Aciden";"126.001";"BR-116/PR";"Sul";"Engavetamento";3;0;0;0;0;0;0;0;0;0;3;0;0;0;0
"22/12/2021";"10:14:00";"127";"2 - Aciden";"168.148";"BR-116/PR";"Sul";"Colisão Lateral";0;0;2;0;0;0;0;0;0;0;2;1;0;0;0
"23/12/2021";"05:25:00";"12";"3 - Aciden";"279.1";"BR-116/SC";"Norte";"Colisão Traseira";1;0;0;0;0;0;0;0;0;0;1;0;0;0;0
"23/12/2021";"07:52:00";"46";"3 - Aciden";"247.001";"BR-116/SC";"Sul";"Colisão Transversal";2;0;0;0;0;0;0;0;0;0;6;0;0;0;0
"23/12/2021";"11:19:00";"67";"1 - Aciden";"305.2";"BR-116/SC";"Sul";"Tombamento";0;0;1;0;0;0;0;0;0;0;0;0;0;0;1
"23/12/2021";"03:39:00";"92";"2 - Aciden";"125.97";"BR-116/PR";"Sul";"Colisão Lateral";2;0;0;0;0;0;0;0;0;0;5;1;0;0;0
"23/12/2021";"03:51:00";"95";"3 - Aciden";"124.5";"BR-116/PR";"Sul";"Colisão Traseira";1;0;0;0;0;1;0;0;0;0;2;0;0;0;0
"23/12/2021";"05:48:00";"106";"3 - Aciden";"117.7";"BR-116/PR";"Sul";"Engavetamento";2;0;1;0;0;0;0;0;0;0;4;0;0;0;0
"24/12/2021";"02:19:00";"3";"3 - Aciden";"11.16";"BR-116/SC";"Norte";"Choque - Talude";1;0;0;0;0;0;0;0;0;0;1;0;0;0;0
"24/12/2021";"08:09:00";"26";"3 - Aciden";"5.121";"BR-116/SC";"Norte";"Colisão Transversal";1;0;0;0;0;1;0;0;0;0;2;0;0;0;0
"24/12/2021";"08:45:00";"33";"3 - Aciden";"310.1";"BR-116/SC";"Sul";"Colisão Traseira";2;0;0;0;0;0;0;0;0;0;8;0;0;0;0