data;horario;n_da_ocorrencia;tipo_de_ocorrencia;km;trecho;sentido;tipo_de_acidente;automovel;bicicleta;caminhao;moto;onibus;outros;tracao_animal;transporte_de_cargas_especiais;trator_maquinas;utilitarios;ilesos;levemente_feridos;moderadamente_feridos;gravemente_feridos;mortos
"24/12/2021";"10:17:00";"45";"3 - Aciden";"120.2";"BR-116/SC";"Norte";"Colisão Transversal";2;0;0;0;0;0;0;0;0;0;5;0;0;0;0
"24/12/2021";"11:22:00";"48";"3 - Aciden";"205.3";"BR-116/SC";"Sul";"Colisão Lateral";2;0;0;0;0;0;0;0;0;0;6;0;0;0;0
"24/12/2021";"02:50:00";"68";"2 - Aciden";"67.469";"BR-116/SC";"Sul";"Colisão Frontal";2;0;1;0;0;0;0;0;0;0;3;1;0;0;0
"24/12/2021";"03:32:00";"69";"3 - Aciden";"116.2";"BR-116/PR";"Sul";"Colisão Traseira";1;0;0;1;0;0;0;0;0;0;3;0;0;0;0
"25/12/2021";"01:56:00";"30";"3 - Aciden";"52.8";"BR-116/SC";"Sul";"Saida de Pista";1;0;0;0;0;0;0;0;0;0;1;0;0;0;0
"26/12/2021";"09:11:00";"28";"2 - Aciden";"143.141";"BR-116/PR";"Sul";"Colisão Frontal";2;0;0;0;0;0;0;0;0;0;0;1;0;1;0
"26/12/2021";"04:59:00";"65";"3 - Aciden";"288.001";"BR-116/SC";"Norte";"Queda de Moto";0;0;0;1;0;0;0;0;0;0;1;0;0;0;0
"26/12/2021";"09:34:00";"93";"3 - Aciden";"217.386";"BR-116/SC";"Norte";"Colisão Transversal";2;0;0;0;0;0;0;0;0;0;4;0;0;0;0
"30/12/2021";"03:39:00";"15";"3 - Aciden";"211.929";"BR-116/SC";"Sul";"Tombamento";0;0;1;0;0;0;0;0;0;0;1;0;0;0;0
"31/12/2021";"06:50:00";"15";"3 - Aciden";"241.926";"BR-116/SC";"Sul";"Capotamento";1;0;0;0;0;0;0;0;0;0;1;0;0;0;0
"31/12/2021";"10:02:00";"23";"3 - Aciden";"72.812";"BR-116/SC";"Norte";"Saida de Pista";1;0;0;0;0;0;0;0;0;0;4;0;0;0;0
"31/12/2021";"02:09:00";"35";"2 - Aciden";"119.4";"BR-116/PR";"Sul";"Choque - Defensa, barreira ou "submarino"";0;0;0;1;0;0;0;0;0;0;0;1;0;0;0
"31/12/2021";"10:02:00";"69";"3 - Aciden";"85.001";"BR-116/SC";"Norte";"Saida de Pista";1;0;0;0;0;0;0;0;0;0;1;0;0;0;0
"02/01/2022";"12:30:00";"56";"2 - Aciden";"54.632";"BR-116/SC";"Sul";"Tombamento";0;0;1;0;0;0;0;0;0;0;1;2;0;0;0
"03/01/2022";"08:34:00";"86";"2 - Aciden";"71.467";"BR-116/SC";"Sul";"Atropelamento - Sem Informação";1;0;0;0;0;0;0;0;0;0;2;0;0;1;0
"04/01/2022";"01:31:00";"4";"3 - Aciden";"72.684";"BR-116/SC";"Sul";"Atropelamento de Animal";0;0;1;0;0;0;0;0;0;0;1;0;0;0;0
"05/01/2022";"03:03:00";"76";"3 - Aciden";"69.164";"BR-116/SC";"Norte";"Colisão Traseira";1;0;0;0;0;0;0;0;0;1;2;0;0;0;0
"05/01/2022";"06:48:00";"93";"3 - Aciden";"115.742";"BR-116/PR";"Norte";"Engavetamento";1;0;0;0;0;2;0;0;0;0;3;0;0;0;0
"05/01/2022";"07:51:00";"95";"2 - Aciden";"21.494";"BR-116/SC";"Norte";"Colisão Frontal";1;0;0;0;0;0;0;0;0;1;0;3;0;1;0
"06/01/2022";"01:03:00";"2";"3 - Aciden";"310.2";"BR-116/SC";"Sul";"Choque - Defensa, barreira ou "submarino"";0;0;0;0;0;0;0;0;0;1;2;0;0;0;0
"06/01/2022";"04:37:00";"82";"3 - Aciden";"71.902";"BR-116/SC";"Norte";"Colisão Traseira";1;0;0;0;0;0;0;0;0;1;2;0;0;0;0
"06/01/2022";"08:12:00";"104";"3 - Aciden";"87.535";"BR-116/SC";"Norte";"Capotamento";1;0;0;0;0;0;0;0;0;0;1;0;0;0;0
"06/01/2022";"10:34:00";"114";"3 - Aciden";"126.208";"BR-116/PR";"Norte";"Colisão Transversal";1;0;0;1;0;0;0;0;0;0;2;0;0;0;0
"06/01/2022";"11:41:00";"118";"3 - Aciden";"117.992";"BR-116/PR";"Norte";"Capotamento";2;0;0;0;0;0;0;0;0;0;2;0;0;0;0
"07/01/2022";"09:13:00";"31";"3 - Aciden";"94.9";"BR-116/SC";"Norte";"Colisão Lateral";0;0;1;0;0;1;0;0;0;0;2;0;0;0;0
"07/01/2022";"04:01:00";"72";"3 - Aciden";"166.891";"BR-116/PR";"Norte";"Colisão Transversal";2;0;0;0;0;0;0;0;0;0;2;0;0;0;0
"08/01/2022";"08:58:00";"27";"2 - Aciden";"160.285";"BR-116/SC";"Sul";"Choque - Talude";1;0;0;0;0;0;0;0;0;0;0;1;0;0;0
"08/01/2022";"11:46:00";"48";"3 - Aciden";"130.1";"BR-116/SC";"Sul";"Capotamento";1;0;0;0;0;0;0;0;0;0;3;0;0;0;0
"08/01/2022";"02:14:00";"61";"3 - Aciden";"126.226";"BR-116/PR";"Norte";"Colisão Transversal";2;0;0;0;0;0;0;0;0;0;2;0;0;0;0
"08/01/2022";"04:38:00";"71";"1 - Aciden";"105.9";"BR-116/SC";"Norte";"Tombamento";0;0;1;0;0;0;0;0;0;0;0;0;0;0;2
"08/01/2022";"05:08:00";"77";"3 - Aciden";"155.5";"BR-116/PR";"Sul";"Colisão Lateral";0;0;2;0;0;0;0;0;0;0;2;0;0;0;0
"08/01/2022";"06:02:00";"83";"3 - Aciden";"132.1";"BR-116/PR";"Sul";"Colisão Traseira";1;0;0;0;0;1;0;0;0;1;3;0;0;0;0
"08/01/2022";"10:56:00";"94";"2 - Aciden";"131.743";"BR-116/SC";"Norte";"Choque - Talude";1;0;0;0;0;0;0;0;0;0;0;1;0;0;0
"08/01/2022";"11:08:00";"95";"3 - Aciden";"117.65";"BR-116/PR";"Sul";"Choque - Elemento de Drenagem";1;0;0;0;0;0;0;0;0;0;1;0;0;0;0
"09/01/2022";"11:21:00";"33";"3 - Aciden";"287.1";"BR-116/SC";"Sul";"Colisão Traseira";2;0;0;0;0;0;0;0;0;0;10;0;0;0;0
"09/01/2022";"05:17:00";"50";"3 - Aciden";"122.612";"BR-116/PR";"Sul";"Colisão Lateral";1;0;0;0;0;1;0;0;0;0;3;0;0;0;0
"10/01/2022";"03:29:00";"72";"3 - Aciden";"245.759";"BR-116/SC";"Sul";"Colisão Lateral";1;0;0;0;0;1;0;0;0;0;2;0;0;0;0
"10/01/2022";"04:09:00";"78";"3 - Aciden";"179.361";"BR-116/PR";"Norte";"Colisão Lateral";0;0;1;0;0;1;0;0;0;0;2;0;0;0;0
"11/01/2022";"08:48:00";"113";"3 - Aciden";"24.4";"BR-116/SC";"Norte";"Choque - Suporte de Sinalização";1;0;0;0;0;0;0;0;0;0;1;0;0;0;0
"12/01/2022";"12:18:00";"2";"2 - Aciden";"126.223";"BR-116/PR";"Sul";"Colisão Transversal";2;0;0;0;0;0;0;0;0;0;2;1;0;0;0
"12/01/2022";"11:10:00";"72";"3 - Aciden";"141.981";"BR-116/PR";"Sul";"Colisão Lateral";1;0;1;0;0;0;0;0;0;0;2;0;0;0;0
"13/01/2022";"06:39:00";"93";"2 - Aciden";"129.38";"BR-116/PR";"Sul";"Queda de Moto";0;0;0;1;0;0;0;0;0;0;0;1;0;0;0
"13/01/2022";"07:07:00";"96";"2 - Aciden";"120.1";"BR-116/PR";"Sul";"Queda de Moto";0;0;0;1;0;0;0;0;0;0;0;1;0;0;0
"13/01/2022";"07:22:00";"97";"2 - Aciden";"149.956";"BR-116/PR";"Sul";"Colisão Transversal";1;0;0;1;0;0;0;0;0;0;1;1;0;0;0
"13/01/2022";"10:45:00";"116";"3 - Aciden";"224.5";"BR-116/SC";"Sul";"Choque - Elemento de Drenagem";1;0;0;0;0;0;0;0;0;0;1;0;0;0;0
"14/01/2022";"09:04:00";"111";"3 - Aciden";"195.489";"BR-116/PR";"Norte";"Choque - Defensa, barreira ou "submarino"";1;0;0;0;0;0;0;0;0;0;2;0;0;0;0
"14/01/2022";"10:18:00";"116";"2 - Aciden";"241.93";"BR-116/SC";"Norte";"Colisão Traseira";0;0;0;2;0;0;0;0;0;0;1;2;0;0;0
"15/01/2022";"12:09:00";"1";"3 - Aciden";"159.404";"BR-116/PR";"Norte";"Colisão Lateral";1;0;1;0;0;0;0;0;0;0;2;0;0;0;0
"15/01/2022";"03:41:00";"6";"2 - Aciden";"164.583";"BR-116/PR";"Sul";"Capotamento";1;0;0;0;0;0;0;0;0;0;0;1;0;0;0
"15/01/2022";"08:53:00";"24";"2 - Aciden";"145.9";"BR-116/PR";"Sul";"Colisão Transversal";0;0;0;2;0;0;0;0;0;0;0;3;0;0;0
"15/01/2022";"10:30:00";"42";"3 - Aciden";"166.129";"BR-116/PR";"Norte";"Colisão Transversal";2;0;0;0;0;0;0;0;0;0;2;0;0;0;0
"15/01/2022";"04:34:00";"60";"3 - Aciden";"119.147";"BR-116/PR";"Sul";"Colisão Traseira";1;0;0;1;0;0;0;0;0;0;2;0;0;0;0
"15/01/2022";"09:32:00";"74";"3 - Aciden";"120.357";"BR-116/PR";"Sul";"Saida de Pista";1;0;0;0;0;0;0;0;0;0;2;0;0;0;0
"15/01/2022";"11:30:00";"83";"2 - Aciden";"23.634";"BR-116/SC";"Norte";"Choque - Poste";1;0;0;0;0;0;0;0;0;0;1;1;0;0;0
"16/01/2022";"04:28:00";"7";"2 - Aciden";"143.9";"BR-116/SC";"Sul";"Saida de Pista";1;0;0;0;0;0;0;0;0;0;0;1;0;0;0
"16/01/2022";"02:56:00";"54";"2 - Aciden";"117.75";"BR-116/PR";"Norte";"Atropelamento - Ciclista";1;1;0;0;0;0;0;0;0;0;1;1;0;0;0
"16/01/2022";"05:17:00";"73";"3 - Aciden";"126.32";"BR-116/PR";"Norte";"Engavetamento";3;0;0;0;0;0;0;0;0;0;3;0;0;0;0
"16/01/2022";"05:47:00";"80";"3 - Aciden";"126.25";"BR-116/PR";"Norte";"Colisão Traseira";2;0;0;0;0;0;0;0;0;0;2;0;0;0;0
"16/01/2022";"08:32:00";"93";"3 - Aciden";"166.85";"BR-116/PR";"Norte";"Colisão Lateral";2;0;0;0;0;0;0;0;0;0;3;0;0;0;0
"16/01/2022";"11:51:00";"104";"3 - Aciden";"269.1";"BR-116/SC";"Sul";"Choque - Veiculo parado no acostamento";1;0;0;0;0;0;0;0;0;0;1;0;0;0;0
"17/01/2022";"03:57:00";"15";"3 - Aciden";"134.928";"BR-116/PR";"Sul";"Tombamento";0;0;1;0;0;0;0;0;0;0;1;0;0;0;0
"17/01/2022";"05:05:00";"141";"2 - Aciden";"173.115";"BR-116/SC";"Sul";"Choque - Talude";0;0;0;0;0;0;0;0;0;2;4;2;0;0;0
"17/01/2022";"05:39:00";"148";"3 - Aciden";"99.1";"BR-116/SC";"Norte";"Colisão Lateral";1;0;1;0;0;0;0;0;0;0;3;0;0;0;0
"17/01/2022";"07:07:00";"154";"3 - Aciden";"304.5";"BR-116/SC";"Sul";"Saida de Pista";0;0;1;0;0;0;0;0;0;0;3;0;0;0;0
"17/01/2022";"09:00:00";"164";"2 - Aciden";"144.812";"BR-116/PR";"Norte";"Queda de Moto";0;0;0;1;0;0;0;0;0;0;0;1;0;0;0
"18/01/2022";"10:02:00";"57";"3 - Aciden";"134.9";"BR-116/PR";"Norte";"Colisão Lateral";0;0;1;0;0;1;0;0;0;0;2;0;0;0;0
"18/01/2022";"12:20:00";"71";"3 - Aciden";"54.01";"BR-116/SC";"Sul";"Colisão Transversal";1;0;1;0;0;0;0;0;0;0;2;0;0;0;0
"19/01/2022";"06:35:00";"16";"2 - Aciden";"173.5";"BR-116/SC";"Sul";"Colisão Traseira";1;0;1;0;0;0;0;0;0;0;3;1;0;0;0
"19/01/2022";"08:09:00";"49";"2 - Aciden";"126.1";"BR-116/PR";"Norte";"Atropelamento de Animal";0;0;0;1;0;0;0;0;0;0;0;2;0;0;0
"19/01/2022";"08:17:00";"52";"2 - Aciden";"244.138";"BR-116/SC";"Sul";"Colisão Frontal";2;0;0;0;0;0;0;0;0;0;2;3;0;0;0
"19/01/2022";"09:23:00";"59";"2 - Aciden";"117.2";"BR-116/PR";"Norte";"Colisão Traseira";1;0;1;1;0;0;0;0;0;0;2;1;0;0;0
"19/01/2022";"11:23:00";"75";"3 - Aciden";"121.1";"BR-116/PR";"Sul";"Colisão Lateral";1;0;0;2;0;0;0;0;0;0;3;0;0;0;0
"19/01/2022";"12:10:00";"81";"3 - Aciden";"192.428";"BR-116/SC";"Sul";"Choque - Elemento de Drenagem";0;0;0;0;0;0;0;0;0;1;1;0;0;0;0
"19/01/2022";"03:05:00";"108";"2 - Aciden";"115.3";"BR-116/PR";"Norte";"Queda de Moto";0;0;0;1;0;0;0;0;0;0;0;1;0;0;0
"19/01/2022";"03:46:00";"113";"2 - Aciden";"105.1";"BR-116/SC";"Norte";"Colisão Traseira";0;0;2;0;0;0;0;0;0;0;1;1;0;0;0
"19/01/2022";"04:29:00";"123";"3 - Aciden";"249.468";"BR-116/SC";"Norte";"Choque - Defensa, barreira ou "submarino"";0;0;0;0;0;0;0;0;0;1;2;0;0;0;0
"20/01/2022";"07:07:00";"19";"3 - Aciden";"4.584";"BR-116/SC";"Sul";"Tombamento";0;0;1;0;1;0;0;0;0;0;2;0;0;0;0
"20/01/2022";"10:40:00";"70";"3 - Aciden";"147.1";"BR-116/SC";"Sul";"Tombamento";0;0;1;0;0;0;0;0;0;0;1;0;0;0;0
"20/01/2022";"09:24:00";"142";"3 - Aciden";"142.4";"BR-116/SC";"Sul";"Atropelamento de Animal";0;0;1;0;0;0;0;0;0;0;1;0;0;0;0
"21/01/2022";"05:13:00";"20";"1 - Aciden";"127.8";"BR-116/PR";"Norte";"Atropelamento - Sem Informação";0;0;0;0;0;1;0;0;0;0;1;0;0;0;1
"21/01/2022";"02:22:00";"117";"2 - Aciden";"134.4";"BR-116/PR";"Sul";"Choque - Defensa, barreira ou "submarino"";0;0;0;0;0;1;0;0;0;1;1;1;0;0;0
"21/01/2022";"04:52:00";"135";"2 - Aciden";"267.761";"BR-116/SC";"Sul";"Queda de Moto";0;0;0;1;0;0;0;0;0;0;0;1;0;0;0
"21/01/2022";"05:28:00";"137";"3 - Aciden";"152.938";"BR-116/SC";"Sul";"Choque - Defensa, barreira ou "submarino"";1;0;0;0;0;0;0;0;0;0;1;0;0;0;0
"21/01/2022";"06:17:00";"140";"3 - Aciden";"121.858";"BR-116/PR";"Sul";"Colisão Traseira";1;0;0;0;0;0;0;0;0;1;2;0;0;0;0
"22/01/2022";"01:43:00";"91";"3 - Aciden";"5.573";"BR-116/SC";"Norte";"Colisão Transversal";1;0;1;0;0;0;0;0;0;0;2;0;0;0;0
"23/01/2022";"01:46:00";"10";"3 - Aciden";"12.528";"BR-116/SC";"Norte";"Tombamento";0;0;1;0;0;1;0;0;0;0;2;0;0;0;0
"23/01/2022";"03:48:00";"13";"2 - Aciden";"125.807";"BR-116/PR";"Sul";"Colisão Traseira";0;0;0;1;0;0;0;0;0;1;1;2;0;0;0
"23/01/2022";"05:31:00";"19";"3 - Aciden";"233.701";"BR-116/SC";"Sul";"Capotamento";1;0;0;0;0;0;0;0;0;0;1;0;0;0;0
"25/01/2022";"08:24:00";"46";"3 - Aciden";"134.1";"BR-116/PR";"Sul";"Colisão Transversal";0;0;0;0;0;0;0;0;0;2;2;0;0;0;0
"25/01/2022";"09:53:00";"63";"2 - Aciden";"120.5";"BR-116/PR";"Sul";"Choque - Defensa, barreira ou "submarino"";1;0;0;0;0;0;0;0;0;0;0;3;0;0;0
"25/01/2022";"11:38:00";"79";"3 - Aciden";"230.3";"BR-116/SC";"Norte";"Colisão Lateral";2;0;0;0;0;0;0;0;0;0;2;0;0;0;0
"25/01/2022";"02:41:00";"100";"3 - Aciden";"117.3";"BR-116/PR";"Sul";"Colisão Lateral";1;0;1;0;0;0;0;0;0;0;2;0;0;0;0
"25/01/2022";"10:55:00";"142";"2 - Aciden";"126.199";"BR-116/PR";"Sul";"Engavetamento";3;0;0;0;0;0;0;0;0;0;2;2;0;1;0
"26/01/2022";"04:48:00";"105";"3 - Aciden";"138.29";"BR-116/PR";"Norte";"Colisão Traseira";1;0;1;0;0;0;0;0;0;0;2;0;0;0;0
"27/01/2022";"01:29:00";"87";"2 - Aciden";"122.8";"BR-116/PR";"Norte";"Colisão Traseira";2;0;0;0;0;0;0;0;0;0;1;1;0;0;0
"27/01/2022";"02:20:00";"89";"3 - Aciden";"203.9";"BR-116/PR";"Norte";"Colisão Traseira";2;0;0;0;0;0;0;0;0;0;2;0;0;0;0
"27/01/2022";"05:00:00";"101";"2 - Aciden";"121.982";"BR-116/PR";"Sul";"Colisão Frontal";1;0;0;2;0;0;0;0;0;0;0;2;0;1;0
"27/01/2022";"11:10:00";"137";"2 - Aciden";"296.75";"BR-116/SC";"Norte";"Tombamento";0;0;1;0;0;0;0;0;0;0;0;1;0;0;0
"27/01/2022";"11:19:00";"138";"3 - Aciden";"175.66";"BR-116/SC";"Norte";"Choque - Defensa, barreira ou "submarino"";0;0;1;0;0;0;0;0;0;0;1;0;0;0;0
"28/01/2022";"05:26:00";"9";"3 - Aciden";"247.8";"BR-116/SC";"Sul";"Colisão Traseira";1;0;0;0;0;0;0;0;0;1;2;0;0;0;0
"28/01/2022";"11:09:00";"40";"3 - Aciden";"83.221";"BR-116/SC";"Sul";"Choque - Defensa, barreira ou "submarino"";0;0;1;0;0;0;0;0;0;0;1;0;0;0;0
"29/01/2022";"09:25:00";"26";"2 - Aciden";"304.7";"BR-116/SC";"Norte";"Choque - Arvore";1;0;0;0;0;0;0;0;0;0;1;1;0;0;0
"29/01/2022";"11:01:00";"32";"3 - Aciden";"209.1";"BR-116/PR";"Sul";"Choque - Defensa, barreira ou "submarino"";1;0;0;0;0;0;0;0;0;0;1;0;0;0;0
"30/01/2022";"01:07:00";"37";"2 - Aciden";"147.294";"BR-116/PR";"Sul";"Saida de Pista";1;0;0;0;0;0;0;0;0;0;0;1;0;0;0
"30/01/2022";"06:11:00";"65";"3 - Aciden";"126.15";"BR-116/PR";"Sul";"Colisão Lateral";1;0;0;1;0;0;0;0;0;0;2;0;0;0;0
"30/01/2022";"08:09:00";"74";"1 - Aciden";"129.152";"BR-116/PR";"Sul";"Atropelamento - Morador";0;0;0;0;0;1;0;0;0;0;2;0;0;0;1
"31/01/2022";"12:40:00";"5";"2 - Aciden";"124.074";"BR-116/PR";"Norte";"Queda de Moto";0;0;0;1;0;0;0;0;0;0;0;0;0;1;0
"31/01/2022";"04:11:00";"98";"3 - Aciden";"102.594";"BR-116/SC";"Norte";"Tombamento";0;0;1;0;0;0;0;0;0;0;1;0;0;0;0
"31/01/2022";"04:23:00";"100";"2 - Aciden";"128.805";"BR-116/PR";"Norte";"Saida de Pista";1;0;0;0;0;0;0;0;0;0;0;1;0;0;0
"31/01/2022";"04:27:00";"101";"3 - Aciden";"236.8";"BR-116/SC";"Sul";"Saida de Pista";1;0;0;0;0;0;0;0;0;0;1;0;0;0;0
"31/01/2022";"05:05:00";"107";"3 - Aciden";"117.174";"BR-116/SC";"Norte";"Tombamento";0;0;1;0;0;0;0;0;0;0;1;0;0;0;0
"01/02/2022";"08:01:00";"54";"3 - Aciden";"15.1";"BR-116/SC";"Sul";"Choque - Arvore";1;0;0;0;0;0;0;0;0;0;1;0;0;0;0
"01/02/2022";"12:32:00";"92";"3 - Aciden";"119.807";"BR-116/PR";"Norte";"Colisão Traseira";2;0;0;0;0;0;0;0;0;0;2;0;0;0;0
"02/02/2022";"05:09:00";"17";"3 - Aciden";"194.6";"BR-116/SC";"Sul";"Saida de Pista";1;0;0;0;0;0;0;0;0;0;1;0;0;0;0
"03/02/2022";"03:54:00";"123";"2 - Aciden";"119.583";"BR-116/PR";"Sul";"Colisão Lateral";1;0;1;0;0;0;0;0;0;0;1;1;0;0;0
"03/02/2022";"05:28:00";"134";"3 - Aciden";"115.1";"BR-116/PR";"Norte";"Colisão Lateral";2;0;0;0;0;0;0;0;0;0;2;0;0;0;0
"04/02/2022";"04:32:00";"13";"3 - Aciden";"168.112";"BR-116/SC";"Norte";"Choque - Elemento de Drenagem";1;0;0;0;0;0;0;0;0;0;3;0;0;0;0
"04/02/2022";"07:16:00";"19";"3 - Aciden";"245.15";"BR-116/SC";"Sul";"Colisão Traseira";2;0;0;0;0;0;0;0;0;0;2;0;0;0;0
"04/02/2022";"05:07:00";"84";"3 - Aciden";"126.334";"BR-116/PR";"Norte";"Colisão Traseira";1;0;0;0;0;1;0;0;0;0;4;0;0;0;0
"05/02/2022";"07:51:00";"24";"3 - Aciden";"152.001";"BR-116/SC";"Sul";"Choque - Veiculo parado na pista";1;0;1;0;0;0;0;0;0;0;2;0;0;0;0
"05/02/2022";"08:04:00";"104";"3 - Aciden";"134.4";"BR-116/PR";"Norte";"Colisão Traseira";2;0;0;0;0;0;0;0;0;0;2;0;0;0;0
"05/02/2022";"11:12:00";"116";"2 - Aciden";"26.5";"BR-116/SC";"Sul";"Choque - Suporte de Sinalização";1;0;0;0;0;0;0;0;0;0;3;1;0;0;0
"06/02/2022";"12:33:00";"4";"2 - Aciden";"191.7";"BR-116/SC";"Sul";"Choque - Talude";1;0;0;0;0;0;0;0;0;0;1;1;0;0;0
"06/02/2022";"12:39:00";"5";"3 - Aciden";"121.1";"BR-116/SC";"Sul";"Capotamento";1;0;0;0;0;0;0;0;0;0;2;0;0;0;0
"06/02/2022";"04:03:00";"89";"2 - Aciden";"241.022";"BR-116/SC";"Sul";"Colisão Frontal";1;0;0;1;0;0;0;0;0;0;1;0;0;1;0
"06/02/2022";"07:35:00";"110";"3 - Aciden";"62.1";"BR-116/SC";"Sul";"Colisão Lateral";2;0;0;0;0;0;0;0;0;0;4;0;0;0;0
"06/02/2022";"08:21:00";"114";"2 - Aciden";"59.864";"BR-116/SC";"Sul";"Colisão Lateral";0;0;0;1;0;1;0;0;0;0;1;0;0;2;0
"07/02/2022";"12:24:00";"5";"3 - Aciden";"234.325";"BR-116/SC";"Sul";"Engavetamento";1;0;3;0;0;0;0;0;0;0;5;0;0;0;0
"07/02/2022";"04:06:00";"105";"3 - Aciden";"53.25";"BR-116/SC";"Sul";"Colisão Traseira";1;0;1;0;0;0;0;0;0;0;2;0;0;0;0
"07/02/2022";"07:33:00";"130";"2 - Aciden";"123.833";"BR-116/PR";"Sul";"Colisão Traseira";1;0;0;1;0;0;0;0;0;0;1;1;0;0;0
"08/02/2022";"09:04:00";"52";"3 - Aciden";"55.6";"BR-116/SC";"Norte";"Colisão Lateral";2;0;0;0;0;0;0;0;0;0;2;0;0;0;0
"08/02/2022";"11:52:00";"83";"3 - Aciden";"287.7";"BR-116/SC";"Norte";"Colisão Traseira";1;0;1;0;0;0;0;0;0;0;4;0;0;0;0
"08/02/2022";"01:30:00";"93";"2 - Aciden";"246.911";"BR-116/SC";"Norte";"Colisão Lateral";2;0;1;0;0;0;0;0;0;0;1;5;0;0;0
"08/02/2022";"03:40:00";"106";"3 - Aciden";"52.635";"BR-116/SC";"Sul";"Colisão Traseira";0;0;1;0;0;0;0;0;0;1;2;0;0;0;0
"09/02/2022";"01:43:00";"7";"2 - Aciden";"132.05";"BR-116/PR";"Sul";"Choque - Defensa, barreira ou "submarino"";1;0;0;0;0;0;0;0;0;0;0;1;0;0;0
"09/02/2022";"06:42:00";"22";"2 - Aciden";"176.05";"BR-116/SC";"Sul";"Tombamento";0;0;1;0;0;0;0;0;0;0;0;1;0;0;0
"09/02/2022";"01:03:00";"70";"2 - Aciden";"118.524";"BR-116/PR";"Sul";"Colisão Lateral";1;0;0;1;0;0;0;0;0;0;2;0;0;1;0
"09/02/2022";"03:04:00";"93";"2 - Aciden";"120.4";"BR-116/PR";"Norte";"Colisão Lateral";1;0;0;1;0;0;0;0;0;0;1;1;0;0;0
"10/02/2022";"10:14:00";"71";"3 - Aciden";"162.4";"BR-116/PR";"Norte";"Colisão Lateral";0;0;2;0;0;0;0;0;0;0;3;0;0;0;0
"10/02/2022";"02:53:00";"109";"2 - Aciden";"144.2";"BR-116/PR";"Sul";"Colisão Transversal";0;0;1;1;0;0;0;0;0;0;1;0;0;1;0
"10/02/2022";"03:11:00";"113";"3 - Aciden";"245.6";"BR-116/SC";"Sul";"Colisão Transversal";1;0;1;0;0;0;0;0;0;0;2;0;0;0;0
"10/02/2022";"06:17:00";"128";"2 - Aciden";"115.77";"BR-116/PR";"Norte";"Colisão Lateral";0;0;0;1;0;1;0;0;0;0;1;1;0;0;0
"10/02/2022";"07:15:00";"134";"3 - Aciden";"123.413";"BR-116/PR";"Sul";"Engavetamento";4;0;0;0;0;0;0;0;0;0;4;0;0;0;0
"10/02/2022";"10:55:00";"145";"3 - Aciden";"73.15";"BR-116/SC";"Sul";"Queda de Moto";0;0;0;1;0;0;0;0;0;0;1;0;0;0;0
"11/02/2022";"12:49:00";"99";"3 - Aciden";"124.2";"BR-116/PR";"Sul";"Choque - Defensa, barreira ou "submarino"";1;0;0;0;0;0;0;0;0;0;3;0;0;0;0
"12/02/2022";"08:09:00";"34";"2 - Aciden";"210.1";"BR-116/SC";"Norte";"Capotamento";1;0;0;0;0;0;0;0;0;0;0;1;0;0;0
"12/02/2022";"09:10:00";"41";"3 - Aciden";"298.3";"BR-116/SC";"Sul";"Saida de Pista";1;0;0;0;0;0;0;0;0;0;2;0;0;0;0
"12/02/2022";"08:30:00";"113";"2 - Aciden";"58.127";"BR-116/SC";"Sul";"Colisão Transversal";1;0;0;0;0;0;0;0;0;1;4;1;0;1;0
"12/02/2022";"10:09:00";"120";"3 - Aciden";"55.763";"BR-116/SC";"Norte";"Saida de Pista";1;0;0;0;0;0;0;0;0;0;1;0;0;0;0
"13/02/2022";"01:42:00";"6";"2 - Aciden";"247.36";"BR-116/SC";"Norte";"Capotamento";1;0;0;0;0;0;0;0;0;0;0;2;0;2;0
"13/02/2022";"06:30:00";"19";"3 - Aciden";"235.1";"BR-116/SC";"Norte";"Saida de Pista";1;0;0;0;0;0;0;0;0;0;1;0;0;0;0
"13/02/2022";"10:02:00";"32";"3 - Aciden";"131.8";"BR-116/PR";"Sul";"Colisão Traseira";1;0;0;0;0;0;0;0;0;0;3;0;0;0;0
"13/02/2022";"02:05:00";"50";"2 - Aciden";"107.181";"BR-116/SC";"Norte";"Tombamento";0;0;1;0;0;0;0;0;0;0;0;1;0;0;0
"13/02/2022";"02:40:00";"56";"3 - Aciden";"108.1";"BR-116/SC";"Sul";"Choque - Talude";1;0;0;0;0;0;0;0;0;0;1;0;0;0;0
"13/02/2022";"04:30:00";"71";"3 - Aciden";"236.897";"BR-116/SC";"Sul";"Queda de Moto";0;0;0;1;0;0;0;0;0;0;1;0;0;0;0
"13/02/2022";"07:05:00";"88";"2 - Aciden";"161.405";"BR-116/PR";"Sul";"Saida de Pista";0;0;0;0;0;0;0;0;0;1;1;1;0;0;0
"13/02/2022";"09:03:00";"97";"2 - Aciden";"247.937";"BR-116/SC";"Sul";"Colisão Transversal";2;0;0;0;0;0;0;0;0;0;0;2;0;0;0
"14/02/2022";"08:50:00";"60";"2 - Aciden";"247.8";"BR-116/SC";"Sul";"Colisão Transversal";1;0;0;1;0;0;0;0;0;0;1;1;0;0;0
"14/02/2022";"05:33:00";"112";"3 - Aciden";"123.861";"BR-116/PR";"Sul";"Colisão Traseira";2;0;0;0;0;0;0;0;0;0;3;0;0;0;0
"14/02/2022";"08:20:00";"124";"3 - Aciden";"210.7";"BR-116/PR";"Sul";"Colisão Transversal";2;0;0;0;0;0;0;0;0;0;4;0;0;0;0
"15/02/2022";"01:00:00";"59";"2 - Aciden";"221.218";"BR-116/SC";"Norte";"Colisão Traseira";0;0;1;1;0;0;0;0;0;0;1;1;0;0;0
"15/02/2022";"05:00:00";"84";"3 - Aciden";"47.888";"BR-116/SC";"Sul";"Colisão Traseira";2;0;0;0;0;0;0;0;0;0;2;0;0;0;0
"15/02/2022";"08:19:00";"99";"2 - Aciden";"122.707";"BR-116/PR";"Sul";"Colisão Traseira";0;0;0;1;0;1;0;0;0;0;1;1;0;0;0
"16/02/2022";"07:36:00";"18";"2 - Aciden";"121.25";"BR-116/PR";"Sul";"Choque - Defensa, barreira ou "submarino"";0;0;0;1;0;0;0;0;0;0;0;1;0;0;0