data;horario;n_da_ocorrencia;tipo_de_ocorrencia;km;trecho;sentido;tipo_de_acidente;automovel;bicicleta;caminhao;moto;onibus;outros;tracao_animal;transporte_de_cargas_especiais;trator_maquinas;utilitarios;ilesos;levemente_feridos;moderadamente_feridos;gravemente_feridos;mortos
"16/02/2022";"09:21:00";"37";"2 - Aciden";"7.119";"BR-116/SC";"Norte";"Colisão Transversal";1;0;0;1;0;0;0;0;0;0;2;1;0;0;0
"16/02/2022";"12:27:00";"62";"3 - Aciden";"139.857";"BR-116/SC";"Norte";"Choque - Elemento de Drenagem";1;0;0;0;0;0;0;0;0;0;1;0;0;0;0
"16/02/2022";"09:07:00";"102";"3 - Aciden";"205.529";"BR-116/PR";"Sul";"Choque - Defensa, barreira ou "submarino"";1;0;0;0;0;0;0;0;0;0;1;0;0;0;0
"17/02/2022";"07:37:00";"35";"2 - Aciden";"172.35";"BR-116/SC";"Sul";"Choque - Defensa, barreira ou "submarino"";1;0;0;0;0;0;0;0;0;0;0;1;0;0;0
"17/02/2022";"02:45:00";"105";"2 - Aciden";"118.882";"BR-116/PR";"Norte";"Queda de Moto";0;0;0;0;0;1;0;0;0;0;0;1;0;0;0
"17/02/2022";"04:47:00";"122";"3 - Aciden";"125.12";"BR-116/PR";"Norte";"Choque - Defensa, barreira ou "submarino"";4;0;1;0;0;0;0;0;0;0;5;0;0;0;0
"17/02/2022";"05:32:00";"129";"3 - Aciden";"181.435";"BR-116/SC";"Norte";"Tombamento";0;0;1;0;0;0;0;0;0;0;1;0;0;0;0
"17/02/2022";"08:24:00";"145";"2 - Aciden";"116.25";"BR-116/PR";"Sul";"Atropelamento - Sem Informação";0;0;0;0;0;1;0;0;0;0;1;0;0;1;0
"18/02/2022";"07:03:00";"24";"3 - Aciden";"126.35";"BR-116/PR";"Norte";"Engavetamento";3;0;0;0;0;0;0;0;0;0;3;0;0;0;0
"18/02/2022";"05:47:00";"101";"3 - Aciden";"117.97";"BR-116/PR";"Sul";"Colisão Traseira";2;0;0;0;0;0;0;0;0;0;2;0;0;0;0
"18/02/2022";"07:15:00";"106";"2 - Aciden";"310.1";"BR-116/SC";"Norte";"Colisão Transversal";2;0;0;0;0;0;0;0;0;0;0;2;0;1;0
"19/02/2022";"09:12:00";"117";"3 - Aciden";"152.413";"BR-116/PR";"Norte";"Colisão Transversal";2;0;0;0;0;0;0;0;0;0;2;0;0;0;0
"20/02/2022";"12:47:00";"6";"2 - Aciden";"189.44";"BR-116/SC";"Norte";"Atropelamento de Animal";0;0;0;1;0;0;0;0;0;0;0;1;0;0;0
"20/02/2022";"10:18:00";"56";"3 - Aciden";"134.1";"BR-116/PR";"Sul";"Colisão Traseira";1;0;1;0;0;0;0;0;0;0;3;0;0;0;0
"20/02/2022";"12:54:00";"68";"2 - Aciden";"310.001";"BR-116/SC";"Sul";"Queda de Moto";0;0;0;1;0;0;0;0;0;0;0;2;0;0;0
"20/02/2022";"05:02:00";"87";"2 - Aciden";"157.566";"BR-116/PR";"Sul";"Colisão Lateral";2;0;1;0;0;0;0;0;0;0;2;0;0;2;0
"20/02/2022";"05:29:00";"92";"2 - Aciden";"252.526";"BR-116/SC";"Sul";"Colisão Lateral";3;0;0;0;0;0;0;0;0;0;3;1;0;0;0
"20/02/2022";"08:38:00";"109";"3 - Aciden";"165.103";"BR-116/SC";"Sul";"Saida de Pista";1;0;0;0;0;0;0;0;0;0;1;0;0;0;0
"20/02/2022";"09:58:00";"112";"3 - Aciden";"237.7";"BR-116/SC";"Norte";"Atropelamento de Animal";1;0;0;0;0;0;0;0;0;0;1;0;0;0;0
"21/02/2022";"04:27:00";"105";"3 - Aciden";"106.5";"BR-116/SC";"Sul";"Capotamento";1;0;0;0;0;0;0;0;0;0;3;0;0;0;0
"22/02/2022";"09:22:00";"61";"3 - Aciden";"139.5";"BR-116/SC";"Sul";"Colisão Transversal";1;0;0;0;0;0;0;0;0;1;3;0;0;0;0
"22/02/2022";"10:07:00";"67";"2 - Aciden";"174.561";"BR-116/PR";"Sul";"Colisão Transversal";2;0;0;0;0;0;0;0;0;0;1;2;0;0;0
"23/02/2022";"06:08:00";"14";"2 - Aciden";"125.587";"BR-116/PR";"Norte";"Colisão Traseira";0;0;0;2;0;0;0;0;0;0;1;3;0;0;0
"23/02/2022";"05:44:00";"95";"2 - Aciden";"149.951";"BR-116/PR";"Sul";"Colisão Transversal";0;0;0;1;0;1;0;0;0;0;1;1;0;0;0
"24/02/2022";"05:32:00";"10";"2 - Aciden";"241.371";"BR-116/SC";"Norte";"Capotamento";1;0;0;0;0;0;0;0;0;0;0;1;0;0;0
"24/02/2022";"07:25:00";"23";"2 - Aciden";"119.335";"BR-116/PR";"Norte";"Colisão Lateral";1;0;0;1;0;0;0;0;0;0;1;1;0;0;0
"24/02/2022";"02:44:00";"79";"2 - Aciden";"189.445";"BR-116/SC";"Sul";"Saida de Pista";1;0;0;0;0;0;0;0;0;0;2;3;0;0;0
"25/02/2022";"01:03:00";"4";"3 - Aciden";"178.722";"BR-116/PR";"Norte";"Colisão Lateral";0;0;2;0;0;0;0;0;0;0;2;0;0;0;0
"25/02/2022";"08:52:00";"44";"2 - Aciden";"120.9";"BR-116/PR";"Norte";"Colisão Traseira";1;0;0;1;0;0;0;0;0;0;1;1;0;0;0
"26/02/2022";"12:39:00";"4";"3 - Aciden";"134.4";"BR-116/SC";"Norte";"Queda de Moto";0;0;0;1;0;0;0;0;0;0;2;0;0;0;0
"26/02/2022";"10:06:00";"53";"3 - Aciden";"251.411";"BR-116/SC";"Sul";"Colisão Transversal";1;0;1;0;0;0;0;0;0;0;3;0;0;0;0
"26/02/2022";"03:05:00";"80";"3 - Aciden";"139.99";"BR-116/SC";"Sul";"Saida de Pista";2;0;0;0;0;0;0;0;0;0;3;0;0;0;0
"26/02/2022";"09:19:00";"116";"3 - Aciden";"247.1";"BR-116/SC";"Sul";"Colisão Transversal";2;0;0;0;0;0;0;0;0;0;2;0;0;0;0
"27/02/2022";"12:27:00";"4";"3 - Aciden";"141.702";"BR-116/PR";"Norte";"Saida de Pista";1;0;0;0;0;0;0;0;0;0;1;0;0;0;0
"27/02/2022";"06:37:00";"20";"3 - Aciden";"223.1";"BR-116/SC";"Sul";"Outros - Sequência";2;0;0;0;0;1;0;0;0;0;7;0;0;0;0
"27/02/2022";"07:51:00";"73";"3 - Aciden";"128.858";"BR-116/PR";"Sul";"Colisão Lateral";2;0;0;0;0;0;0;0;0;0;2;0;0;0;0
"28/02/2022";"08:10:00";"116";"2 - Aciden";"117.078";"BR-116/PR";"Norte";"Atropelamento - Ciclista";0;1;0;1;0;1;0;0;0;0;2;1;0;0;0
"01/03/2022";"12:27:00";"4";"2 - Aciden";"32.4";"BR-116/SC";"Sul";"Colisão Traseira";1;0;1;0;0;0;0;0;0;0;1;2;0;0;0
"01/03/2022";"04:33:00";"93";"2 - Aciden";"107.82";"BR-116/SC";"Sul";"Queda de Moto";0;0;0;1;0;0;0;0;0;0;0;1;0;0;0
"02/03/2022";"05:55:00";"11";"2 - Aciden";"105.7";"BR-116/SC";"Norte";"Tombamento";0;0;1;0;0;0;0;0;0;0;0;1;0;0;0
"03/03/2022";"09:25:00";"61";"2 - Aciden";"191.6";"BR-116/PR";"Sul";"Queda de Moto";0;0;0;1;0;0;0;0;0;0;0;1;0;0;0
"03/03/2022";"09:52:00";"68";"2 - Aciden";"145.5";"BR-116/PR";"Sul";"Colisão Frontal";1;0;0;0;0;1;0;0;0;1;2;0;0;1;0
"03/03/2022";"02:58:00";"89";"3 - Aciden";"149.931";"BR-116/PR";"Sul";"Colisão Transversal";2;0;1;0;0;0;0;0;0;0;3;0;0;0;0
"03/03/2022";"05:12:00";"106";"2 - Aciden";"143.956";"BR-116/PR";"Sul";"Colisão Transversal";0;0;0;2;0;0;0;0;0;0;1;1;0;0;0
"04/03/2022";"06:00:00";"107";"3 - Aciden";"10.838";"BR-116/SC";"Sul";"Saida de Pista";1;0;0;0;0;0;0;0;0;0;1;0;0;0;0
"04/03/2022";"06:07:00";"108";"3 - Aciden";"176.308";"BR-116/SC";"Sul";"Colisão Lateral";1;0;1;0;0;0;0;0;0;0;5;0;0;0;0
"04/03/2022";"09:03:00";"113";"2 - Aciden";"10.6";"BR-116/SC";"Sul";"Queda de Moto";0;0;0;1;0;0;0;0;0;0;0;1;0;0;0
"05/03/2022";"05:15:00";"21";"3 - Aciden";"132.884";"BR-116/PR";"Sul";"Colisão Lateral";1;0;0;0;0;0;0;0;0;0;1;0;0;0;0
"05/03/2022";"10:09:00";"53";"2 - Aciden";"134.1";"BR-116/PR";"Sul";"Colisão Transversal";2;0;0;0;0;0;0;0;0;0;0;4;0;0;0
"05/03/2022";"01:45:00";"67";"2 - Aciden";"122.16";"BR-116/PR";"Norte";"Queda de Moto";0;0;0;1;0;0;0;0;0;0;0;2;0;0;0
"05/03/2022";"05:12:00";"89";"3 - Aciden";"228.153";"BR-116/SC";"Norte";"Tombamento";0;0;1;0;0;0;0;0;0;0;1;0;0;0;0
"05/03/2022";"07:57:00";"99";"2 - Aciden";"6.97";"BR-116/SC";"Norte";"Colisão Lateral";1;0;0;1;0;0;0;0;0;0;1;1;0;0;0
"05/03/2022";"10:28:00";"110";"2 - Aciden";"161.4";"BR-116/PR";"Norte";"Colisão Transversal";2;0;0;0;0;0;0;0;0;0;3;1;0;0;0
"06/03/2022";"12:49:00";"4";"3 - Aciden";"207.1";"BR-116/PR";"Sul";"Colisão Traseira";2;0;0;0;0;0;0;0;0;0;2;0;0;0;0
"06/03/2022";"04:28:00";"15";"3 - Aciden";"152.232";"BR-116/PR";"Norte";"Colisão Frontal";2;0;0;0;0;0;0;0;0;0;2;0;0;0;0
"06/03/2022";"06:14:00";"19";"2 - Aciden";"221.676";"BR-116/SC";"Norte";"Colisão Traseira";2;0;0;0;0;0;0;0;0;0;2;2;0;0;0
"06/03/2022";"04:00:00";"74";"2 - Aciden";"152.43";"BR-116/PR";"Sul";"Colisão Transversal";1;0;1;0;0;0;0;0;0;0;4;1;0;0;0
"06/03/2022";"07:09:00";"96";"2 - Aciden";"186.8";"BR-116/SC";"Sul";"Colisão Frontal";3;0;1;0;0;0;0;0;0;0;2;1;0;3;0
"06/03/2022";"07:47:00";"100";"2 - Aciden";"112.1";"BR-116/SC";"Sul";"Objeto lançado contra veículo";0;0;1;0;0;0;0;0;0;1;1;1;0;0;0
"06/03/2022";"09:08:00";"108";"3 - Aciden";"191.9";"BR-116/SC";"Norte";"Saida de Pista";1;0;0;0;0;0;0;0;0;0;4;0;0;0;0
"06/03/2022";"09:51:00";"113";"3 - Aciden";"160.001";"BR-116/PR";"Sul";"Atropelamento de Animal";1;0;0;0;0;0;0;0;0;0;1;0;0;0;0
"06/03/2022";"10:06:00";"115";"3 - Aciden";"191.8";"BR-116/SC";"Norte";"Saida de Pista";1;0;0;0;0;0;0;0;0;0;1;0;0;0;0
"07/03/2022";"01:17:00";"3";"3 - Aciden";"124.1";"BR-116/PR";"Norte";"Choque - Defensa, barreira ou "submarino"";1;0;0;0;0;0;0;0;0;0;1;0;0;0;0
"07/03/2022";"06:20:00";"17";"1 - Aciden";"197.15";"BR-116/PR";"Sul";"Colisão Transversal";1;0;0;0;0;0;0;0;0;1;0;2;0;0;1
"07/03/2022";"08:26:00";"40";"2 - Aciden";"118.1";"BR-116/PR";"Norte";"Colisão Lateral";1;0;0;1;0;0;0;0;0;0;1;1;0;0;0
"07/03/2022";"08:07:00";"131";"3 - Aciden";"7.134";"BR-116/SC";"Sul";"Colisão Transversal";2;0;0;0;0;0;0;0;0;0;2;0;0;0;0
"08/03/2022";"06:22:00";"127";"3 - Aciden";"238.898";"BR-116/SC";"Norte";"Saida de Pista";0;0;1;0;0;0;0;0;0;0;1;0;0;0;0
"09/03/2022";"07:02:00";"42";"2 - Aciden";"125.414";"BR-116/PR";"Norte";"Engavetamento";3;0;0;0;0;0;0;0;0;0;3;1;0;0;0
"09/03/2022";"07:10:00";"46";"3 - Aciden";"215.35";"BR-116/SC";"Sul";"Choque - Veiculo parado no acostamento";2;0;0;0;0;0;0;0;0;0;3;0;0;0;0
"09/03/2022";"09:10:00";"142";"3 - Aciden";"167.845";"BR-116/SC";"Sul";"Colisão Lateral";1;0;1;0;0;0;0;0;0;0;2;0;0;0;0
"10/03/2022";"05:59:00";"24";"2 - Aciden";"119.144";"BR-116/PR";"Sul";"Colisão Lateral";0;0;1;1;0;0;0;0;0;0;1;1;0;0;0
"10/03/2022";"10:23:00";"53";"3 - Aciden";"245.5";"BR-116/SC";"Sul";"Colisão Lateral";0;0;0;1;0;1;0;0;0;0;2;0;0;0;0
"10/03/2022";"02:53:00";"77";"2 - Aciden";"129.97";"BR-116/PR";"Sul";"Colisão Traseira";1;0;1;0;0;0;0;0;0;0;2;1;0;0;0
"10/03/2022";"02:59:00";"78";"1 - Aciden";"106.3";"BR-116/SC";"Norte";"Tombamento";0;0;3;0;0;0;0;0;0;0;1;1;0;0;1
"10/03/2022";"05:54:00";"95";"2 - Aciden";"146.614";"BR-116/PR";"Sul";"Colisão Transversal";0;0;0;1;0;1;0;0;0;0;1;1;0;0;0
"10/03/2022";"08:24:00";"109";"3 - Aciden";"116.802";"BR-116/PR";"Sul";"Colisão Lateral";2;0;0;0;0;0;0;0;0;0;2;0;0;0;0
"10/03/2022";"09:01:00";"110";"3 - Aciden";"116.802";"BR-116/PR";"Sul";"Colisão Traseira";2;0;0;0;0;0;0;0;0;0;2;0;0;0;0
"11/03/2022";"07:53:00";"41";"2 - Aciden";"200.73";"BR-116/PR";"Norte";"Choque - Arvore";1;0;0;0;0;1;0;0;0;0;1;1;0;0;0
"11/03/2022";"10:39:00";"70";"3 - Aciden";"14.8";"BR-116/SC";"Sul";"Colisão Transversal";0;0;1;0;0;0;0;0;0;1;3;0;0;0;0
"11/03/2022";"11:27:00";"82";"3 - Aciden";"236.44";"BR-116/SC";"Norte";"Choque - Elemento de Drenagem";0;0;1;0;0;0;0;0;0;0;1;0;0;0;0
"12/03/2022";"06:38:00";"23";"2 - Aciden";"235.189";"BR-116/SC";"Norte";"Tombamento";0;0;1;0;0;0;0;0;0;0;0;1;0;0;0
"12/03/2022";"11:37:00";"57";"3 - Aciden";"305.3";"BR-116/SC";"Sul";"Choque - Talude";0;0;1;0;0;0;0;0;0;0;1;0;0;0;0
"12/03/2022";"07:00:00";"96";"1 - Aciden";"130.25";"BR-116/PR";"Norte";"Atropelamento - Ciclista";0;1;0;0;0;0;0;0;0;0;0;0;0;0;1
"13/03/2022";"04:05:00";"9";"2 - Aciden";"139.15";"BR-116/SC";"Norte";"Colisão Frontal";2;0;0;0;0;0;0;0;0;0;2;1;0;0;0
"13/03/2022";"05:24:00";"14";"3 - Aciden";"163.1";"BR-116/PR";"Norte";"Colisão Transversal";1;0;0;0;0;1;0;0;0;0;2;0;0;0;0
"13/03/2022";"06:30:00";"16";"3 - Aciden";"235.8";"BR-116/SC";"Sul";"Saida de Pista";1;0;0;0;0;0;0;0;0;0;1;0;0;0;0
"13/03/2022";"06:58:00";"17";"3 - Aciden";"121.1";"BR-116/PR";"Sul";"Saida de Pista";1;0;0;0;0;0;0;0;0;0;1;0;0;0;0
"13/03/2022";"09:50:00";"34";"2 - Aciden";"164.9";"BR-116/SC";"Sul";"Colisão Transversal";2;0;0;0;0;0;0;0;0;0;0;2;0;6;0
"13/03/2022";"04:36:00";"64";"3 - Aciden";"269.645";"BR-116/SC";"Norte";"Choque - Talude";1;0;0;0;0;1;0;0;0;0;3;0;0;0;0
"13/03/2022";"05:38:00";"70";"3 - Aciden";"191.2";"BR-116/PR";"Sul";"Colisão Frontal";2;0;0;0;0;0;0;0;0;0;2;0;0;0;0
"14/03/2022";"03:50:00";"10";"3 - Aciden";"125.062";"BR-116/PR";"Sul";"Saida de Pista";1;0;0;0;0;0;0;0;0;0;1;0;0;0;0
"14/03/2022";"06:47:00";"15";"2 - Aciden";"125.1";"BR-116/PR";"Norte";"Colisão Lateral";1;0;0;1;0;0;0;0;0;0;1;1;0;0;0
"14/03/2022";"07:44:00";"23";"1 - Aciden";"143.625";"BR-116/PR";"Norte";"Colisão Transversal";2;0;0;0;0;0;0;0;0;0;0;2;0;0;3
"14/03/2022";"01:07:00";"73";"2 - Aciden";"152.5";"BR-116/PR";"Sul";"Colisão Transversal";0;0;0;1;0;0;0;0;0;0;0;1;0;0;0
"14/03/2022";"02:00:00";"77";"2 - Aciden";"214.871";"BR-116/SC";"Sul";"Colisão Transversal";1;0;0;0;0;0;0;0;0;1;4;0;0;1;0
"15/03/2022";"09:20:00";"73";"2 - Aciden";"119.1";"BR-116/PR";"Sul";"Outros - Sequência";1;0;1;0;0;0;0;0;0;1;4;1;0;0;0
"15/03/2022";"01:36:00";"100";"3 - Aciden";"157.95";"BR-116/PR";"Sul";"Engavetamento";0;0;3;0;0;0;0;0;0;0;3;0;0;0;0
"15/03/2022";"02:04:00";"104";"3 - Aciden";"131.685";"BR-116/PR";"Norte";"Choque - Elemento de Drenagem";1;0;0;0;0;0;0;0;0;0;1;0;0;0;0
"15/03/2022";"02:07:00";"105";"3 - Aciden";"167.559";"BR-116/PR";"Norte";"Colisão Transversal";2;0;0;0;0;0;0;0;0;0;2;0;0;0;0
"15/03/2022";"09:59:00";"139";"2 - Aciden";"126.2";"BR-116/PR";"Norte";"Atropelamento - Usuário";0;0;0;1;0;0;0;0;0;0;0;1;0;2;0
"16/03/2022";"11:55:00";"60";"3 - Aciden";"125.9";"BR-116/PR";"Norte";"Colisão Traseira";0;0;0;0;0;1;0;0;0;1;2;0;0;0;0
"17/03/2022";"02:24:00";"76";"3 - Aciden";"126.2";"BR-116/PR";"Norte";"Colisão Lateral";2;0;1;0;0;1;0;0;0;0;4;0;0;0;0
"17/03/2022";"06:33:00";"100";"2 - Aciden";"123.68";"BR-116/PR";"Sul";"Choque - Defensa, barreira ou "submarino"";1;0;0;1;0;0;0;0;0;0;1;1;0;0;0
"17/03/2022";"07:05:00";"104";"3 - Aciden";"119.58";"BR-116/PR";"Sul";"Colisão Lateral";1;0;0;1;0;0;0;0;0;0;2;0;0;0;0
"17/03/2022";"08:29:00";"109";"3 - Aciden";"7.5";"BR-116/SC";"Norte";"Colisão Frontal";1;0;1;0;0;0;0;0;0;0;2;0;0;0;0
"17/03/2022";"10:10:00";"113";"2 - Aciden";"147.17";"BR-116/PR";"Sul";"Colisão Transversal";2;0;0;0;0;0;0;0;0;0;1;2;0;0;0
"18/03/2022";"04:35:00";"111";"2 - Aciden";"220.62";"BR-116/SC";"Sul";"Colisão Transversal";1;0;0;1;0;0;0;0;0;0;1;0;0;1;0
"18/03/2022";"05:05:00";"113";"3 - Aciden";"124.313";"BR-116/PR";"Sul";"Engavetamento";2;0;0;0;0;0;0;0;0;1;3;0;0;0;0
"18/03/2022";"10:14:00";"133";"2 - Aciden";"1.75";"BR-116/SC";"Sul";"Colisão Transversal";2;0;0;0;0;0;0;0;0;0;1;1;0;0;0
"19/03/2022";"05:01:00";"19";"3 - Aciden";"210.146";"BR-116/SC";"Sul";"Choque - Talude";1;0;0;0;0;0;0;0;0;0;1;0;0;0;0
"19/03/2022";"08:09:00";"27";"2 - Aciden";"116.875";"BR-116/PR";"Norte";"Choque - Defensa, barreira ou "submarino"";2;0;0;1;0;1;0;0;0;0;3;1;0;0;0
"19/03/2022";"01:10:00";"61";"3 - Aciden";"126.2";"BR-116/PR";"Sul";"Colisão Traseira";1;0;1;0;0;0;0;0;0;0;2;0;0;0;0
"19/03/2022";"01:38:00";"64";"3 - Aciden";"91.95";"BR-116/SC";"Sul";"Colisão Traseira";1;0;0;0;1;0;0;0;0;0;2;0;0;0;0
"19/03/2022";"03:17:00";"73";"3 - Aciden";"251.579";"BR-116/SC";"Sul";"Colisão Transversal";2;0;0;0;0;0;0;0;0;0;2;0;0;0;0
"19/03/2022";"07:34:00";"96";"3 - Aciden";"161.454";"BR-116/PR";"Sul";"Colisão Lateral";2;0;0;0;0;0;0;0;0;0;2;0;0;0;0
"19/03/2022";"09:43:00";"101";"2 - Aciden";"126.172";"BR-116/PR";"Sul";"Engavetamento";3;0;0;0;0;0;0;0;0;0;1;3;0;0;0
"20/03/2022";"01:11:00";"5";"3 - Aciden";"74.15";"BR-116/SC";"Sul";"Choque - Defensa, barreira ou "submarino"";1;0;0;0;0;0;0;0;0;0;1;0;0;0;0
"20/03/2022";"07:25:00";"25";"3 - Aciden";"157.45";"BR-116/SC";"Norte";"Tombamento";0;0;1;0;0;0;0;0;0;0;1;0;0;0;0
"21/03/2022";"05:33:00";"20";"3 - Aciden";"224.1";"BR-116/SC";"Norte";"Saida de Pista";1;0;0;0;0;0;0;0;0;0;1;0;0;0;0
"21/03/2022";"07:10:00";"29";"3 - Aciden";"5.5";"BR-116/SC";"Norte";"Engavetamento";2;0;1;0;0;0;0;0;0;0;3;0;0;0;0
"21/03/2022";"07:59:00";"34";"2 - Aciden";"117.5";"BR-116/PR";"Norte";"Colisão Traseira";1;0;0;1;0;0;0;0;0;0;1;1;0;0;0
"21/03/2022";"08:29:00";"47";"3 - Aciden";"53.2";"BR-116/SC";"Norte";"Colisão Traseira";2;0;0;0;0;0;0;0;0;0;2;0;0;0;0
"21/03/2022";"02:46:00";"103";"3 - Aciden";"149.5";"BR-116/SC";"Sul";"Saida de Pista";1;0;0;0;0;0;0;0;0;0;1;0;0;0;0
"21/03/2022";"08:56:00";"126";"3 - Aciden";"125.527";"BR-116/PR";"Sul";"Saida de Pista";1;0;0;0;0;0;0;0;0;0;1;0;0;0;0
"21/03/2022";"11:13:00";"131";"2 - Aciden";"245.1";"BR-116/SC";"Sul";"Choque - Defensa, barreira ou "submarino"";1;0;0;0;0;0;0;0;0;0;0;1;0;0;0
"22/03/2022";"02:50:00";"12";"3 - Aciden";"169.794";"BR-116/SC";"Norte";"Choque - Elemento de Drenagem";0;0;1;0;0;0;0;0;0;0;1;0;0;0;0
"22/03/2022";"06:05:00";"130";"2 - Aciden";"117.003";"BR-116/PR";"Sul";"Colisão Lateral";1;0;0;1;0;0;0;0;0;0;1;1;0;0;0
"22/03/2022";"07:51:00";"142";"2 - Aciden";"119.508";"BR-116/PR";"Sul";"Queda de Moto";0;0;0;1;0;0;0;0;0;0;1;1;0;0;0
"23/03/2022";"04:37:00";"108";"2 - Aciden";"119.316";"BR-116/PR";"Sul";"Choque - Defensa, barreira ou "submarino"";0;0;0;1;0;0;0;0;0;0;0;1;0;0;0
"23/03/2022";"11:52:00";"137";"2 - Aciden";"121.865";"BR-116/PR";"Sul";"Colisão Traseira";0;0;0;1;0;1;0;0;0;0;1;1;0;0;0
"24/03/2022";"07:00:00";"21";"2 - Aciden";"116.1";"BR-116/PR";"Sul";"Colisão Lateral";0;0;0;1;0;2;0;0;0;0;2;1;0;0;0
"24/03/2022";"07:24:00";"27";"2 - Aciden";"250.2";"BR-116/SC";"Norte";"Colisão Lateral";2;0;0;0;0;0;0;0;0;0;2;0;0;1;0
"24/03/2022";"09:47:00";"55";"3 - Aciden";"117.5";"BR-116/PR";"Sul";"Colisão Lateral";1;0;1;0;0;0;0;0;0;0;2;0;0;0;0
"24/03/2022";"05:34:00";"94";"3 - Aciden";"172.2";"BR-116/SC";"Sul";"Choque - Outros";1;0;0;0;0;0;0;0;0;0;1;0;0;0;0
"24/03/2022";"07:38:00";"101";"1 - Aciden";"32.554";"BR-116/SC";"Sul";"Atropelamento - Morador";1;0;0;0;0;0;0;0;0;0;2;0;0;0;1
"25/03/2022";"11:17:00";"58";"3 - Aciden";"76.95";"BR-116/SC";"Sul";"Colisão Traseira";1;0;1;0;0;0;0;0;0;0;3;0;0;0;0
"25/03/2022";"01:40:00";"76";"2 - Aciden";"173.53";"BR-116/SC";"Sul";"Choque - Elemento de Drenagem";0;0;0;1;0;0;0;0;0;0;0;0;0;1;0
"25/03/2022";"04:37:00";"95";"2 - Aciden";"121.94";"BR-116/PR";"Sul";"Colisão Traseira";0;0;0;1;0;0;0;0;0;1;3;0;0;1;0
"26/03/2022";"02:29:00";"11";"2 - Aciden";"123.4";"BR-116/SC";"Sul";"Capotamento";1;0;0;0;0;0;0;0;0;0;0;1;0;0;0
"26/03/2022";"02:41:00";"12";"3 - Aciden";"126.058";"BR-116/PR";"Norte";"Colisão Traseira";0;0;2;0;0;0;0;0;0;0;2;0;0;0;0
"26/03/2022";"02:48:00";"13";"3 - Aciden";"115.392";"BR-116/PR";"Sul";"Colisão Traseira";2;0;0;0;0;0;0;0;0;0;2;0;0;0;0
"26/03/2022";"11:45:00";"51";"3 - Aciden";"147.1";"BR-116/PR";"Sul";"Saida de Pista";0;0;0;0;0;0;0;0;0;1;1;0;0;0;0
"26/03/2022";"05:15:00";"92";"3 - Aciden";"122.893";"BR-116/PR";"Norte";"Colisão Traseira";1;0;0;1;0;0;0;0;0;0;2;0;0;0;0
"26/03/2022";"06:55:00";"99";"2 - Aciden";"149.8";"BR-116/PR";"Norte";"Colisão Frontal";0;0;0;2;0;0;0;0;0;0;0;0;0;2;0
"26/03/2022";"07:49:00";"105";"2 - Aciden";"57.3";"BR-116/SC";"Norte";"Colisão Traseira";0;0;0;1;0;1;0;0;0;0;1;1;0;0;0
"27/03/2022";"07:04:00";"28";"2 - Aciden";"36.5";"BR-116/SC";"Sul";"Colisão Transversal";1;0;1;0;0;0;0;0;0;0;2;1;0;0;0
"27/03/2022";"07:12:00";"89";"2 - Aciden";"152.505";"BR-116/PR";"Sul";"Colisão Transversal";0;0;1;0;0;0;0;0;0;1;2;1;0;0;0
"27/03/2022";"07:46:00";"91";"2 - Aciden";"126.621";"BR-116/PR";"Norte";"Engavetamento";2;0;0;0;0;1;0;0;0;0;3;1;0;0;0
"28/03/2022";"08:18:00";"118";"2 - Aciden";"117.07";"BR-116/PR";"Sul";"Colisão Lateral";1;0;0;1;0;1;0;0;0;0;2;1;0;0;0
"28/03/2022";"08:29:00";"120";"2 - Aciden";"124.05";"BR-116/SC";"Sul";"Saida de Pista";0;0;1;0;0;0;0;0;0;0;0;1;0;0;0
"30/03/2022";"11:40:00";"74";"3 - Aciden";"159.3";"BR-116/PR";"Norte";"Saida de Pista";1;0;0;0;0;0;0;0;0;0;1;0;0;0;0
"31/03/2022";"06:35:00";"27";"2 - Aciden";"125.743";"BR-116/PR";"Norte";"Colisão Traseira";1;0;0;1;0;0;0;0;0;0;1;1;0;0;0
"31/03/2022";"07:23:00";"30";"3 - Aciden";"175.96";"BR-116/SC";"Norte";"Tombamento";1;0;2;0;0;0;0;0;0;0;4;0;0;0;0
"31/03/2022";"05:26:00";"133";"3 - Aciden";"126.294";"BR-116/PR";"Norte";"Colisão Traseira";2;0;0;0;0;0;0;0;0;0;2;0;0;0;0
"01/04/2022";"05:34:00";"112";"3 - Aciden";"119.12";"BR-116/PR";"Sul";"Colisão Lateral";2;0;0;0;0;0;0;0;0;0;2;0;0;0;0
"01/04/2022";"06:12:00";"117";"2 - Aciden";"134.044";"BR-116/PR";"Norte";"Colisão Transversal";2;0;0;0;0;1;0;0;0;0;2;1;0;0;0
"01/04/2022";"08:43:00";"125";"2 - Aciden";"125.072";"BR-116/PR";"Sul";"Colisão Lateral";2;0;0;1;0;0;0;0;0;0;2;1;0;0;0
"01/04/2022";"11:28:00";"137";"3 - Aciden";"162.7";"BR-116/PR";"Norte";"Colisão Lateral";1;0;1;0;0;0;0;0;0;0;2;0;0;0;0
"02/04/2022";"08:18:00";"35";"3 - Aciden";"198.4";"BR-116/SC";"Sul";"Tombamento";0;0;1;0;0;1;0;0;0;0;2;0;0;0;0
"02/04/2022";"08:49:00";"40";"3 - Aciden";"119.05";"BR-116/PR";"Sul";"Colisão Lateral";1;0;0;0;0;1;0;0;0;0;2;0;0;0;0
"02/04/2022";"10:33:00";"51";"3 - Aciden";"203.2";"BR-116/SC";"Sul";"Colisão Traseira";0;0;2;0;0;0;0;0;0;0;2;0;0;0;0
"02/04/2022";"04:47:00";"83";"3 - Aciden";"4.571";"BR-116/SC";"Sul";"Colisão Lateral";1;0;0;0;0;1;0;0;0;0;2;0;0;0;0
"02/04/2022";"07:30:00";"103";"3 - Aciden";"174.987";"BR-116/SC";"Norte";"Saida de Pista";1;0;0;0;0;0;0;0;0;0;1;0;0;0;0