data;horario;n_da_ocorrencia;tipo_de_ocorrencia;km;trecho;sentido;tipo_de_acidente;automovel;bicicleta;caminhao;moto;onibus;outros;tracao_animal;transporte_de_cargas_especiais;trator_maquinas;utilitarios;ilesos;levemente_feridos;moderadamente_feridos;gravemente_feridos;mortos
"02/04/2022";"10:16:00";"111";"2 - Aciden";"8.872";"BR-116/SC";"Sul";"Colisão Traseira";1;0;1;0;0;0;0;0;0;0;2;1;0;1;0
"02/04/2022";"10:22:00";"113";"2 - Aciden";"264.5";"BR-116/SC";"Norte";"Capotamento";1;0;0;0;0;0;0;0;0;0;0;1;0;0;0
"03/04/2022";"04:18:00";"14";"3 - Aciden";"122.923";"BR-116/PR";"Norte";"Choque - Elemento de Drenagem";1;0;0;0;0;0;0;0;0;0;1;0;0;0;0
"03/04/2022";"05:22:00";"17";"3 - Aciden";"117.036";"BR-116/PR";"Sul";"Choque - Elemento de Drenagem";1;0;0;0;0;0;0;0;0;0;1;0;0;0;0
"03/04/2022";"03:36:00";"56";"2 - Aciden";"191.396";"BR-116/PR";"Norte";"Colisão Lateral";0;0;2;0;0;0;0;0;0;0;2;1;0;1;0
"03/04/2022";"06:11:00";"66";"3 - Aciden";"118.303";"BR-116/PR";"Sul";"Choque - Talude";1;0;0;0;0;0;0;0;0;0;1;0;0;0;0
"04/04/2022";"06:49:00";"14";"3 - Aciden";"115.325";"BR-116/PR";"Norte";"Engavetamento";4;0;0;0;0;0;0;0;0;0;4;0;0;0;0
"04/04/2022";"07:18:00";"18";"3 - Aciden";"119.236";"BR-116/PR";"Norte";"Colisão Traseira";2;0;0;0;0;0;0;0;0;0;2;0;0;0;0
"04/04/2022";"10:35:00";"42";"3 - Aciden";"171.789";"BR-116/SC";"Norte";"Colisão Traseira";0;0;1;0;0;0;0;0;0;1;2;0;0;0;0
"04/04/2022";"11:57:00";"50";"3 - Aciden";"238.873";"BR-116/SC";"Norte";"Saida de Pista";1;0;0;0;0;0;0;0;0;0;1;0;0;0;0
"04/04/2022";"12:25:00";"53";"3 - Aciden";"35.5";"BR-116/SC";"Norte";"Choque - Arvore";1;0;0;0;0;0;0;0;0;0;1;0;0;0;0
"04/04/2022";"03:12:00";"60";"3 - Aciden";"174.951";"BR-116/PR";"Sul";"Saida de Pista";1;0;0;0;0;0;0;0;0;0;1;0;0;0;0
"04/04/2022";"10:43:00";"93";"2 - Aciden";"125.203";"BR-116/PR";"Norte";"Engavetamento";2;0;1;0;0;0;0;0;0;0;2;1;0;0;0
"05/04/2022";"12:05:00";"1";"3 - Aciden";"125.961";"BR-116/PR";"Norte";"Colisão Traseira";2;0;0;0;0;0;0;0;0;0;7;0;0;0;0
"05/04/2022";"09:32:00";"48";"3 - Aciden";"14.3";"BR-116/SC";"Sul";"Colisão Traseira";0;0;1;0;0;1;0;0;0;0;2;0;0;0;0
"05/04/2022";"10:17:00";"117";"2 - Aciden";"49.035";"BR-116/SC";"Sul";"Colisão Lateral";1;0;1;1;0;0;0;0;0;0;5;1;0;0;0
"06/04/2022";"07:13:00";"18";"2 - Aciden";"120.109";"BR-116/PR";"Norte";"Atropelamento - Sem Informação";0;0;0;1;0;0;0;0;0;0;0;2;0;0;0
"06/04/2022";"08:48:00";"31";"3 - Aciden";"190.2";"BR-116/SC";"Sul";"Colisão Lateral";0;0;2;0;0;0;0;0;0;0;2;0;0;0;0
"06/04/2022";"08:05:00";"141";"2 - Aciden";"140.62";"BR-116/PR";"Sul";"Tombamento";0;0;1;0;0;0;0;0;0;0;0;2;0;0;0
"06/04/2022";"11:19:00";"154";"1 - Aciden";"9.283";"BR-116/SC";"Norte";"Colisão Frontal";1;0;0;1;0;0;0;0;0;0;1;0;0;0;1
"07/04/2022";"02:52:00";"103";"3 - Aciden";"117.233";"BR-116/PR";"Sul";"Saida de Pista";1;0;0;0;0;0;0;0;0;0;1;0;0;0;0
"07/04/2022";"04:03:00";"112";"3 - Aciden";"131.78";"BR-116/PR";"Norte";"Colisão Lateral";0;0;1;1;0;0;0;0;0;0;2;0;0;0;0
"07/04/2022";"05:18:00";"122";"3 - Aciden";"121.5";"BR-116/PR";"Sul";"Engavetamento";3;0;0;0;0;0;0;0;0;0;3;0;0;0;0
"07/04/2022";"06:08:00";"125";"3 - Aciden";"139.8";"BR-116/SC";"Sul";"Colisão Transversal";2;0;0;0;0;0;0;0;0;0;2;0;0;0;0
"07/04/2022";"10:40:00";"143";"3 - Aciden";"107.7";"BR-116/SC";"Sul";"Choque - Defensa, barreira ou "submarino"";1;0;0;0;0;0;0;0;0;0;1;0;0;0;0
"08/04/2022";"01:19:00";"98";"2 - Aciden";"152.12";"BR-116/PR";"Sul";"Colisão Transversal";0;0;0;1;0;1;0;0;0;0;1;1;0;0;0
"08/04/2022";"04:19:00";"119";"3 - Aciden";"166.156";"BR-116/SC";"Sul";"Colisão Traseira";0;0;2;0;0;0;0;0;0;0;2;0;0;0;0
"08/04/2022";"06:42:00";"137";"3 - Aciden";"170.045";"BR-116/SC";"Norte";"Choque - Arvore";1;0;0;0;0;0;0;0;0;0;1;0;0;0;0
"08/04/2022";"08:37:00";"147";"3 - Aciden";"133.001";"BR-116/PR";"Sul";"Capotamento";1;0;0;0;0;0;0;0;0;0;1;0;0;0;0
"08/04/2022";"10:47:00";"154";"2 - Aciden";"128.095";"BR-116/PR";"Norte";"Choque - Poste";1;0;0;0;0;0;0;0;0;0;0;1;0;0;0
"08/04/2022";"11:59:00";"157";"2 - Aciden";"159.4";"BR-116/PR";"Sul";"Colisão Transversal";1;0;1;0;0;0;0;0;0;0;1;1;0;0;0
"09/04/2022";"12:12:00";"3";"3 - Aciden";"159.989";"BR-116/PR";"Sul";"Colisão Lateral";1;0;1;0;0;0;0;0;0;0;2;0;0;0;0
"09/04/2022";"01:37:00";"5";"2 - Aciden";"225.107";"BR-116/SC";"Sul";"Saida de Pista";1;0;0;0;0;0;0;0;0;0;0;1;0;0;0
"09/04/2022";"07:13:00";"32";"2 - Aciden";"264.35";"BR-116/SC";"Sul";"Choque - Elemento de Drenagem";1;0;0;0;0;0;0;0;0;0;0;1;0;0;0
"09/04/2022";"12:46:00";"72";"2 - Aciden";"126.233";"BR-116/PR";"Norte";"Engavetamento";3;0;0;0;0;0;0;0;0;0;3;2;0;0;0
"09/04/2022";"02:30:00";"87";"3 - Aciden";"129.088";"BR-116/SC";"Sul";"Colisão Traseira";2;0;0;0;0;0;0;0;0;0;2;0;0;0;0
"10/04/2022";"03:29:00";"18";"2 - Aciden";"128.879";"BR-116/PR";"Norte";"Choque - Defensa, barreira ou "submarino"";1;0;0;0;0;0;0;0;0;0;0;1;0;0;0
"10/04/2022";"07:06:00";"92";"3 - Aciden";"125.601";"BR-116/PR";"Sul";"Colisão Traseira";2;0;0;0;0;0;0;0;0;0;2;0;0;0;0
"10/04/2022";"07:38:00";"94";"2 - Aciden";"141.137";"BR-116/PR";"Norte";"Queda de Moto";0;0;0;1;0;0;0;0;0;0;0;1;0;0;0
"10/04/2022";"11:17:00";"110";"3 - Aciden";"125.972";"BR-116/PR";"Sul";"Engavetamento";4;0;0;0;0;0;0;0;0;0;4;0;0;0;0
"11/04/2022";"06:21:00";"14";"2 - Aciden";"245.103";"BR-116/SC";"Sul";"Colisão Lateral";0;0;0;1;0;1;0;0;0;0;1;0;0;1;0
"11/04/2022";"06:34:00";"16";"2 - Aciden";"244.688";"BR-116/SC";"Sul";"Colisão Frontal";2;0;0;0;0;1;0;0;0;0;1;4;0;2;0
"12/04/2022";"06:30:00";"15";"2 - Aciden";"153.377";"BR-116/PR";"Sul";"Tombamento";0;0;1;0;0;0;0;0;0;0;1;1;0;0;0
"12/04/2022";"07:59:00";"21";"2 - Aciden";"236.021";"BR-116/SC";"Sul";"Capotamento";1;0;0;0;0;0;0;0;0;0;0;0;0;2;0
"12/04/2022";"09:28:00";"29";"3 - Aciden";"3.1";"BR-116/SC";"Norte";"Colisão Frontal";2;0;0;0;0;0;0;0;0;0;2;0;0;0;0
"12/04/2022";"01:15:00";"47";"3 - Aciden";"160.1";"BR-116/PR";"Sul";"Colisão Traseira";0;0;2;0;0;0;0;0;0;0;2;0;0;0;0
"12/04/2022";"07:18:00";"78";"3 - Aciden";"4.5";"BR-116/SC";"Sul";"Colisão Transversal";2;0;0;0;0;0;0;0;0;0;2;0;0;0;0
"12/04/2022";"09:40:00";"85";"2 - Aciden";"125.96";"BR-116/PR";"Norte";"Colisão Traseira";0;0;2;0;0;0;0;0;0;0;1;1;0;0;0
"13/04/2022";"10:06:00";"42";"2 - Aciden";"290.5";"BR-116/SC";"Norte";"Colisão Frontal";2;0;0;0;0;0;0;0;0;0;1;1;0;3;0
"13/04/2022";"06:43:00";"108";"2 - Aciden";"135.416";"BR-116/PR";"Norte";"Colisão Frontal";0;0;1;0;0;0;0;0;0;2;4;1;0;1;0
"14/04/2022";"05:45:00";"21";"3 - Aciden";"133.12";"BR-116/PR";"Norte";"Colisão Traseira";0;0;1;0;0;0;0;0;0;1;2;0;0;0;0
"14/04/2022";"05:32:00";"124";"3 - Aciden";"135.6";"BR-116/PR";"Sul";"Colisão Lateral";1;0;1;0;0;0;0;0;0;0;2;0;0;0;0
"15/04/2022";"06:48:00";"22";"3 - Aciden";"134.396";"BR-116/PR";"Sul";"Colisão Lateral";1;0;0;0;0;1;0;0;0;0;2;0;0;0;0
"15/04/2022";"10:33:00";"45";"2 - Aciden";"134.742";"BR-116/PR";"Norte";"Capotamento";1;0;0;0;0;0;0;0;0;0;2;1;0;0;0
"15/04/2022";"10:43:00";"46";"2 - Aciden";"149.3";"BR-116/SC";"Sul";"Choque - Defensa, barreira ou "submarino"";1;0;0;0;0;0;0;0;0;0;1;2;0;0;0
"15/04/2022";"12:03:00";"56";"3 - Aciden";"173.7";"BR-116/PR";"Norte";"Colisão Traseira";2;0;0;0;0;0;0;0;0;0;2;0;0;0;0
"15/04/2022";"06:55:00";"89";"3 - Aciden";"125.98";"BR-116/PR";"Norte";"Engavetamento";3;0;0;0;0;0;0;0;0;0;3;0;0;0;0
"16/04/2022";"02:51:00";"18";"3 - Aciden";"159.8";"BR-116/SC";"Norte";"Atropelamento de Animal";0;0;1;0;0;0;0;0;0;0;1;0;0;0;0
"16/04/2022";"11:41:00";"53";"2 - Aciden";"221.072";"BR-116/SC";"Sul";"Atropelamento - Morador";0;0;0;0;0;0;0;0;0;1;3;0;0;1;0
"17/04/2022";"09:24:00";"31";"3 - Aciden";"115.8";"BR-116/SC";"Sul";"Choque - Defensa, barreira ou "submarino"";1;0;0;0;0;0;0;0;0;0;1;0;0;0;0
"17/04/2022";"09:29:00";"32";"3 - Aciden";"234.1";"BR-116/SC";"Sul";"Atropelamento de Animal";1;0;0;0;0;0;0;0;0;0;1;0;0;0;0
"17/04/2022";"05:30:00";"78";"3 - Aciden";"5.663";"BR-116/SC";"Sul";"Colisão Frontal";1;0;0;0;0;0;0;0;0;1;8;0;0;0;0
"17/04/2022";"09:28:00";"106";"1 - Aciden";"164.7";"BR-116/PR";"Sul";"Atropelamento - Ciclista";0;1;0;0;0;1;0;0;0;0;1;0;0;0;1
"18/04/2022";"08:46:00";"20";"3 - Aciden";"116.2";"BR-116/PR";"Norte";"Colisão Traseira";1;0;0;1;0;0;0;0;0;0;2;0;0;0;0
"18/04/2022";"11:39:00";"120";"3 - Aciden";"225.205";"BR-116/SC";"Sul";"Choque - Defensa, barreira ou "submarino"";0;0;0;0;0;0;0;0;0;1;1;0;0;0;0
"19/04/2022";"05:03:00";"19";"3 - Aciden";"153.4";"BR-116/PR";"Sul";"Colisão Traseira";2;0;0;0;0;1;0;0;0;0;3;0;0;0;0
"19/04/2022";"08:20:00";"35";"3 - Aciden";"248.1";"BR-116/SC";"Sul";"Colisão Traseira";2;0;0;0;0;0;0;0;0;0;2;0;0;0;0
"19/04/2022";"07:24:00";"110";"2 - Aciden";"286.1";"BR-116/SC";"Norte";"Saida de Pista";1;0;0;0;0;0;0;0;0;0;1;1;0;0;0
"20/04/2022";"08:15:00";"29";"3 - Aciden";"116.5";"BR-116/PR";"Norte";"Colisão Traseira";1;0;0;1;0;0;0;0;0;0;2;0;0;0;0
"20/04/2022";"10:26:00";"42";"3 - Aciden";"216.119";"BR-116/SC";"Norte";"Colisão Traseira";2;0;0;0;0;0;0;0;0;0;2;0;0;0;0
"20/04/2022";"07:14:00";"94";"3 - Aciden";"135.859";"BR-116/PR";"Norte";"Colisão Lateral";1;0;1;0;0;0;0;0;0;0;3;0;0;0;0
"20/04/2022";"09:25:00";"103";"3 - Aciden";"37.1";"BR-116/SC";"Norte";"Colisão Traseira";0;0;2;0;0;0;0;0;0;0;2;0;0;0;0
"20/04/2022";"10:12:00";"104";"2 - Aciden";"119.1";"BR-116/SC";"Sul";"Colisão Lateral";1;0;0;1;0;0;0;0;0;0;2;1;0;0;0
"21/04/2022";"08:15:00";"120";"3 - Aciden";"131.59";"BR-116/PR";"Sul";"Colisão Traseira";1;0;1;0;0;0;0;0;0;0;3;0;0;0;0
"21/04/2022";"11:11:00";"125";"3 - Aciden";"125.941";"BR-116/PR";"Norte";"Engavetamento";2;0;0;0;0;0;0;0;0;1;5;0;0;0;0
"22/04/2022";"12:36:00";"7";"3 - Aciden";"53.763";"BR-116/SC";"Sul";"Choque - Defensa, barreira ou "submarino"";1;0;0;0;0;0;0;0;0;0;1;0;0;0;0
"22/04/2022";"12:38:00";"8";"3 - Aciden";"148.227";"BR-116/PR";"Norte";"Choque - Defensa, barreira ou "submarino"";0;0;0;0;1;0;0;0;0;0;1;0;0;0;0
"22/04/2022";"05:14:00";"20";"2 - Aciden";"11.326";"BR-116/SC";"Sul";"Queda de Moto";0;0;0;1;0;0;0;0;0;0;0;1;0;0;0
"22/04/2022";"06:47:00";"103";"2 - Aciden";"142.88";"BR-116/SC";"Norte";"Colisão Frontal";1;0;1;0;0;0;0;0;0;0;1;2;0;0;0
"22/04/2022";"10:20:00";"114";"2 - Aciden";"126.168";"BR-116/PR";"Sul";"Colisão Traseira";0;0;1;1;0;0;0;0;0;0;1;1;0;0;0
"23/04/2022";"12:07:00";"2";"3 - Aciden";"163.1";"BR-116/PR";"Sul";"Saida de Pista";1;0;0;0;0;0;0;0;0;0;1;0;0;0;0
"23/04/2022";"01:59:00";"12";"3 - Aciden";"128.35";"BR-116/PR";"Sul";"Saida de Pista";1;0;0;0;0;0;0;0;0;0;1;0;0;0;0
"23/04/2022";"04:23:00";"19";"3 - Aciden";"153.1";"BR-116/PR";"Sul";"Colisão Traseira";0;0;1;0;0;0;0;0;0;1;2;0;0;0;0
"23/04/2022";"04:50:00";"21";"3 - Aciden";"167.594";"BR-116/SC";"Sul";"Choque - Elemento de Drenagem";1;0;0;0;0;0;0;0;0;0;1;0;0;0;0
"23/04/2022";"05:20:00";"23";"3 - Aciden";"10.9";"BR-116/SC";"Sul";"Saida de Pista";0;0;0;0;0;0;0;0;0;1;1;0;0;0;0
"23/04/2022";"05:33:00";"24";"2 - Aciden";"116.6";"BR-116/PR";"Norte";"Choque - Defensa, barreira ou "submarino"";1;0;0;0;0;0;0;0;0;0;0;1;0;0;0
"23/04/2022";"06:15:00";"27";"2 - Aciden";"116.55";"BR-116/PR";"Norte";"Engavetamento";2;0;0;0;0;0;0;0;0;2;3;1;0;0;0
"23/04/2022";"08:00:00";"39";"2 - Aciden";"116.9";"BR-116/PR";"Norte";"Queda de Moto";0;0;0;1;0;0;0;0;0;0;0;1;0;0;0
"23/04/2022";"08:58:00";"47";"3 - Aciden";"120.1";"BR-116/PR";"Sul";"Colisão Traseira";2;0;0;0;0;0;0;0;0;0;2;0;0;0;0
"23/04/2022";"01:39:00";"72";"2 - Aciden";"160.112";"BR-116/PR";"Sul";"Queda de Moto";0;0;0;1;0;0;0;0;0;0;0;0;0;1;0
"23/04/2022";"04:11:00";"94";"2 - Aciden";"132.085";"BR-116/PR";"Norte";"Capotamento";1;0;0;0;0;0;0;0;0;0;0;1;0;2;0
"23/04/2022";"06:39:00";"116";"3 - Aciden";"134.317";"BR-116/PR";"Sul";"Choque - Elemento de Drenagem";1;0;0;0;0;0;0;0;0;0;1;0;0;0;0
"23/04/2022";"08:38:00";"125";"2 - Aciden";"161.315";"BR-116/PR";"Norte";"Colisão Frontal";1;0;1;0;0;0;0;0;0;0;3;0;0;1;0
"23/04/2022";"11:10:00";"134";"3 - Aciden";"187.739";"BR-116/PR";"Norte";"Saida de Pista";1;0;0;0;0;0;0;0;0;0;1;0;0;0;0
"24/04/2022";"07:32:00";"23";"3 - Aciden";"175.956";"BR-116/SC";"Sul";"Colisão Lateral";0;0;2;0;0;0;0;0;0;0;2;0;0;0;0
"24/04/2022";"12:12:00";"50";"1 - Aciden";"79.307";"BR-116/SC";"Sul";"Colisão Frontal";2;0;0;0;0;0;0;0;0;0;0;1;0;2;1
"24/04/2022";"05:28:00";"78";"2 - Aciden";"126.604";"BR-116/PR";"Sul";"Colisão Transversal";1;0;0;1;0;0;0;0;0;0;1;1;0;0;0
"24/04/2022";"05:50:00";"82";"2 - Aciden";"136.594";"BR-116/PR";"Sul";"Capotamento";1;0;0;0;0;0;0;0;0;0;0;1;0;0;0
"24/04/2022";"06:57:00";"94";"2 - Aciden";"303.139";"BR-116/SC";"Sul";"Atropelamento de Animal";0;0;0;1;0;0;0;0;0;0;0;2;0;0;0
"25/04/2022";"07:10:00";"106";"3 - Aciden";"233.16";"BR-116/SC";"Norte";"Colisão Traseira";0;0;1;0;0;0;0;0;0;1;2;0;0;0;0
"25/04/2022";"07:16:00";"107";"3 - Aciden";"11.105";"BR-116/SC";"Sul";"Colisão Traseira";1;0;1;0;0;0;0;0;0;0;3;0;0;0;0
"26/04/2022";"03:45:00";"14";"2 - Aciden";"177.317";"BR-116/PR";"Norte";"Tombamento";0;0;1;0;0;0;0;0;0;0;0;1;0;0;0
"26/04/2022";"02:32:00";"83";"3 - Aciden";"115.1";"BR-116/PR";"Sul";"Tombamento";0;0;1;0;0;0;0;0;0;0;1;0;0;0;0
"26/04/2022";"02:40:00";"84";"3 - Aciden";"126.1";"BR-116/PR";"Sul";"Colisão Transversal";1;0;1;0;0;0;0;0;0;0;2;0;0;0;0
"27/04/2022";"09:21:00";"45";"3 - Aciden";"107.02";"BR-116/SC";"Norte";"Saida de Pista";0;0;1;0;0;0;0;0;0;0;1;0;0;0;0
"27/04/2022";"10:30:00";"63";"3 - Aciden";"134.4";"BR-116/PR";"Sul";"Colisão Traseira";2;0;0;0;0;0;0;0;0;0;2;0;0;0;0
"28/04/2022";"07:06:00";"30";"2 - Aciden";"161.623";"BR-116/PR";"Sul";"Colisão Frontal";1;0;1;0;0;0;0;0;0;0;2;1;0;0;0
"29/04/2022";"12:57:00";"8";"3 - Aciden";"121.3";"BR-116/PR";"Sul";"Choque - Elemento de Drenagem";1;0;0;0;0;0;0;0;0;0;2;0;0;0;0
"29/04/2022";"07:03:00";"23";"2 - Aciden";"119.123";"BR-116/PR";"Sul";"Colisão Lateral";1;0;0;1;0;0;0;0;0;0;1;1;0;0;0
"29/04/2022";"01:15:00";"58";"3 - Aciden";"140.803";"BR-116/SC";"Sul";"Colisão Traseira";2;0;0;0;0;0;0;0;0;0;2;0;0;0;0
"29/04/2022";"01:35:00";"62";"3 - Aciden";"172.962";"BR-116/SC";"Sul";"Colisão Lateral";1;0;1;0;0;0;0;0;0;0;2;0;0;0;0
"29/04/2022";"02:37:00";"68";"2 - Aciden";"149.874";"BR-116/PR";"Sul";"Colisão Lateral";2;0;0;0;0;0;0;0;0;0;3;2;0;0;0
"29/04/2022";"05:23:00";"91";"3 - Aciden";"126.1";"BR-116/PR";"Norte";"Colisão Lateral";1;0;0;1;0;0;0;0;0;0;2;0;0;0;0
"29/04/2022";"11:32:00";"112";"3 - Aciden";"141.652";"BR-116/PR";"Norte";"Colisão Lateral";0;0;1;0;1;0;0;0;0;0;2;0;0;0;0
"30/04/2022";"02:49:00";"69";"3 - Aciden";"117.525";"BR-116/PR";"Sul";"Colisão Lateral";2;0;0;0;0;0;0;0;0;0;2;0;0;0;0
"30/04/2022";"03:49:00";"76";"3 - Aciden";"122.7";"BR-116/PR";"Norte";"Colisão Traseira";2;0;0;0;0;0;0;0;0;0;2;0;0;0;0
"30/04/2022";"06:04:00";"92";"3 - Aciden";"139.336";"BR-116/SC";"Sul";"Colisão Traseira";1;0;0;0;0;0;0;0;0;0;1;0;0;0;0
"30/04/2022";"09:49:00";"104";"3 - Aciden";"141.344";"BR-116/PR";"Sul";"Colisão Traseira";2;0;0;0;0;0;0;0;0;0;2;0;0;0;0
"01/05/2022";"04:17:00";"13";"3 - Aciden";"62.653";"BR-116/SC";"Sul";"Choque - Talude";1;0;0;0;0;0;0;0;0;0;1;0;0;0;0
"01/05/2022";"10:29:00";"46";"3 - Aciden";"209.236";"BR-116/PR";"Sul";"Choque - Suporte de Sinalização";1;0;0;0;0;0;0;0;0;0;1;0;0;0;0
"02/05/2022";"06:57:00";"28";"3 - Aciden";"123.12";"BR-116/PR";"Norte";"Colisão Transversal";1;0;1;0;0;0;0;0;0;0;3;0;0;0;0
"02/05/2022";"06:58:00";"29";"3 - Aciden";"107.8";"BR-116/SC";"Sul";"Colisão Lateral";0;0;1;0;1;0;0;0;0;0;2;0;0;0;0
"02/05/2022";"07:54:00";"31";"3 - Aciden";"72.132";"BR-116/SC";"Norte";"Colisão Frontal";2;0;0;0;0;0;0;0;0;0;3;0;0;0;0
"02/05/2022";"11:21:00";"64";"2 - Aciden";"124.979";"BR-116/SC";"Sul";"Colisão Frontal";0;0;2;0;0;0;0;0;0;1;3;1;0;0;0
"02/05/2022";"02:31:00";"105";"3 - Aciden";"166.129";"BR-116/PR";"Norte";"Colisão Transversal";1;0;0;0;0;1;0;0;0;0;2;0;0;0;0
"02/05/2022";"04:51:00";"121";"3 - Aciden";"191.4";"BR-116/PR";"Norte";"Choque - Arvore";0;0;0;0;0;0;0;0;0;1;1;0;0;0;0
"02/05/2022";"05:12:00";"124";"3 - Aciden";"162.139";"BR-116/SC";"Sul";"Choque - Talude";1;0;0;0;0;0;0;0;0;0;1;0;0;0;0
"02/05/2022";"05:31:00";"127";"2 - Aciden";"123.573";"BR-116/PR";"Sul";"Colisão Traseira";0;0;0;1;0;0;0;0;0;1;1;1;0;0;0
"02/05/2022";"06:22:00";"134";"2 - Aciden";"246.917";"BR-116/SC";"Sul";"Colisão Lateral";0;0;0;1;0;0;0;0;0;1;1;2;0;0;0
"02/05/2022";"07:08:00";"142";"3 - Aciden";"305.1";"BR-116/SC";"Sul";"Choque - Talude";1;0;0;0;0;0;0;0;0;0;1;0;0;0;0
"03/05/2022";"01:59:00";"12";"3 - Aciden";"246.954";"BR-116/SC";"Norte";"Saida de Pista";0;0;1;0;0;0;0;0;0;0;1;0;0;0;0
"03/05/2022";"07:20:00";"25";"2 - Aciden";"192.1";"BR-116/SC";"Sul";"Saida de Pista";1;0;0;0;0;0;0;0;0;0;0;1;0;0;0
"03/05/2022";"10:32:00";"61";"2 - Aciden";"244.6";"BR-116/SC";"Sul";"Colisão Frontal";1;0;1;0;0;0;0;0;0;0;1;1;0;0;0
"03/05/2022";"04:50:00";"99";"2 - Aciden";"115.304";"BR-116/SC";"Norte";"Tombamento";0;0;1;0;0;0;0;0;0;0;0;1;0;0;0
"03/05/2022";"07:45:00";"113";"3 - Aciden";"135.8";"BR-116/PR";"Sul";"Choque - Defensa, barreira ou "submarino"";1;0;0;0;0;0;0;0;0;0;1;0;0;0;0
"03/05/2022";"10:16:00";"125";"3 - Aciden";"287.15";"BR-116/SC";"Sul";"Saida de Pista";0;0;1;0;0;0;0;0;0;0;1;0;0;0;0
"04/05/2022";"06:54:00";"25";"2 - Aciden";"124.95";"BR-116/PR";"Norte";"Colisão Traseira";0;0;0;1;0;1;0;0;0;0;1;1;0;0;0
"04/05/2022";"06:56:00";"26";"2 - Aciden";"121.8";"BR-116/PR";"Sul";"Colisão Lateral";0;0;0;1;1;0;0;0;0;0;1;1;0;0;0
"04/05/2022";"08:52:00";"43";"2 - Aciden";"115.4";"BR-116/PR";"Norte";"Colisão Traseira";1;0;0;1;0;0;0;0;0;0;1;1;0;0;0
"04/05/2022";"08:58:00";"47";"3 - Aciden";"173.9";"BR-116/SC";"Sul";"Choque - Defensa, barreira ou "submarino"";1;0;0;0;0;0;0;0;0;0;3;0;0;0;0
"04/05/2022";"12:03:00";"78";"3 - Aciden";"168.5";"BR-116/SC";"Sul";"Tombamento";0;0;1;0;0;0;0;0;0;0;1;0;0;0;0
"04/05/2022";"11:41:00";"152";"3 - Aciden";"153.594";"BR-116/PR";"Sul";"Choque - Suporte de Sinalização";1;0;0;0;0;0;0;0;0;0;1;0;0;0;0
"04/05/2022";"11:43:00";"153";"3 - Aciden";"198.898";"BR-116/PR";"Norte";"Tombamento";0;0;1;0;0;0;0;0;0;0;1;0;0;0;0
"05/05/2022";"07:15:00";"41";"2 - Aciden";"53.263";"BR-116/SC";"Sul";"Choque - Defensa, barreira ou "submarino"";1;0;0;0;0;0;0;0;0;0;1;1;0;0;0
"05/05/2022";"09:35:00";"67";"3 - Aciden";"5.12";"BR-116/SC";"Norte";"Saida de Pista";0;0;1;0;0;0;0;0;0;0;1;0;0;0;0
"05/05/2022";"10:59:00";"80";"2 - Aciden";"43.797";"BR-116/SC";"Norte";"Tombamento";0;0;1;0;0;0;0;0;0;0;0;1;0;0;0
"05/05/2022";"02:12:00";"112";"3 - Aciden";"133.138";"BR-116/SC";"Sul";"Tombamento";0;0;1;0;0;0;0;0;0;0;1;0;0;0;0
"05/05/2022";"04:45:00";"128";"3 - Aciden";"174.093";"BR-116/SC";"Norte";"Saida de Pista";1;0;0;0;0;0;0;0;0;0;1;0;0;0;0
"05/05/2022";"04:57:00";"130";"3 - Aciden";"113.468";"BR-116/SC";"Norte";"Saida de Pista";0;0;1;0;0;0;0;0;0;0;1;0;0;0;0
"05/05/2022";"05:38:00";"137";"3 - Aciden";"116.256";"BR-116/PR";"Norte";"Colisão Lateral";1;0;0;1;0;0;0;0;0;0;2;0;0;0;0
"05/05/2022";"08:10:00";"155";"3 - Aciden";"225.215";"BR-116/SC";"Sul";"Choque - Defensa, barreira ou "submarino"";0;0;1;0;0;0;0;0;0;0;1;0;0;0;0
"06/05/2022";"02:09:00";"31";"3 - Aciden";"165.987";"BR-116/PR";"Norte";"Atropelamento de Animal";0;0;1;0;0;0;0;0;0;0;1;0;0;0;0
"06/05/2022";"02:42:00";"35";"3 - Aciden";"107.704";"BR-116/SC";"Norte";"Capotamento";1;0;0;0;0;0;0;0;0;0;1;0;0;0;0
"06/05/2022";"06:22:00";"118";"2 - Aciden";"126.723";"BR-116/PR";"Norte";"Colisão Traseira";0;0;0;1;0;0;0;0;0;1;1;1;0;0;0
"06/05/2022";"07:08:00";"120";"2 - Aciden";"145.801";"BR-116/PR";"Norte";"Atropelamento - Morador";2;0;0;0;0;0;0;0;0;0;3;1;0;0;0
"06/05/2022";"07:28:00";"123";"2 - Aciden";"126.506";"BR-116/PR";"Norte";"Engavetamento";2;0;0;0;0;1;0;0;0;0;2;1;0;0;0
"06/05/2022";"09:38:00";"129";"1 - Aciden";"225.11";"BR-116/SC";"Norte";"Colisão Frontal";2;0;0;0;0;0;0;0;0;0;0;0;0;4;3
"07/05/2022";"01:21:00";"27";"2 - Aciden";"118.867";"BR-116/PR";"Sul";"Capotamento";2;0;0;0;0;0;0;0;0;0;1;4;0;0;0
"07/05/2022";"02:50:00";"33";"3 - Aciden";"121.5";"BR-116/PR";"Norte";"Choque - Defensa, barreira ou "submarino"";1;0;0;0;0;0;0;0;0;0;1;0;0;0;0
"08/05/2022";"03:11:00";"24";"3 - Aciden";"211.195";"BR-116/SC";"Norte";"Capotamento";1;0;0;0;0;0;0;0;0;0;1;0;0;0;0
"08/05/2022";"05:17:00";"26";"3 - Aciden";"133.1";"BR-116/PR";"Sul";"Saida de Pista";1;0;0;0;0;0;0;0;0;0;2;0;0;0;0
"08/05/2022";"03:51:00";"69";"3 - Aciden";"121.563";"BR-116/PR";"Norte";"Queda de Moto";0;0;0;1;0;0;0;0;0;0;1;0;0;0;0
"08/05/2022";"04:35:00";"74";"3 - Aciden";"150.123";"BR-116/PR";"Norte";"Colisão Traseira";1;0;1;0;0;0;0;0;0;0;2;0;0;0;0