data;horario;n_da_ocorrencia;tipo_de_ocorrencia;km;trecho;sentido;tipo_de_acidente;automovel;bicicleta;caminhao;moto;onibus;outros;tracao_animal;transporte_de_cargas_especiais;trator_maquinas;utilitarios;ilesos;levemente_feridos;moderadamente_feridos;gravemente_feridos;mortos
"06/09/2022";"05:36:00";"87";"3 - Aciden";"126.24";"BR-116/PR";"Sul";"Atropelamento - Ciclista";0;0;0;1;0;1;0;0;0;0;2;0;0;0;0
"06/09/2022";"06:43:00";"94";"3 - Aciden";"120.974";"BR-116/PR";"Sul";"Engavetamento";2;0;0;0;0;1;0;0;0;0;3;0;0;0;0
"07/09/2022";"05:25:00";"20";"3 - Aciden";"141.14";"BR-116/PR";"Norte";"Atropelamento de Animal";1;0;0;0;0;0;0;0;0;0;1;0;0;0;0
"07/09/2022";"08:45:00";"32";"3 - Aciden";"152.1";"BR-116/SC";"Norte";"Colisão Lateral";1;0;1;0;0;0;0;0;0;0;3;0;0;0;0
"07/09/2022";"12:07:00";"50";"3 - Aciden";"179.12";"BR-116/PR";"Sul";"Colisão Lateral";2;0;0;0;0;0;0;0;0;0;2;0;0;0;0
"07/09/2022";"06:12:00";"83";"2 - Aciden";"128.5";"BR-116/PR";"Sul";"Colisão Traseira";1;0;0;1;0;0;0;0;0;0;1;1;0;0;0
"07/09/2022";"08:49:00";"94";"1 - Aciden";"56.415";"BR-116/SC";"Norte";"Choque - Arvore";0;0;0;1;0;0;0;0;0;0;0;0;0;0;1
"07/09/2022";"10:15:00";"97";"2 - Aciden";"121.282";"BR-116/PR";"Sul";"Capotamento";1;0;0;0;0;0;0;0;0;0;0;2;0;1;0
"08/09/2022";"04:12:00";"17";"3 - Aciden";"118.85";"BR-116/PR";"Sul";"Choque - Defensa, barreira ou "submarino"";0;0;0;0;0;1;0;0;0;0;1;0;0;0;0
"08/09/2022";"10:49:00";"73";"3 - Aciden";"171.771";"BR-116/SC";"Norte";"Choque - Talude";1;0;0;0;0;0;0;0;0;0;1;0;0;0;0
"08/09/2022";"10:58:00";"74";"3 - Aciden";"203.9";"BR-116/PR";"Norte";"Colisão Traseira";0;0;2;0;0;0;0;0;0;0;2;0;0;0;0
"09/09/2022";"07:30:00";"21";"2 - Aciden";"73.7";"BR-116/SC";"Sul";"Choque - Defensa, barreira ou "submarino"";1;0;0;0;0;0;0;0;0;0;2;1;0;0;0
"09/09/2022";"09:40:00";"39";"2 - Aciden";"125.75";"BR-116/PR";"Sul";"Colisão Lateral";1;0;0;1;0;0;0;0;0;0;1;1;0;0;0
"09/09/2022";"04:51:00";"96";"2 - Aciden";"71.95";"BR-116/SC";"Norte";"Colisão Traseira";0;0;2;0;0;0;0;0;0;0;1;0;0;1;0
"09/09/2022";"11:45:00";"124";"2 - Aciden";"116.2";"BR-116/PR";"Sul";"Choque - Defensa, barreira ou "submarino"";1;0;0;0;0;0;0;0;0;0;0;1;0;0;0
"10/09/2022";"02:45:00";"13";"2 - Aciden";"247.635";"BR-116/SC";"Sul";"Colisão Frontal";2;0;0;0;0;0;0;0;0;0;1;1;0;0;0
"10/09/2022";"03:59:00";"17";"3 - Aciden";"234.1";"BR-116/SC";"Sul";"Choque - Defensa, barreira ou "submarino"";1;0;0;0;0;0;0;0;0;0;2;0;0;0;0
"10/09/2022";"07:12:00";"22";"3 - Aciden";"152.562";"BR-116/SC";"Norte";"Colisão Traseira";0;0;2;0;0;0;0;0;0;0;2;0;0;0;0
"11/09/2022";"04:59:00";"16";"3 - Aciden";"120.628";"BR-116/PR";"Norte";"Queda de Moto";0;0;0;1;0;0;0;0;0;0;1;0;0;0;0
"11/09/2022";"05:52:00";"62";"3 - Aciden";"141.5";"BR-116/SC";"Sul";"Colisão Lateral";1;0;1;0;0;0;0;0;0;0;4;0;0;0;0
"11/09/2022";"10:32:00";"87";"3 - Aciden";"246.4";"BR-116/SC";"Sul";"Choque - Defensa, barreira ou "submarino"";1;0;0;0;0;0;0;0;0;0;1;0;0;0;0
"12/09/2022";"12:59:00";"8";"3 - Aciden";"141.35";"BR-116/SC";"Norte";"Choque - Defensa, barreira ou "submarino"";1;0;0;0;0;0;0;0;0;0;2;0;0;0;0
"12/09/2022";"03:44:00";"15";"2 - Aciden";"140.899";"BR-116/SC";"Sul";"Colisão Frontal";1;0;0;0;1;0;0;0;0;0;1;0;0;1;0
"12/09/2022";"12:01:00";"70";"2 - Aciden";"125.893";"BR-116/PR";"Sul";"Colisão Traseira";1;0;0;0;0;0;0;0;0;1;2;1;0;0;0
"12/09/2022";"03:05:00";"85";"3 - Aciden";"119.5";"BR-116/PR";"Sul";"Saida de Pista";1;0;0;0;0;0;0;0;0;0;1;0;0;0;0
"13/09/2022";"01:59:00";"10";"3 - Aciden";"133.15";"BR-116/SC";"Norte";"Choque - Talude";1;0;0;0;0;0;0;0;0;0;4;0;0;0;0
"13/09/2022";"08:57:00";"52";"2 - Aciden";"116.1";"BR-116/PR";"Norte";"Colisão Lateral";1;0;0;1;0;0;0;0;0;0;1;1;0;0;0
"13/09/2022";"01:54:00";"77";"2 - Aciden";"191.465";"BR-116/PR";"Sul";"Colisão Traseira";0;0;2;0;0;0;0;0;0;0;1;1;0;0;0
"13/09/2022";"06:35:00";"100";"3 - Aciden";"117.166";"BR-116/PR";"Norte";"Engavetamento";4;0;0;0;0;0;0;0;0;0;4;0;0;0;0
"14/09/2022";"09:18:00";"66";"2 - Aciden";"139.4";"BR-116/SC";"Norte";"Colisão Frontal";1;0;1;0;0;0;0;0;0;0;1;1;0;0;0
"14/09/2022";"06:23:00";"121";"3 - Aciden";"205.8";"BR-116/PR";"Norte";"Choque - Defensa, barreira ou "submarino"";1;0;0;0;0;0;0;0;0;0;1;0;0;0;0
"15/09/2022";"12:59:00";"6";"2 - Aciden";"235.55";"BR-116/SC";"Norte";"Choque - Talude";0;0;1;0;0;0;0;0;0;0;0;1;0;0;0
"15/09/2022";"08:12:00";"56";"3 - Aciden";"115.2";"BR-116/PR";"Norte";"Colisão Lateral";1;0;1;0;0;0;0;0;0;0;2;0;0;0;0
"15/09/2022";"09:18:00";"72";"3 - Aciden";"115.2";"BR-116/PR";"Norte";"Colisão Lateral";1;0;1;0;0;0;0;0;0;0;2;0;0;0;0
"15/09/2022";"01:21:00";"92";"2 - Aciden";"126.1";"BR-116/SC";"Norte";"Colisão Traseira";1;0;0;1;0;0;0;0;0;0;1;1;0;0;0
"16/09/2022";"09:57:00";"61";"3 - Aciden";"116.1";"BR-116/PR";"Sul";"Capotamento";1;0;0;0;0;0;0;0;0;0;2;0;0;0;0
"16/09/2022";"02:14:00";"90";"2 - Aciden";"126.5";"BR-116/PR";"Sul";"Colisão Traseira";2;0;0;0;0;0;0;0;0;0;2;1;0;0;0
"16/09/2022";"06:36:00";"120";"3 - Aciden";"209.5";"BR-116/PR";"Sul";"Colisão Traseira";1;0;0;0;0;1;0;0;0;0;2;0;0;0;0
"17/09/2022";"01:13:00";"10";"2 - Aciden";"126.161";"BR-116/PR";"Sul";"Engavetamento";2;0;1;0;0;1;0;0;0;0;4;2;0;0;0
"17/09/2022";"04:06:00";"15";"3 - Aciden";"125.885";"BR-116/PR";"Norte";"Colisão Traseira";2;0;0;0;0;0;0;0;0;0;5;0;0;0;0
"17/09/2022";"10:31:00";"111";"3 - Aciden";"212.25";"BR-116/SC";"Sul";"Colisão Lateral";1;0;1;0;0;0;0;0;0;0;2;0;0;0;0
"18/09/2022";"12:48:00";"4";"2 - Aciden";"122.8";"BR-116/PR";"Norte";"Choque - Defensa, barreira ou "submarino"";1;0;0;0;0;0;0;0;0;0;0;1;0;0;0
"18/09/2022";"07:46:00";"31";"3 - Aciden";"117.1";"BR-116/PR";"Sul";"Choque - Defensa, barreira ou "submarino"";0;0;0;0;0;0;0;0;0;1;1;0;0;0;0
"18/09/2022";"09:09:00";"43";"3 - Aciden";"156.3";"BR-116/SC";"Norte";"Colisão Lateral";1;0;1;0;0;0;0;0;0;0;2;0;0;0;0
"18/09/2022";"02:27:00";"64";"3 - Aciden";"130.918";"BR-116/PR";"Sul";"Colisão Transversal";3;0;0;0;0;0;0;0;0;0;3;0;0;0;0
"18/09/2022";"02:52:00";"68";"3 - Aciden";"134.55";"BR-116/SC";"Sul";"Choque - Elemento de Drenagem";1;0;0;0;0;0;0;0;0;0;1;0;0;0;0
"18/09/2022";"04:26:00";"75";"2 - Aciden";"59.801";"BR-116/SC";"Sul";"Colisão Transversal";2;0;1;0;0;0;0;0;0;0;3;2;0;0;0
"18/09/2022";"07:37:00";"95";"3 - Aciden";"170.5";"BR-116/SC";"Sul";"Atropelamento de Animal";1;0;0;0;0;0;0;0;0;0;1;0;0;0;0
"18/09/2022";"08:14:00";"98";"2 - Aciden";"175.5";"BR-116/PR";"Norte";"Colisão Traseira";1;0;1;0;0;0;0;0;0;0;2;1;0;0;0
"18/09/2022";"09:59:00";"104";"1 - Aciden";"157.5";"BR-116/PR";"Norte";"Colisão Frontal";1;0;0;1;0;0;0;0;0;0;1;0;0;0;1
"18/09/2022";"10:38:00";"110";"2 - Aciden";"123.2";"BR-116/PR";"Sul";"Colisão Lateral";2;0;0;0;0;0;0;0;0;0;1;1;0;0;0
"19/09/2022";"07:45:00";"30";"2 - Aciden";"116.539";"BR-116/PR";"Norte";"Colisão Traseira";0;0;1;1;0;0;0;0;0;0;1;0;0;1;0
"19/09/2022";"05:03:00";"98";"3 - Aciden";"131.1";"BR-116/PR";"Sul";"Colisão Traseira";1;0;0;0;1;0;0;0;0;0;3;0;0;0;0
"20/09/2022";"10:04:00";"69";"3 - Aciden";"168.586";"BR-116/SC";"Sul";"Colisão Traseira";2;0;0;0;0;0;0;0;0;0;2;0;0;0;0
"20/09/2022";"09:09:00";"133";"2 - Aciden";"141.486";"BR-116/PR";"Sul";"Colisão Transversal";1;0;0;0;0;0;0;0;0;1;4;2;0;0;0
"21/09/2022";"02:06:00";"110";"2 - Aciden";"208.874";"BR-116/PR";"Sul";"Queda de Moto";0;0;0;1;0;0;0;0;0;0;0;1;0;0;0
"21/09/2022";"05:00:00";"128";"2 - Aciden";"210.8";"BR-116/PR";"Sul";"Colisão Transversal";2;0;0;0;0;0;0;0;0;0;1;1;0;0;0
"21/09/2022";"06:01:00";"133";"2 - Aciden";"238.909";"BR-116/SC";"Sul";"Tombamento";0;0;1;0;0;0;0;0;0;0;0;1;0;0;0
"21/09/2022";"06:52:00";"138";"3 - Aciden";"121.921";"BR-116/PR";"Norte";"Engavetamento";3;0;0;0;0;0;0;0;0;0;3;0;0;0;0
"21/09/2022";"07:03:00";"139";"3 - Aciden";"118.861";"BR-116/PR";"Sul";"Choque - Elemento de Drenagem";1;0;0;0;0;0;0;0;0;0;1;0;0;0;0
"21/09/2022";"09:11:00";"145";"3 - Aciden";"121.42";"BR-116/PR";"Sul";"Colisão Traseira";2;0;0;0;0;0;0;0;0;0;2;0;0;0;0
"22/09/2022";"07:46:00";"40";"3 - Aciden";"245.1";"BR-116/SC";"Sul";"Choque - Defensa, barreira ou "submarino"";1;0;0;0;0;0;0;0;0;0;1;0;0;0;0
"22/09/2022";"07:57:00";"44";"3 - Aciden";"123.25";"BR-116/PR";"Sul";"Saida de Pista";1;0;0;0;0;0;0;0;0;0;1;0;0;0;0
"22/09/2022";"08:05:00";"46";"3 - Aciden";"246.1";"BR-116/SC";"Sul";"Saida de Pista";0;0;0;0;0;1;0;0;0;0;1;0;0;0;0
"22/09/2022";"11:57:00";"93";"3 - Aciden";"218.7";"BR-116/SC";"Sul";"Colisão Traseira";2;0;0;0;0;0;0;0;0;0;2;0;0;0;0
"22/09/2022";"12:47:00";"96";"3 - Aciden";"22.7";"BR-116/SC";"Norte";"Queda de Moto";0;0;0;1;0;0;0;0;0;0;1;0;0;0;0
"22/09/2022";"02:39:00";"111";"2 - Aciden";"119.129";"BR-116/PR";"Sul";"Colisão Lateral";1;0;0;1;0;0;0;0;0;0;1;1;0;0;0
"23/09/2022";"12:14:00";"94";"2 - Aciden";"90.1";"BR-116/SC";"Sul";"Capotamento";1;0;0;0;0;0;0;0;0;0;0;1;0;0;0
"23/09/2022";"03:48:00";"119";"3 - Aciden";"220.55";"BR-116/SC";"Norte";"Colisão Frontal";2;0;0;0;0;0;0;0;0;0;2;0;0;0;0
"23/09/2022";"06:32:00";"137";"2 - Aciden";"123.414";"BR-116/PR";"Sul";"Colisão Traseira";1;0;0;1;0;0;0;0;0;0;2;1;0;0;0
"23/09/2022";"09:02:00";"142";"3 - Aciden";"52.5";"BR-116/SC";"Norte";"Choque - Suporte de Sinalização";1;0;0;0;0;0;0;0;0;0;1;0;0;0;0
"24/09/2022";"03:20:00";"10";"2 - Aciden";"122.565";"BR-116/PR";"Norte";"Capotamento";1;0;0;0;0;0;0;0;0;0;0;0;0;2;0
"24/09/2022";"10:02:00";"54";"3 - Aciden";"126.1";"BR-116/PR";"Norte";"Queda de Moto";1;0;0;1;0;0;0;0;0;0;2;0;0;0;0
"24/09/2022";"03:43:00";"84";"3 - Aciden";"126.112";"BR-116/PR";"Norte";"Colisão Traseira";3;0;0;0;0;0;0;0;0;0;3;0;0;0;0
"24/09/2022";"04:06:00";"90";"2 - Aciden";"124.105";"BR-116/PR";"Sul";"Engavetamento";3;0;0;0;0;0;0;0;0;0;3;1;0;0;0
"25/09/2022";"10:01:00";"30";"2 - Aciden";"208.255";"BR-116/PR";"Sul";"Colisão Transversal";1;0;1;0;0;0;0;0;0;0;1;1;0;0;0
"25/09/2022";"12:10:00";"35";"2 - Aciden";"48.45";"BR-116/SC";"Sul";"Colisão Lateral";3;0;0;0;0;0;0;0;0;0;1;2;0;0;0
"25/09/2022";"03:59:00";"45";"3 - Aciden";"115.633";"BR-116/PR";"Norte";"Choque - Defensa, barreira ou "submarino"";1;0;0;0;0;0;0;0;0;0;1;0;0;0;0
"26/09/2022";"05:57:00";"9";"3 - Aciden";"128.15";"BR-116/PR";"Sul";"Tombamento";1;0;0;0;0;0;0;0;0;0;1;0;0;0;0
"26/09/2022";"06:48:00";"12";"2 - Aciden";"125.005";"BR-116/PR";"Norte";"Colisão Lateral";1;0;0;1;0;0;0;0;0;0;2;1;0;0;0
"26/09/2022";"11:34:00";"78";"3 - Aciden";"148.8";"BR-116/SC";"Sul";"Colisão Lateral";0;0;1;0;0;1;0;0;0;0;2;0;0;0;0
"27/09/2022";"12:16:00";"71";"3 - Aciden";"84.6";"BR-116/SC";"Norte";"Colisão Lateral";0;0;1;0;0;0;0;0;0;1;2;0;0;0;0
"28/09/2022";"12:39:00";"4";"3 - Aciden";"178.14";"BR-116/PR";"Norte";"Choque - Arvore";0;0;1;0;0;0;0;0;0;0;1;0;0;0;0
"28/09/2022";"11:26:00";"119";"2 - Aciden";"170.65";"BR-116/SC";"Norte";"Choque - Elemento de Drenagem";0;0;1;0;0;0;0;0;0;0;0;1;0;0;0
"29/09/2022";"11:34:00";"75";"3 - Aciden";"121.75";"BR-116/PR";"Sul";"Capotamento";1;0;0;0;0;0;0;0;0;0;1;0;0;0;0
"29/09/2022";"05:56:00";"107";"3 - Aciden";"118.85";"BR-116/PR";"Sul";"Engavetamento";3;0;0;0;0;0;0;0;0;0;3;0;0;0;0
"30/09/2022";"05:07:00";"18";"3 - Aciden";"210.001";"BR-116/PR";"Sul";"Colisão Transversal";2;0;0;0;0;0;0;0;0;0;2;0;0;0;0
"30/09/2022";"08:43:00";"65";"3 - Aciden";"206.151";"BR-116/PR";"Sul";"Choque - Defensa, barreira ou "submarino"";1;0;0;0;0;0;0;0;0;0;1;0;0;0;0
"30/09/2022";"11:46:00";"92";"3 - Aciden";"246.6";"BR-116/SC";"Sul";"Colisão Traseira";2;0;0;0;0;0;0;0;0;0;2;0;0;0;0
"30/09/2022";"08:20:00";"151";"2 - Aciden";"125.6";"BR-116/PR";"Sul";"Colisão Transversal";1;0;0;1;0;0;0;0;0;0;1;1;0;0;0
"01/10/2022";"06:33:00";"90";"2 - Aciden";"124.1";"BR-116/PR";"Norte";"Colisão Traseira";0;0;0;1;0;1;0;0;0;0;2;1;0;0;0
"01/10/2022";"06:40:00";"91";"3 - Aciden";"126.1";"BR-116/PR";"Sul";"Colisão Traseira";2;0;0;0;0;1;0;0;0;0;4;0;0;0;0
"02/10/2022";"08:54:00";"28";"3 - Aciden";"120.1";"BR-116/PR";"Norte";"Capotamento";1;0;0;0;0;1;0;0;0;0;2;0;0;0;0
"02/10/2022";"09:34:00";"32";"2 - Aciden";"118.1";"BR-116/PR";"Sul";"Queda de Moto";0;0;0;1;0;0;0;0;0;0;0;1;0;0;0
"02/10/2022";"02:30:00";"54";"3 - Aciden";"152.5";"BR-116/PR";"Sul";"Colisão Transversal";1;0;1;0;0;0;0;0;0;0;3;0;0;0;0
"02/10/2022";"03:19:00";"60";"2 - Aciden";"147.5";"BR-116/PR";"Norte";"Choque - Talude";1;0;1;0;0;0;0;0;0;0;2;1;0;0;0
"03/10/2022";"06:52:00";"121";"2 - Aciden";"128.5";"BR-116/PR";"Sul";"Colisão Traseira";1;0;0;1;0;0;0;0;0;0;1;1;0;0;0
"05/10/2022";"02:05:00";"19";"2 - Aciden";"144.7";"BR-116/PR";"Norte";"Choque - Arvore";0;0;1;0;0;0;0;0;0;0;0;1;0;0;0
"05/10/2022";"06:33:00";"32";"2 - Aciden";"115.671";"BR-116/PR";"Norte";"Engavetamento";1;0;0;2;0;0;0;0;0;0;2;1;0;0;0
"05/10/2022";"09:41:00";"90";"3 - Aciden";"152.4";"BR-116/PR";"Sul";"Colisão Transversal";1;0;1;0;0;0;0;0;0;0;2;0;0;0;0
"05/10/2022";"12:46:00";"116";"2 - Aciden";"175.34";"BR-116/SC";"Sul";"Colisão Frontal";2;0;0;0;0;0;0;0;0;0;0;3;0;0;0
"05/10/2022";"01:18:00";"118";"2 - Aciden";"107.1";"BR-116/SC";"Norte";"Tombamento";0;0;1;0;0;0;0;0;0;0;0;1;0;0;0
"05/10/2022";"05:11:00";"141";"2 - Aciden";"122.5";"BR-116/PR";"Sul";"Queda de Moto";0;0;0;1;0;1;0;0;0;0;1;0;0;1;0
"05/10/2022";"06:01:00";"149";"2 - Aciden";"120.955";"BR-116/PR";"Sul";"Colisão Traseira";1;0;0;1;0;0;0;0;0;0;1;1;0;0;0
"05/10/2022";"07:52:00";"157";"2 - Aciden";"165.9";"BR-116/PR";"Norte";"Choque - Defensa, barreira ou "submarino"";1;1;0;0;0;0;0;0;0;0;1;1;0;0;0
"06/10/2022";"04:51:00";"12";"3 - Aciden";"134.443";"BR-116/SC";"Sul";"Choque - Talude";0;0;1;0;0;0;0;0;0;0;1;0;0;0;0
"06/10/2022";"07:35:00";"25";"2 - Aciden";"121.2";"BR-116/PR";"Norte";"Colisão Lateral";0;0;0;1;0;1;0;0;0;0;2;1;0;0;0
"06/10/2022";"09:11:00";"37";"2 - Aciden";"247.6";"BR-116/SC";"Norte";"Colisão Transversal";2;0;0;0;0;0;0;0;0;0;1;2;0;0;0
"06/10/2022";"10:36:00";"44";"3 - Aciden";"91.012";"BR-116/SC";"Sul";"Choque - Arvore";1;0;0;0;0;0;0;0;0;0;1;0;0;0;0
"06/10/2022";"12:25:00";"61";"3 - Aciden";"119.311";"BR-116/PR";"Norte";"Colisão Lateral";1;0;1;0;0;0;0;0;0;0;2;0;0;0;0
"06/10/2022";"01:13:00";"67";"3 - Aciden";"278.356";"BR-116/SC";"Sul";"Choque - Defensa, barreira ou "submarino"";1;0;0;0;0;0;0;0;0;0;1;0;0;0;0
"06/10/2022";"01:33:00";"71";"3 - Aciden";"245.44";"BR-116/SC";"Norte";"Colisão Lateral";2;0;0;0;0;0;0;0;0;0;2;0;0;0;0
"06/10/2022";"03:48:00";"80";"3 - Aciden";"205.388";"BR-116/SC";"Sul";"Saida de Pista";0;0;1;0;0;0;0;0;0;0;1;0;0;0;0
"06/10/2022";"05:18:00";"92";"3 - Aciden";"135.878";"BR-116/PR";"Sul";"Colisão Traseira";1;0;0;0;0;0;0;0;0;0;1;0;0;0;0
"06/10/2022";"06:56:00";"106";"2 - Aciden";"123.11";"BR-116/PR";"Sul";"Colisão Traseira";0;0;0;1;0;1;0;0;0;0;1;1;0;0;0
"06/10/2022";"10:41:00";"109";"3 - Aciden";"207.032";"BR-116/PR";"Sul";"Choque - Suporte de Sinalização";1;0;0;0;0;0;0;0;0;0;1;0;0;0;0
"07/10/2022";"05:13:00";"118";"2 - Aciden";"180.5";"BR-116/SC";"Sul";"Colisão Transversal";0;0;1;1;0;0;0;0;0;0;1;1;0;0;0
"07/10/2022";"07:57:00";"132";"2 - Aciden";"122.143";"BR-116/PR";"Norte";"Colisão Lateral";1;0;0;1;0;0;0;0;0;0;1;1;0;0;0
"07/10/2022";"08:04:00";"133";"2 - Aciden";"70.55";"BR-116/SC";"Sul";"Colisão Frontal";1;0;1;0;0;0;0;0;0;0;1;0;0;1;0
"08/10/2022";"02:43:00";"15";"1 - Aciden";"218.855";"BR-116/SC";"Norte";"Colisão Frontal";1;0;2;0;0;0;0;0;0;0;2;0;0;0;2
"08/10/2022";"04:29:00";"18";"3 - Aciden";"141.278";"BR-116/PR";"Sul";"Choque - Suporte de Sinalização";0;0;0;0;0;0;0;0;0;1;1;0;0;0;0
"08/10/2022";"08:48:00";"101";"3 - Aciden";"118.898";"BR-116/PR";"Sul";"Choque - Defensa, barreira ou "submarino"";1;0;0;0;0;0;0;0;0;0;1;0;0;0;0
"08/10/2022";"09:22:00";"105";"2 - Aciden";"194.195";"BR-116/PR";"Norte";"Atropelamento de Animal";0;0;0;1;0;0;0;0;0;0;0;1;0;1;0
"09/10/2022";"01:52:00";"10";"3 - Aciden";"196.1";"BR-116/PR";"Sul";"Colisão Traseira";1;0;1;0;0;0;0;0;0;0;2;0;0;0;0
"09/10/2022";"11:26:00";"36";"3 - Aciden";"134.4";"BR-116/PR";"Sul";"Colisão Traseira";1;0;1;0;0;0;0;0;0;0;2;0;0;0;0
"09/10/2022";"05:44:00";"75";"3 - Aciden";"120.5";"BR-116/PR";"Norte";"Colisão Traseira";2;0;0;0;0;0;0;0;0;0;2;0;0;0;0
"09/10/2022";"08:43:00";"95";"3 - Aciden";"208.2";"BR-116/SC";"Sul";"Saida de Pista";1;0;0;0;0;0;0;0;0;0;1;0;0;0;0
"10/10/2022";"06:59:00";"23";"3 - Aciden";"105.9";"BR-116/SC";"Norte";"Choque - Arvore";0;0;0;0;0;1;0;0;0;0;1;0;0;0;0
"10/10/2022";"09:13:00";"52";"3 - Aciden";"126.1";"BR-116/PR";"Sul";"Colisão Lateral";1;0;1;0;0;0;0;0;0;0;2;0;0;0;0
"10/10/2022";"11:20:00";"63";"3 - Aciden";"208.8";"BR-116/SC";"Sul";"Choque - Elemento de Drenagem";0;0;1;0;0;0;0;0;0;0;2;0;0;0;0
"10/10/2022";"11:59:00";"67";"3 - Aciden";"192.1";"BR-116/PR";"Norte";"Engavetamento";2;0;0;0;0;0;0;0;0;1;3;0;0;0;0
"10/10/2022";"01:16:00";"71";"3 - Aciden";"138.1";"BR-116/PR";"Sul";"Tombamento";0;0;1;0;0;0;0;0;0;0;1;0;0;0;0
"10/10/2022";"02:18:00";"72";"3 - Aciden";"115.5";"BR-116/PR";"Sul";"Capotamento";1;0;0;0;0;0;0;0;0;0;1;0;0;0;0
"10/10/2022";"02:56:00";"77";"2 - Aciden";"65.42";"BR-116/SC";"Sul";"Choque - Defensa, barreira ou "submarino"";0;0;1;0;0;0;0;0;0;0;0;1;0;0;0
"11/10/2022";"12:20:00";"83";"2 - Aciden";"207.515";"BR-116/PR";"Sul";"Engavetamento";1;0;0;1;0;0;0;0;0;0;1;0;0;2;0
"11/10/2022";"04:25:00";"110";"3 - Aciden";"126.012";"BR-116/PR";"Norte";"Engavetamento";2;0;1;0;0;0;0;0;0;0;3;0;0;0;0
"12/10/2022";"08:14:00";"44";"2 - Aciden";"211.101";"BR-116/SC";"Sul";"Tombamento";0;0;1;0;0;0;0;0;0;0;0;0;0;3;0
"12/10/2022";"07:58:00";"109";"3 - Aciden";"66.675";"BR-116/SC";"Sul";"Tombamento";0;0;1;0;0;0;0;0;0;0;1;0;0;0;0
"12/10/2022";"09:47:00";"116";"3 - Aciden";"126.25";"BR-116/PR";"Norte";"Colisão Traseira";1;0;0;0;0;1;0;0;0;0;3;0;0;0;0
"13/10/2022";"02:19:00";"29";"3 - Aciden";"145.5";"BR-116/PR";"Sul";"Tombamento";0;0;1;0;0;0;0;0;0;0;1;0;0;0;0
"13/10/2022";"07:34:00";"43";"2 - Aciden";"116.334";"BR-116/PR";"Norte";"Colisão Lateral";1;0;0;1;0;0;0;0;0;0;1;1;0;0;0
"13/10/2022";"02:46:00";"115";"2 - Aciden";"271.65";"BR-116/SC";"Norte";"Atropelamento - Morador";0;0;0;0;0;0;0;0;0;0;0;0;0;1;0
"13/10/2022";"03:26:00";"118";"3 - Aciden";"7.022";"BR-116/SC";"Norte";"Colisão Transversal";1;0;1;0;0;0;0;0;0;0;2;0;0;0;0
"14/10/2022";"07:27:00";"38";"3 - Aciden";"155.737";"BR-116/PR";"Sul";"Tombamento";0;0;1;0;0;0;0;0;0;0;2;0;0;0;0
"14/10/2022";"07:37:00";"39";"2 - Aciden";"91.075";"BR-116/SC";"Norte";"Capotamento";0;0;0;0;0;0;0;0;0;1;0;0;0;1;0
"14/10/2022";"10:33:00";"59";"3 - Aciden";"151.82";"BR-116/PR";"Norte";"Colisão Traseira";2;0;0;0;0;0;0;0;0;0;3;0;0;0;0
"14/10/2022";"04:10:00";"111";"2 - Aciden";"126.5";"BR-116/PR";"Sul";"Colisão Lateral";0;0;0;2;0;0;0;0;0;0;1;1;0;0;0
"15/10/2022";"04:15:00";"37";"3 - Aciden";"181.085";"BR-116/PR";"Sul";"Tombamento";0;0;1;0;0;0;0;0;0;0;1;0;0;0;0
"15/10/2022";"05:25:00";"101";"3 - Aciden";"183.9";"BR-116/SC";"Norte";"Colisão Traseira";0;0;2;0;0;0;0;0;0;0;2;0;0;0;0
"15/10/2022";"05:39:00";"103";"3 - Aciden";"107.15";"BR-116/SC";"Sul";"Colisão Lateral";0;0;2;0;0;0;0;0;0;0;2;0;0;0;0
"15/10/2022";"07:55:00";"111";"2 - Aciden";"72.976";"BR-116/SC";"Norte";"Colisão Frontal";2;0;0;0;0;0;0;0;0;0;0;1;0;1;0
"16/10/2022";"01:54:00";"10";"2 - Aciden";"122.7";"BR-116/PR";"Norte";"Colisão Traseira";2;0;0;0;0;0;0;0;0;0;1;1;0;0;0
"16/10/2022";"05:23:00";"35";"2 - Aciden";"144.01";"BR-116/SC";"Sul";"Colisão Frontal";2;0;0;0;0;0;0;0;0;0;1;1;0;0;0
"16/10/2022";"08:36:00";"45";"3 - Aciden";"11.1";"BR-116/SC";"Sul";"Saida de Pista";0;0;1;0;0;0;0;0;0;0;1;0;0;0;0
"16/10/2022";"10:05:00";"101";"3 - Aciden";"126.164";"BR-116/PR";"Norte";"Colisão Traseira";1;0;1;0;0;0;0;0;0;0;4;0;0;0;0
"17/10/2022";"08:11:00";"53";"3 - Aciden";"245.1";"BR-116/SC";"Sul";"Colisão Transversal";2;0;0;0;0;0;0;0;0;0;3;0;0;0;0
"17/10/2022";"12:10:00";"98";"2 - Aciden";"251.15";"BR-116/SC";"Sul";"Colisão Traseira";0;0;0;1;0;0;0;0;0;1;1;1;0;0;0
"18/10/2022";"01:38:00";"94";"2 - Aciden";"107.6";"BR-116/SC";"Norte";"Choque - Talude";0;0;0;0;0;0;0;0;0;1;0;1;0;0;0
"20/10/2022";"04:55:00";"136";"3 - Aciden";"107.4";"BR-116/SC";"Norte";"Tombamento";0;0;1;0;0;0;0;0;0;0;1;0;0;0;0
"21/10/2022";"08:48:00";"61";"3 - Aciden";"230.1";"BR-116/SC";"Sul";"Saida de Pista";1;0;0;0;0;0;0;0;0;0;1;0;0;0;0
"21/10/2022";"02:15:00";"112";"3 - Aciden";"174.5";"BR-116/SC";"Sul";"Colisão Lateral";1;0;0;0;0;1;0;0;0;0;2;0;0;0;0
"21/10/2022";"02:39:00";"111";"3 - Aciden";"11.5";"BR-116/SC";"Norte";"Engavetamento";3;0;1;0;0;0;0;0;0;0;4;0;0;0;0
"21/10/2022";"05:34:00";"124";"2 - Aciden";"233.16";"BR-116/SC";"Sul";"Colisão Frontal";2;0;1;0;0;0;0;0;0;0;2;0;0;1;0
"21/10/2022";"05:47:00";"127";"3 - Aciden";"117.5";"BR-116/PR";"Sul";"Colisão Lateral";1;0;1;0;0;0;0;0;0;0;2;0;0;0;0