data;horario;n_da_ocorrencia;tipo_de_ocorrencia;km;trecho;sentido;tipo_de_acidente;automovel;bicicleta;caminhao;moto;onibus;outros;tracao_animal;transporte_de_cargas_especiais;trator_maquinas;utilitarios;ilesos;levemente_feridos;moderadamente_feridos;gravemente_feridos;mortos
"30/12/2022";"11:55:00";"79";"3 - Aciden";"12.01";"BR-116/SC";"Norte";"Colisão Lateral";2;0;0;0;0;0;0;0;0;0;3;0;0;0;0
"30/12/2022";"01:31:00";"87";"3 - Aciden";"148.1";"BR-116/PR";"Norte";"Colisão Lateral";2;0;0;0;0;0;0;0;0;0;2;0;0;0;0
"30/12/2022";"10:31:00";"134";"3 - Aciden";"144.85";"BR-116/SC";"Sul";"Colisão Transversal";1;0;1;0;0;0;0;0;0;0;2;0;0;0;0
"31/12/2022";"05:05:00";"14";"3 - Aciden";"115.1";"BR-116/PR";"Sul";"Colisão Traseira";2;0;0;0;0;0;0;0;0;0;2;0;0;0;0
"31/12/2022";"12:24:00";"42";"2 - Aciden";"116.95";"BR-116/PR";"Norte";"Queda de Moto";0;0;0;1;0;0;0;0;0;0;0;1;0;0;0
"31/12/2022";"06:49:00";"63";"2 - Aciden";"134.4";"BR-116/PR";"Sul";"Queda de Moto";0;0;0;1;0;0;0;0;0;0;0;1;0;0;0
"31/12/2022";"08:30:00";"71";"2 - Aciden";"160.793";"BR-116/PR";"Norte";"Atropelamento de Animal";1;0;0;0;0;0;0;0;0;0;1;1;0;0;0
"31/12/2022";"08:49:00";"72";"2 - Aciden";"232.1";"BR-116/SC";"Norte";"Capotamento";1;0;0;0;0;0;0;0;0;0;3;0;0;1;0
"31/12/2022";"11:12:00";"84";"1 - Aciden";"218.242";"BR-116/SC";"Sul";"Atropelamento de Animal";1;0;0;0;0;0;0;0;0;0;0;0;0;0;1
"01/01/2023";"12:36:00";"10";"3 - Aciden";"117.05";"BR-116/SC";"Sul";"Capotamento";1;0;0;0;0;0;0;0;0;0;3;0;0;0;0
"01/01/2023";"08:14:00";"30";"2 - Aciden";"7.339";"BR-116/SC";"Norte";"Colisão Lateral";2;0;0;0;0;0;0;0;0;0;3;1;0;0;0
"01/01/2023";"12:29:00";"45";"2 - Aciden";"245.6";"BR-116/SC";"Norte";"Colisão Transversal";2;0;0;0;0;0;0;0;0;0;4;0;0;1;0
"01/01/2023";"04:34:00";"59";"2 - Aciden";"178.1";"BR-116/PR";"Norte";"Colisão Transversal";2;0;0;0;0;0;0;0;0;0;1;2;0;0;0
"01/01/2023";"06:14:00";"69";"2 - Aciden";"152.6";"BR-116/PR";"Norte";"Colisão Transversal";2;0;1;0;0;0;0;0;0;0;3;1;0;0;0
"02/01/2023";"06:50:00";"16";"2 - Aciden";"165.102";"BR-116/SC";"Sul";"Queda de Moto";0;0;0;1;0;0;0;0;0;0;1;1;0;0;0
"02/01/2023";"02:46:00";"80";"3 - Aciden";"175.95";"BR-116/SC";"Sul";"Saida de Pista";1;0;0;0;0;0;0;0;0;0;3;0;0;0;0
"03/01/2023";"07:37:00";"21";"2 - Aciden";"121.1";"BR-116/PR";"Norte";"Saida de Pista";1;0;0;0;0;0;0;0;0;0;1;1;0;0;0
"03/01/2023";"09:47:00";"55";"2 - Aciden";"84.3";"BR-116/SC";"Sul";"Capotamento";1;0;0;0;0;0;0;0;0;0;0;3;0;0;0
"03/01/2023";"11:10:00";"62";"2 - Aciden";"211.3";"BR-116/PR";"Sul";"Colisão Frontal";1;0;0;1;0;0;0;0;0;0;1;2;0;0;0
"04/01/2023";"12:43:00";"4";"2 - Aciden";"208.056";"BR-116/SC";"Norte";"Tombamento";0;0;1;0;0;0;0;0;0;0;1;1;0;0;0
"04/01/2023";"09:32:00";"51";"3 - Aciden";"119.1";"BR-116/PR";"Sul";"Choque - Poste";1;0;0;0;0;0;0;0;0;0;1;0;0;0;0
"04/01/2023";"10:42:00";"56";"3 - Aciden";"201.805";"BR-116/SC";"Norte";"Tombamento";0;0;1;0;0;0;0;0;0;0;1;0;0;0;0
"04/01/2023";"12:18:00";"62";"2 - Aciden";"125.01";"BR-116/PR";"Norte";"Colisão Traseira";2;0;0;0;0;0;0;0;0;0;2;1;0;0;0
"04/01/2023";"01:02:00";"65";"3 - Aciden";"35.7";"BR-116/SC";"Sul";"Colisão Traseira";1;0;1;0;0;0;0;0;0;0;2;0;0;0;0
"04/01/2023";"01:43:00";"68";"3 - Aciden";"9.5";"BR-116/SC";"Norte";"Capotamento";1;0;0;0;0;0;0;0;0;0;1;0;0;0;0
"04/01/2023";"04:31:00";"91";"3 - Aciden";"152.1";"BR-116/PR";"Sul";"Colisão Frontal";2;0;0;0;0;0;0;0;0;0;2;0;0;0;0
"06/01/2023";"12:14:00";"65";"3 - Aciden";"245.1";"BR-116/SC";"Sul";"Colisão Transversal";2;0;0;0;0;0;0;0;0;0;2;0;0;0;0
"06/01/2023";"05:38:00";"94";"3 - Aciden";"12.3";"BR-116/SC";"Sul";"Colisão Transversal";2;0;0;0;0;0;0;0;0;0;2;0;0;0;0
"06/01/2023";"07:47:00";"103";"3 - Aciden";"120.1";"BR-116/PR";"Norte";"Colisão Traseira";1;0;0;0;0;0;0;0;0;1;3;0;0;0;0
"07/01/2023";"03:14:00";"71";"2 - Aciden";"211.6";"BR-116/SC";"Norte";"Colisão Traseira";1;0;0;1;0;0;0;0;0;0;1;1;0;0;0
"07/01/2023";"07:34:00";"91";"1 - Aciden";"145.884";"BR-116/PR";"Sul";"Atropelamento - Morador";1;0;0;0;0;0;0;0;0;0;1;0;0;0;1
"08/01/2023";"12:29:00";"10";"2 - Aciden";"125.89";"BR-116/PR";"Sul";"Queda de Moto";0;0;0;1;0;0;0;0;0;0;0;1;0;0;0
"08/01/2023";"09:12:00";"34";"3 - Aciden";"99.01";"BR-116/SC";"Sul";"Capotamento";1;0;0;0;0;0;0;0;0;0;3;0;0;0;0
"08/01/2023";"11:32:00";"40";"3 - Aciden";"152.01";"BR-116/PR";"Sul";"Colisão Transversal";2;0;0;0;0;0;0;0;0;0;2;0;0;0;0
"08/01/2023";"03:19:00";"54";"2 - Aciden";"245.575";"BR-116/SC";"Sul";"Colisão Transversal";1;0;1;0;0;0;0;0;0;0;1;0;0;1;0
"09/01/2023";"06:59:00";"33";"2 - Aciden";"120.022";"BR-116/PR";"Norte";"Colisão Lateral";1;0;0;1;0;0;0;0;0;0;1;1;0;0;0
"09/01/2023";"07:44:00";"47";"3 - Aciden";"121.804";"BR-116/PR";"Norte";"Colisão Traseira";1;0;0;1;0;0;0;0;0;0;2;0;0;0;0
"09/01/2023";"10:49:00";"77";"2 - Aciden";"154.915";"BR-116/PR";"Sul";"Colisão Traseira";2;0;0;0;0;0;0;0;0;0;2;1;0;0;0
"09/01/2023";"07:27:00";"119";"2 - Aciden";"107.7";"BR-116/SC";"Norte";"Tombamento";0;0;1;0;0;0;0;0;0;0;0;1;0;0;0
"09/01/2023";"10:24:00";"126";"3 - Aciden";"126.3";"BR-116/PR";"Norte";"Choque - Elemento de Drenagem";1;0;0;0;0;0;0;0;0;0;1;0;0;0;0
"10/01/2023";"01:23:00";"15";"3 - Aciden";"164.2";"BR-116/SC";"Sul";"Atropelamento de Animal";1;0;0;0;0;0;0;0;0;0;1;0;0;0;0
"10/01/2023";"07:41:00";"41";"2 - Aciden";"72.234";"BR-116/SC";"Norte";"Colisão Traseira";2;0;0;0;0;0;0;0;0;0;2;1;0;0;0
"10/01/2023";"11:49:00";"86";"3 - Aciden";"251.5";"BR-116/SC";"Norte";"Colisão Transversal";2;0;0;0;0;0;0;0;0;0;2;0;0;0;0
"10/01/2023";"05:48:00";"117";"3 - Aciden";"167.5";"BR-116/PR";"Norte";"Colisão Traseira";1;0;0;0;0;1;0;0;0;0;2;0;0;0;0
"10/01/2023";"06:18:00";"119";"2 - Aciden";"115.1";"BR-116/PR";"Sul";"Colisão Frontal";0;0;0;3;0;0;0;0;0;0;2;1;0;0;0
"10/01/2023";"08:31:00";"136";"3 - Aciden";"65.1";"BR-116/SC";"Sul";"Choque - Arvore";0;0;1;0;0;0;0;0;0;1;2;0;0;0;0
"11/01/2023";"06:12:00";"129";"3 - Aciden";"245.1";"BR-116/SC";"Sul";"Colisão Lateral";2;0;0;0;0;0;0;0;0;0;2;0;0;0;0
"11/01/2023";"06:39:00";"135";"3 - Aciden";"70.576";"BR-116/SC";"Norte";"Colisão Traseira";2;0;0;0;0;0;0;0;0;0;2;0;0;0;0
"12/01/2023";"07:39:00";"26";"3 - Aciden";"125.5";"BR-116/PR";"Sul";"Colisão Traseira";1;0;0;0;1;0;0;0;0;0;2;0;0;0;0
"12/01/2023";"08:24:00";"42";"3 - Aciden";"123.3";"BR-116/PR";"Sul";"Queda de Moto";0;0;0;1;0;0;0;0;0;0;1;0;0;0;0
"12/01/2023";"08:34:00";"44";"3 - Aciden";"122.01";"BR-116/PR";"Sul";"Queda de Moto";0;0;0;1;0;0;0;0;0;0;1;0;0;0;0
"12/01/2023";"01:15:00";"87";"3 - Aciden";"245.2";"BR-116/SC";"Norte";"Colisão Transversal";2;0;0;0;0;0;0;0;0;0;2;0;0;0;0
"13/01/2023";"10:49:00";"82";"3 - Aciden";"208.01";"BR-116/PR";"Sul";"Queda de Moto";0;0;0;1;0;0;0;0;0;0;1;0;0;0;0
"13/01/2023";"10:51:00";"83";"3 - Aciden";"245.01";"BR-116/SC";"Sul";"Colisão Transversal";2;0;0;0;0;0;0;0;0;0;2;0;0;0;0
"13/01/2023";"05:25:00";"135";"2 - Aciden";"130.1";"BR-116/PR";"Sul";"Colisão Lateral";1;0;0;1;0;0;0;0;0;0;1;1;0;0;0
"13/01/2023";"06:26:00";"143";"2 - Aciden";"3.5";"BR-116/SC";"Sul";"Colisão Transversal";1;0;0;1;0;0;0;0;0;0;2;0;0;1;0
"13/01/2023";"07:03:00";"148";"2 - Aciden";"4.1";"BR-116/SC";"Norte";"Colisão Traseira";2;0;0;0;0;0;0;0;0;0;1;2;0;0;0
"14/01/2023";"09:57:00";"47";"3 - Aciden";"120.65";"BR-116/PR";"Norte";"Engavetamento";1;0;0;0;0;3;0;0;0;0;4;0;0;0;0
"14/01/2023";"06:31:00";"103";"3 - Aciden";"245.1";"BR-116/SC";"Sul";"Colisão Traseira";2;0;0;0;0;0;0;0;0;0;3;0;0;0;0
"14/01/2023";"06:55:00";"104";"3 - Aciden";"125.5";"BR-116/PR";"Norte";"Colisão Traseira";1;0;0;1;0;0;0;0;0;0;2;0;0;0;0
"14/01/2023";"07:39:00";"108";"1 - Aciden";"142.86";"BR-116/PR";"Norte";"Colisão Frontal";1;0;1;0;0;0;0;0;0;0;1;0;0;0;1
"14/01/2023";"08:40:00";"113";"1 - Aciden";"181.187";"BR-116/PR";"Norte";"Colisão Frontal";1;0;0;1;0;0;0;0;0;0;3;2;0;0;1
"15/01/2023";"05:37:00";"22";"2 - Aciden";"159.2";"BR-116/PR";"Norte";"Choque - Arvore";1;0;0;0;0;0;0;0;0;0;0;0;0;1;0
"15/01/2023";"08:10:00";"33";"3 - Aciden";"283.01";"BR-116/SC";"Norte";"Colisão Traseira";2;0;0;0;0;0;0;0;0;0;5;0;0;0;0
"15/01/2023";"02:40:00";"56";"2 - Aciden";"199.1";"BR-116/PR";"Sul";"Colisão Lateral";2;0;0;0;0;0;0;0;0;0;1;1;0;0;0
"16/01/2023";"12:51:00";"14";"2 - Aciden";"118.892";"BR-116/PR";"Norte";"Queda de Moto";0;0;0;1;0;0;0;0;0;0;0;0;0;2;0
"16/01/2023";"02:54:00";"97";"3 - Aciden";"173.1";"BR-116/PR";"Sul";"Tombamento";0;0;1;0;0;0;0;0;0;0;1;0;0;0;0
"16/01/2023";"03:57:00";"104";"3 - Aciden";"209.1";"BR-116/PR";"Sul";"Saida de Pista";0;0;1;0;0;0;0;0;0;0;1;0;0;0;0
"16/01/2023";"04:32:00";"108";"3 - Aciden";"210.5";"BR-116/PR";"Norte";"Colisão Transversal";1;0;1;0;0;0;0;0;0;0;2;0;0;0;0
"16/01/2023";"07:38:00";"127";"3 - Aciden";"119.1";"BR-116/PR";"Sul";"Colisão Lateral";1;0;1;0;0;0;0;0;0;0;2;0;0;0;0
"16/01/2023";"11:58:00";"141";"2 - Aciden";"116.931";"BR-116/PR";"Sul";"Colisão Traseira";1;0;0;1;0;0;0;0;0;0;1;1;0;0;0
"17/01/2023";"07:43:00";"41";"2 - Aciden";"116.1";"BR-116/PR";"Norte";"Atropelamento - Usuário";1;0;0;0;0;0;0;0;0;0;1;1;0;0;0
"17/01/2023";"03:31:00";"119";"2 - Aciden";"209.1";"BR-116/PR";"Norte";"Queda de Moto";0;0;0;1;0;0;0;0;0;0;0;1;0;0;0
"17/01/2023";"06:09:00";"145";"2 - Aciden";"210.8";"BR-116/PR";"Sul";"Colisão Transversal";1;0;0;1;0;0;0;0;0;0;1;0;0;1;0
"17/01/2023";"10:24:00";"158";"2 - Aciden";"115.3";"BR-116/PR";"Sul";"Atropelamento - Andarilho";0;0;0;1;0;0;0;0;0;0;0;2;0;0;0
"17/01/2023";"11:05:00";"159";"3 - Aciden";"124.2";"BR-116/PR";"Norte";"Colisão Traseira";0;0;2;0;0;0;0;0;0;0;2;0;0;0;0
"18/01/2023";"12:27:00";"95";"3 - Aciden";"5.1";"BR-116/SC";"Sul";"Colisão Traseira";2;0;0;0;0;0;0;0;0;0;4;0;0;0;0
"19/01/2023";"07:32:00";"43";"2 - Aciden";"122.01";"BR-116/PR";"Sul";"Colisão Lateral";2;0;0;1;0;0;0;0;0;0;2;1;0;0;0
"19/01/2023";"08:15:00";"62";"2 - Aciden";"124.01";"BR-116/PR";"Norte";"Colisão Lateral";1;0;0;1;0;0;0;0;0;0;1;1;0;0;0
"19/01/2023";"02:09:00";"93";"3 - Aciden";"197.8";"BR-116/PR";"Norte";"Choque - Talude";0;0;1;0;0;0;0;0;0;0;1;0;0;0;0
"19/01/2023";"03:14:00";"101";"3 - Aciden";"186.9";"BR-116/PR";"Sul";"Saida de Pista";0;0;1;0;0;0;0;0;0;0;2;0;0;0;0
"20/01/2023";"05:14:00";"18";"3 - Aciden";"202.02";"BR-116/SC";"Sul";"Choque - Defensa, barreira ou "submarino"";0;0;1;0;0;0;0;0;0;0;1;0;0;0;0
"20/01/2023";"06:46:00";"29";"3 - Aciden";"152.1";"BR-116/PR";"Sul";"Colisão Frontal";1;0;0;0;0;0;0;0;0;0;4;0;0;0;0
"20/01/2023";"07:14:00";"32";"2 - Aciden";"87.1";"BR-116/SC";"Sul";"Colisão Lateral";0;0;2;0;0;1;0;0;0;0;5;1;0;0;0
"20/01/2023";"07:56:00";"133";"3 - Aciden";"123.01";"BR-116/PR";"Sul";"Queda de Moto";0;0;0;1;0;0;0;0;0;0;1;0;0;0;0
"21/01/2023";"12:41:00";"13";"3 - Aciden";"209.1";"BR-116/SC";"Norte";"Colisão Traseira";1;0;1;0;0;0;0;0;0;0;2;0;0;0;0
"21/01/2023";"10:25:00";"60";"3 - Aciden";"126.3";"BR-116/PR";"Norte";"Colisão Traseira";1;0;0;0;0;1;0;0;0;0;2;0;0;0;0
"21/01/2023";"11:06:00";"128";"2 - Aciden";"121.239";"BR-116/PR";"Sul";"Queda de Moto";0;0;0;1;0;0;0;0;0;0;0;2;0;0;0
"22/01/2023";"03:50:00";"14";"3 - Aciden";"122.7";"BR-116/PR";"Sul";"Choque - Defensa, barreira ou "submarino"";1;0;0;0;0;0;0;0;0;0;1;0;0;0;0
"22/01/2023";"05:38:00";"19";"3 - Aciden";"147.1";"BR-116/PR";"Sul";"Capotamento";1;0;0;0;0;0;0;0;0;0;1;0;0;0;0
"22/01/2023";"06:59:00";"28";"3 - Aciden";"202.01";"BR-116/SC";"Norte";"Choque - Defensa, barreira ou "submarino"";1;0;0;0;0;0;0;0;0;0;1;0;0;0;0
"22/01/2023";"12:10:00";"65";"3 - Aciden";"245.7";"BR-116/SC";"Norte";"Colisão Transversal";1;0;0;0;0;1;0;0;0;0;6;0;0;0;0
"23/01/2023";"08:26:00";"141";"2 - Aciden";"145.5";"BR-116/PR";"Norte";"Capotamento";1;0;0;0;0;0;0;0;0;0;0;1;0;0;0
"24/01/2023";"06:24:00";"30";"2 - Aciden";"125.1";"BR-116/PR";"Norte";"Colisão Lateral";1;0;0;1;0;0;0;0;0;0;2;1;0;0;0
"24/01/2023";"08:08:00";"74";"3 - Aciden";"130.8";"BR-116/PR";"Sul";"Choque - Outros";1;0;0;0;0;0;0;0;0;0;1;0;0;0;0
"24/01/2023";"08:44:00";"84";"3 - Aciden";"146.2";"BR-116/PR";"Norte";"Choque - Defensa, barreira ou "submarino"";0;0;1;0;0;0;0;0;0;0;1;0;0;0;0
"24/01/2023";"01:45:00";"114";"2 - Aciden";"119.1";"BR-116/PR";"Norte";"Colisão Lateral";1;0;0;1;0;0;0;0;0;0;1;1;0;0;0
"24/01/2023";"02:31:00";"121";"3 - Aciden";"122.1";"BR-116/PR";"Norte";"Colisão Traseira";2;0;0;0;0;0;0;0;0;0;2;0;0;0;0
"24/01/2023";"03:07:00";"128";"3 - Aciden";"31.4";"BR-116/SC";"Sul";"Tombamento";0;0;1;0;0;0;0;0;0;0;1;0;0;0;0
"24/01/2023";"10:24:00";"174";"3 - Aciden";"56.03";"BR-116/SC";"Sul";"Saida de Pista";1;0;0;0;0;0;0;0;0;0;1;0;0;0;0
"25/01/2023";"12:05:00";"21";"3 - Aciden";"105.9";"BR-116/SC";"Norte";"Tombamento";0;0;1;0;0;0;0;0;0;0;1;0;0;0;0
"25/01/2023";"09:34:00";"77";"2 - Aciden";"2.111";"BR-116/SC";"Norte";"Colisão Traseira";0;0;0;1;0;0;0;0;0;1;1;1;0;0;0
"25/01/2023";"10:50:00";"93";"3 - Aciden";"47.975";"BR-116/SC";"Sul";"Colisão Traseira";0;0;2;0;0;0;0;0;0;0;2;0;0;0;0
"25/01/2023";"12:08:00";"96";"2 - Aciden";"5.673";"BR-116/SC";"Norte";"Colisão Transversal";1;0;0;1;0;0;0;0;0;0;1;0;0;2;0
"25/01/2023";"12:14:00";"97";"3 - Aciden";"233.8";"BR-116/SC";"Norte";"Saida de Pista";0;0;1;0;0;0;0;0;0;0;1;0;0;0;0
"25/01/2023";"04:06:00";"128";"3 - Aciden";"85.3";"BR-116/SC";"Norte";"Colisão Traseira";0;0;2;0;0;0;0;0;0;0;2;0;0;0;0
"26/01/2023";"05:55:00";"44";"3 - Aciden";"122.5";"BR-116/PR";"Norte";"Colisão Lateral";1;0;1;0;0;0;0;0;0;0;2;0;0;0;0
"26/01/2023";"08:01:00";"64";"2 - Aciden";"205.53";"BR-116/PR";"Sul";"Queda de Moto";0;0;0;1;0;0;0;0;0;0;0;1;0;0;0
"26/01/2023";"02:22:00";"128";"3 - Aciden";"144.66";"BR-116/SC";"Sul";"Colisão Traseira";1;0;1;0;0;0;0;0;0;0;2;0;0;0;0
"26/01/2023";"04:17:00";"148";"3 - Aciden";"64.3";"BR-116/SC";"Norte";"Colisão Lateral";1;0;1;0;0;0;0;0;0;0;2;0;0;0;0
"26/01/2023";"04:23:00";"150";"3 - Aciden";"247.1";"BR-116/SC";"Sul";"Colisão Transversal";1;0;1;0;0;0;0;0;0;0;2;0;0;0;0
"26/01/2023";"06:14:00";"164";"3 - Aciden";"139.3";"BR-116/SC";"Norte";"Colisão Transversal";2;0;0;0;0;0;0;0;0;0;2;0;0;0;0
"26/01/2023";"07:26:00";"174";"3 - Aciden";"159.1";"BR-116/PR";"Sul";"Saida de Pista";0;0;1;0;0;0;0;0;0;0;1;0;0;0;0
"27/01/2023";"10:43:00";"87";"3 - Aciden";"287.7";"BR-116/SC";"Norte";"Colisão Traseira";2;0;0;0;0;0;0;0;0;0;2;0;0;0;0
"27/01/2023";"06:42:00";"135";"3 - Aciden";"134.2";"BR-116/PR";"Sul";"Colisão Transversal";2;0;0;0;0;0;0;0;0;0;2;0;0;0;0
"27/01/2023";"07:03:00";"138";"2 - Aciden";"243.875";"BR-116/SC";"Sul";"Colisão Transversal";2;0;0;0;0;0;0;0;0;0;3;1;0;0;0
"28/01/2023";"04:09:00";"25";"3 - Aciden";"126.35";"BR-116/PR";"Norte";"Colisão Traseira";2;0;0;0;0;0;0;0;0;0;2;0;0;0;0
"28/01/2023";"05:05:00";"27";"3 - Aciden";"156.1";"BR-116/PR";"Norte";"Choque - Defensa, barreira ou "submarino"";0;0;0;0;0;0;0;0;0;1;1;0;0;0;0
"28/01/2023";"10:00:00";"78";"2 - Aciden";"305.1";"BR-116/SC";"Norte";"Colisão Traseira";2;0;0;0;0;0;0;0;0;0;0;4;0;0;0
"29/01/2023";"01:31:00";"17";"2 - Aciden";"122.373";"BR-116/PR";"Norte";"Colisão Traseira";2;0;0;0;0;0;0;0;0;0;2;1;0;0;0
"29/01/2023";"04:29:00";"86";"3 - Aciden";"119.9";"BR-116/PR";"Sul";"Colisão Traseira";2;0;0;0;0;0;0;0;0;0;2;0;0;0;0
"29/01/2023";"05:20:00";"94";"3 - Aciden";"119.1";"BR-116/PR";"Sul";"Colisão Traseira";1;0;0;0;0;1;0;0;0;0;2;0;0;0;0
"29/01/2023";"05:29:00";"95";"3 - Aciden";"126.35";"BR-116/PR";"Norte";"Colisão Traseira";2;0;0;0;0;0;0;0;0;0;2;0;0;0;0
"29/01/2023";"08:58:00";"113";"3 - Aciden";"211.1";"BR-116/SC";"Norte";"Saida de Pista";1;0;0;0;0;0;0;0;0;0;1;0;0;0;0
"30/01/2023";"12:06:00";"78";"3 - Aciden";"245.1";"BR-116/SC";"Norte";"Colisão Transversal";2;0;0;0;0;0;0;0;0;0;2;0;0;0;0
"30/01/2023";"03:27:00";"95";"3 - Aciden";"283.05";"BR-116/SC";"Norte";"Colisão Traseira";1;0;0;0;0;1;0;0;0;0;2;0;0;0;0
"30/01/2023";"05:45:00";"114";"3 - Aciden";"126.1";"BR-116/PR";"Sul";"Colisão Traseira";0;0;2;0;0;0;0;0;0;0;2;0;0;0;0
"30/01/2023";"06:32:00";"118";"2 - Aciden";"118.2";"BR-116/PR";"Sul";"Colisão Lateral";1;0;0;1;0;0;0;0;0;0;1;2;0;0;0
"31/01/2023";"12:17:00";"13";"1 - Aciden";"180.3";"BR-116/SC";"Sul";"Colisão Frontal";0;0;1;1;0;0;0;0;0;0;1;0;0;0;1
"31/01/2023";"01:27:00";"89";"3 - Aciden";"245.1";"BR-116/SC";"Sul";"Colisão Lateral";1;0;0;0;0;0;0;0;0;1;2;0;0;0;0
"31/01/2023";"03:38:00";"106";"3 - Aciden";"29.1";"BR-116/SC";"Sul";"Saida de Pista";1;0;0;0;0;0;0;0;0;0;1;0;0;0;0
"31/01/2023";"05:15:00";"120";"3 - Aciden";"121.2";"BR-116/PR";"Sul";"Colisão Lateral";2;0;0;0;0;0;0;0;0;0;2;0;0;0;0
"31/01/2023";"06:34:00";"123";"2 - Aciden";"115.9";"BR-116/PR";"Sul";"Colisão Traseira";1;0;0;1;0;0;0;0;0;0;1;2;0;0;0
"31/01/2023";"06:54:00";"124";"3 - Aciden";"115.9";"BR-116/PR";"Sul";"Colisão Traseira";2;0;0;0;0;0;0;0;0;0;2;0;0;0;0
"01/02/2023";"12:08:00";"14";"2 - Aciden";"130.352";"BR-116/PR";"Norte";"Atropelamento - Andarilho";0;0;1;0;0;0;0;0;0;0;1;0;0;1;0
"01/02/2023";"03:43:00";"128";"3 - Aciden";"158.101";"BR-116/PR";"Sul";"Choque - Defensa, barreira ou "submarino"";0;0;1;0;0;0;0;0;0;0;1;0;0;0;0
"02/02/2023";"08:19:00";"147";"3 - Aciden";"152.5";"BR-116/PR";"Sul";"Colisão Traseira";2;0;1;0;0;0;0;0;0;0;3;0;0;0;0
"02/02/2023";"10:55:00";"153";"2 - Aciden";"85.1";"BR-116/SC";"Norte";"Colisão Frontal";1;0;1;0;0;0;0;0;0;0;0;2;0;0;0
"03/02/2023";"04:24:00";"23";"3 - Aciden";"246.4";"BR-116/SC";"Norte";"Choque - Defensa, barreira ou "submarino"";0;0;1;0;0;0;0;0;0;0;1;0;0;0;0
"03/02/2023";"01:36:00";"86";"3 - Aciden";"245.6";"BR-116/SC";"Sul";"Colisão Transversal";2;0;0;0;0;0;0;0;0;0;2;0;0;0;0
"03/02/2023";"04:50:00";"107";"3 - Aciden";"122.1";"BR-116/PR";"Norte";"Colisão Lateral";1;0;1;0;0;0;0;0;0;0;2;0;0;0;0
"03/02/2023";"05:24:00";"114";"3 - Aciden";"156.1";"BR-116/SC";"Sul";"Colisão Lateral";1;0;2;0;0;0;0;0;0;0;3;0;0;0;0
"03/02/2023";"09:07:00";"131";"3 - Aciden";"135.1";"BR-116/PR";"Sul";"Saida de Pista";1;0;0;0;0;0;0;0;0;0;2;0;0;0;0
"03/02/2023";"11:10:00";"138";"3 - Aciden";"126.01";"BR-116/PR";"Norte";"Colisão Transversal";1;0;0;0;0;0;0;0;0;0;1;0;0;0;0
"03/02/2023";"11:40:00";"140";"1 - Aciden";"211.3";"BR-116/PR";"Sul";"Colisão Frontal";1;0;1;0;0;0;0;0;0;0;1;0;0;0;1
"04/02/2023";"02:25:00";"22";"3 - Aciden";"116.124";"BR-116/PR";"Sul";"Choque - Poste";1;0;0;0;0;0;0;0;0;0;3;0;0;0;0
"04/02/2023";"05:15:00";"30";"3 - Aciden";"134.4";"BR-116/PR";"Sul";"Engavetamento";3;0;0;0;0;0;0;0;0;0;3;0;0;0;0
"04/02/2023";"05:19:00";"31";"3 - Aciden";"117.1";"BR-116/PR";"Sul";"Choque - Defensa, barreira ou "submarino"";1;0;0;0;0;0;0;0;0;0;1;0;0;0;0
"04/02/2023";"06:11:00";"34";"3 - Aciden";"117.01";"BR-116/PR";"Sul";"Saida de Pista";1;0;0;0;0;0;0;0;0;0;1;0;0;0;0
"04/02/2023";"08:27:00";"55";"3 - Aciden";"184.1";"BR-116/SC";"Sul";"Choque - Defensa, barreira ou "submarino"";1;0;0;0;0;0;0;0;0;0;1;0;0;0;0
"04/02/2023";"11:26:00";"68";"2 - Aciden";"194.2";"BR-116/PR";"Sul";"Tombamento";0;0;1;0;0;0;0;0;0;0;0;1;0;0;0
"04/02/2023";"03:26:00";"87";"3 - Aciden";"134.2";"BR-116/PR";"Sul";"Choque - Elemento de Drenagem";0;0;0;0;0;0;0;0;0;1;5;0;0;0;0
"04/02/2023";"05:16:00";"100";"2 - Aciden";"122.6";"BR-116/PR";"Sul";"Colisão Lateral";1;0;0;0;0;1;0;0;0;0;1;2;0;0;0
"04/02/2023";"08:18:00";"119";"2 - Aciden";"186.764";"BR-116/PR";"Sul";"Colisão Traseira";1;0;0;1;0;1;0;0;0;0;2;0;0;2;0
"05/02/2023";"01:55:00";"18";"3 - Aciden";"7.1";"BR-116/SC";"Norte";"Choque - Suporte de Sinalização";1;0;0;0;0;0;0;0;0;0;1;0;0;0;0
"05/02/2023";"03:34:00";"20";"2 - Aciden";"123.395";"BR-116/PR";"Norte";"Queda de Moto";0;0;0;1;0;0;0;0;0;0;0;1;0;0;0
"05/02/2023";"10:27:00";"53";"1 - Aciden";"125.804";"BR-116/PR";"Sul";"Colisão Transversal";1;0;0;1;0;0;0;0;0;0;5;0;0;1;1
"05/02/2023";"09:37:00";"121";"2 - Aciden";"19.7";"BR-116/SC";"Norte";"Colisão Lateral";1;0;1;0;0;0;0;0;0;0;1;1;0;0;0
"06/02/2023";"11:05:00";"79";"2 - Aciden";"245.01";"BR-116/SC";"Sul";"Colisão Transversal";0;0;0;2;0;0;0;0;0;0;0;2;0;0;0
"06/02/2023";"01:21:00";"92";"3 - Aciden";"106.7";"BR-116/SC";"Sul";"Colisão Lateral";0;0;2;0;0;0;0;0;0;0;2;0;0;0;0
"06/02/2023";"05:04:00";"115";"3 - Aciden";"104.4";"BR-116/SC";"Sul";"Capotamento";1;0;0;0;0;0;0;0;0;0;1;0;0;0;0
"07/02/2023";"07:48:00";"39";"3 - Aciden";"134.8";"BR-116/PR";"Norte";"Tombamento";0;0;1;0;0;0;0;0;0;0;1;0;0;0;0
"07/02/2023";"08:14:00";"48";"3 - Aciden";"116.1";"BR-116/PR";"Norte";"Colisão Traseira";0;0;1;0;0;1;0;0;0;0;2;0;0;0;0
"07/02/2023";"01:44:00";"96";"3 - Aciden";"5.5";"BR-116/SC";"Sul";"Colisão Transversal";2;0;0;0;0;0;0;0;0;0;2;0;0;0;0
"07/02/2023";"02:30:00";"98";"3 - Aciden";"5.5";"BR-116/SC";"Sul";"Colisão Traseira";2;0;0;0;0;0;0;0;0;0;2;0;0;0;0