data;horario;n_da_ocorrencia;tipo_de_ocorrencia;km;trecho;sentido;tipo_de_acidente;automovel;bicicleta;caminhao;moto;onibus;outros;tracao_animal;transporte_de_cargas_especiais;trator_maquinas;utilitarios;ilesos;levemente_feridos;moderadamente_feridos;gravemente_feridos;mortos
"07/02/2023";"03:00:00";"106";"3 - Aciden";"1.1";"BR-116/SC";"Sul";"Colisão Traseira";2;0;0;0;0;0;0;0;0;0;2;0;0;0;0
"07/02/2023";"05:53:00";"129";"2 - Aciden";"246.3";"BR-116/SC";"Sul";"Atropelamento - Ciclista";0;1;0;1;0;0;0;0;0;0;2;1;0;0;0
"08/02/2023";"06:50:00";"31";"3 - Aciden";"242.3";"BR-116/SC";"Sul";"Tombamento";0;0;1;0;0;0;0;0;0;0;3;0;0;0;0
"08/02/2023";"08:33:00";"67";"3 - Aciden";"125.8";"BR-116/PR";"Norte";"Colisão Traseira";1;0;0;0;0;1;0;0;0;0;2;0;0;0;0
"08/02/2023";"06:49:00";"143";"3 - Aciden";"120.1";"BR-116/PR";"Sul";"Colisão Traseira";2;0;0;0;0;0;0;0;0;0;2;0;0;0;0
"09/02/2023";"01:26:00";"108";"3 - Aciden";"131.05";"BR-116/PR";"Norte";"Choque - Defensa, barreira ou "submarino"";1;0;0;0;0;0;0;0;0;0;3;0;0;0;0
"09/02/2023";"03:14:00";"112";"2 - Aciden";"246.1";"BR-116/SC";"Sul";"Colisão Lateral";1;0;0;1;0;0;0;0;0;0;1;1;0;0;0
"09/02/2023";"03:35:00";"114";"1 - Aciden";"159.9";"BR-116/SC";"Norte";"Colisão Frontal";0;0;2;0;0;0;0;0;0;0;0;1;0;0;2
"10/02/2023";"06:46:00";"31";"3 - Aciden";"142.01";"BR-116/SC";"Sul";"Colisão Lateral";1;0;1;0;0;0;0;0;0;0;2;0;0;0;0
"10/02/2023";"06:54:00";"32";"2 - Aciden";"117.154";"BR-116/PR";"Norte";"Colisão Traseira";0;0;1;1;0;0;0;0;0;0;1;1;0;0;0
"10/02/2023";"08:04:00";"40";"2 - Aciden";"120.255";"BR-116/PR";"Norte";"Colisão Lateral";2;0;0;1;0;0;0;0;0;0;2;1;0;0;0
"10/02/2023";"11:30:00";"89";"3 - Aciden";"115.3";"BR-116/PR";"Norte";"Colisão Lateral";1;0;1;0;0;0;0;0;0;0;2;0;0;0;0
"10/02/2023";"04:15:00";"121";"3 - Aciden";"181.5";"BR-116/PR";"Sul";"Colisão Traseira";1;0;0;0;0;1;0;0;0;0;2;0;0;0;0
"11/02/2023";"06:17:00";"24";"3 - Aciden";"234.673";"BR-116/SC";"Sul";"Choque - Elemento de Drenagem";1;0;0;0;0;0;0;0;0;0;3;0;0;0;0
"11/02/2023";"01:05:00";"77";"2 - Aciden";"211.865";"BR-116/SC";"Norte";"Queda de Moto";0;0;0;1;0;0;0;0;0;0;1;1;0;0;0
"11/02/2023";"05:03:00";"110";"2 - Aciden";"152.6";"BR-116/PR";"Norte";"Colisão Transversal";0;0;1;0;0;0;0;0;0;1;1;1;0;0;0
"11/02/2023";"05:38:00";"114";"2 - Aciden";"9.2";"BR-116/SC";"Norte";"Colisão Traseira";3;0;0;0;0;0;0;0;0;0;2;1;0;0;0
"11/02/2023";"08:05:00";"127";"3 - Aciden";"126.1";"BR-116/PR";"Norte";"Colisão Traseira";3;0;0;0;0;0;0;0;0;0;3;0;0;0;0
"12/02/2023";"05:25:00";"36";"3 - Aciden";"159.03";"BR-116/SC";"Norte";"Atropelamento de Animal";1;0;0;0;0;0;0;0;0;0;1;0;0;0;0
"12/02/2023";"01:05:00";"71";"3 - Aciden";"245.1";"BR-116/SC";"Sul";"Colisão Transversal";2;0;0;0;0;0;0;0;0;0;2;0;0;0;0
"12/02/2023";"04:00:00";"84";"2 - Aciden";"137.42";"BR-116/SC";"Norte";"Capotamento";1;0;0;0;0;0;0;0;0;0;2;1;0;0;0
"12/02/2023";"05:15:00";"91";"3 - Aciden";"144.7";"BR-116/PR";"Norte";"Colisão Traseira";1;0;0;0;0;1;0;0;0;0;3;0;0;0;0
"12/02/2023";"05:40:00";"92";"3 - Aciden";"144.7";"BR-116/PR";"Norte";"Colisão Traseira";2;0;0;0;0;0;0;0;0;0;3;0;0;0;0
"12/02/2023";"08:42:00";"100";"3 - Aciden";"119.012";"BR-116/PR";"Sul";"Colisão Traseira";2;0;0;0;0;0;0;0;0;0;2;0;0;0;0
"12/02/2023";"11:05:00";"108";"1 - Aciden";"167.208";"BR-116/PR";"Sul";"Atropelamento - Andarilho";1;0;0;0;0;0;0;0;0;0;1;0;0;0;1
"13/02/2023";"07:45:00";"43";"3 - Aciden";"124.9";"BR-116/PR";"Norte";"Engavetamento";2;0;1;0;0;0;0;0;0;0;3;0;0;0;0
"13/02/2023";"11:07:00";"87";"2 - Aciden";"107.8";"BR-116/SC";"Norte";"Tombamento";0;0;1;0;0;0;0;0;0;0;0;1;0;0;0
"13/02/2023";"01:34:00";"113";"3 - Aciden";"119.239";"BR-116/PR";"Sul";"Colisão Traseira";2;0;0;0;0;0;0;0;0;0;3;0;0;0;0
"13/02/2023";"02:08:00";"118";"3 - Aciden";"119.239";"BR-116/PR";"Norte";"Colisão Traseira";2;0;0;0;0;0;0;0;0;0;2;0;0;0;0
"13/02/2023";"02:24:00";"121";"2 - Aciden";"207.297";"BR-116/PR";"Sul";"Choque - Elemento de Drenagem";0;0;0;1;0;0;0;0;0;0;0;1;0;0;0
"13/02/2023";"05:38:00";"149";"3 - Aciden";"115.05";"BR-116/PR";"Norte";"Colisão Traseira";2;0;0;0;0;0;0;0;0;0;2;0;0;0;0
"14/02/2023";"01:33:00";"81";"3 - Aciden";"210.01";"BR-116/PR";"Norte";"Colisão Lateral";1;0;0;0;0;0;0;0;0;0;1;0;0;0;0
"14/02/2023";"03:21:00";"89";"3 - Aciden";"79.3";"BR-116/SC";"Sul";"Saida de Pista";1;0;0;0;0;0;0;0;0;0;1;0;0;0;0
"15/02/2023";"08:18:00";"56";"2 - Aciden";"116.1";"BR-116/PR";"Norte";"Colisão Transversal";1;0;0;1;0;0;0;0;0;0;1;0;1;0;0
"15/02/2023";"11:22:00";"91";"2 - Aciden";"120.1";"BR-116/PR";"Sul";"Colisão Traseira";0;0;0;1;0;1;0;0;0;0;1;1;0;0;0
"16/02/2023";"12:01:00";"10";"3 - Aciden";"257.3";"BR-116/SC";"Norte";"Choque - Defensa, barreira ou "submarino"";1;0;0;0;0;0;0;0;0;0;4;0;0;0;0
"16/02/2023";"02:59:00";"18";"3 - Aciden";"107.7";"BR-116/SC";"Norte";"Choque - Talude";0;0;1;0;0;0;0;0;0;0;1;0;0;0;0
"16/02/2023";"05:34:00";"25";"2 - Aciden";"1.812";"BR-116/SC";"Sul";"Atropelamento - Sem Informação";0;0;0;1;0;0;0;0;0;0;0;0;2;0;0
"16/02/2023";"07:28:00";"120";"3 - Aciden";"120.8";"BR-116/PR";"Norte";"Choque - Defensa, barreira ou "submarino"";1;0;1;0;0;0;0;0;0;0;2;0;0;0;0
"16/02/2023";"08:39:00";"126";"3 - Aciden";"3.944";"BR-116/SC";"Norte";"Colisão Frontal";2;0;0;0;0;0;0;0;0;0;2;0;0;0;0
"16/02/2023";"09:11:00";"133";"2 - Aciden";"135.1";"BR-116/SC";"Sul";"Capotamento";1;0;1;0;0;0;0;0;0;0;1;1;0;0;0
"16/02/2023";"09:35:00";"134";"3 - Aciden";"117.1";"BR-116/PR";"Sul";"Choque - Defensa, barreira ou "submarino"";1;0;0;0;0;0;0;0;0;0;1;0;0;0;0
"17/02/2023";"06:56:00";"35";"2 - Aciden";"82.6";"BR-116/SC";"Sul";"Colisão Lateral";0;0;1;0;0;1;0;0;0;0;1;2;0;0;0
"17/02/2023";"07:27:00";"38";"3 - Aciden";"142.001";"BR-116/SC";"Sul";"Colisão Lateral";1;0;0;0;0;1;0;0;0;0;2;0;0;0;0
"17/02/2023";"02:56:00";"106";"3 - Aciden";"6.1";"BR-116/SC";"Norte";"Colisão Transversal";1;0;1;0;0;0;0;0;0;0;2;0;0;0;0
"18/02/2023";"01:04:00";"15";"3 - Aciden";"206.03";"BR-116/PR";"Norte";"Tombamento";0;0;1;0;0;0;0;0;0;0;1;0;0;0;0
"18/02/2023";"02:23:00";"19";"3 - Aciden";"15.05";"BR-116/SC";"Norte";"Saida de Pista";1;0;0;0;0;0;0;0;0;0;1;0;0;0;0
"18/02/2023";"11:17:00";"55";"2 - Aciden";"159.166";"BR-116/PR";"Norte";"Colisão Lateral";0;0;1;1;0;0;0;0;0;0;2;0;1;0;0
"18/02/2023";"12:23:00";"61";"3 - Aciden";"85.95";"BR-116/SC";"Sul";"Choque - Defensa, barreira ou "submarino"";1;0;0;0;0;0;0;0;0;0;1;0;0;0;0
"18/02/2023";"04:21:00";"81";"2 - Aciden";"65.3";"BR-116/SC";"Sul";"Colisão Lateral";1;0;0;1;0;0;0;0;0;0;4;1;0;0;0
"18/02/2023";"11:09:00";"106";"2 - Aciden";"208.1";"BR-116/PR";"Norte";"Colisão Transversal";1;0;0;1;0;0;0;0;0;0;1;1;0;0;0
"19/02/2023";"12:14:00";"13";"3 - Aciden";"122.1";"BR-116/PR";"Sul";"Choque - Poste";1;0;0;0;0;0;0;0;0;0;1;0;0;0;0
"19/02/2023";"05:27:00";"19";"2 - Aciden";"142.404";"BR-116/SC";"Norte";"Capotamento";1;0;0;0;0;0;0;0;0;0;0;1;0;0;0
"19/02/2023";"06:33:00";"23";"2 - Aciden";"161.134";"BR-116/SC";"Sul";"Choque - Arvore";1;0;0;0;0;0;0;0;0;0;0;1;0;0;0
"19/02/2023";"10:29:00";"39";"2 - Aciden";"195.382";"BR-116/PR";"Sul";"Tombamento";0;0;1;0;0;0;0;0;0;0;0;0;2;0;0
"19/02/2023";"11:22:00";"42";"2 - Aciden";"174.7";"BR-116/PR";"Norte";"Colisão Traseira";1;0;1;0;0;0;0;0;0;0;2;1;0;0;0
"19/02/2023";"01:32:00";"47";"2 - Aciden";"141.68";"BR-116/PR";"Sul";"Colisão Transversal";1;0;0;1;0;0;0;0;0;0;2;1;0;0;0
"19/02/2023";"08:09:00";"85";"3 - Aciden";"206.06";"BR-116/PR";"Sul";"Choque - Defensa, barreira ou "submarino"";1;0;0;0;0;0;0;0;0;0;1;0;0;0;0
"20/02/2023";"01:03:00";"13";"3 - Aciden";"131.1";"BR-116/PR";"Sul";"Saida de Pista";1;0;0;0;0;0;0;0;0;0;1;0;0;0;0
"20/02/2023";"06:52:00";"19";"3 - Aciden";"174.7";"BR-116/SC";"Sul";"Colisão Traseira";0;0;1;0;0;0;0;0;0;1;4;0;0;0;0
"20/02/2023";"02:20:00";"61";"3 - Aciden";"5.003";"BR-116/SC";"Sul";"Colisão Traseira";1;0;0;0;0;1;0;0;0;0;2;0;0;0;0
"20/02/2023";"04:48:00";"72";"3 - Aciden";"177.664";"BR-116/PR";"Sul";"Choque - Defensa, barreira ou "submarino"";1;0;0;0;0;0;0;0;0;0;1;0;0;0;0
"21/02/2023";"12:43:00";"45";"3 - Aciden";"126.35";"BR-116/PR";"Sul";"Colisão Traseira";2;0;0;0;0;0;0;0;0;0;2;0;0;0;0
"22/02/2023";"03:49:00";"19";"3 - Aciden";"132.1";"BR-116/PR";"Norte";"Choque - Poste";1;0;0;0;0;0;0;0;0;0;1;0;0;0;0
"22/02/2023";"02:15:00";"81";"3 - Aciden";"252.1";"BR-116/SC";"Sul";"Colisão Transversal";1;0;1;0;0;0;0;0;0;0;3;0;0;0;0
"22/02/2023";"04:27:00";"100";"3 - Aciden";"308.7";"BR-116/SC";"Norte";"Tombamento";0;0;1;0;0;0;0;0;0;0;1;0;0;0;0
"22/02/2023";"07:05:00";"119";"3 - Aciden";"107.5";"BR-116/SC";"Norte";"Colisão Lateral";0;0;2;0;0;0;0;0;0;0;2;0;0;0;0
"22/02/2023";"09:22:00";"131";"2 - Aciden";"66.1";"BR-116/SC";"Sul";"Colisão Frontal";1;0;1;0;0;0;0;0;0;0;1;0;1;0;0
"23/02/2023";"08:31:00";"63";"3 - Aciden";"144.1";"BR-116/PR";"Sul";"Saida de Pista";1;0;0;0;0;0;0;0;0;0;1;0;0;0;0
"23/02/2023";"10:24:00";"80";"3 - Aciden";"140.01";"BR-116/SC";"Sul";"Colisão Lateral";1;0;1;0;0;0;0;0;0;0;2;0;0;0;0
"23/02/2023";"11:06:00";"85";"2 - Aciden";"165.9";"BR-116/SC";"Norte";"Tombamento";0;0;1;0;0;0;0;0;0;0;0;0;1;0;0
"23/02/2023";"02:26:00";"105";"3 - Aciden";"283.5";"BR-116/SC";"Sul";"Capotamento";1;0;0;0;0;0;0;0;0;0;1;0;0;0;0
"24/02/2023";"12:04:00";"15";"1 - Aciden";"305.57";"BR-116/SC";"Sul";"Tombamento";0;0;1;0;0;0;0;0;0;0;0;0;0;0;1
"24/02/2023";"01:05:00";"89";"2 - Aciden";"190.01";"BR-116/PR";"Sul";"Choque - Talude";1;0;0;0;0;0;0;0;0;0;0;1;0;0;0
"24/02/2023";"11:49:00";"131";"1 - Aciden";"61.685";"BR-116/SC";"Norte";"Atropelamento - Morador";0;0;1;0;0;0;0;0;0;0;2;0;0;0;1
"25/02/2023";"04:57:00";"91";"2 - Aciden";"308.7";"BR-116/SC";"Sul";"Tombamento";0;0;1;0;0;0;0;0;0;0;0;0;1;0;0
"26/02/2023";"01:15:00";"20";"3 - Aciden";"126.3";"BR-116/PR";"Norte";"Colisão Traseira";1;0;1;0;0;0;0;0;0;0;2;0;0;0;0
"26/02/2023";"02:05:00";"23";"3 - Aciden";"106.1";"BR-116/SC";"Sul";"Saida de Pista";0;0;1;0;0;0;0;0;0;0;1;0;0;0;0
"26/02/2023";"12:31:00";"65";"3 - Aciden";"122.613";"BR-116/PR";"Norte";"Colisão Lateral";1;0;1;0;0;0;0;0;0;0;2;0;0;0;0
"26/02/2023";"09:19:00";"96";"2 - Aciden";"258.1";"BR-116/SC";"Sul";"Colisão Lateral";1;0;1;0;0;0;0;0;0;0;1;1;0;0;0
"27/02/2023";"01:30:00";"99";"2 - Aciden";"205.999";"BR-116/PR";"Sul";"Colisão Traseira";1;0;0;1;0;0;0;0;0;0;1;1;0;0;0
"27/02/2023";"02:31:00";"106";"2 - Aciden";"157.9";"BR-116/PR";"Norte";"Queda de Moto";0;0;0;1;0;0;0;0;0;0;0;1;0;0;0
"27/02/2023";"04:14:00";"117";"3 - Aciden";"87.1";"BR-116/SC";"Sul";"Engavetamento";1;0;2;0;0;0;0;0;0;0;4;0;0;0;0
"27/02/2023";"05:26:00";"130";"3 - Aciden";"221.1";"BR-116/SC";"Norte";"Colisão Lateral";2;0;0;0;0;0;0;0;0;0;2;0;0;0;0
"28/02/2023";"04:29:00";"19";"2 - Aciden";"144.176";"BR-116/PR";"Sul";"Atropelamento de Animal";0;0;0;1;0;0;0;0;0;0;0;0;1;0;0
"28/02/2023";"06:38:00";"22";"3 - Aciden";"122.7";"BR-116/PR";"Norte";"Colisão Transversal";1;0;1;0;0;0;0;0;0;0;2;0;0;0;0
"28/02/2023";"06:44:00";"27";"2 - Aciden";"126.35";"BR-116/PR";"Norte";"Colisão Lateral";0;0;1;1;0;0;0;0;0;0;0;1;0;1;0
"28/02/2023";"05:54:00";"145";"3 - Aciden";"258.363";"BR-116/SC";"Norte";"Colisão Transversal";1;0;1;0;0;0;0;0;0;0;3;0;0;0;0
"28/02/2023";"08:53:00";"162";"3 - Aciden";"6.5";"BR-116/SC";"Norte";"Colisão Traseira";0;0;2;0;0;0;0;0;0;0;2;0;0;0;0
"28/02/2023";"10:30:00";"166";"2 - Aciden";"139.6";"BR-116/SC";"Norte";"Atropelamento - Morador";0;0;1;0;0;0;0;0;0;0;1;1;0;0;0
"01/03/2023";"04:24:00";"26";"3 - Aciden";"122.5";"BR-116/PR";"Sul";"Choque - Defensa, barreira ou "submarino"";1;0;0;0;0;0;0;0;0;0;1;0;0;0;0
"01/03/2023";"06:30:00";"29";"3 - Aciden";"49.1";"BR-116/SC";"Sul";"Colisão Lateral";0;0;1;0;0;0;0;0;0;1;2;0;0;0;0
"01/03/2023";"07:52:00";"64";"2 - Aciden";"118.1";"BR-116/PR";"Norte";"Colisão Traseira";1;0;0;1;0;0;0;0;0;0;1;0;1;0;0
"01/03/2023";"08:01:00";"69";"3 - Aciden";"139.5";"BR-116/PR";"Sul";"Queda de Moto";0;0;0;1;0;0;0;0;0;0;1;0;0;0;0
"01/03/2023";"09:53:00";"81";"3 - Aciden";"132.01";"BR-116/PR";"Norte";"Saida de Pista";1;0;0;0;0;0;0;0;0;0;1;0;0;0;0
"01/03/2023";"05:10:00";"124";"3 - Aciden";"35.5";"BR-116/SC";"Sul";"Engavetamento";3;0;0;0;0;0;0;0;0;0;3;0;0;0;0
"01/03/2023";"10:41:00";"141";"3 - Aciden";"54.1";"BR-116/SC";"Sul";"Choque - Defensa, barreira ou "submarino"";1;0;0;0;0;0;0;0;0;0;1;0;0;0;0
"02/03/2023";"03:36:00";"24";"2 - Aciden";"121.667";"BR-116/PR";"Norte";"Colisão Traseira";2;0;0;0;0;0;0;0;0;0;2;1;0;0;0
"03/03/2023";"07:44:00";"40";"2 - Aciden";"122.7";"BR-116/PR";"Norte";"Colisão Traseira";1;0;0;1;0;0;0;0;0;0;1;0;1;0;0
"03/03/2023";"04:51:00";"119";"3 - Aciden";"84.6";"BR-116/SC";"Norte";"Colisão Traseira";0;0;2;0;0;0;0;0;0;0;2;0;0;0;0
"03/03/2023";"04:57:00";"120";"2 - Aciden";"113.1";"BR-116/SC";"Sul";"Choque - Defensa, barreira ou "submarino"";1;0;0;0;0;0;0;0;0;0;0;1;0;0;0
"03/03/2023";"09:08:00";"137";"3 - Aciden";"115.2";"BR-116/PR";"Norte";"Colisão Lateral";1;0;1;0;0;0;0;0;0;0;2;0;0;0;0
"03/03/2023";"10:25:00";"140";"3 - Aciden";"251.3";"BR-116/SC";"Sul";"Colisão Transversal";2;0;0;0;0;0;0;0;0;0;6;0;0;0;0
"04/03/2023";"12:28:00";"16";"3 - Aciden";"118.9";"BR-116/PR";"Sul";"Choque - Elemento de Drenagem";1;0;0;0;0;0;0;0;0;0;1;0;0;0;0
"04/03/2023";"01:38:00";"20";"3 - Aciden";"116.886";"BR-116/PR";"Norte";"Choque - Defensa, barreira ou "submarino"";0;0;1;0;0;0;0;0;0;0;1;0;0;0;0
"04/03/2023";"04:59:00";"27";"2 - Aciden";"116.6";"BR-116/PR";"Sul";"Capotamento";1;0;0;0;0;0;0;0;0;0;0;1;1;0;0
"04/03/2023";"10:36:00";"67";"2 - Aciden";"174.01";"BR-116/PR";"Sul";"Colisão Transversal";2;0;0;0;0;0;0;0;0;0;2;1;0;0;0
"04/03/2023";"02:58:00";"96";"3 - Aciden";"125.1";"BR-116/PR";"Norte";"Colisão Lateral";1;0;0;1;0;0;0;0;0;0;2;0;0;0;0
"04/03/2023";"08:02:00";"117";"1 - Aciden";"122.422";"BR-116/PR";"Norte";"Atropelamento - Sem Informação";1;0;0;0;0;0;0;0;0;0;1;0;0;0;1
"05/03/2023";"02:45:00";"24";"1 - Aciden";"156.011";"BR-116/PR";"Norte";"Colisão Frontal";1;0;1;0;0;0;0;0;0;0;1;0;0;0;1
"05/03/2023";"05:15:00";"28";"2 - Aciden";"126.03";"BR-116/PR";"Norte";"Capotamento";1;0;0;0;0;1;0;0;0;0;3;2;0;0;0
"05/03/2023";"10:16:00";"41";"3 - Aciden";"116.01";"BR-116/PR";"Norte";"Choque - Defensa, barreira ou "submarino"";0;0;0;0;0;1;0;0;0;0;1;0;0;0;0
"05/03/2023";"12:32:00";"54";"3 - Aciden";"94.01";"BR-116/SC";"Sul";"Choque - Defensa, barreira ou "submarino"";1;0;0;0;0;0;0;0;0;0;1;0;0;0;0
"05/03/2023";"05:19:00";"71";"3 - Aciden";"23.1";"BR-116/SC";"Sul";"Colisão Transversal";1;0;0;0;0;0;0;0;0;1;2;0;0;0;0
"05/03/2023";"11:35:00";"97";"3 - Aciden";"121.03";"BR-116/PR";"Norte";"Engavetamento";4;0;0;0;0;0;0;0;0;0;4;0;0;0;0
"06/03/2023";"06:08:00";"21";"3 - Aciden";"134.4";"BR-116/PR";"Norte";"Engavetamento";2;0;0;1;0;0;0;0;0;0;4;0;0;0;0
"06/03/2023";"01:40:00";"85";"2 - Aciden";"126.2";"BR-116/PR";"Norte";"Colisão Transversal";0;0;2;0;0;0;0;0;0;0;1;0;1;0;0
"06/03/2023";"04:07:00";"107";"3 - Aciden";"14.8";"BR-116/SC";"Norte";"Colisão Lateral";1;0;1;0;0;0;0;0;0;0;2;0;0;0;0
"06/03/2023";"07:34:00";"129";"2 - Aciden";"162.71";"BR-116/SC";"Norte";"Colisão Lateral";1;0;1;0;0;0;0;0;0;0;1;0;0;1;0
"07/03/2023";"07:32:00";"33";"2 - Aciden";"115.88";"BR-116/PR";"Norte";"Colisão Lateral";1;0;0;1;0;0;0;0;0;0;1;1;0;0;0
"07/03/2023";"08:26:00";"38";"2 - Aciden";"117.175";"BR-116/PR";"Norte";"Colisão Lateral";1;0;0;1;0;0;0;0;0;0;2;1;0;0;0
"07/03/2023";"02:37:00";"100";"2 - Aciden";"24.425";"BR-116/SC";"Sul";"Choque - Suporte de Sinalização";0;0;0;0;0;0;0;0;0;1;0;1;0;0;0
"07/03/2023";"05:46:00";"130";"3 - Aciden";"247.009";"BR-116/SC";"Sul";"Colisão Lateral";2;0;0;0;0;0;0;0;0;0;2;0;0;0;0
"08/03/2023";"12:47:00";"101";"2 - Aciden";"126.328";"BR-116/PR";"Norte";"Colisão Traseira";1;0;0;1;0;0;0;0;0;0;1;0;1;0;0
"09/03/2023";"06:17:00";"28";"3 - Aciden";"142.01";"BR-116/PR";"Norte";"Choque - Objeto sobre a pista";0;0;1;0;0;0;0;0;0;0;2;0;0;0;0
"09/03/2023";"07:21:00";"39";"3 - Aciden";"197.01";"BR-116/PR";"Sul";"Choque - Defensa, barreira ou "submarino"";1;0;0;0;0;0;0;0;0;0;2;0;0;0;0
"09/03/2023";"03:24:00";"119";"3 - Aciden";"152.1";"BR-116/SC";"Sul";"Colisão Traseira";1;0;0;0;0;1;0;0;0;0;2;0;0;0;0
"09/03/2023";"04:49:00";"132";"3 - Aciden";"140.5";"BR-116/SC";"Sul";"Choque - Elemento de Drenagem";1;0;0;0;0;0;0;0;0;0;1;0;0;0;0
"09/03/2023";"06:09:00";"139";"2 - Aciden";"78.7";"BR-116/SC";"Norte";"Queda de Moto";0;0;0;1;0;0;0;0;0;0;0;1;0;0;0
"09/03/2023";"06:23:00";"141";"3 - Aciden";"121.589";"BR-116/PR";"Sul";"Saida de Pista";1;0;0;0;0;0;0;0;0;0;1;0;0;0;0
"09/03/2023";"11:28:00";"166";"3 - Aciden";"185.1";"BR-116/PR";"Sul";"Saida de Pista";1;0;0;0;0;0;0;0;0;0;1;0;0;0;0
"10/03/2023";"05:27:00";"138";"3 - Aciden";"5.5";"BR-116/SC";"Norte";"Colisão Transversal";2;0;0;0;0;0;0;0;0;0;2;0;0;0;0
"11/03/2023";"12:39:00";"18";"3 - Aciden";"122.62";"BR-116/PR";"Sul";"Choque - Defensa, barreira ou "submarino"";1;0;0;0;0;0;0;0;0;0;1;0;0;0;0
"11/03/2023";"08:14:00";"41";"3 - Aciden";"117.9";"BR-116/PR";"Sul";"Choque - Defensa, barreira ou "submarino"";1;0;0;0;0;0;0;0;0;0;1;0;0;0;0
"11/03/2023";"04:40:00";"98";"2 - Aciden";"211.6";"BR-116/PR";"Sul";"Queda de Moto";0;0;0;1;0;0;0;0;0;0;0;0;1;0;0
"11/03/2023";"06:26:00";"108";"3 - Aciden";"265.45";"BR-116/SC";"Sul";"Tombamento";0;0;1;0;0;0;0;0;0;0;1;0;0;0;0
"11/03/2023";"09:23:00";"122";"2 - Aciden";"5.663";"BR-116/SC";"Sul";"Colisão Transversal";1;0;0;1;0;0;0;0;0;0;1;0;0;1;0
"12/03/2023";"01:06:00";"19";"3 - Aciden";"210.8";"BR-116/PR";"Sul";"Colisão Transversal";2;0;0;0;0;0;0;0;0;0;2;0;0;0;0
"12/03/2023";"02:13:00";"60";"3 - Aciden";"126.35";"BR-116/PR";"Norte";"Colisão Traseira";2;0;0;0;0;0;0;0;0;0;2;0;0;0;0
"12/03/2023";"03:15:00";"64";"3 - Aciden";"132.3";"BR-116/PR";"Norte";"Choque - Defensa, barreira ou "submarino"";1;0;0;0;0;0;0;0;0;0;1;0;0;0;0
"12/03/2023";"07:49:00";"95";"2 - Aciden";"11.844";"BR-116/SC";"Norte";"Colisão Transversal";0;0;0;0;0;0;0;0;0;2;6;0;1;0;0
"12/03/2023";"08:20:00";"98";"3 - Aciden";"98.5";"BR-116/SC";"Sul";"Saida de Pista";1;0;0;0;0;0;0;0;0;0;2;0;0;0;0
"13/03/2023";"02:48:00";"28";"1 - Aciden";"252.545";"BR-116/SC";"Sul";"Colisão Frontal";1;0;1;0;0;0;0;0;0;0;1;0;0;0;1
"13/03/2023";"07:56:00";"54";"2 - Aciden";"125.01";"BR-116/PR";"Sul";"Engavetamento";1;0;0;2;0;0;0;0;0;0;1;2;0;0;0
"13/03/2023";"11:44:00";"86";"3 - Aciden";"208.01";"BR-116/PR";"Sul";"Colisão Lateral";0;0;2;0;0;0;0;0;0;0;2;0;0;0;0
"13/03/2023";"01:16:00";"99";"3 - Aciden";"0.01";"BR-116/SC";"Sul";"Colisão Traseira";2;0;0;0;0;0;0;0;0;0;2;0;0;0;0
"13/03/2023";"06:53:00";"136";"3 - Aciden";"131.5";"BR-116/PR";"Sul";"Colisão Lateral";1;0;1;0;0;0;0;0;0;0;2;0;0;0;0
"13/03/2023";"11:19:00";"154";"2 - Aciden";"285.5";"BR-116/SC";"Norte";"Colisão Traseira";0;0;2;0;0;0;0;0;0;0;1;1;0;0;0
"14/03/2023";"08:08:00";"44";"2 - Aciden";"115.872";"BR-116/PR";"Norte";"Colisão Lateral";1;0;0;1;0;0;0;0;0;0;1;1;0;0;0
"14/03/2023";"10:46:00";"76";"3 - Aciden";"124.7";"BR-116/SC";"Sul";"Colisão Traseira";1;0;1;0;0;0;0;0;0;0;2;0;0;0;0
"14/03/2023";"01:34:00";"125";"2 - Aciden";"120.51";"BR-116/PR";"Sul";"Queda de Moto";0;0;0;1;0;0;0;0;0;0;0;1;0;0;0
"14/03/2023";"06:25:00";"152";"3 - Aciden";"60.1";"BR-116/SC";"Sul";"Colisão Transversal";2;0;0;0;0;0;0;0;0;0;2;0;0;0;0
"15/03/2023";"02:36:00";"112";"2 - Aciden";"123.2";"BR-116/PR";"Norte";"Colisão Traseira";0;0;0;2;0;0;0;0;0;0;0;2;0;0;0
"15/03/2023";"04:30:00";"128";"3 - Aciden";"146.016";"BR-116/SC";"Sul";"Tombamento";0;0;1;0;0;0;0;0;0;0;1;0;0;0;0
"15/03/2023";"06:10:00";"135";"3 - Aciden";"137.5";"BR-116/SC";"Norte";"Colisão Transversal";1;0;1;0;0;0;0;0;0;0;2;0;0;0;0
"16/03/2023";"09:35:00";"75";"3 - Aciden";"84.2";"BR-116/SC";"Sul";"Colisão Traseira";2;0;0;0;0;0;0;0;0;0;6;0;0;0;0
"16/03/2023";"12:55:00";"95";"2 - Aciden";"126.1";"BR-116/PR";"Sul";"Colisão Lateral";1;0;1;0;0;0;0;0;0;0;2;2;0;0;0
"16/03/2023";"03:57:00";"123";"3 - Aciden";"221.662";"BR-116/SC";"Norte";"Colisão Lateral";1;0;0;0;0;1;0;0;0;0;2;0;0;0;0
"17/03/2023";"01:30:00";"103";"2 - Aciden";"117.408";"BR-116/PR";"Norte";"Queda de Moto";0;0;0;1;0;0;0;0;0;0;0;1;1;0;0
"17/03/2023";"03:45:00";"124";"3 - Aciden";"115.2";"BR-116/PR";"Norte";"Engavetamento";3;0;0;0;0;0;0;0;0;0;3;0;0;0;0
"17/03/2023";"06:40:00";"144";"2 - Aciden";"49.363";"BR-116/SC";"Norte";"Capotamento";1;0;0;0;0;0;0;0;0;0;0;0;1;0;0
"18/03/2023";"12:00:00";"1";"2 - Aciden";"246.05";"BR-116/SC";"Norte";"Queda de Moto";0;0;0;1;0;0;0;0;0;0;1;0;0;1;0
"18/03/2023";"09:58:00";"58";"2 - Aciden";"203.2";"BR-116/SC";"Norte";"Tombamento";0;0;1;0;0;0;0;0;0;0;0;0;1;0;0