data;horario;n_da_ocorrencia;tipo_de_ocorrencia;km;trecho;sentido;tipo_de_acidente;automovel;bicicleta;caminhao;moto;onibus;outros;tracao_animal;transporte_de_cargas_especiais;trator_maquinas;utilitarios;ilesos;levemente_feridos;moderadamente_feridos;gravemente_feridos;mortos
"22/04/2023";"05:12:00";"61";"2 - Aciden";"117.185";"BR-116/PR";"Norte";"Capotamento";1;0;1;0;0;0;0;0;0;0;1;2;0;0;0
"23/04/2023";"02:33:00";"46";"3 - Aciden";"123.1";"BR-116/PR";"Norte";"Colisão Traseira";2;0;0;0;0;0;0;0;0;0;2;0;0;0;0
"24/04/2023";"06:32:00";"14";"2 - Aciden";"115.958";"BR-116/PR";"Norte";"Colisão Traseira";1;0;0;1;0;0;0;0;0;0;1;1;0;0;0
"24/04/2023";"08:44:00";"46";"3 - Aciden";"152.05";"BR-116/PR";"Sul";"Colisão Traseira";1;0;0;1;0;0;0;0;0;0;2;0;0;0;0
"24/04/2023";"10:56:00";"71";"2 - Aciden";"188.8";"BR-116/PR";"Sul";"Outros";1;0;0;0;0;0;0;0;0;0;0;1;0;0;0
"24/04/2023";"11:31:00";"75";"3 - Aciden";"152.4";"BR-116/PR";"Norte";"Colisão Transversal";1;0;1;0;0;0;0;0;0;0;2;0;0;0;0
"24/04/2023";"06:48:00";"136";"2 - Aciden";"4.1";"BR-116/SC";"Sul";"Colisão Lateral";1;0;1;0;0;0;0;0;0;0;1;1;0;0;0
"25/04/2023";"05:39:00";"12";"3 - Aciden";"125.8";"BR-116/PR";"Norte";"Engavetamento";3;0;0;0;0;0;0;0;0;0;3;0;0;0;0
"25/04/2023";"02:10:00";"96";"3 - Aciden";"124.281";"BR-116/PR";"Norte";"Colisão Traseira";1;0;0;1;0;0;0;0;0;0;2;0;0;0;0
"25/04/2023";"05:43:00";"123";"2 - Aciden";"246.167";"BR-116/SC";"Sul";"Colisão Transversal";1;0;0;1;0;0;0;0;0;0;1;0;2;0;0
"25/04/2023";"06:06:00";"125";"2 - Aciden";"115.15";"BR-116/PR";"Sul";"Colisão Traseira";0;0;0;1;0;1;0;0;0;0;1;1;0;0;0
"26/04/2023";"07:42:00";"36";"3 - Aciden";"179.1";"BR-116/SC";"Sul";"Colisão Transversal";2;0;0;0;0;0;0;0;0;0;2;0;0;0;0
"26/04/2023";"10:42:00";"76";"3 - Aciden";"122.5";"BR-116/PR";"Sul";"Colisão Traseira";0;0;2;0;0;0;0;0;0;0;2;0;0;0;0
"26/04/2023";"02:19:00";"92";"3 - Aciden";"141.125";"BR-116/PR";"Norte";"Tombamento";0;0;1;0;0;0;0;0;0;0;1;0;0;0;0
"26/04/2023";"06:17:00";"116";"2 - Aciden";"209.982";"BR-116/SC";"Sul";"Colisão Transversal";2;0;0;0;0;0;0;0;0;0;1;1;0;0;0
"27/04/2023";"12:40:00";"11";"3 - Aciden";"49.6";"BR-116/SC";"Sul";"Colisão Traseira";0;0;2;0;0;0;0;0;0;0;2;0;0;0;0
"27/04/2023";"07:11:00";"26";"2 - Aciden";"126.8";"BR-116/PR";"Norte";"Colisão Lateral";1;0;0;1;0;0;0;0;0;0;1;1;0;0;0
"27/04/2023";"09:33:00";"52";"3 - Aciden";"115.1";"BR-116/SC";"Norte";"Engavetamento";4;0;0;0;0;0;0;0;0;0;4;0;0;0;0
"27/04/2023";"02:42:00";"99";"2 - Aciden";"155.8";"BR-116/PR";"Norte";"Queda de Moto";0;0;0;1;0;0;0;0;0;0;0;1;0;0;0
"27/04/2023";"04:21:00";"109";"1 - Aciden";"62.618";"BR-116/SC";"Norte";"Colisão Lateral";0;0;1;1;0;0;0;0;0;0;1;0;0;0;1
"27/04/2023";"06:16:00";"117";"2 - Aciden";"122.075";"BR-116/PR";"Sul";"Colisão Lateral";1;0;0;1;0;0;0;0;0;0;1;0;1;0;0
"27/04/2023";"07:12:00";"123";"2 - Aciden";"141.1";"BR-116/SC";"Sul";"Colisão Transversal";2;0;0;0;0;0;0;0;0;0;1;0;1;0;0
"27/04/2023";"10:04:00";"134";"2 - Aciden";"196.494";"BR-116/PR";"Sul";"Queda de Moto";0;0;0;1;0;0;0;0;0;0;0;1;0;0;0
"28/04/2023";"09:45:00";"60";"3 - Aciden";"132.1";"BR-116/PR";"Sul";"Queda de Moto";0;0;0;1;0;0;0;0;0;0;1;0;0;0;0
"28/04/2023";"10:48:00";"66";"3 - Aciden";"195.5";"BR-116/PR";"Sul";"Saida de Pista";1;0;0;0;0;0;0;0;0;0;1;0;0;0;0
"28/04/2023";"11:25:00";"70";"2 - Aciden";"126.3";"BR-116/PR";"Sul";"Colisão Traseira";0;0;2;0;0;0;0;0;0;0;1;1;0;0;0
"28/04/2023";"11:49:00";"75";"2 - Aciden";"141.5";"BR-116/SC";"Sul";"Colisão Transversal";2;0;0;0;0;0;0;0;0;0;2;1;0;0;0
"28/04/2023";"01:44:00";"82";"3 - Aciden";"58.011";"BR-116/SC";"Sul";"Colisão Transversal";2;0;0;0;0;0;0;0;0;0;4;0;0;0;0
"28/04/2023";"05:54:00";"105";"3 - Aciden";"116.1";"BR-116/PR";"Sul";"Engavetamento";4;0;0;0;0;0;0;0;0;0;5;0;0;0;0
"29/04/2023";"05:12:00";"17";"2 - Aciden";"126.2";"BR-116/PR";"Sul";"Colisão Transversal";0;0;2;0;0;0;0;0;0;0;1;1;0;0;0
"29/04/2023";"05:28:00";"18";"3 - Aciden";"124.15";"BR-116/SC";"Sul";"Colisão Transversal";1;0;1;0;0;0;0;0;0;0;3;0;0;0;0
"29/04/2023";"08:39:00";"32";"3 - Aciden";"78.1";"BR-116/SC";"Sul";"Colisão Traseira";0;0;2;0;0;0;0;0;0;0;3;0;0;0;0
"29/04/2023";"12:29:00";"56";"3 - Aciden";"141.6";"BR-116/PR";"Sul";"Colisão Lateral";2;0;0;0;0;0;0;0;0;0;2;0;0;0;0
"29/04/2023";"08:33:00";"95";"2 - Aciden";"208.2";"BR-116/SC";"Sul";"Colisão Transversal";2;0;0;0;0;0;0;0;0;0;1;2;0;0;0
"30/04/2023";"12:16:00";"39";"3 - Aciden";"94.2";"BR-116/SC";"Norte";"Colisão Traseira";1;0;1;0;0;0;0;0;0;0;3;0;0;0;0
"30/04/2023";"12:45:00";"41";"3 - Aciden";"297.35";"BR-116/SC";"Sul";"Colisão Lateral";1;0;0;0;0;1;0;0;0;0;2;0;0;0;0
"30/04/2023";"07:06:00";"53";"3 - Aciden";"118.3";"BR-116/PR";"Norte";"Colisão Traseira";1;0;1;0;0;0;0;0;0;0;3;0;0;0;0
"01/05/2023";"08:15:00";"19";"3 - Aciden";"180.201";"BR-116/SC";"Norte";"Colisão Transversal";1;0;0;1;0;0;0;0;0;0;2;0;0;0;0
"01/05/2023";"07:49:00";"77";"3 - Aciden";"125.1";"BR-116/PR";"Sul";"Colisão Traseira";2;0;0;0;0;0;0;0;0;0;2;0;0;0;0
"01/05/2023";"11:56:00";"89";"2 - Aciden";"115.3";"BR-116/PR";"Sul";"Queda de Moto";0;0;0;1;0;0;0;0;0;0;0;2;0;0;0
"02/05/2023";"03:49:00";"92";"3 - Aciden";"126.1";"BR-116/PR";"Sul";"Colisão Transversal";1;0;1;0;0;0;0;0;0;0;2;0;0;0;0
"02/05/2023";"04:21:00";"96";"2 - Aciden";"225.2";"BR-116/SC";"Sul";"Saida de Pista";0;0;0;0;0;0;0;0;0;1;0;1;0;0;0
"02/05/2023";"06:55:00";"106";"2 - Aciden";"173.7";"BR-116/PR";"Sul";"Colisão Traseira";1;0;1;0;0;0;0;0;1;0;0;2;1;1;0
"03/05/2023";"06:38:00";"11";"2 - Aciden";"126.35";"BR-116/PR";"Norte";"Colisão Traseira";1;0;0;1;0;0;0;0;0;0;1;2;0;0;0
"03/05/2023";"07:39:00";"16";"3 - Aciden";"132.01";"BR-116/PR";"Sul";"Queda de Moto";0;0;0;1;0;0;0;0;0;0;1;0;0;0;0
"03/05/2023";"11:45:00";"84";"2 - Aciden";"64.286";"BR-116/SC";"Norte";"Colisão Transversal";1;0;1;0;0;0;0;0;0;0;1;1;0;0;0
"03/05/2023";"05:58:00";"119";"2 - Aciden";"131.2";"BR-116/PR";"Norte";"Colisão Lateral";1;0;0;1;0;0;0;0;0;0;1;1;0;0;0
"03/05/2023";"06:45:00";"124";"1 - Aciden";"254.5";"BR-116/SC";"Sul";"Colisão Transversal";1;0;1;0;0;0;0;0;0;0;1;0;0;1;1
"04/05/2023";"08:40:00";"63";"3 - Aciden";"109";"BR-116/SC";"Sul";"Colisão Traseira";0;0;2;0;0;1;0;0;0;0;3;0;0;0;0
"04/05/2023";"02:47:00";"113";"3 - Aciden";"115.2";"BR-116/PR";"Norte";"Colisão Lateral";1;0;1;0;0;0;0;0;0;0;2;0;0;0;0
"04/05/2023";"06:32:00";"136";"3 - Aciden";"59.8";"BR-116/SC";"Norte";"Colisão Transversal";1;0;1;0;0;0;0;0;0;0;5;0;0;0;0
"04/05/2023";"08:10:00";"145";"3 - Aciden";"126.194";"BR-116/PR";"Norte";"Colisão Transversal";2;0;0;0;0;0;0;0;0;0;2;0;0;0;0
"04/05/2023";"09:52:00";"150";"3 - Aciden";"236.8";"BR-116/SC";"Norte";"Choque - Talude";1;0;0;0;0;0;0;0;0;0;1;0;0;0;0
"05/05/2023";"10:21:00";"82";"3 - Aciden";"127.7";"BR-116/SC";"Sul";"Colisão Traseira";0;0;2;0;0;0;0;0;0;0;2;0;0;0;0
"05/05/2023";"11:30:00";"88";"3 - Aciden";"90.5";"BR-116/SC";"Sul";"Capotamento";1;0;0;0;0;0;0;0;0;0;2;0;0;0;0
"05/05/2023";"04:06:00";"119";"3 - Aciden";"4.147";"BR-116/SC";"Sul";"Colisão Lateral";1;0;1;0;0;0;0;0;0;0;2;0;0;0;0
"05/05/2023";"06:52:00";"132";"2 - Aciden";"118.1";"BR-116/PR";"Sul";"Colisão Traseira";1;0;0;1;0;0;0;0;0;0;1;1;0;0;0
"05/05/2023";"07:05:00";"133";"3 - Aciden";"128.1";"BR-116/PR";"Norte";"Colisão Traseira";1;0;0;1;0;0;0;0;0;0;2;0;0;0;0
"05/05/2023";"07:47:00";"138";"3 - Aciden";"116.14";"BR-116/PR";"Sul";"Colisão Traseira";0;0;1;1;0;0;0;0;0;0;2;0;0;0;0
"05/05/2023";"10:17:00";"146";"3 - Aciden";"163.448";"BR-116/PR";"Norte";"Colisão Transversal";2;0;0;0;0;0;0;0;0;0;2;0;0;0;0
"06/05/2023";"12:21:00";"77";"3 - Aciden";"37.01";"BR-116/SC";"Norte";"Choque - Suporte de Sinalização";0;0;1;0;0;0;0;0;0;0;1;0;0;0;0
"06/05/2023";"02:49:00";"97";"3 - Aciden";"133.12";"BR-116/PR";"Sul";"Queda de Moto";0;0;0;1;0;0;0;0;0;0;1;0;0;0;0
"06/05/2023";"05:41:00";"116";"3 - Aciden";"3.6";"BR-116/SC";"Sul";"Colisão Lateral";2;0;0;0;0;0;0;0;0;0;2;0;0;0;0
"06/05/2023";"09:30:00";"136";"2 - Aciden";"122.338";"BR-116/PR";"Sul";"Queda de Moto";0;0;0;1;0;0;0;0;0;0;0;1;1;0;0
"07/05/2023";"01:34:00";"9";"3 - Aciden";"183.18";"BR-116/PR";"Sul";"Choque - Elemento de Drenagem";1;0;0;0;0;0;0;0;0;0;1;0;0;0;0
"07/05/2023";"06:07:00";"20";"2 - Aciden";"118.96";"BR-116/SC";"Sul";"Colisão Traseira";0;0;2;0;0;0;0;0;0;0;1;1;0;0;0
"07/05/2023";"07:26:00";"85";"3 - Aciden";"125.563";"BR-116/PR";"Sul";"Engavetamento";3;0;0;0;0;0;0;0;0;0;3;0;0;0;0
"07/05/2023";"11:31:00";"96";"3 - Aciden";"117.5";"BR-116/PR";"Sul";"Capotamento";1;0;0;0;0;0;0;0;0;0;1;0;0;0;0
"08/05/2023";"03:46:00";"10";"2 - Aciden";"66.5";"BR-116/SC";"Sul";"Capotamento";1;0;0;0;0;0;0;0;0;0;0;0;1;0;0
"08/05/2023";"04:54:00";"11";"3 - Aciden";"170.4";"BR-116/SC";"Sul";"Choque - Defensa, barreira ou "submarino"";1;0;0;0;0;0;0;0;0;0;1;0;0;0;0
"08/05/2023";"06:53:00";"16";"3 - Aciden";"66.1";"BR-116/SC";"Norte";"Colisão Traseira";2;0;0;0;0;0;0;0;0;0;2;0;0;0;0
"08/05/2023";"07:58:00";"42";"2 - Aciden";"209.01";"BR-116/PR";"Sul";"Colisão Lateral";1;0;0;1;0;0;0;0;0;0;1;1;0;0;0
"09/05/2023";"07:06:00";"18";"2 - Aciden";"116.417";"BR-116/PR";"Norte";"Colisão Traseira";1;0;0;1;0;0;0;0;0;0;1;0;0;1;0
"09/05/2023";"07:23:00";"20";"2 - Aciden";"118.741";"BR-116/PR";"Norte";"Colisão Lateral";1;0;0;1;0;0;0;0;0;0;1;2;0;0;0
"09/05/2023";"08:00:00";"29";"3 - Aciden";"172.662";"BR-116/PR";"Sul";"Colisão Lateral";0;0;2;0;0;0;0;0;0;0;2;0;0;0;0
"09/05/2023";"11:36:00";"79";"2 - Aciden";"116.935";"BR-116/PR";"Norte";"Colisão Lateral";1;0;0;1;0;0;0;0;0;0;1;1;0;0;0
"09/05/2023";"02:56:00";"102";"2 - Aciden";"6.9";"BR-116/SC";"Norte";"Atropelamento - Morador";1;0;0;0;0;0;0;0;0;0;2;0;0;1;0
"09/05/2023";"06:43:00";"130";"3 - Aciden";"245.6";"BR-116/SC";"Norte";"Colisão Lateral";1;0;1;0;0;0;0;0;0;0;3;0;0;0;0
"09/05/2023";"09:06:00";"137";"2 - Aciden";"233.743";"BR-116/SC";"Norte";"Colisão Lateral";1;0;1;0;0;0;0;0;0;0;1;3;0;0;0
"10/05/2023";"09:22:00";"77";"2 - Aciden";"118.959";"BR-116/PR";"Sul";"Queda de Moto";0;0;0;1;0;0;0;0;0;0;0;1;0;0;0
"10/05/2023";"10:57:00";"88";"3 - Aciden";"120.415";"BR-116/PR";"Sul";"Saida de Pista";1;0;0;0;0;0;0;0;0;0;3;0;0;0;0
"10/05/2023";"11:35:00";"90";"3 - Aciden";"120.415";"BR-116/PR";"Sul";"Colisão Traseira";1;0;0;0;0;1;0;0;0;0;2;0;0;0;0
"10/05/2023";"10:30:00";"146";"3 - Aciden";"119.1";"BR-116/PR";"Sul";"Colisão Traseira";1;0;1;0;0;0;0;0;0;0;2;0;0;0;0
"11/05/2023";"04:56:00";"121";"3 - Aciden";"123.5";"BR-116/PR";"Sul";"Colisão Lateral";1;0;0;0;0;0;0;0;0;1;3;0;0;0;0
"11/05/2023";"06:33:00";"128";"2 - Aciden";"135.613";"BR-116/PR";"Norte";"Colisão Frontal";1;0;0;1;0;0;0;0;0;0;1;0;1;0;0
"12/05/2023";"07:34:00";"42";"2 - Aciden";"179.01";"BR-116/PR";"Sul";"Tombamento";0;0;1;0;0;0;0;0;0;0;0;1;0;0;0
"12/05/2023";"05:24:00";"126";"2 - Aciden";"121.982";"BR-116/PR";"Sul";"Colisão Traseira";1;0;0;1;0;0;0;0;0;0;1;1;0;0;0
"13/05/2023";"08:45:00";"47";"2 - Aciden";"15.3";"BR-116/SC";"Norte";"Colisão Lateral";1;0;1;0;0;0;0;0;0;0;2;1;0;0;0
"13/05/2023";"10:20:00";"59";"3 - Aciden";"21.5";"BR-116/SC";"Norte";"Engavetamento";0;0;3;0;0;0;0;0;0;0;3;0;0;0;0
"13/05/2023";"10:59:00";"61";"3 - Aciden";"124.01";"BR-116/PR";"Norte";"Colisão Traseira";2;0;0;0;0;0;0;0;0;0;2;0;0;0;0
"13/05/2023";"12:27:00";"69";"2 - Aciden";"124.5";"BR-116/PR";"Norte";"Colisão Lateral";1;0;0;1;0;0;0;0;0;0;1;1;0;0;0
"13/05/2023";"01:30:00";"75";"3 - Aciden";"152.01";"BR-116/PR";"Sul";"Colisão Transversal";2;0;0;0;0;0;0;0;0;0;2;0;0;0;0
"13/05/2023";"05:09:00";"97";"3 - Aciden";"104.832";"BR-116/SC";"Sul";"Saida de Pista";1;0;0;0;0;0;0;0;0;0;1;0;0;0;0
"13/05/2023";"06:08:00";"99";"2 - Aciden";"2.2";"BR-116/SC";"Sul";"Colisão Lateral";2;0;0;0;0;0;0;0;0;0;1;1;0;0;0
"13/05/2023";"06:39:00";"103";"1 - Aciden";"243.829";"BR-116/SC";"Sul";"Atropelamento - Andarilho";0;0;1;0;0;0;0;0;0;0;1;0;0;0;1
"13/05/2023";"07:18:00";"106";"3 - Aciden";"93.1";"BR-116/SC";"Sul";"Saida de Pista";1;0;0;0;0;0;0;0;0;0;1;0;0;0;0
"14/05/2023";"06:36:00";"18";"3 - Aciden";"168.5";"BR-116/SC";"Sul";"Choque - Defensa, barreira ou "submarino"";1;0;0;0;0;0;0;0;0;0;1;0;0;0;0
"14/05/2023";"07:06:00";"23";"3 - Aciden";"145.01";"BR-116/SC";"Sul";"Colisão Transversal";1;0;1;0;0;0;0;0;0;0;2;0;0;0;0
"14/05/2023";"10:32:00";"51";"3 - Aciden";"99.2";"BR-116/SC";"Sul";"Colisão Transversal";2;0;0;0;0;0;0;0;0;0;2;0;0;0;0
"14/05/2023";"11:58:00";"57";"3 - Aciden";"120.832";"BR-116/PR";"Norte";"Engavetamento";3;0;0;0;0;0;0;0;0;0;3;0;0;0;0
"14/05/2023";"12:08:00";"58";"3 - Aciden";"124.01";"BR-116/PR";"Norte";"Engavetamento";4;0;0;0;0;1;0;0;0;0;5;0;0;0;0
"14/05/2023";"12:36:00";"60";"2 - Aciden";"121.01";"BR-116/PR";"Norte";"Colisão Lateral";2;0;0;1;0;0;0;0;0;0;2;1;0;0;0
"14/05/2023";"12:55:00";"61";"3 - Aciden";"119.103";"BR-116/PR";"Sul";"Engavetamento";4;0;0;0;0;0;0;0;0;0;4;0;0;0;0
"14/05/2023";"06:06:00";"86";"1 - Aciden";"67.885";"BR-116/SC";"Norte";"Colisão Frontal";3;0;0;0;0;0;0;0;0;0;1;0;0;3;1
"14/05/2023";"06:29:00";"87";"3 - Aciden";"158.1";"BR-116/PR";"Sul";"Colisão Traseira";2;0;0;0;0;0;0;0;0;0;2;0;0;0;0
"14/05/2023";"06:58:00";"90";"3 - Aciden";"141.1";"BR-116/PR";"Norte";"Colisão Lateral";2;0;0;0;0;0;0;0;0;0;2;0;0;0;0
"14/05/2023";"08:28:00";"95";"3 - Aciden";"157.5";"BR-116/PR";"Sul";"Saida de Pista";1;0;0;0;0;0;0;0;0;0;1;0;0;0;0
"15/05/2023";"07:44:00";"34";"3 - Aciden";"197.731";"BR-116/PR";"Sul";"Colisão Traseira";2;0;0;0;0;0;0;0;0;0;2;0;0;0;0
"15/05/2023";"05:54:00";"99";"3 - Aciden";"210.5";"BR-116/PR";"Norte";"Colisão Transversal";0;0;0;1;0;0;0;0;0;0;1;0;0;0;0
"16/05/2023";"03:43:00";"104";"3 - Aciden";"126.1";"BR-116/PR";"Norte";"Colisão Lateral";1;0;1;0;0;0;0;0;0;0;4;0;0;0;0
"16/05/2023";"06:58:00";"119";"3 - Aciden";"32.5";"BR-116/SC";"Norte";"Colisão Lateral";0;0;2;0;0;0;0;0;0;0;2;0;0;0;0
"16/05/2023";"07:32:00";"125";"3 - Aciden";"122.1";"BR-116/PR";"Norte";"Engavetamento";3;0;0;0;0;0;0;0;0;0;3;0;0;0;0
"16/05/2023";"08:48:00";"133";"3 - Aciden";"122.1";"BR-116/PR";"Norte";"Colisão Lateral";1;0;1;0;0;0;0;0;0;0;2;0;0;0;0
"17/05/2023";"06:11:00";"124";"2 - Aciden";"152.5";"BR-116/PR";"Norte";"Colisão Lateral";0;0;0;1;0;0;0;0;0;1;1;0;1;0;0
"18/05/2023";"01:47:00";"100";"2 - Aciden";"126.112";"BR-116/PR";"Norte";"Colisão Transversal";1;0;0;1;0;0;0;0;0;0;1;1;0;0;0
"18/05/2023";"03:19:00";"111";"2 - Aciden";"128.1";"BR-116/PR";"Norte";"Colisão Lateral";1;0;0;1;0;0;0;0;0;0;1;0;1;0;0
"19/05/2023";"06:55:00";"16";"3 - Aciden";"155.8";"BR-116/PR";"Norte";"Saida de Pista";1;0;0;0;0;0;0;0;0;0;1;0;0;0;0
"19/05/2023";"04:28:00";"124";"3 - Aciden";"134.4";"BR-116/PR";"Norte";"Colisão Traseira";2;0;0;0;0;0;0;0;0;0;2;0;0;0;0
"19/05/2023";"06:32:00";"140";"3 - Aciden";"183.351";"BR-116/PR";"Sul";"Colisão Traseira";1;0;0;0;0;1;0;0;0;0;2;0;0;0;0
"19/05/2023";"06:45:00";"144";"3 - Aciden";"117.054";"BR-116/PR";"Sul";"Colisão Traseira";1;0;0;0;0;1;0;0;0;0;2;0;0;0;0
"19/05/2023";"10:39:00";"156";"3 - Aciden";"214.9";"BR-116/SC";"Norte";"Tombamento";0;0;1;0;0;0;0;0;0;0;1;0;0;0;0
"19/05/2023";"11:49:00";"157";"2 - Aciden";"116.1";"BR-116/PR";"Sul";"Queda de Moto";0;0;0;1;0;0;0;0;0;0;0;0;1;0;0
"20/05/2023";"12:43:00";"8";"3 - Aciden";"107.7";"BR-116/SC";"Norte";"Saida de Pista";1;0;0;0;0;0;0;0;0;0;1;0;0;0;0
"20/05/2023";"11:08:00";"55";"2 - Aciden";"246.01";"BR-116/SC";"Sul";"Colisão Transversal";2;0;0;0;0;0;0;0;0;0;1;3;0;0;0
"20/05/2023";"11:21:00";"57";"3 - Aciden";"119.112";"BR-116/PR";"Sul";"Colisão Lateral";1;0;1;0;0;0;0;0;0;0;3;0;0;0;0
"20/05/2023";"12:35:00";"59";"2 - Aciden";"119.208";"BR-116/PR";"Norte";"Engavetamento";4;0;0;0;0;0;0;0;0;0;4;2;0;0;0
"20/05/2023";"01:02:00";"61";"3 - Aciden";"120.01";"BR-116/PR";"Norte";"Engavetamento";3;0;0;0;0;0;0;0;0;0;3;0;0;0;0
"22/05/2023";"07:44:00";"31";"2 - Aciden";"210.01";"BR-116/PR";"Sul";"Colisão Transversal";1;0;0;1;0;0;0;0;0;0;1;0;1;0;0
"22/05/2023";"09:14:00";"54";"3 - Aciden";"142.01";"BR-116/PR";"Sul";"Colisão Lateral";2;0;0;0;0;0;0;0;0;0;2;0;0;0;0
"22/05/2023";"09:49:00";"57";"3 - Aciden";"15.1";"BR-116/SC";"Norte";"Colisão Lateral";1;0;1;0;0;0;0;0;0;0;2;0;0;0;0
"22/05/2023";"07:05:00";"122";"2 - Aciden";"218.1";"BR-116/SC";"Norte";"Colisão Lateral";2;0;0;0;0;0;0;0;0;0;1;1;0;0;0
"22/05/2023";"08:24:00";"129";"2 - Aciden";"220.1";"BR-116/SC";"Sul";"Colisão Transversal";1;0;0;1;0;0;0;0;0;0;1;1;0;0;0
"22/05/2023";"09:42:00";"132";"3 - Aciden";"125.994";"BR-116/PR";"Norte";"Engavetamento";3;0;0;0;0;0;0;0;0;0;3;0;0;0;0
"23/05/2023";"06:21:00";"8";"3 - Aciden";"120.01";"BR-116/PR";"Norte";"Colisão Traseira";2;0;0;0;0;0;0;0;0;0;2;0;0;0;0
"23/05/2023";"07:31:00";"24";"2 - Aciden";"116.01";"BR-116/PR";"Norte";"Engavetamento";1;0;1;2;0;0;0;0;0;0;2;0;1;1;0
"23/05/2023";"08:39:00";"48";"3 - Aciden";"123.01";"BR-116/PR";"Norte";"Engavetamento";1;0;0;0;0;2;0;0;0;0;3;0;0;0;0
"23/05/2023";"09:00:00";"50";"3 - Aciden";"125.01";"BR-116/PR";"Norte";"Colisão Lateral";1;0;1;0;0;0;0;0;0;0;2;0;0;0;0
"23/05/2023";"06:46:00";"101";"3 - Aciden";"184.1";"BR-116/SC";"Norte";"Colisão Lateral";1;0;1;0;0;0;0;0;0;0;2;0;0;0;0
"23/05/2023";"10:41:00";"112";"3 - Aciden";"173.1";"BR-116/SC";"Sul";"Colisão Lateral";1;0;1;0;0;0;0;0;0;0;2;0;0;0;0
"23/05/2023";"10:58:00";"113";"3 - Aciden";"13.05";"BR-116/SC";"Sul";"Atropelamento de Animal";0;0;2;0;0;0;0;0;0;0;2;0;0;0;0
"23/05/2023";"11:38:00";"116";"3 - Aciden";"126.1";"BR-116/PR";"Norte";"Colisão Transversal";1;0;0;1;0;0;0;0;0;0;2;0;0;0;0
"24/05/2023";"06:09:00";"119";"2 - Aciden";"211.5";"BR-116/PR";"Sul";"Colisão Transversal";1;0;0;1;0;0;0;0;0;0;1;1;0;0;0
"25/05/2023";"07:32:00";"25";"3 - Aciden";"217.286";"BR-116/SC";"Norte";"Choque - Defensa, barreira ou "submarino"";1;0;0;0;0;0;0;0;0;0;1;0;0;0;0
"25/05/2023";"12:26:00";"90";"2 - Aciden";"127.5";"BR-116/PR";"Norte";"Colisão Lateral";0;0;1;1;0;0;0;0;0;0;1;0;1;0;0
"25/05/2023";"12:27:00";"91";"3 - Aciden";"245.45";"BR-116/SC";"Norte";"Colisão Transversal";2;0;0;0;0;0;0;0;0;0;2;0;0;0;0
"25/05/2023";"01:04:00";"93";"3 - Aciden";"107.7";"BR-116/SC";"Sul";"Queda de Moto";0;0;0;1;0;0;0;0;0;0;1;0;0;0;0
"25/05/2023";"02:45:00";"107";"3 - Aciden";"305.34";"BR-116/SC";"Norte";"Tombamento";0;0;1;0;0;0;0;0;0;0;1;0;0;0;0
"26/05/2023";"01:01:00";"8";"2 - Aciden";"118.8";"BR-116/PR";"Sul";"Colisão Lateral";0;0;0;3;0;0;0;0;0;0;1;2;0;0;0
"26/05/2023";"01:54:00";"11";"3 - Aciden";"145.02";"BR-116/PR";"Sul";"Colisão Lateral";1;0;1;0;0;0;0;0;0;0;2;0;0;0;0
"26/05/2023";"07:58:00";"50";"3 - Aciden";"122.25";"BR-116/PR";"Norte";"Colisão Traseira";1;0;0;0;0;1;0;0;0;0;2;0;0;0;0
"26/05/2023";"08:43:00";"128";"2 - Aciden";"122.075";"BR-116/PR";"Norte";"Capotamento";1;0;1;0;0;0;0;0;0;0;1;1;0;0;0
"27/05/2023";"08:05:00";"36";"3 - Aciden";"142.7";"BR-116/SC";"Norte";"Choque - Defensa, barreira ou "submarino"";1;0;0;0;0;0;0;0;0;0;4;0;0;0;0
"27/05/2023";"01:59:00";"65";"3 - Aciden";"126.188";"BR-116/PR";"Sul";"Colisão Lateral";1;0;1;0;0;0;0;0;0;0;2;0;0;0;0
"27/05/2023";"04:58:00";"85";"2 - Aciden";"120.3";"BR-116/PR";"Sul";"Queda de Moto";0;0;0;1;0;0;0;0;0;0;0;1;0;0;0
"27/05/2023";"05:06:00";"88";"2 - Aciden";"210.7";"BR-116/SC";"Norte";"Capotamento";1;0;0;0;0;0;0;0;0;0;0;3;0;0;0
"27/05/2023";"05:50:00";"93";"1 - Aciden";"61.8";"BR-116/SC";"Norte";"Colisão Frontal";0;0;1;1;0;0;0;0;0;0;0;1;0;0;1
"27/05/2023";"06:10:00";"98";"3 - Aciden";"3.8";"BR-116/SC";"Norte";"Colisão Traseira";2;0;0;0;0;0;0;0;0;0;2;0;0;0;0
"27/05/2023";"06:55:00";"97";"2 - Aciden";"58.1";"BR-116/SC";"Sul";"Colisão Frontal";1;0;0;0;0;1;0;0;0;0;1;1;0;0;0
"27/05/2023";"09:32:00";"105";"3 - Aciden";"115.03";"BR-116/SC";"Norte";"Choque - Defensa, barreira ou "submarino"";1;0;0;0;0;0;0;0;0;0;1;0;0;0;0
"27/05/2023";"10:53:00";"110";"3 - Aciden";"129.039";"BR-116/PR";"Norte";"Colisão Traseira";2;0;0;0;0;0;0;0;0;0;2;0;0;0;0
"28/05/2023";"01:15:00";"46";"3 - Aciden";"197.383";"BR-116/PR";"Norte";"Colisão Transversal";1;0;1;0;0;0;0;0;0;0;2;0;0;0;0
"28/05/2023";"01:57:00";"51";"3 - Aciden";"152.428";"BR-116/PR";"Sul";"Colisão Traseira";1;0;0;1;0;0;0;0;0;0;2;0;0;0;0
"28/05/2023";"06:13:00";"68";"2 - Aciden";"48.01";"BR-116/SC";"Sul";"Colisão Traseira";1;0;1;0;0;0;0;0;0;0;1;0;0;1;0
"28/05/2023";"06:13:00";"69";"3 - Aciden";"10.401";"BR-116/SC";"Sul";"Colisão Frontal";2;0;0;0;0;0;0;0;0;0;4;0;0;0;0
"28/05/2023";"11:07:00";"79";"2 - Aciden";"206.1";"BR-116/PR";"Sul";"Choque - Talude";0;0;0;0;0;0;0;0;0;1;0;2;0;0;0
"29/05/2023";"07:08:00";"17";"3 - Aciden";"10.01";"BR-116/SC";"Sul";"Colisão Traseira";1;0;1;0;0;0;0;0;0;0;2;0;0;0;0