data;horario;n_da_ocorrencia;tipo_de_ocorrencia;km;trecho;sentido;tipo_de_acidente;automovel;bicicleta;caminhao;moto;onibus;outros;tracao_animal;transporte_de_cargas_especiais;trator_maquinas;utilitarios;ilesos;levemente_feridos;moderadamente_feridos;gravemente_feridos;mortos
"07/07/2023";"07:19:00";"126";"3 - Aciden";"140";"BR-116/SC";"Sul";"Colisão Lateral";2;0;0;0;0;0;0;0;0;0;4;0;0;0;0
"07/07/2023";"07:52:00";"130";"2 - Aciden";"174.1";"BR-116/PR";"Norte";"Colisão Frontal";4;0;0;0;0;0;0;0;0;0;5;1;0;0;0
"07/07/2023";"08:08:00";"133";"3 - Aciden";"125.1";"BR-116/PR";"Sul";"Colisão Lateral";1;0;0;1;0;0;0;0;0;0;2;0;0;0;0
"07/07/2023";"10:53:00";"140";"2 - Aciden";"137.68";"BR-116/SC";"Sul";"Choque - Defensa, barreira ou "submarino"";1;0;0;0;0;0;0;0;0;0;0;0;1;0;0
"07/07/2023";"11:24:00";"143";"3 - Aciden";"138.05";"BR-116/SC";"Norte";"Colisão Traseira";0;0;2;0;0;0;0;0;0;0;2;0;0;0;0
"08/07/2023";"01:28:00";"54";"3 - Aciden";"132.13";"BR-116/PR";"Sul";"Colisão Lateral";1;0;1;0;0;0;0;0;0;0;2;0;0;0;0
"08/07/2023";"07:23:00";"83";"3 - Aciden";"152.7";"BR-116/PR";"Norte";"Colisão Lateral";1;0;1;0;0;0;0;0;0;0;2;0;0;0;0
"09/07/2023";"03:09:00";"19";"2 - Aciden";"27.5";"BR-116/SC";"Norte";"Capotamento";1;0;0;0;0;0;0;0;0;0;2;1;0;0;0
"09/07/2023";"06:06:00";"25";"2 - Aciden";"156.1";"BR-116/PR";"Sul";"Capotamento";1;0;0;0;0;0;0;0;0;0;0;1;0;0;0
"09/07/2023";"05:26:00";"69";"3 - Aciden";"82.01";"BR-116/SC";"Sul";"Colisão Frontal";2;0;0;0;0;0;0;0;0;0;2;0;0;0;0
"09/07/2023";"06:50:00";"73";"1 - Aciden";"216.4";"BR-116/SC";"Norte";"Colisão Frontal";3;0;0;3;0;0;0;0;0;0;1;1;3;2;1
"10/07/2023";"04:54:00";"14";"3 - Aciden";"122.484";"BR-116/PR";"Norte";"Engavetamento";2;0;1;0;0;0;0;0;0;0;4;0;0;0;0
"10/07/2023";"07:48:00";"90";"2 - Aciden";"247.5";"BR-116/SC";"Sul";"Colisão Transversal";1;0;1;0;0;0;0;0;0;0;2;1;0;0;0
"11/07/2023";"09:32:00";"42";"3 - Aciden";"31.9";"BR-116/SC";"Sul";"Colisão Traseira";0;0;2;0;0;0;0;0;0;0;2;0;0;0;0
"11/07/2023";"03:35:00";"81";"3 - Aciden";"132.01";"BR-116/PR";"Norte";"Colisão Traseira";2;0;0;0;0;0;0;0;0;0;2;0;0;0;0
"11/07/2023";"05:09:00";"89";"2 - Aciden";"86.01";"BR-116/SC";"Sul";"Colisão Transversal";1;0;0;1;0;0;0;0;0;0;1;0;0;1;0
"11/07/2023";"09:24:00";"104";"2 - Aciden";"234.5";"BR-116/SC";"Norte";"Tombamento";0;0;1;0;0;0;0;0;0;0;0;1;0;0;0
"12/07/2023";"12:18:00";"14";"2 - Aciden";"164.1";"BR-116/PR";"Norte";"Colisão Lateral";0;0;2;0;0;0;0;0;0;0;1;1;0;1;0
"12/07/2023";"09:36:00";"55";"3 - Aciden";"205.2";"BR-116/SC";"Norte";"Tombamento";0;0;1;0;0;0;0;0;0;0;1;0;0;0;0
"12/07/2023";"06:40:00";"107";"2 - Aciden";"277.7";"BR-116/SC";"Norte";"Choque - Talude";1;0;0;0;0;0;0;0;0;0;0;1;0;0;0
"12/07/2023";"10:35:00";"129";"3 - Aciden";"19.1";"BR-116/SC";"Sul";"Colisão Traseira";0;0;2;0;0;0;0;0;0;0;2;0;0;0;0
"13/07/2023";"01:42:00";"25";"3 - Aciden";"118.1";"BR-116/PR";"Norte";"Capotamento";1;0;0;0;0;0;0;0;0;0;1;0;0;0;0
"13/07/2023";"07:03:00";"36";"3 - Aciden";"119.1";"BR-116/PR";"Sul";"Colisão Lateral";1;0;1;0;0;0;0;0;0;0;3;0;0;0;0
"13/07/2023";"07:33:00";"40";"2 - Aciden";"166.81";"BR-116/PR";"Norte";"Colisão Transversal";1;0;0;0;0;0;0;0;0;1;6;1;0;0;0
"13/07/2023";"09:13:00";"49";"3 - Aciden";"42.2";"BR-116/SC";"Norte";"Colisão Lateral";0;0;0;1;0;1;0;0;0;0;2;0;0;0;0
"13/07/2023";"01:42:00";"111";"3 - Aciden";"9.9";"BR-116/SC";"Sul";"Colisão Lateral";1;0;1;0;0;0;0;0;0;0;4;0;0;0;0
"13/07/2023";"10:04:00";"170";"3 - Aciden";"107.9";"BR-116/SC";"Norte";"Tombamento";0;0;1;0;0;0;0;0;0;0;1;0;0;0;0
"14/07/2023";"12:42:00";"21";"3 - Aciden";"126.3";"BR-116/PR";"Norte";"Colisão Traseira";2;0;0;0;0;0;0;0;0;0;2;0;0;0;0
"14/07/2023";"07:29:00";"40";"3 - Aciden";"148.6";"BR-116/SC";"Sul";"Saida de Pista";1;0;0;0;0;0;0;0;0;0;1;0;0;0;0
"14/07/2023";"10:43:00";"83";"3 - Aciden";"122.1";"BR-116/PR";"Norte";"Choque - Defensa, barreira ou "submarino"";2;0;0;0;0;0;0;0;0;0;2;0;0;0;0
"14/07/2023";"01:35:00";"106";"3 - Aciden";"134.1";"BR-116/PR";"Norte";"Queda de Moto";0;0;0;1;0;0;0;0;0;0;1;0;0;0;0
"14/07/2023";"01:47:00";"108";"3 - Aciden";"131.8";"BR-116/PR";"Sul";"Colisão Traseira";1;0;0;0;0;1;0;0;0;0;3;0;0;0;0
"14/07/2023";"10:39:00";"173";"3 - Aciden";"56.26";"BR-116/SC";"Sul";"Capotamento";1;0;0;0;0;0;0;0;0;0;1;0;0;0;0
"15/07/2023";"04:40:00";"21";"3 - Aciden";"139.8";"BR-116/SC";"Sul";"Saida de Pista";1;0;0;0;0;0;0;0;0;0;1;0;0;0;0
"15/07/2023";"11:33:00";"64";"3 - Aciden";"134.4";"BR-116/PR";"Sul";"Colisão Traseira";1;0;1;0;0;0;0;0;0;0;2;0;0;0;0
"15/07/2023";"12:01:00";"67";"3 - Aciden";"173.05";"BR-116/SC";"Sul";"Colisão Traseira";1;0;1;0;0;0;0;0;0;1;3;0;0;0;0
"15/07/2023";"05:47:00";"108";"3 - Aciden";"142.146";"BR-116/PR";"Sul";"Colisão Lateral";1;0;1;0;0;0;0;0;0;0;2;0;0;0;0
"15/07/2023";"06:34:00";"112";"2 - Aciden";"175.4";"BR-116/PR";"Norte";"Colisão Frontal";2;0;0;0;0;1;0;0;0;0;2;2;1;1;0
"15/07/2023";"06:53:00";"116";"2 - Aciden";"217.645";"BR-116/SC";"Sul";"Colisão Transversal";1;0;0;0;0;1;0;0;0;0;2;0;1;0;0
"16/07/2023";"03:40:00";"63";"3 - Aciden";"126.1";"BR-116/PR";"Sul";"Colisão Lateral";3;0;0;0;0;0;0;0;0;0;3;0;0;0;0
"16/07/2023";"04:42:00";"67";"2 - Aciden";"152.01";"BR-116/PR";"Norte";"Engavetamento";4;0;1;0;0;0;0;0;0;0;5;1;0;0;0
"16/07/2023";"05:03:00";"71";"2 - Aciden";"151.8";"BR-116/PR";"Sul";"Colisão Lateral";1;0;0;1;0;0;0;0;0;0;1;1;0;0;0
"16/07/2023";"10:28:00";"103";"2 - Aciden";"209.052";"BR-116/PR";"Norte";"Queda de Moto";0;0;0;1;0;0;0;0;0;0;0;0;1;0;0
"17/07/2023";"06:06:00";"119";"2 - Aciden";"115.9";"BR-116/PR";"Sul";"Queda de Moto";0;0;0;1;0;0;0;0;0;0;0;1;0;0;0
"18/07/2023";"05:55:00";"13";"3 - Aciden";"122.001";"BR-116/PR";"Norte";"Engavetamento";3;0;0;0;0;0;0;0;0;1;4;0;0;0;0
"18/07/2023";"06:05:00";"14";"3 - Aciden";"126.1";"BR-116/PR";"Norte";"Queda de Moto";0;0;0;1;0;1;0;0;0;0;2;0;0;0;0
"18/07/2023";"01:32:00";"83";"2 - Aciden";"208.1";"BR-116/PR";"Sul";"Queda de Moto";0;0;0;1;0;0;0;0;0;0;0;1;0;0;0
"18/07/2023";"06:46:00";"106";"3 - Aciden";"121.1";"BR-116/PR";"Norte";"Colisão Traseira";1;0;1;0;0;0;0;0;0;0;2;0;0;0;0
"19/07/2023";"06:32:00";"102";"2 - Aciden";"208.05";"BR-116/PR";"Sul";"Colisão Lateral";1;0;0;1;0;0;0;0;0;0;2;1;0;0;0
"19/07/2023";"08:33:00";"108";"3 - Aciden";"149.05";"BR-116/SC";"Norte";"Saida de Pista";0;0;1;0;0;0;0;0;0;0;1;0;0;0;0
"20/07/2023";"04:20:00";"15";"2 - Aciden";"113.5";"BR-116/SC";"Norte";"Colisão Lateral";0;0;3;0;0;0;0;0;0;0;2;0;1;0;0
"20/07/2023";"11:28:00";"76";"3 - Aciden";"73.05";"BR-116/SC";"Norte";"Engavetamento";3;0;1;0;0;0;0;0;0;0;9;0;0;0;0
"20/07/2023";"02:02:00";"96";"3 - Aciden";"121.12";"BR-116/PR";"Sul";"Colisão Traseira";2;0;0;0;0;0;0;0;0;0;2;0;0;0;0
"21/07/2023";"01:14:00";"102";"2 - Aciden";"35.638";"BR-116/SC";"Norte";"Colisão Lateral";1;0;1;0;0;0;0;0;0;0;2;2;0;0;0
"21/07/2023";"06:18:00";"132";"3 - Aciden";"248.1";"BR-116/SC";"Sul";"Colisão Transversal";0;0;1;0;0;0;0;0;0;1;2;0;0;0;0
"21/07/2023";"06:56:00";"137";"3 - Aciden";"115.01";"BR-116/PR";"Norte";"Colisão Traseira";2;0;0;0;0;0;0;0;0;0;2;0;0;0;0
"21/07/2023";"08:29:00";"146";"3 - Aciden";"161.01";"BR-116/PR";"Norte";"Colisão Traseira";2;0;0;0;0;0;0;0;0;0;2;0;0;0;0
"21/07/2023";"10:02:00";"157";"2 - Aciden";"188.02";"BR-116/PR";"Sul";"Colisão Transversal";1;0;1;0;0;0;0;0;0;0;1;2;0;0;0
"22/07/2023";"12:47:00";"11";"2 - Aciden";"117.1";"BR-116/PR";"Sul";"Colisão Lateral";1;0;0;1;0;0;0;0;0;0;1;2;0;0;0
"22/07/2023";"06:46:00";"20";"2 - Aciden";"176.95";"BR-116/SC";"Norte";"Colisão Frontal";0;0;2;0;0;0;0;0;0;2;4;1;1;0;0
"22/07/2023";"11:50:00";"62";"3 - Aciden";"123.5";"BR-116/PR";"Sul";"Colisão Lateral";1;0;0;1;0;0;0;0;0;0;2;0;0;0;0
"22/07/2023";"03:30:00";"80";"2 - Aciden";"31.7";"BR-116/SC";"Norte";"Colisão Frontal";1;0;0;0;0;0;0;0;0;2;2;4;0;0;0
"23/07/2023";"01:09:00";"11";"2 - Aciden";"10.3";"BR-116/SC";"Norte";"Colisão Frontal";2;0;0;0;0;0;0;0;0;0;4;0;2;0;0
"23/07/2023";"09:07:00";"33";"2 - Aciden";"128.512";"BR-116/PR";"Sul";"Choque - Poste";1;0;0;0;0;0;0;0;0;0;0;1;0;0;0
"23/07/2023";"09:10:00";"34";"2 - Aciden";"193.1";"BR-116/SC";"Norte";"Tombamento";0;0;1;0;0;0;0;0;0;0;0;1;0;0;0
"23/07/2023";"07:37:00";"94";"3 - Aciden";"6.8";"BR-116/SC";"Norte";"Colisão Traseira";2;0;0;0;0;0;0;0;0;0;2;0;0;0;0
"23/07/2023";"10:27:00";"103";"3 - Aciden";"284.5";"BR-116/SC";"Norte";"Choque - Suporte de Sinalização";2;0;0;0;0;0;0;0;0;0;4;0;0;0;0
"23/07/2023";"11:43:00";"107";"2 - Aciden";"116.846";"BR-116/PR";"Sul";"Queda de Moto";0;0;0;1;0;0;0;0;0;1;1;1;0;0;0
"24/07/2023";"06:55:00";"21";"2 - Aciden";"123.5";"BR-116/PR";"Norte";"Colisão Lateral";2;0;0;1;0;0;0;0;0;0;2;1;0;0;0
"24/07/2023";"08:54:00";"51";"1 - Aciden";"202.1";"BR-116/SC";"Norte";"Tombamento";1;0;1;0;0;0;0;0;0;0;0;1;2;1;1
"24/07/2023";"09:14:00";"52";"3 - Aciden";"145.1";"BR-116/SC";"Sul";"Colisão Lateral";2;0;0;0;0;0;0;0;0;0;2;0;0;0;0
"24/07/2023";"07:41:00";"116";"3 - Aciden";"144.1";"BR-116/PR";"Sul";"Queda de Moto";0;0;0;1;0;0;0;0;0;0;1;0;0;0;0
"25/07/2023";"06:54:00";"31";"2 - Aciden";"119.1";"BR-116/PR";"Norte";"Colisão Traseira";2;0;1;0;0;0;0;0;0;0;3;6;0;0;0
"25/07/2023";"11:28:00";"96";"3 - Aciden";"233.16";"BR-116/SC";"Sul";"Colisão Lateral";1;0;1;0;0;0;0;0;0;0;4;0;0;0;0
"25/07/2023";"01:51:00";"108";"2 - Aciden";"5.1";"BR-116/SC";"Norte";"Colisão Transversal";2;0;0;0;0;0;0;0;0;0;0;2;0;0;0
"25/07/2023";"06:00:00";"134";"2 - Aciden";"143.05";"BR-116/PR";"Sul";"Atropelamento - Ciclista";1;1;0;0;0;0;0;0;0;0;1;0;0;1;0
"26/07/2023";"03:16:00";"111";"2 - Aciden";"207.05";"BR-116/SC";"Sul";"Colisão Traseira";0;0;1;1;0;0;0;0;0;0;1;1;0;0;0
"27/07/2023";"03:23:00";"20";"3 - Aciden";"203.8";"BR-116/PR";"Norte";"Colisão Lateral";1;0;0;0;1;0;0;0;0;0;2;0;0;0;0
"27/07/2023";"03:51:00";"22";"3 - Aciden";"137.9";"BR-116/SC";"Sul";"Atropelamento de Animal";0;0;0;0;0;1;0;0;0;0;1;0;0;0;0
"27/07/2023";"06:33:00";"28";"2 - Aciden";"173.2";"BR-116/SC";"Norte";"Colisão Traseira";2;0;0;0;0;0;0;0;0;1;3;1;0;0;0
"27/07/2023";"03:18:00";"104";"3 - Aciden";"118.01";"BR-116/PR";"Norte";"Colisão Lateral";1;0;1;0;0;0;0;0;0;0;2;0;0;0;0
"27/07/2023";"09:44:00";"131";"2 - Aciden";"129.015";"BR-116/PR";"Sul";"Atropelamento - Morador";0;0;0;1;0;0;0;0;0;0;0;0;1;1;0
"27/07/2023";"10:32:00";"133";"3 - Aciden";"128.5";"BR-116/PR";"Sul";"Colisão Traseira";2;0;0;0;0;0;0;0;0;0;2;0;0;0;0
"28/07/2023";"08:32:00";"33";"3 - Aciden";"191.225";"BR-116/PR";"Sul";"Colisão Lateral";2;0;0;0;0;0;0;0;0;0;3;0;0;0;0
"28/07/2023";"12:12:00";"68";"3 - Aciden";"56.9";"BR-116/SC";"Norte";"Colisão Lateral";1;0;1;0;0;0;0;0;0;0;2;0;0;0;0
"28/07/2023";"08:13:00";"100";"3 - Aciden";"185.1";"BR-116/PR";"Norte";"Saida de Pista";0;0;1;0;0;0;0;0;0;0;1;0;0;0;0
"28/07/2023";"09:38:00";"106";"3 - Aciden";"125.1";"BR-116/PR";"Sul";"Colisão Traseira";2;0;0;0;0;0;0;0;0;0;2;0;0;0;0
"29/07/2023";"03:56:00";"19";"3 - Aciden";"150.5";"BR-116/PR";"Norte";"Colisão Traseira";1;0;0;0;0;0;0;0;0;1;2;0;0;0;0
"29/07/2023";"04:54:00";"21";"3 - Aciden";"132.1";"BR-116/PR";"Norte";"Choque - Elemento de Drenagem";1;0;0;0;0;0;0;0;0;0;1;0;0;0;0
"29/07/2023";"08:34:00";"33";"2 - Aciden";"106.3";"BR-116/SC";"Sul";"Queda de Moto";0;0;0;1;0;0;0;0;0;0;0;1;0;0;0
"29/07/2023";"09:44:00";"50";"3 - Aciden";"189.999";"BR-116/SC";"Sul";"Choque - Arvore";1;0;0;0;0;0;0;0;0;0;1;0;0;0;0
"29/07/2023";"02:39:00";"78";"3 - Aciden";"126.01";"BR-116/PR";"Norte";"Colisão Traseira";2;0;0;0;0;0;0;0;0;0;2;0;0;0;0
"30/07/2023";"07:47:00";"19";"2 - Aciden";"40.1";"BR-116/SC";"Sul";"Colisão Frontal";2;0;1;0;0;0;0;0;0;0;3;1;0;1;0
"30/07/2023";"04:58:00";"56";"2 - Aciden";"174.4";"BR-116/PR";"Norte";"Colisão Transversal";1;0;0;1;0;1;0;0;0;0;2;0;2;0;0
"31/07/2023";"07:06:00";"20";"3 - Aciden";"208.1";"BR-116/PR";"Sul";"Atropelamento - Usuário";0;0;0;1;0;0;0;0;0;0;2;0;0;0;0
"31/07/2023";"11:00:00";"70";"3 - Aciden";"119.1";"BR-116/PR";"Norte";"Colisão Transversal";0;0;2;0;0;0;0;0;0;0;12;0;0;0;0
"31/07/2023";"12:28:00";"76";"3 - Aciden";"121.2";"BR-116/PR";"Sul";"Colisão Traseira";0;0;0;0;1;0;0;0;0;1;2;0;0;0;0
"01/08/2023";"07:13:00";"22";"2 - Aciden";"165.01";"BR-116/SC";"Norte";"Capotamento";1;0;0;0;0;0;0;0;0;0;5;0;2;0;0
"01/08/2023";"12:58:00";"71";"2 - Aciden";"150.5";"BR-116/PR";"Norte";"Colisão Frontal";0;0;0;2;0;0;0;0;0;0;1;0;1;0;0
"01/08/2023";"12:58:00";"72";"3 - Aciden";"183.01";"BR-116/SC";"Norte";"Colisão Frontal";1;0;0;0;0;0;0;0;0;1;3;0;0;0;0
"01/08/2023";"05:31:00";"97";"2 - Aciden";"155.01";"BR-116/PR";"Sul";"Engavetamento";1;0;1;0;0;2;0;0;0;1;3;2;0;0;0
"01/08/2023";"09:20:00";"117";"1 - Aciden";"162.776";"BR-116/PR";"Norte";"Colisão Frontal";0;0;1;1;0;0;0;0;0;0;1;0;0;0;1
"01/08/2023";"11:30:00";"123";"3 - Aciden";"115.5";"BR-116/PR";"Sul";"Colisão Traseira";1;0;0;1;0;0;0;0;0;0;2;0;0;0;0
"02/08/2023";"07:01:00";"24";"2 - Aciden";"210.8";"BR-116/PR";"Sul";"Colisão Lateral";1;1;0;0;0;0;0;0;0;0;2;1;0;0;0
"02/08/2023";"01:13:00";"84";"2 - Aciden";"121.8";"BR-116/PR";"Norte";"Queda de Moto";0;0;0;1;0;0;0;0;0;0;0;0;1;0;0
"02/08/2023";"01:18:00";"85";"2 - Aciden";"121.8";"BR-116/PR";"Sul";"Colisão Traseira";2;0;0;0;0;0;0;0;0;0;1;2;0;0;0
"03/08/2023";"04:23:00";"17";"2 - Aciden";"125.6";"BR-116/SC";"Sul";"Colisão Lateral";0;0;3;0;0;0;0;0;0;0;2;1;0;0;0
"03/08/2023";"07:19:00";"28";"3 - Aciden";"5.1";"BR-116/SC";"Sul";"Colisão Traseira";2;0;0;0;0;0;0;0;0;0;3;0;0;0;0
"03/08/2023";"03:03:00";"91";"3 - Aciden";"81.6";"BR-116/SC";"Norte";"Colisão Traseira";1;0;0;0;0;1;0;0;0;0;5;0;0;0;0
"03/08/2023";"04:45:00";"101";"3 - Aciden";"5.01";"BR-116/SC";"Sul";"Colisão Traseira";0;0;2;0;0;0;0;0;0;0;2;0;0;0;0
"03/08/2023";"05:04:00";"103";"3 - Aciden";"121.01";"BR-116/PR";"Sul";"Engavetamento";3;0;0;0;0;0;0;0;0;0;3;0;0;0;0
"04/08/2023";"06:54:00";"20";"3 - Aciden";"194.1";"BR-116/SC";"Norte";"Colisão Lateral";1;0;1;0;0;0;0;0;0;0;4;0;0;0;0
"04/08/2023";"02:32:00";"77";"2 - Aciden";"49.3";"BR-116/SC";"Sul";"Engavetamento";0;0;3;1;0;1;0;0;0;0;3;2;0;0;0
"04/08/2023";"09:03:00";"102";"3 - Aciden";"122.075";"BR-116/PR";"Norte";"Colisão Traseira";2;0;0;0;0;0;0;0;0;0;2;0;0;0;0
"04/08/2023";"10:33:00";"107";"3 - Aciden";"117.1";"BR-116/PR";"Sul";"Colisão Traseira";2;0;0;0;0;0;0;0;0;0;2;0;0;0;0
"04/08/2023";"10:56:00";"108";"2 - Aciden";"308.8";"BR-116/SC";"Norte";"Tombamento";0;0;1;0;0;0;0;0;0;0;0;0;1;0;0
"05/08/2023";"02:35:00";"19";"3 - Aciden";"135.3";"BR-116/SC";"Sul";"Capotamento";1;0;0;0;0;0;0;0;0;0;1;0;0;0;0
"05/08/2023";"04:31:00";"24";"1 - Aciden";"154.38";"BR-116/PR";"Sul";"Colisão Frontal";1;0;0;1;0;0;0;0;0;0;0;0;1;0;2
"05/08/2023";"07:26:00";"89";"3 - Aciden";"126.01";"BR-116/PR";"Sul";"Colisão Traseira";1;0;0;1;0;0;0;0;0;0;2;0;0;0;0
"06/08/2023";"04:16:00";"14";"2 - Aciden";"29.99";"BR-116/SC";"Norte";"Saida de Pista";1;0;0;0;0;0;0;0;0;0;0;2;0;0;0
"06/08/2023";"06:16:00";"15";"2 - Aciden";"126.201";"BR-116/PR";"Sul";"Colisão Traseira";2;0;0;0;0;0;0;0;0;0;2;1;0;0;0
"06/08/2023";"06:29:00";"56";"3 - Aciden";"120.01";"BR-116/PR";"Norte";"Engavetamento";7;0;0;0;0;0;0;0;0;0;7;0;0;0;0
"06/08/2023";"06:51:00";"59";"3 - Aciden";"120.01";"BR-116/PR";"Sul";"Colisão Traseira";2;0;0;0;0;0;0;0;0;0;2;0;0;0;0
"07/08/2023";"07:41:00";"42";"2 - Aciden";"122.1";"BR-116/PR";"Norte";"Colisão Lateral";1;0;0;1;0;0;0;0;0;0;1;1;0;0;0
"07/08/2023";"07:53:00";"50";"3 - Aciden";"118.1";"BR-116/PR";"Norte";"Colisão Lateral";1;0;1;0;0;0;0;0;0;0;10;0;0;0;0
"07/08/2023";"09:32:00";"62";"2 - Aciden";"106.5";"BR-116/SC";"Sul";"Queda de Moto";0;0;0;1;0;0;0;0;0;0;0;2;0;0;0
"08/08/2023";"07:21:00";"24";"2 - Aciden";"126.1";"BR-116/PR";"Norte";"Colisão Lateral";1;0;0;1;0;0;0;0;0;0;1;1;0;0;0
"08/08/2023";"07:52:00";"30";"2 - Aciden";"120.8";"BR-116/PR";"Norte";"Colisão Traseira";1;0;0;1;0;0;0;0;0;0;1;1;0;0;0
"08/08/2023";"10:32:00";"69";"2 - Aciden";"153.1";"BR-116/PR";"Sul";"Colisão Traseira";2;0;0;0;0;0;0;0;0;0;4;1;0;0;0
"08/08/2023";"11:53:00";"74";"2 - Aciden";"162.55";"BR-116/SC";"Norte";"Saida de Pista";1;0;0;0;0;0;0;0;0;0;0;1;0;0;0
"08/08/2023";"10:36:00";"105";"3 - Aciden";"209.9";"BR-116/SC";"Sul";"Saida de Pista";1;0;0;0;0;0;0;0;0;0;1;0;0;0;0
"08/08/2023";"11:44:00";"108";"3 - Aciden";"126.3";"BR-116/PR";"Sul";"Colisão Traseira";2;0;0;0;0;0;0;0;0;0;2;0;0;0;0
"09/08/2023";"02:56:00";"16";"3 - Aciden";"141.7";"BR-116/PR";"Norte";"Choque - Defensa, barreira ou "submarino"";1;0;0;0;0;0;0;0;0;0;1;0;0;0;0
"09/08/2023";"06:02:00";"21";"3 - Aciden";"127.1";"BR-116/PR";"Norte";"Colisão Traseira";2;0;0;0;0;0;0;0;0;0;2;0;0;0;0
"09/08/2023";"06:45:00";"23";"3 - Aciden";"127.1";"BR-116/PR";"Norte";"Choque - Talude";1;0;0;0;0;1;0;0;0;0;2;0;0;0;0
"09/08/2023";"08:01:00";"38";"3 - Aciden";"3.5";"BR-116/SC";"Norte";"Colisão Traseira";1;0;0;1;0;0;0;0;0;0;3;0;0;0;0
"09/08/2023";"08:31:00";"50";"2 - Aciden";"118.6";"BR-116/PR";"Norte";"Colisão Traseira";1;0;1;0;0;0;0;0;0;0;1;1;0;0;0
"09/08/2023";"12:07:00";"66";"3 - Aciden";"245.3";"BR-116/SC";"Sul";"Colisão Transversal";2;0;0;0;0;0;0;0;0;0;4;0;0;0;0
"09/08/2023";"04:15:00";"77";"3 - Aciden";"95.01";"BR-116/SC";"Sul";"Colisão Traseira";1;0;1;0;0;1;0;0;0;0;3;0;0;0;0
"09/08/2023";"05:33:00";"81";"3 - Aciden";"183.1";"BR-116/PR";"Sul";"Capotamento";1;0;0;0;0;0;0;0;0;0;1;0;0;0;0
"09/08/2023";"08:53:00";"99";"3 - Aciden";"185.1";"BR-116/PR";"Sul";"Saida de Pista";0;0;1;0;0;0;0;0;0;0;2;0;0;0;0
"09/08/2023";"10:30:00";"101";"3 - Aciden";"138.15";"BR-116/SC";"Norte";"Colisão Lateral";1;0;1;0;0;0;0;0;0;0;2;0;0;0;0
"10/08/2023";"12:16:00";"1";"3 - Aciden";"128.1";"BR-116/PR";"Sul";"Colisão Traseira";2;0;1;0;0;0;0;0;0;0;3;0;0;0;0
"10/08/2023";"05:13:00";"16";"2 - Aciden";"120.1";"BR-116/PR";"Norte";"Colisão Traseira";1;0;0;1;0;0;0;0;0;0;1;0;1;0;0
"10/08/2023";"06:01:00";"17";"2 - Aciden";"180.1";"BR-116/PR";"Sul";"Colisão Lateral";0;0;2;0;0;0;0;0;0;0;2;0;1;0;0
"10/08/2023";"08:16:00";"46";"2 - Aciden";"52.8";"BR-116/SC";"Norte";"Colisão Lateral";1;0;0;1;0;0;0;0;0;0;1;1;0;0;0
"10/08/2023";"12:29:00";"63";"3 - Aciden";"174.1";"BR-116/SC";"Norte";"Saida de Pista";0;0;1;0;0;0;0;0;0;0;1;0;0;0;0
"10/08/2023";"01:05:00";"68";"3 - Aciden";"0.1";"BR-116/SC";"Sul";"Choque - Defensa, barreira ou "submarino"";1;0;0;0;0;0;0;0;0;0;1;0;0;0;0
"10/08/2023";"06:36:00";"94";"3 - Aciden";"220.1";"BR-116/SC";"Sul";"Colisão Lateral";2;0;0;0;0;0;0;0;0;0;2;0;0;0;0
"10/08/2023";"07:11:00";"98";"3 - Aciden";"142.1";"BR-116/PR";"Norte";"Saida de Pista";1;0;0;0;0;0;0;0;0;0;1;0;0;0;0
"10/08/2023";"08:09:00";"106";"3 - Aciden";"127.1";"BR-116/PR";"Sul";"Colisão Lateral";1;0;1;0;0;0;0;0;0;0;2;0;0;0;0
"11/08/2023";"03:19:00";"13";"3 - Aciden";"131.048";"BR-116/PR";"Sul";"Choque - Outros";1;0;0;0;0;0;0;0;0;0;1;0;0;0;0
"11/08/2023";"08:47:00";"53";"2 - Aciden";"115.1";"BR-116/PR";"Sul";"Engavetamento";1;0;0;1;0;1;0;0;0;0;1;2;0;0;0
"11/08/2023";"10:39:00";"62";"3 - Aciden";"91.1";"BR-116/SC";"Sul";"Saida de Pista";1;0;0;0;0;0;0;0;0;0;4;0;0;0;0
"11/08/2023";"06:48:00";"100";"3 - Aciden";"144.1";"BR-116/SC";"Norte";"Choque - Arvore";0;0;1;0;0;0;0;0;0;0;2;0;0;0;0
"11/08/2023";"07:25:00";"101";"2 - Aciden";"86.1";"BR-116/SC";"Norte";"Colisão Transversal";1;0;0;1;0;0;0;0;0;0;1;1;0;0;0
"11/08/2023";"07:28:00";"102";"2 - Aciden";"309.7";"BR-116/SC";"Sul";"Tombamento";0;0;1;0;0;0;0;0;0;0;1;1;0;0;0
"12/08/2023";"10:55:00";"34";"2 - Aciden";"126.2";"BR-116/PR";"Norte";"Colisão Traseira";1;0;0;0;0;1;0;0;0;0;2;1;0;0;0
"12/08/2023";"06:26:00";"60";"1 - Aciden";"26.95";"BR-116/SC";"Norte";"Queda de Moto";0;0;0;1;0;0;0;0;0;0;0;0;0;0;1
"12/08/2023";"06:41:00";"61";"3 - Aciden";"4.1";"BR-116/SC";"Sul";"Colisão Traseira";2;0;0;0;0;0;0;0;0;0;2;0;0;0;0
"12/08/2023";"07:38:00";"64";"2 - Aciden";"271.9";"BR-116/SC";"Sul";"Colisão Frontal";1;0;1;0;0;0;0;0;0;0;1;0;1;2;0
"13/08/2023";"01:56:00";"46";"1 - Aciden";"55.8";"BR-116/SC";"Norte";"Colisão Frontal";2;0;0;0;0;0;0;0;0;0;0;4;0;0;1
"13/08/2023";"06:01:00";"67";"3 - Aciden";"121.2";"BR-116/PR";"Sul";"Engavetamento";2;0;0;0;0;1;0;0;0;0;3;0;0;0;0
"13/08/2023";"07:02:00";"76";"3 - Aciden";"121.2";"BR-116/PR";"Sul";"Engavetamento";4;0;0;0;0;0;0;0;0;0;4;0;0;0;0
"13/08/2023";"10:00:00";"88";"3 - Aciden";"126.3";"BR-116/PR";"Norte";"Saida de Pista";1;0;0;0;0;0;0;0;0;0;1;0;0;0;0
"14/08/2023";"02:51:00";"14";"3 - Aciden";"244.03";"BR-116/SC";"Norte";"Saida de Pista";1;0;0;0;0;0;0;0;0;0;1;0;0;0;0
"14/08/2023";"01:21:00";"66";"3 - Aciden";"150.1";"BR-116/PR";"Sul";"Saida de Pista";0;0;1;0;0;0;0;0;0;0;1;0;0;0;0