data;horario;n_da_ocorrencia;tipo_de_ocorrencia;km;trecho;sentido;tipo_de_acidente;automovel;bicicleta;caminhao;moto;onibus;outros;tracao_animal;transporte_de_cargas_especiais;trator_maquinas;utilitarios;ilesos;levemente_feridos;moderadamente_feridos;gravemente_feridos;mortos
"24/12/2023";"04:36:00";"48";"3 - Aciden";"152.5";"BR-116/PR";"Sul";"Colisão Frontal";2;0;0;0;0;0;0;0;0;0;2;0;0;0;0
"24/12/2023";"07:13:00";"54";"3 - Aciden";"182.5";"BR-116/PR";"Norte";"Saida de Pista";1;0;0;0;0;0;0;0;0;0;4;0;0;0;0
"24/12/2023";"08:26:00";"59";"3 - Aciden";"126.1";"BR-116/PR";"Norte";"Saida de Pista";1;0;0;0;0;0;0;0;0;0;1;0;0;0;0
"25/12/2023";"07:13:00";"15";"2 - Aciden";"116.9";"BR-116/SC";"Sul";"Capotamento";1;0;0;0;0;0;0;0;0;0;0;1;0;0;0
"25/12/2023";"10:24:00";"82";"3 - Aciden";"125.9";"BR-116/PR";"Sul";"Colisão Traseira";2;0;0;0;0;0;0;0;0;0;2;0;0;0;0
"26/12/2023";"12:00:00";"41";"3 - Aciden";"124.1";"BR-116/SC";"Sul";"Colisão Traseira";1;0;0;0;0;0;0;0;0;1;2;0;0;0;0
"26/12/2023";"01:32:00";"49";"3 - Aciden";"211.1";"BR-116/SC";"Norte";"Capotamento";2;0;1;0;0;0;0;0;0;0;4;0;0;0;0
"26/12/2023";"02:18:00";"52";"2 - Aciden";"131.1";"BR-116/PR";"Norte";"Colisão Traseira";1;0;0;1;0;0;0;0;0;0;1;1;0;0;0
"28/12/2023";"09:24:00";"37";"3 - Aciden";"152.5";"BR-116/PR";"Sul";"Colisão Transversal";2;0;0;0;0;0;0;0;0;0;2;0;0;0;0
"28/12/2023";"09:34:00";"113";"3 - Aciden";"193.1";"BR-116/PR";"Sul";"Choque - Defensa, barreira ou "submarino"";0;0;1;0;0;0;0;0;0;0;1;0;0;0;0
"29/12/2023";"01:32:00";"5";"3 - Aciden";"205.8";"BR-116/PR";"Sul";"Saida de Pista";1;0;0;0;0;0;0;0;0;0;2;0;0;0;0
"29/12/2023";"04:57:00";"67";"3 - Aciden";"5.1";"BR-116/SC";"Sul";"Colisão Traseira";2;0;0;0;0;0;0;0;0;0;2;0;0;0;0
"29/12/2023";"05:32:00";"70";"3 - Aciden";"174.9";"BR-116/SC";"Norte";"Queda de Moto";0;0;0;1;0;0;0;0;0;0;1;0;0;0;0
"29/12/2023";"11:02:00";"90";"3 - Aciden";"153.1";"BR-116/PR";"Norte";"Colisão Traseira";2;0;0;0;0;0;0;0;0;0;2;0;0;0;0
"30/12/2023";"03:03:00";"13";"3 - Aciden";"209.1";"BR-116/PR";"Sul";"Capotamento";1;0;0;0;0;0;0;0;0;0;1;0;0;0;0
"31/12/2023";"01:34:00";"11";"3 - Aciden";"122.6";"BR-116/PR";"Sul";"Choque - Poste";1;0;0;0;0;0;0;0;0;0;1;0;0;0;0
"31/12/2023";"03:46:00";"74";"2 - Aciden";"125.1";"BR-116/PR";"Sul";"Colisão Frontal";1;1;0;0;0;0;0;0;0;0;1;1;0;0;0
"01/01/2024";"01:53:24";"15";"Com vítima";"115,100";"BR-116/PR";"Crescente";"Tombamento";0;0;0;0;0;0;0;0;0;0;0;0;0;0;1
"01/01/2024";"02:44:53";"40";"Com vítima";"20,100";"BR-116/PR";"Crescente";"Queda de moto";0;0;0;0;0;0;0;0;0;0;0;2;0;0;0
"02/01/2024";"05:03:58";"79";"Sem vítima";"118,100";"BR-116/PR";"Decrescente";"Saída de pista";0;0;0;0;0;0;0;0;0;0;1;0;0;0;0
"02/01/2024";"05:15:20";"82";"Sem vítima";"115,100";"BR-116/PR";"Crescente";"Colisão traseira";0;0;0;0;0;0;0;0;0;0;1;0;0;0;0
"03/01/2024";"06:20:06";"51";"Sem vítima";"116,700";"BR-116/PR";"Crescente";"Tombamento";0;0;0;0;0;0;0;0;0;0;1;0;0;0;0
"03/01/2024";"09:06:55";"64";"Sem vítima";"210,010";"BR-116/PR";"Decrescente";"Colisão lateral no mesmo sentido";0;0;0;0;0;0;0;0;0;0;3;0;0;0;0
"03/01/2024";"10:00:38";"70";"Sem vítima";"239,340";"BR-116/PR";"Decrescente";"Saída de pista";0;0;0;0;0;0;0;0;0;0;1;0;0;0;0
"03/01/2024";"12:20:08";"81";"Sem vítima";"12,200";"BR-116/PR";"Decrescente";"Colisão transversal";0;0;0;0;0;0;0;0;0;0;2;0;0;0;0
"03/01/2024";"11:16:10";"12";"Sem vítima";"100,100";"BR-116/PR";"Crescente";"Saída de pista";0;0;0;0;0;0;0;0;0;0;2;0;0;0;0
"04/01/2024";"06:28:06";"44";"Sem vítima";"124,121";"BR-116/PR";"Crescente";"Colisão traseira";0;0;0;0;0;0;0;0;0;0;1;0;0;0;0
"04/01/2024";"06:11:44";"94";"Sem vítima";"168,100";"BR-116/PR";"Decrescente";"Colisão lateral no mesmo sentido";0;0;0;0;0;0;0;0;0;0;1;0;0;0;0
"05/01/2024";"12:05:41";"73";"Sem vítima";"205,950";"BR-116/PR";"Decrescente";"Saída de pista";0;0;0;0;0;0;0;0;0;0;1;0;0;0;0
"06/01/2024";"05:12:33";"32";"Com vítima";"119,100";"BR-116/PR";"Decrescente";"Queda de moto";0;0;0;0;0;0;0;0;0;0;0;1;0;0;0
"06/01/2024";"05:57:32";"35";"Com vítima";"218,600";"BR-116/PR";"Decrescente";"Colisão frontal";0;0;0;0;0;0;0;0;0;0;1;0;2;0;0
"06/01/2024";"08:41:11";"48";"Com vítima";"152,400";"BR-116/PR";"Decrescente";"Colisão transversal";0;0;0;0;0;0;0;0;0;0;3;2;0;0;0
"06/01/2024";"12:39:48";"71";"Sem vítima";"250,617";"BR-116/PR";"Decrescente";"Choque";0;0;0;0;0;0;0;0;0;0;1;0;0;0;0
"08/01/2024";"11:31:21";"87";"Sem vítima";"254,900";"BR-116/PR";"Crescente";"Saída de pista";0;0;0;0;0;0;0;0;0;0;0;0;0;0;0
"08/01/2024";"11:03:36";"11";"Com vítima";"124,874";"BR-116/PR";"Crescente";"Capotamento";0;0;0;0;0;0;0;0;0;0;0;1;0;0;0
"09/01/2024";"03:22:39";"19";"Sem vítima";"205,100";"BR-116/PR";"Crescente";"Colisão transversal";0;0;0;0;0;0;0;0;0;0;2;0;0;0;0
"09/01/2024";"10:58:18";"73";"Com vítima";"201,400";"BR-116/PR";"Crescente";"Colisão frontal";0;0;0;0;0;0;0;0;0;0;1;0;0;0;1
"09/01/2024";"09:18:20";"7";"Com vítima";"308,750";"BR-116/PR";"Crescente";"Tombamento";0;0;0;0;0;0;0;0;0;0;0;1;0;0;0
"10/01/2024";"04:34:20";"37";"Com vítima";"116,100";"BR-116/PR";"Crescente";"Colisão lateral no mesmo sentido";0;0;0;0;0;0;0;0;0;0;1;1;0;0;0
"10/01/2024";"08:20:03";"64";"Sem vítima";"17,100";"BR-116/PR";"Decrescente";"Colisão traseira";0;0;0;0;0;0;0;0;0;0;4;0;0;0;0
"11/01/2024";"08:23:38";"70";"Sem vítima";"204,600";"BR-116/PR";"Decrescente";"Colisão traseira";0;0;0;0;0;0;0;0;0;0;2;0;0;0;0
"11/01/2024";"09:16:41";"73";"Sem vítima";"178,200";"BR-116/PR";"Decrescente";"Saída de pista";0;0;0;0;0;0;0;0;0;0;1;0;0;0;0
"11/01/2024";"04:04:36";"102";"Sem vítima";"156,100";"BR-116/PR";"Crescente";"Colisão lateral no mesmo sentido";0;0;0;0;0;0;0;0;0;0;2;0;0;0;0
"11/01/2024";"04:47:59";"105";"Sem vítima";"156,100";"BR-116/PR";"Crescente";"Colisão traseira";0;0;0;0;0;0;0;0;0;0;0;0;0;0;0
"12/01/2024";"03:51:22";"27";"Sem vítima";"115,583";"BR-116/PR";"Crescente";"Queda de moto";0;0;0;0;0;0;0;0;0;0;1;0;0;0;0
"12/01/2024";"04:23:32";"31";"Com vítima";"144,063";"BR-116/PR";"Decrescente";"Colisão lateral no mesmo sentido";0;0;0;0;0;0;0;0;0;0;1;1;0;0;0
"12/01/2024";"04:33:04";"33";"Com vítima";"227,350";"BR-116/PR";"Decrescente";"Colisão frontal";0;0;0;0;0;0;0;0;0;0;0;6;1;0;1
"12/01/2024";"05:29:18";"38";"Sem vítima";"122,305";"BR-116/PR";"Decrescente";"Colisão traseira";0;0;0;0;0;0;0;0;0;0;2;0;0;0;0
"12/01/2024";"05:00:18";"113";"Sem vítima";"122,100";"BR-116/PR";"Decrescente";"Colisão traseira";0;0;0;0;0;0;0;0;0;0;1;0;0;0;0
"13/01/2024";"06:35:21";"105";"Com vítima";"246,100";"BR-116/PR";"Decrescente";"Colisão transversal";0;0;0;0;0;0;0;0;0;0;1;0;1;0;0
"14/01/2024";"02:44:51";"78";"Com vítima";"30,099";"BR-116/PR";"Crescente";"Choque";0;0;0;0;0;0;0;0;0;0;0;0;1;0;0
"14/01/2024";"04:19:22";"83";"Sem vítima";"116,224";"BR-116/PR";"Crescente";"Colisão transversal";0;0;0;0;0;0;0;0;0;0;2;0;0;0;0
"15/01/2024";"07:49:58";"63";"Sem vítima";"6,100";"BR-116/PR";"Decrescente";"Saída de pista";0;0;0;0;0;0;0;0;0;0;1;0;0;0;0
"15/01/2024";"05:44:38";"111";"Com vítima";"159,950";"BR-116/PR";"Decrescente";"Saída de pista";0;0;0;0;0;0;0;0;0;0;0;1;0;0;0
"16/01/2024";"05:01:08";"46";"Sem vítima";"217,500";"BR-116/PR";"Decrescente";"Colisão lateral no mesmo sentido";0;0;0;0;0;0;0;0;0;0;0;0;0;0;0
"16/01/2024";"08:11:54";"76";"Sem vítima";"124,100";"BR-116/PR";"Decrescente";"Colisão traseira";0;0;0;0;0;0;0;0;0;0;2;0;0;0;0
"16/01/2024";"11:08:46";"97";"Sem vítima";"147,100";"BR-116/PR";"Decrescente";"Colisão traseira";0;0;0;0;0;0;0;0;0;0;2;0;0;0;0
"16/01/2024";"02:10:27";"121";"Sem vítima";"185,100";"BR-116/PR";"Decrescente";"Capotamento";0;0;0;0;0;0;0;0;0;0;0;0;0;0;0
"17/01/2024";"05:00:32";"36";"Com vítima";"115,400";"BR-116/PR";"Crescente";"Colisão traseira";0;0;0;0;0;0;0;0;0;0;1;1;0;0;0
"17/01/2024";"11:37:32";"82";"Com vítima";"209,100";"BR-116/PR";"Decrescente";"Colisão lateral no mesmo sentido";0;0;0;0;0;0;0;0;0;0;1;1;0;0;0
"17/01/2024";"02:31:11";"94";"Sem vítima";"127,500";"BR-116/PR";"Crescente";"Colisão transversal";0;0;0;0;0;0;0;0;0;0;2;0;0;0;0
"17/01/2024";"07:23:44";"117";"Com vítima";"208,979";"BR-116/PR";"Crescente";"Queda de moto";0;0;0;0;0;0;0;0;0;0;0;1;0;0;0
"17/01/2024";"09:21:06";"11";"Com vítima";"125,874";"BR-116/PR";"Decrescente";"Colisão transversal";0;0;0;0;0;0;0;0;0;0;1;1;0;0;0
"18/01/2024";"04:47:08";"25";"Com vítima";"116,700";"BR-116/PR";"Crescente";"Colisão lateral no mesmo sentido";0;0;0;0;0;0;0;0;0;0;1;0;0;1;0
"18/01/2024";"06:08:39";"55";"Com vítima";"126,100";"BR-116/PR";"Crescente";"Colisão lateral no mesmo sentido";0;0;0;0;0;0;0;0;0;0;2;1;0;0;0
"18/01/2024";"09:01:33";"66";"Com vítima";"252,100";"BR-116/PR";"Crescente";"Colisão traseira";0;0;0;0;0;0;0;0;0;0;2;1;0;0;0
"18/01/2024";"11:55:03";"82";"Sem vítima";"285,100";"BR-116/PR";"Decrescente";"Saída de pista";0;0;0;0;0;0;0;0;0;0;2;0;0;0;0
"18/01/2024";"02:31:12";"91";"Com vítima";"234,100";"BR-116/PR";"Decrescente";"Colisão transversal";0;0;0;0;0;0;0;0;0;0;0;0;0;5;2
"19/01/2024";"03:25:58";"19";"Com vítima";"120,100";"BR-116/PR";"Crescente";"Queda de moto";0;0;0;0;0;0;0;0;0;0;0;1;0;0;0
"19/01/2024";"06:18:06";"67";"Com vítima";"305,400";"BR-116/PR";"Decrescente";"Tombamento";0;0;0;0;0;0;0;0;0;0;0;0;0;1;0
"19/01/2024";"09:21:33";"85";"Com vítima";"162,100";"BR-116/PR";"Decrescente";"Atropelamento de ciclista";0;0;0;0;0;0;0;0;0;0;1;0;0;0;0
"19/01/2024";"10:37:40";"90";"Sem vítima";"245,100";"BR-116/PR";"Decrescente";"Colisão transversal";0;0;0;0;0;0;0;0;0;0;2;0;0;0;0
"19/01/2024";"12:55:43";"107";"Sem vítima";"306,500";"BR-116/PR";"Crescente";"Choque";0;0;0;0;0;0;0;0;0;0;1;0;0;0;0
"20/01/2024";"06:00:21";"46";"Sem vítima";"245,858";"BR-116/PR";"Decrescente";"Colisão lateral no mesmo sentido";0;0;0;0;0;0;0;0;0;0;2;0;0;0;0
"20/01/2024";"12:53:03";"92";"Sem vítima";"16,500";"BR-116/PR";"Decrescente";"Queda de moto";0;0;0;0;0;0;0;0;0;0;1;0;0;0;0
"20/01/2024";"10:48:38";"15";"Sem vítima";"115,950";"BR-116/PR";"Decrescente";"Colisão traseira";0;0;0;0;0;0;0;0;0;0;2;0;0;0;0
"22/01/2024";"08:17:59";"68";"Com vítima";"166,100";"BR-116/PR";"Crescente";"Colisão lateral no mesmo sentido";0;0;0;0;0;0;0;0;0;0;3;2;0;0;0
"22/01/2024";"01:55:48";"108";"Sem vítima";"121,988";"BR-116/PR";"Decrescente";"Colisão traseira";0;0;0;0;0;0;0;0;0;0;2;0;0;0;0
"22/01/2024";"02:28:07";"110";"Com vítima";"121,849";"BR-116/PR";"Decrescente";"Colisão traseira";0;0;0;0;0;0;0;0;0;0;1;1;0;0;0
"23/01/2024";"02:36:37";"22";"Sem vítima";"131,100";"BR-116/PR";"Decrescente";"Choque";0;0;0;0;0;0;0;0;0;0;1;0;0;0;0
"23/01/2024";"04:41:55";"31";"Com vítima";"15,100";"BR-116/PR";"Decrescente";"Saída de pista";0;0;0;0;0;0;0;0;0;0;2;1;0;0;0
"23/01/2024";"09:49:32";"74";"Sem vítima";"116,900";"BR-116/PR";"Decrescente";"Colisão traseira";0;0;0;0;0;0;0;0;0;0;2;0;0;0;0
"23/01/2024";"10:01:38";"76";"Sem vítima";"126,100";"BR-116/PR";"Decrescente";"Colisão lateral no mesmo sentido";0;0;0;0;0;0;0;0;0;0;1;0;0;0;0
"23/01/2024";"11:46:06";"81";"Sem vítima";"191,099";"BR-116/PR";"Decrescente";"Choque";0;0;0;0;0;0;0;0;0;0;2;0;0;0;0
"23/01/2024";"02:23:23";"94";"Com vítima";"59,850";"BR-116/PR";"Decrescente";"Colisão transversal";0;0;0;0;0;0;0;0;0;0;2;0;1;0;0
"24/01/2024";"01:09:49";"22";"Com vítima";"115,889";"BR-116/PR";"Decrescente";"Atropelamento de pedestre";0;0;0;0;0;0;0;0;0;0;1;0;0;0;0
"24/01/2024";"09:31:44";"81";"Sem vítima";"12,100";"BR-116/PR";"Crescente";"Colisão transversal";0;0;0;0;0;0;0;0;0;0;3;0;0;0;0
"24/01/2024";"03:49:37";"121";"Com vítima";"115,200";"BR-116/PR";"Crescente";"Colisão traseira";0;0;0;0;0;0;0;0;0;0;1;0;1;0;0
"24/01/2024";"04:03:22";"123";"Sem vítima";"300,100";"BR-116/PR";"Crescente";"Colisão lateral no mesmo sentido";0;0;0;0;0;0;0;0;0;0;2;0;0;0;0
"25/01/2024";"05:15:04";"36";"Sem vítima";"107,100";"BR-116/PR";"Crescente";"Colisão lateral no mesmo sentido";0;0;0;0;0;0;0;0;0;0;2;0;0;0;0
"25/01/2024";"05:39:32";"37";"Com vítima";"119,100";"BR-116/PR";"Crescente";"Queda de moto";0;0;0;0;0;0;0;0;0;0;1;1;0;0;0
"25/01/2024";"07:25:26";"53";"Sem vítima";"134,400";"BR-116/PR";"Crescente";"Colisão traseira";0;0;0;0;0;0;0;0;0;0;2;0;0;0;0
"25/01/2024";"05:46:22";"124";"Com vítima";"117,037";"BR-116/PR";"Decrescente";"Colisão traseira";0;0;0;0;0;0;0;0;0;0;1;0;1;0;0
"26/01/2024";"10:42:17";"13";"Com vítima";"7,500";"BR-116/PR";"Crescente";"Capotamento";0;0;0;0;0;0;0;0;0;0;0;1;0;0;0
"27/01/2024";"07:33:34";"51";"Sem vítima";"144,100";"BR-116/PR";"Decrescente";"Colisão lateral no mesmo sentido";0;0;0;0;0;0;0;0;0;0;3;0;0;0;0
"27/01/2024";"02:15:33";"82";"Sem vítima";"209,100";"BR-116/PR";"Decrescente";"Saída de pista";0;0;0;0;0;0;0;0;0;0;1;0;0;0;0
"27/01/2024";"08:18:57";"104";"Sem vítima";"126,350";"BR-116/PR";"Crescente";"Engavetamento";0;0;0;0;0;0;0;0;0;0;4;0;0;0;0
"28/01/2024";"07:30:30";"41";"Sem vítima";"102,100";"BR-116/PR";"Decrescente";"Colisão traseira";0;0;0;0;0;0;0;0;0;0;2;0;0;0;0
"28/01/2024";"08:30:29";"49";"Sem vítima";"128,100";"BR-116/PR";"Decrescente";"Colisão lateral no mesmo sentido";0;0;0;0;0;0;0;0;0;0;2;0;0;0;0
"28/01/2024";"07:37:55";"100";"Sem vítima";"126,100";"BR-116/PR";"Crescente";"Colisão transversal";0;0;0;0;0;0;0;0;0;0;2;0;0;0;0
"29/01/2024";"06:11:05";"41";"Sem vítima";"93,800";"BR-116/PR";"Decrescente";"Colisão traseira";0;0;0;0;0;0;0;0;0;0;1;0;0;0;0
"30/01/2024";"06:26:03";"60";"Com vítima";"247,900";"BR-116/PR";"Crescente";"Colisão transversal";0;0;0;0;0;0;0;0;0;0;1;0;1;1;0
"30/01/2024";"09:20:16";"87";"Sem vítima";"99,010";"BR-116/PR";"Crescente";"Colisão transversal";0;0;0;0;0;0;0;0;0;0;2;0;0;0;0
"31/01/2024";"02:14:29";"118";"Com vítima";"125,979";"BR-116/PR";"Decrescente";"Colisão lateral no mesmo sentido";0;0;0;0;0;0;0;0;0;0;1;1;0;0;0
"01/02/2024";"12:16:23";"15";"Sem vítima";"100,900";"BR-116/PR";"Crescente";"Tombamento";0;0;0;0;0;0;0;0;0;0;1;0;0;0;0
"01/02/2024";"04:59:28";"51";"Sem vítima";"120,100";"BR-116/PR";"Crescente";"Colisão traseira";0;0;0;0;0;0;0;0;0;0;2;0;0;0;0
"01/02/2024";"12:54:01";"104";"Com vítima";"139,500";"BR-116/PR";"Decrescente";"Colisão lateral no mesmo sentido";0;0;0;0;0;0;0;0;0;0;1;1;0;0;0
"02/02/2024";"08:33:50";"69";"Sem vítima";"152,600";"BR-116/PR";"Crescente";"Colisão lateral no mesmo sentido";0;0;0;0;0;0;0;0;0;0;2;0;0;0;0
"02/02/2024";"12:18:36";"93";"Sem vítima";"120,100";"BR-116/PR";"Decrescente";"Colisão traseira";0;0;0;0;0;0;0;0;0;0;2;0;0;0;0
"02/02/2024";"04:29:41";"122";"Sem vítima";"137,100";"BR-116/PR";"Decrescente";"Capotamento";0;0;0;0;0;0;0;0;0;0;1;0;0;0;0
"02/02/2024";"06:27:36";"136";"Sem vítima";"51,651";"BR-116/PR";"Crescente";"Capotamento";0;0;0;0;0;0;0;0;0;0;1;0;0;0;0
"02/02/2024";"09:31:35";"17";"Sem vítima";"118,477";"BR-116/PR";"Crescente";"Choque";0;0;0;0;0;0;0;0;0;0;1;0;0;0;0
"03/02/2024";"12:25:58";"27";"Com vítima";"122,700";"BR-116/PR";"Crescente";"Queda de moto";0;0;0;0;0;0;0;0;0;0;0;1;0;0;0
"03/02/2024";"02:12:58";"94";"Sem vítima";"119,100";"BR-116/PR";"Decrescente";"Saída de pista";0;0;0;0;0;0;0;0;0;0;1;0;0;0;0
"03/02/2024";"04:06:26";"105";"Sem vítima";"195,100";"BR-116/PR";"Crescente";"Colisão lateral no mesmo sentido";0;0;0;0;0;0;0;0;0;0;2;0;0;0;0
"03/02/2024";"07:31:55";"119";"Sem vítima";"131,100";"BR-116/PR";"Crescente";"Queda de moto";0;0;0;0;0;0;0;0;0;0;0;0;0;0;0
"03/02/2024";"07:55:43";"122";"Com vítima";"115,500";"BR-116/PR";"Decrescente";"Queda de moto";0;0;0;0;0;0;0;0;0;0;0;1;0;0;0
"04/02/2024";"01:14:35";"25";"Sem vítima";"147,100";"BR-116/PR";"Crescente";"Choque";0;0;0;0;0;0;0;0;0;0;1;0;0;0;0
"04/02/2024";"10:31:55";"60";"Com vítima";"145,100";"BR-116/PR";"Crescente";"Saída de pista";0;0;0;0;0;0;0;0;0;0;0;1;0;0;0
"04/02/2024";"02:32:43";"80";"Sem vítima";"142,100";"BR-116/PR";"Crescente";"Colisão lateral no mesmo sentido";0;0;0;0;0;0;0;0;0;0;2;0;0;0;0
"04/02/2024";"03:17:41";"83";"Sem vítima";"123,044";"BR-116/PR";"Crescente";"Choque";0;0;0;0;0;0;0;0;0;0;1;0;0;0;0
"04/02/2024";"04:11:13";"84";"Sem vítima";"140,042";"BR-116/PR";"Decrescente";"Choque";0;0;0;0;0;0;0;0;0;0;0;0;0;0;0
"04/02/2024";"04:53:34";"85";"Com vítima";"169,500";"BR-116/PR";"Decrescente";"Colisão lateral no mesmo sentido";0;0;0;0;0;0;0;0;0;0;2;2;0;0;1
"04/02/2024";"05:57:43";"87";"Sem vítima";"121,100";"BR-116/PR";"Decrescente";"Saída de pista";0;0;0;0;0;0;0;0;0;0;1;0;0;0;0
"05/02/2024";"11:38:03";"81";"Sem vítima";"192,100";"BR-116/PR";"Decrescente";"Saída de pista";0;0;0;0;0;0;0;0;0;0;1;0;0;0;0
"05/02/2024";"03:14:26";"104";"Com vítima";"246,100";"BR-116/PR";"Crescente";"Colisão transversal";0;0;0;0;0;0;0;0;0;0;1;1;0;0;0
"05/02/2024";"03:14:56";"105";"Sem vítima";"207,100";"BR-116/PR";"Decrescente";"Saída de pista";0;0;0;0;0;0;0;0;0;0;2;0;0;0;0
"05/02/2024";"03:24:01";"106";"Sem vítima";"116,100";"BR-116/PR";"Decrescente";"Engavetamento";0;0;0;0;0;0;0;0;0;0;3;0;0;0;0
"05/02/2024";"05:10:41";"119";"Com vítima";"175,200";"BR-116/PR";"Decrescente";"Saída de pista";0;0;0;0;0;0;0;0;0;0;0;1;0;0;0
"05/02/2024";"05:16:50";"120";"Com vítima";"166,100";"BR-116/PR";"Crescente";"Tombamento";0;0;0;0;0;0;0;0;0;0;0;1;0;0;0
"05/02/2024";"07:46:41";"129";"Com vítima";"152,100";"BR-116/PR";"Crescente";"Colisão transversal";0;0;0;0;0;0;0;0;0;0;1;0;0;1;0
"06/02/2024";"04:51:39";"29";"Com vítima";"115,276";"BR-116/PR";"Crescente";"Colisão traseira";0;0;0;0;0;0;0;0;0;0;0;1;0;0;0
"06/02/2024";"09:17:34";"77";"Com vítima";"246,116";"BR-116/PR";"Decrescente";"Colisão transversal";0;0;0;0;0;0;0;0;0;0;1;0;2;0;0
"06/02/2024";"01:51:19";"107";"Com vítima";"248,100";"BR-116/PR";"Crescente";"Colisão frontal";0;0;0;0;0;0;0;0;0;0;0;0;1;1;0
"06/02/2024";"02:22:20";"114";"Sem vítima";"165,044";"BR-116/PR";"Crescente";"Choque";0;0;0;0;0;0;0;0;0;0;1;0;0;0;0
"07/02/2024";"04:47:48";"29";"Com vítima";"122,010";"BR-116/PR";"Crescente";"Colisão transversal";0;0;0;0;0;0;0;0;0;0;0;1;0;0;0
"07/02/2024";"06:50:33";"57";"Sem vítima";"121,100";"BR-116/PR";"Crescente";"Colisão traseira";0;0;0;0;0;0;0;0;0;0;3;0;0;0;0
"07/02/2024";"09:10:12";"76";"Com vítima";"116,721";"BR-116/PR";"Crescente";"Engavetamento";0;0;0;0;0;0;0;0;0;0;3;1;0;0;0
"07/02/2024";"01:18:24";"110";"Sem vítima";"142,742";"BR-116/PR";"Crescente";"Colisão lateral no mesmo sentido";0;0;0;0;0;0;0;0;0;0;2;0;0;0;0
"08/02/2024";"05:19:42";"58";"Com vítima";"116,200";"BR-116/PR";"Crescente";"Colisão lateral no mesmo sentido";0;0;0;0;0;0;0;0;0;0;1;0;1;0;0
"08/02/2024";"06:15:29";"65";"Com vítima";"117,800";"BR-116/PR";"Decrescente";"Colisão traseira";0;0;0;0;0;0;0;0;0;0;1;1;0;0;0
"08/02/2024";"01:53:38";"118";"Com vítima";"136,835";"BR-116/PR";"Crescente";"Capotamento";0;0;0;0;0;0;0;0;0;0;0;2;2;0;0
"08/02/2024";"02:55:01";"125";"Com vítima";"116,260";"BR-116/PR";"Crescente";"Colisão traseira";0;0;0;0;0;0;0;0;0;0;1;0;1;0;0
"08/02/2024";"05:43:29";"141";"Sem vítima";"4,584";"BR-116/PR";"Crescente";"Colisão lateral no mesmo sentido";0;0;0;0;0;0;0;0;0;0;2;0;0;0;0
"08/02/2024";"06:20:55";"143";"Com vítima";"212,500";"BR-116/PR";"Decrescente";"Colisão lateral no mesmo sentido";0;0;0;0;0;0;0;0;0;0;2;1;0;0;0
"09/02/2024";"06:40:34";"64";"Com vítima";"142,010";"BR-116/PR";"Decrescente";"Colisão frontal";0;0;0;0;0;0;0;0;0;0;0;3;0;0;0
"09/02/2024";"11:32:45";"87";"Com vítima";"4,100";"BR-116/PR";"Decrescente";"Queda de moto";0;0;0;0;0;0;0;0;0;0;1;1;0;0;0
"09/02/2024";"05:54:23";"122";"Sem vítima";"134,400";"BR-116/PR";"Decrescente";"Colisão traseira";0;0;0;0;0;0;0;0;0;0;2;0;0;0;0
"09/02/2024";"06:19:45";"124";"Sem vítima";"118,200";"BR-116/PR";"Decrescente";"Colisão lateral no mesmo sentido";0;0;0;0;0;0;0;0;0;0;2;0;0;0;0
"10/02/2024";"01:59:48";"18";"Sem vítima";"286,900";"BR-116/PR";"Crescente";"Colisão traseira";0;0;0;0;0;0;0;0;0;0;0;0;0;0;0
"10/02/2024";"04:58:52";"33";"Sem vítima";"134,400";"BR-116/PR";"Decrescente";"Colisão traseira";0;0;0;0;0;0;0;0;0;0;0;0;0;0;0
"10/02/2024";"08:06:21";"47";"Com vítima";"228,800";"BR-116/PR";"Decrescente";"Colisão transversal";0;0;0;0;0;0;0;0;0;0;65;0;0;2;1
"10/02/2024";"09:41:10";"52";"Sem vítima";"130,100";"BR-116/PR";"Decrescente";"Colisão traseira";0;0;0;0;0;0;0;0;0;0;2;0;0;0;0
"10/02/2024";"02:20:57";"80";"Com vítima";"118,100";"BR-116/PR";"Decrescente";"Colisão lateral no mesmo sentido";0;0;0;0;0;0;0;0;0;0;0;1;0;0;0
"10/02/2024";"09:18:26";"11";"Sem vítima";"124,532";"BR-116/PR";"Decrescente";"Engavetamento";0;0;0;0;0;0;0;0;0;0;4;0;0;0;0
"11/02/2024";"03:20:23";"23";"Com vítima";"116,900";"BR-116/PR";"Decrescente";"Capotamento";0;0;0;0;0;0;0;0;0;0;0;0;0;1;0