data;horario;n_da_ocorrencia;tipo_de_ocorrencia;km;trecho;sentido;tipo_de_acidente;automovel;bicicleta;caminhao;moto;onibus;outros;tracao_animal;transporte_de_cargas_especiais;trator_maquinas;utilitarios;ilesos;levemente_feridos;moderadamente_feridos;gravemente_feridos;mortos
"11/02/2024";"11:29:18";"63";"Com vítima";"74,100";"BR-116/PR";"Decrescente";"Choque";0;0;0;0;0;0;0;0;0;0;2;1;0;0;0
"11/02/2024";"02:22:01";"78";"Com vítima";"128,250";"BR-116/PR";"Decrescente";"Choque";0;0;0;0;0;0;0;0;0;0;3;0;1;0;0
"11/02/2024";"06:24:22";"102";"Sem vítima";"84,100";"BR-116/PR";"Crescente";"Colisão lateral no mesmo sentido";0;0;0;0;0;0;0;0;0;0;1;0;0;0;0
"12/02/2024";"09:45:02";"65";"Com vítima";"124,100";"BR-116/PR";"Crescente";"Queda de moto";0;0;0;0;0;0;0;0;0;0;0;1;0;0;0
"12/02/2024";"11:39:41";"72";"Sem vítima";"283,100";"BR-116/PR";"Decrescente";"Colisão traseira";0;0;0;0;0;0;0;0;0;0;5;0;0;0;0
"12/02/2024";"03:23:26";"99";"Com vítima";"53,900";"BR-116/PR";"Decrescente";"Choque";0;0;0;0;0;0;0;0;0;0;0;1;0;0;0
"13/02/2024";"05:32:54";"85";"Com vítima";"116,100";"BR-116/PR";"Crescente";"Queda de moto";0;0;0;0;0;0;0;0;0;0;0;1;0;0;0
"13/02/2024";"06:48:59";"91";"Sem vítima";"180,010";"BR-116/PR";"Crescente";"Colisão transversal";0;0;0;0;0;0;0;0;0;0;2;0;0;0;0
"14/02/2024";"05:40:43";"45";"Sem vítima";"73,200";"BR-116/PR";"Decrescente";"Choque";0;0;0;0;0;0;0;0;0;0;0;0;0;0;0
"14/02/2024";"12:40:15";"75";"Com vítima";"165,100";"BR-116/PR";"Crescente";"Saída de pista";0;0;0;0;0;0;0;0;0;0;0;1;0;0;0
"14/02/2024";"12:53:20";"76";"Sem vítima";"150,100";"BR-116/PR";"Decrescente";"Engavetamento";0;0;0;0;0;0;0;0;0;0;3;0;0;0;0
"14/02/2024";"01:26:07";"79";"Sem vítima";"86,100";"BR-116/PR";"Decrescente";"Colisão frontal";0;0;0;0;0;0;0;0;0;0;2;0;0;0;0
"14/02/2024";"03:06:43";"80";"Com vítima";"8,100";"BR-116/PR";"Crescente";"Saída de pista";0;0;0;0;0;0;0;0;0;0;2;1;0;0;0
"15/02/2024";"12:14:37";"91";"Com vítima";"120,566";"BR-116/PR";"Crescente";"Engavetamento";0;0;0;0;0;0;0;0;0;0;2;2;0;0;0
"15/02/2024";"03:07:38";"102";"Sem vítima";"133,099";"BR-116/PR";"Crescente";"Colisão traseira";0;0;0;0;0;0;0;0;0;0;2;0;0;0;0
"15/02/2024";"11:51:44";"17";"Sem vítima";"189,050";"BR-116/PR";"Decrescente";"Tombamento";0;0;0;0;0;0;0;0;0;0;1;0;0;0;0
"16/02/2024";"04:37:59";"36";"Com vítima";"57,900";"BR-116/PR";"Decrescente";"Colisão transversal";0;0;0;0;0;0;0;0;0;0;4;1;0;0;0
"16/02/2024";"04:13:23";"123";"Com vítima";"141,543";"BR-116/PR";"Decrescente";"Colisão transversal";0;0;0;0;0;0;0;0;0;0;0;0;0;0;1
"16/02/2024";"04:33:58";"124";"Com vítima";"124,691";"BR-116/PR";"Decrescente";"Colisão lateral no mesmo sentido";0;0;0;0;0;0;0;0;0;0;1;1;0;0;0
"16/02/2024";"09:47:47";"16";"Com vítima";"117,045";"BR-116/PR";"Decrescente";"Atropelamento de pedestre";0;0;0;0;0;0;0;0;0;0;1;0;0;0;0
"18/02/2024";"07:37:36";"43";"Sem vítima";"265,800";"BR-116/PR";"Decrescente";"Colisão traseira";0;0;0;0;0;0;0;0;0;0;4;0;0;0;0
"18/02/2024";"08:42:52";"49";"Com vítima";"152,500";"BR-116/PR";"Decrescente";"Colisão transversal";0;0;0;0;0;0;0;0;0;0;0;4;1;0;0
"18/02/2024";"10:04:32";"54";"Com vítima";"205,900";"BR-116/PR";"Decrescente";"Tombamento";0;0;0;0;0;0;0;0;0;0;0;1;0;0;0
"19/02/2024";"02:51:41";"112";"Com vítima";"86,100";"BR-116/PR";"Decrescente";"Colisão frontal";0;0;0;0;0;0;0;0;0;0;0;0;1;0;2
"19/02/2024";"04:33:18";"123";"Sem vítima";"119,100";"BR-116/PR";"Decrescente";"Colisão traseira";0;0;0;0;0;0;0;0;0;0;2;0;0;0;0
"19/02/2024";"06:34:05";"128";"Com vítima";"34,100";"BR-116/PR";"Decrescente";"Colisão traseira";0;0;0;0;0;0;0;0;0;0;1;1;0;0;0
"19/02/2024";"08:14:14";"136";"Sem vítima";"197,300";"BR-116/PR";"Decrescente";"Choque";0;0;0;0;0;0;0;0;0;0;1;0;0;0;0
"20/02/2024";"02:54:50";"25";"Com vítima";"177,100";"BR-116/PR";"Crescente";"Saída de pista";0;0;0;0;0;0;0;0;0;0;0;1;0;0;0
"20/02/2024";"05:51:43";"63";"Com vítima";"5,500";"BR-116/PR";"Crescente";"Colisão transversal";0;0;0;0;0;0;0;0;0;0;2;1;0;0;0
"20/02/2024";"08:15:27";"76";"Sem vítima";"26,200";"BR-116/PR";"Decrescente";"Tombamento";0;0;0;0;0;0;0;0;0;0;1;0;0;0;0
"20/02/2024";"09:31:31";"82";"Sem vítima";"25,800";"BR-116/PR";"Decrescente";"Colisão traseira";0;0;0;0;0;0;0;0;0;0;2;0;0;0;0
"20/02/2024";"10:27:48";"87";"Com vítima";"245,100";"BR-116/PR";"Decrescente";"Tombamento";0;0;0;0;0;0;0;0;0;0;0;1;0;0;0
"20/02/2024";"04:38:06";"132";"Com vítima";"115,100";"BR-116/PR";"Crescente";"Colisão traseira";0;0;0;0;0;0;0;0;0;0;1;1;0;0;0
"20/02/2024";"09:28:22";"18";"Sem vítima";"245,000";"BR-116/PR";"Decrescente";"Choque";0;0;0;0;0;0;0;0;0;0;0;0;0;0;0
"22/02/2024";"04:54:06";"50";"Sem vítima";"69,088";"BR-116/PR";"Crescente";"Tombamento";0;0;0;0;0;0;0;0;0;0;1;0;0;0;0
"23/02/2024";"03:45:58";"30";"Sem vítima";"184,800";"BR-116/PR";"Crescente";"Tombamento";0;0;0;0;0;0;0;0;0;0;1;0;0;0;0
"23/02/2024";"04:54:06";"37";"Sem vítima";"308,700";"BR-116/PR";"Crescente";"Tombamento";0;0;0;0;0;0;0;0;0;0;1;0;0;0;0
"24/02/2024";"04:06:07";"29";"Sem vítima";"153,100";"BR-116/PR";"Decrescente";"Colisão transversal";0;0;0;0;0;0;0;0;0;0;2;0;0;0;0
"24/02/2024";"08:34:55";"68";"Sem vítima";"168,200";"BR-116/PR";"Decrescente";"Colisão frontal";0;0;0;0;0;0;0;0;0;0;2;0;0;0;0
"24/02/2024";"04:49:00";"105";"Sem vítima";"171,854";"BR-116/PR";"Decrescente";"Colisão lateral no mesmo sentido";0;0;0;0;0;0;0;0;0;0;1;0;0;0;0
"24/02/2024";"06:23:38";"116";"Sem vítima";"124,010";"BR-116/PR";"Decrescente";"Colisão traseira";0;0;0;0;0;0;0;0;0;0;1;0;0;0;0
"24/02/2024";"11:21:28";"16";"Com vítima";"148,010";"BR-116/PR";"Crescente";"Choque";0;0;0;0;0;0;0;0;0;0;0;2;0;0;0
"25/02/2024";"06:27:22";"86";"Sem vítima";"119,226";"BR-116/PR";"Crescente";"Choque";0;0;0;0;0;0;0;0;0;0;1;0;0;0;0
"26/02/2024";"04:28:18";"32";"Sem vítima";"119,300";"BR-116/PR";"Crescente";"Colisão traseira";0;0;0;0;0;0;0;0;0;0;2;0;0;0;0
"26/02/2024";"04:42:59";"33";"Sem vítima";"185,700";"BR-116/PR";"Decrescente";"Colisão traseira";0;0;0;0;0;0;0;0;0;0;2;0;0;0;0
"26/02/2024";"09:56:16";"67";"Sem vítima";"152,100";"BR-116/PR";"Crescente";"Choque";0;0;0;0;0;0;0;0;0;0;1;0;0;0;0
"26/02/2024";"03:34:09";"109";"Com vítima";"132,100";"BR-116/PR";"Decrescente";"Colisão lateral no mesmo sentido";0;0;0;0;0;0;0;0;0;0;1;1;0;0;0
"27/02/2024";"02:42:43";"20";"Sem vítima";"138,100";"BR-116/PR";"Decrescente";"Colisão traseira";0;0;0;0;0;0;0;0;0;0;4;0;0;0;0
"27/02/2024";"07:31:01";"60";"Sem vítima";"253,200";"BR-116/PR";"Crescente";"Colisão traseira";0;0;0;0;0;0;0;0;0;0;2;0;0;0;0
"27/02/2024";"07:54:12";"62";"Sem vítima";"252,800";"BR-116/PR";"Crescente";"Colisão traseira";0;0;0;0;0;0;0;0;0;0;1;0;0;0;0
"27/02/2024";"10:31:40";"73";"Com vítima";"70,100";"BR-116/PR";"Crescente";"Colisão traseira";0;0;0;0;0;0;0;0;0;0;1;2;0;0;0
"27/02/2024";"01:56:01";"91";"Sem vítima";"227,100";"BR-116/PR";"Crescente";"Saída de pista";0;0;0;0;0;0;0;0;0;0;3;0;0;0;0
"27/02/2024";"09:49:36";"15";"Com vítima";"125,418";"BR-116/PR";"Crescente";"Choque";0;0;0;0;0;0;0;0;0;0;1;0;1;0;0
"28/02/2024";"05:58:00";"56";"Sem vítima";"237,100";"BR-116/PR";"Decrescente";"Saída de pista";0;0;0;0;0;0;0;0;0;0;2;0;0;0;0
"28/02/2024";"12:58:45";"92";"Sem vítima";"191,500";"BR-116/PR";"Crescente";"Colisão traseira";0;0;0;0;0;0;0;0;0;0;2;0;0;0;0
"28/02/2024";"02:08:11";"95";"Sem vítima";"131,800";"BR-116/PR";"Decrescente";"Colisão lateral no mesmo sentido";0;0;0;0;0;0;0;0;0;0;3;0;0;0;0
"28/02/2024";"07:50:31";"114";"Com vítima";"107,800";"BR-116/PR";"Crescente";"Tombamento";0;0;0;0;0;0;0;0;0;0;0;1;0;0;0
"29/02/2024";"10:32:21";"85";"Sem vítima";"245,001";"BR-116/PR";"Decrescente";"Colisão transversal";0;0;0;0;0;0;0;0;0;0;5;0;0;0;0
"29/02/2024";"12:53:17";"104";"Sem vítima";"127,100";"BR-116/PR";"Decrescente";"Colisão lateral no mesmo sentido";0;0;0;0;0;0;0;0;0;0;2;0;0;0;0
"01/03/2024";"08:19:35";"81";"Sem vítima";"115,536";"BR-116/PR";"Crescente";"Colisão lateral no mesmo sentido";0;0;0;0;0;0;0;0;0;0;2;0;0;0;0
"01/03/2024";"12:24:33";"107";"Sem vítima";"5,300";"BR-116/PR";"Decrescente";"Colisão traseira";0;0;0;0;0;0;0;0;0;0;2;0;0;0;0
"01/03/2024";"02:26:19";"119";"Sem vítima";"133,100";"BR-116/PR";"Decrescente";"Saída de pista";0;0;0;0;0;0;0;0;0;0;1;0;0;0;0
"02/03/2024";"09:28:11";"66";"Com vítima";"122,806";"BR-116/PR";"Crescente";"Choque";0;0;0;0;0;0;0;0;0;0;0;0;1;0;0
"02/03/2024";"12:27:08";"77";"Sem vítima";"172,030";"BR-116/PR";"Decrescente";"Choque";0;0;0;0;0;0;0;0;0;0;1;0;0;0;0
"02/03/2024";"09:46:17";"14";"Sem vítima";"154,500";"BR-116/PR";"Decrescente";"Colisão frontal";0;0;0;0;0;0;0;0;0;0;2;0;0;0;0
"03/03/2024";"01:25:14";"58";"Com vítima";"283,900";"BR-116/PR";"Decrescente";"Queda de moto";0;0;0;0;0;0;0;0;0;0;0;1;1;0;0
"03/03/2024";"03:30:22";"72";"Sem vítima";"140,400";"BR-116/PR";"Decrescente";"Choque";0;0;0;0;0;0;0;0;0;0;1;0;0;0;0
"04/03/2024";"04:09:54";"29";"Com vítima";"125,100";"BR-116/PR";"Crescente";"Colisão traseira";0;0;0;0;0;0;0;0;0;0;1;1;0;0;0
"04/03/2024";"02:00:08";"94";"Sem vítima";"135,100";"BR-116/PR";"Decrescente";"Tombamento";0;0;0;0;0;0;0;0;0;0;2;0;0;0;0
"04/03/2024";"03:42:36";"102";"Com vítima";"149,900";"BR-116/PR";"Crescente";"Colisão lateral no mesmo sentido";0;0;0;0;0;0;0;0;0;0;0;2;1;1;0
"05/03/2024";"03:57:32";"23";"Com vítima";"177,800";"BR-116/PR";"Crescente";"Tombamento";0;0;0;0;0;0;0;0;0;0;0;1;0;0;0
"05/03/2024";"11:49:36";"83";"Sem vítima";"113,500";"BR-116/PR";"Decrescente";"Choque";0;0;0;0;0;0;0;0;0;0;1;0;0;0;0
"05/03/2024";"03:22:44";"102";"Sem vítima";"116,100";"BR-116/PR";"Crescente";"Colisão traseira";0;0;0;0;0;0;0;0;0;0;2;0;0;0;0
"05/03/2024";"04:10:01";"108";"Com vítima";"123,160";"BR-116/PR";"Decrescente";"Colisão traseira";0;0;0;0;0;0;0;0;0;0;2;0;0;1;0
"05/03/2024";"05:55:01";"116";"Sem vítima";"126,100";"BR-116/PR";"Decrescente";"Engavetamento";0;0;0;0;0;0;0;0;0;0;3;0;0;0;0
"06/03/2024";"01:35:34";"17";"Sem vítima";"126,300";"BR-116/PR";"Decrescente";"Choque";0;0;0;0;0;0;0;0;0;0;1;0;0;0;0
"06/03/2024";"05:52:56";"58";"Com vítima";"116,100";"BR-116/PR";"Crescente";"Colisão traseira";0;0;0;0;0;0;0;0;0;0;1;0;1;0;0
"06/03/2024";"09:28:24";"83";"Com vítima";"126,100";"BR-116/PR";"Decrescente";"Colisão traseira";0;0;0;0;0;0;0;0;0;0;0;1;0;0;0
"06/03/2024";"06:07:41";"128";"Sem vítima";"172,100";"BR-116/PR";"Decrescente";"Saída de pista";0;0;0;0;0;0;0;0;0;0;1;0;0;0;0
"07/03/2024";"03:09:49";"117";"Com vítima";"201,700";"BR-116/PR";"Crescente";"Colisão frontal";0;0;0;0;0;0;0;0;0;0;0;0;2;1;0
"07/03/2024";"04:25:42";"123";"Sem vítima";"115,100";"BR-116/PR";"Crescente";"Engavetamento";0;0;0;0;0;0;0;0;0;0;3;0;0;0;0
"08/03/2024";"04:28:56";"15";"Sem vítima";"23,500";"BR-116/PR";"Crescente";"Colisão transversal";0;0;0;0;0;0;0;0;0;0;2;0;0;0;0
"08/03/2024";"05:29:33";"30";"Sem vítima";"134,400";"BR-116/PR";"Decrescente";"Colisão traseira";0;0;0;0;0;0;0;0;0;0;2;0;0;0;0
"08/03/2024";"11:40:29";"69";"Sem vítima";"143,580";"BR-116/PR";"Decrescente";"Colisão lateral no mesmo sentido";0;0;0;0;0;0;0;0;0;0;2;0;0;0;0
"08/03/2024";"02:20:02";"91";"Com vítima";"53,500";"BR-116/PR";"Decrescente";"Queda de moto";0;0;0;0;0;0;0;0;0;0;0;2;0;0;0
"08/03/2024";"03:01:24";"95";"Sem vítima";"204,100";"BR-116/PR";"Decrescente";"Choque";0;0;0;0;0;0;0;0;0;0;1;0;0;0;0
"08/03/2024";"06:26:18";"107";"Sem vítima";"206,100";"BR-116/PR";"Decrescente";"Saída de pista";0;0;0;0;0;0;0;0;0;0;1;0;0;0;0
"08/03/2024";"08:26:15";"109";"Sem vítima";"75,900";"BR-116/PR";"Crescente";"Saída de pista";0;0;0;0;0;0;0;0;0;0;2;0;0;0;0
"09/03/2024";"10:45:46";"65";"Sem vítima";"63,800";"BR-116/PR";"Crescente";"Saída de pista";0;0;0;0;0;0;0;0;0;0;1;0;0;0;0
"10/03/2024";"02:35:30";"13";"Sem vítima";"198,100";"BR-116/PR";"Decrescente";"Capotamento";0;0;0;0;0;0;0;0;0;0;0;0;0;0;0
"10/03/2024";"06:04:31";"32";"Com vítima";"171,770";"BR-116/PR";"Decrescente";"Saída de pista";0;0;0;0;0;0;0;0;0;0;0;0;0;0;1
"10/03/2024";"04:03:11";"99";"Com vítima";"269,150";"BR-116/PR";"Decrescente";"Capotamento";0;0;0;0;0;0;0;0;0;0;0;2;1;0;0
"11/03/2024";"02:41:53";"12";"Sem vítima";"4,500";"BR-116/PR";"Decrescente";"Colisão traseira";0;0;0;0;0;0;0;0;0;0;2;0;0;0;0
"11/03/2024";"07:30:08";"58";"Sem vítima";"129,200";"BR-116/PR";"Crescente";"Colisão lateral no mesmo sentido";0;0;0;0;0;0;0;0;0;0;2;0;0;0;0
"11/03/2024";"02:13:46";"97";"Com vítima";"115,766";"BR-116/PR";"Crescente";"Colisão lateral no mesmo sentido";0;0;0;0;0;0;0;0;0;0;2;1;0;0;0
"11/03/2024";"03:53:27";"107";"Sem vítima";"12,400";"BR-116/PR";"Decrescente";"Colisão transversal";0;0;0;0;0;0;0;0;0;0;2;0;0;0;0
"12/03/2024";"03:39:25";"12";"Sem vítima";"170,100";"BR-116/PR";"Crescente";"Tombamento";0;0;0;0;0;0;0;0;0;0;1;0;0;0;0
"12/03/2024";"10:32:23";"74";"Com vítima";"143,117";"BR-116/PR";"Crescente";"Saída de pista";0;0;0;0;0;0;0;0;0;0;0;12;6;0;0
"12/03/2024";"04:00:41";"105";"Com vítima";"155,023";"BR-116/PR";"Decrescente";"Colisão transversal";0;0;0;0;0;0;0;0;0;0;1;0;0;0;1
"13/03/2024";"04:12:59";"22";"Com vítima";"122,100";"BR-116/PR";"Crescente";"Colisão lateral no mesmo sentido";0;0;0;0;0;0;0;0;0;0;1;0;2;0;0
"13/03/2024";"01:09:01";"112";"Sem vítima";"128,460";"BR-116/PR";"Decrescente";"Colisão transversal";0;0;0;0;0;0;0;0;0;0;0;0;0;0;0
"13/03/2024";"01:31:36";"114";"Com vítima";"145,897";"BR-116/PR";"Decrescente";"Colisão traseira";0;0;0;0;0;0;0;0;0;0;3;2;1;0;0
"13/03/2024";"02:31:06";"125";"Sem vítima";"307,600";"BR-116/PR";"Decrescente";"Colisão traseira";0;0;0;0;0;0;0;0;0;0;1;0;0;0;0
"14/03/2024";"08:00:10";"73";"Sem vítima";"152,010";"BR-116/PR";"Crescente";"Colisão traseira";0;0;0;0;0;0;0;0;0;0;2;0;0;0;0
"14/03/2024";"06:08:13";"130";"Com vítima";"169,100";"BR-116/PR";"Decrescente";"Colisão transversal";0;0;0;0;0;0;0;0;0;0;1;1;0;0;0
"15/03/2024";"04:30:00";"24";"Sem vítima";"131,900";"BR-116/PR";"Crescente";"Colisão traseira";0;0;0;0;0;0;0;0;0;0;2;0;0;0;0
"15/03/2024";"11:58:33";"101";"Com vítima";"11,900";"BR-116/PR";"Crescente";"Colisão traseira";0;0;0;0;0;0;0;0;0;0;2;1;0;0;0
"15/03/2024";"03:31:52";"130";"Sem vítima";"125,012";"BR-116/PR";"Decrescente";"Colisão traseira";0;0;0;0;0;0;0;0;0;0;2;0;0;0;0
"16/03/2024";"10:36:22";"70";"Sem vítima";"222,100";"BR-116/PR";"Crescente";"Colisão traseira";0;0;0;0;0;0;0;0;0;0;3;0;0;0;0
"16/03/2024";"01:14:44";"86";"Sem vítima";"119,100";"BR-116/PR";"Decrescente";"Colisão transversal";0;0;0;0;0;0;0;0;0;0;1;0;0;0;0
"16/03/2024";"04:42:31";"111";"Sem vítima";"233,100";"BR-116/PR";"Decrescente";"Colisão traseira";0;0;0;0;0;0;0;0;0;0;1;0;0;0;0
"16/03/2024";"07:36:17";"124";"Sem vítima";"255,100";"BR-116/PR";"Decrescente";"Colisão frontal";0;0;0;0;0;0;0;0;0;0;1;0;0;0;0
"17/03/2024";"09:25:29";"45";"Sem vítima";"84,800";"BR-116/PR";"Decrescente";"Colisão lateral no mesmo sentido";0;0;0;0;0;0;0;0;0;0;4;0;0;0;0
"17/03/2024";"03:40:17";"72";"Sem vítima";"186,030";"BR-116/PR";"Crescente";"Colisão traseira";0;0;0;0;0;0;0;0;0;0;2;0;0;0;0
"18/03/2024";"08:49:49";"73";"Sem vítima";"122,010";"BR-116/PR";"Crescente";"Colisão traseira";0;0;0;0;0;0;0;0;0;0;2;0;0;0;0
"18/03/2024";"12:34:17";"92";"Com vítima";"210,800";"BR-116/PR";"Crescente";"Choque";0;0;0;0;0;0;0;0;0;0;0;0;1;0;0
"18/03/2024";"05:27:01";"115";"Com vítima";"121,312";"BR-116/PR";"Decrescente";"Colisão lateral no mesmo sentido";0;0;0;0;0;0;0;0;0;0;0;1;0;0;0
"19/03/2024";"04:03:13";"18";"Com vítima";"117,100";"BR-116/PR";"Crescente";"Colisão lateral no mesmo sentido";0;0;0;0;0;0;0;0;0;0;0;2;0;0;0
"19/03/2024";"04:44:07";"22";"Com vítima";"125,100";"BR-116/PR";"Crescente";"Colisão lateral no mesmo sentido";0;0;0;0;0;0;0;0;0;0;0;2;0;0;0
"19/03/2024";"11:40:09";"85";"Sem vítima";"115,930";"BR-116/PR";"Decrescente";"Choque";0;0;0;0;0;0;0;0;0;0;1;0;0;0;0
"19/03/2024";"01:13:54";"94";"Com vítima";"125,474";"BR-116/PR";"Decrescente";"Colisão traseira";0;0;0;0;0;0;0;0;0;0;0;2;1;0;0
"19/03/2024";"05:36:15";"119";"Sem vítima";"115,980";"BR-116/PR";"Decrescente";"Choque";0;0;0;0;0;0;0;0;0;0;1;0;0;0;0
"20/03/2024";"09:56:14";"90";"Com vítima";"210,100";"BR-116/PR";"Decrescente";"Colisão transversal";0;0;0;0;0;0;0;0;0;0;1;0;1;0;0
"20/03/2024";"06:26:43";"147";"Sem vítima";"58,356";"BR-116/PR";"Decrescente";"Saída de pista";0;0;0;0;0;0;0;0;0;0;1;0;0;0;0
"20/03/2024";"08:05:49";"160";"Com vítima";"242,718";"BR-116/PR";"Decrescente";"Choque";0;0;0;0;0;0;0;0;0;0;1;1;0;0;0
"21/03/2024";"02:35:00";"16";"Sem vítima";"134,400";"BR-116/PR";"Decrescente";"Colisão traseira";0;0;0;0;0;0;0;0;0;0;2;0;0;0;0
"21/03/2024";"07:01:57";"73";"Com vítima";"115,100";"BR-116/PR";"Decrescente";"Queda de moto";0;0;0;0;0;0;0;0;0;0;0;0;1;0;0
"21/03/2024";"07:07:17";"74";"Sem vítima";"124,100";"BR-116/PR";"Crescente";"Colisão traseira";0;0;0;0;0;0;0;0;0;0;3;0;0;0;0
"21/03/2024";"08:05:52";"79";"Sem vítima";"115,300";"BR-116/PR";"Decrescente";"Colisão traseira";0;0;0;0;0;0;0;0;0;0;2;0;0;0;0
"21/03/2024";"02:52:41";"124";"Sem vítima";"262,100";"BR-116/PR";"Crescente";"Saída de pista";0;0;0;0;0;0;0;0;0;0;1;0;0;0;0
"22/03/2024";"03:11:20";"12";"Com vítima";"120,418";"BR-116/PR";"Crescente";"Colisão lateral no mesmo sentido";0;0;0;0;0;0;0;0;0;0;2;2;0;0;0
"22/03/2024";"09:16:37";"55";"Com vítima";"130,200";"BR-116/PR";"Crescente";"Colisão traseira";0;0;0;0;0;0;0;0;0;0;1;0;2;0;0
"22/03/2024";"03:48:28";"89";"Com vítima";"84,100";"BR-116/PR";"Crescente";"Colisão lateral no mesmo sentido";0;0;0;0;0;0;0;0;0;0;1;0;0;1;0
"22/03/2024";"04:30:55";"93";"Sem vítima";"115,388";"BR-116/PR";"Crescente";"Colisão traseira";0;0;0;0;0;0;0;0;0;0;1;0;0;0;0
"23/03/2024";"01:45:38";"15";"Sem vítima";"116,100";"BR-116/PR";"Decrescente";"Choque";0;0;0;0;0;0;0;0;0;0;0;0;0;0;0
"23/03/2024";"03:25:08";"16";"Com vítima";"126,350";"BR-116/PR";"Crescente";"Colisão transversal";0;0;0;0;0;0;0;0;0;0;1;1;0;0;0
"23/03/2024";"07:38:26";"54";"Sem vítima";"187,300";"BR-116/PR";"Crescente";"Saída de pista";0;0;0;0;0;0;0;0;0;0;1;0;0;0;0
"23/03/2024";"01:38:33";"82";"Sem vítima";"204,100";"BR-116/PR";"Crescente";"Choque";0;0;0;0;0;0;0;0;0;0;1;0;0;0;0
"23/03/2024";"10:46:59";"10";"Sem vítima";"221,900";"BR-116/PR";"Crescente";"Saída de pista";0;0;0;0;0;0;0;0;0;0;0;0;0;0;0
"25/03/2024";"05:36:41";"46";"Sem vítima";"132,674";"BR-116/PR";"Crescente";"Choque";0;0;0;0;0;0;0;0;0;0;2;0;0;0;0
"25/03/2024";"07:37:08";"60";"Com vítima";"163,463";"BR-116/PR";"Crescente";"Colisão traseira";0;0;0;0;0;0;0;0;0;0;2;1;0;0;0
"25/03/2024";"11:36:43";"78";"Sem vítima";"126,100";"BR-116/PR";"Crescente";"Colisão lateral no mesmo sentido";0;0;0;0;0;0;0;0;0;0;2;0;0;0;0
"26/03/2024";"02:56:02";"17";"Sem vítima";"215,700";"BR-116/PR";"Crescente";"Tombamento";0;0;0;0;0;0;0;0;0;0;1;0;0;0;0
"26/03/2024";"05:36:07";"45";"Sem vítima";"195,100";"BR-116/PR";"Decrescente";"Colisão lateral no mesmo sentido";0;0;0;0;0;0;0;0;0;0;1;0;0;0;0
"26/03/2024";"06:11:29";"55";"Sem vítima";"195,600";"BR-116/PR";"Decrescente";"Colisão transversal";0;0;0;0;0;0;0;0;0;0;2;0;0;0;0
"26/03/2024";"02:22:19";"111";"Com vítima";"116,528";"BR-116/PR";"Crescente";"Colisão traseira";0;0;0;0;0;0;0;0;0;0;1;0;1;1;0
"26/03/2024";"02:41:30";"115";"Sem vítima";"54,533";"BR-116/PR";"Crescente";"Colisão traseira";0;0;0;0;0;0;0;0;0;0;2;0;0;0;0
"26/03/2024";"02:54:12";"118";"Sem vítima";"131,829";"BR-116/PR";"Decrescente";"Queda de moto";0;0;0;0;0;0;0;0;0;0;1;0;0;0;0
"27/03/2024";"07:41:00";"72";"Sem vítima";"83,100";"BR-116/PR";"Crescente";"Colisão traseira";0;0;0;0;0;0;0;0;0;0;2;0;0;0;0
"27/03/2024";"09:49:27";"82";"Com vítima";"120,100";"BR-116/PR";"Decrescente";"Queda de moto";0;0;0;0;0;0;0;0;0;0;1;1;0;0;0
"27/03/2024";"10:33:37";"87";"Sem vítima";"120,107";"BR-116/PR";"Decrescente";"Colisão traseira";0;0;0;0;0;0;0;0;0;0;2;0;0;0;0
"27/03/2024";"02:34:59";"115";"Sem vítima";"133,099";"BR-116/PR";"Crescente";"Queda de moto";0;0;0;0;0;0;0;0;0;0;1;0;0;0;0
"27/03/2024";"04:47:38";"129";"Sem vítima";"219,328";"BR-116/PR";"Crescente";"Colisão transversal";0;0;0;0;0;0;0;0;0;0;2;0;0;0;0
"28/03/2024";"11:46:18";"102";"Sem vítima";"139,100";"BR-116/PR";"Decrescente";"Colisão transversal";0;0;0;0;0;0;0;0;0;0;2;0;0;0;0
"28/03/2024";"02:45:31";"114";"Com vítima";"121,100";"BR-116/PR";"Decrescente";"Queda de moto";0;0;0;0;0;0;0;0;0;0;0;1;0;0;0
"28/03/2024";"04:42:23";"129";"Com vítima";"117,800";"BR-116/PR";"Decrescente";"Queda de moto";0;0;0;0;0;0;0;0;0;0;0;1;0;0;0