data;horario;n_da_ocorrencia;tipo_de_ocorrencia;km;trecho;sentido;tipo_de_acidente;automovel;bicicleta;caminhao;moto;onibus;outros;tracao_animal;transporte_de_cargas_especiais;trator_maquinas;utilitarios;ilesos;levemente_feridos;moderadamente_feridos;gravemente_feridos;mortos
"28/03/2024";"04:51:47";"130";"Sem vítima";"81,600";"BR-116/PR";"Decrescente";"Queda de moto";0;0;0;0;0;0;0;0;0;0;1;0;0;0;0
"28/03/2024";"07:02:19";"141";"Sem vítima";"69,525";"BR-116/PR";"Crescente";"Colisão traseira";0;0;0;0;0;0;0;0;0;0;5;0;0;0;0
"29/03/2024";"01:53:35";"72";"Com vítima";"206,700";"BR-116/PR";"Decrescente";"Colisão transversal";0;0;0;0;0;0;0;0;0;0;1;1;0;0;0
"29/03/2024";"07:17:08";"87";"Com vítima";"190,200";"BR-116/PR";"Decrescente";"Queda de moto";0;0;0;0;0;0;0;0;0;0;0;1;0;0;0
"29/03/2024";"08:30:39";"88";"Com vítima";"211,200";"BR-116/PR";"Crescente";"Saída de pista";0;0;0;0;0;0;0;0;0;0;0;1;0;0;0
"30/03/2024";"01:42:20";"78";"Com vítima";"154,300";"BR-116/PR";"Crescente";"Colisão transversal";0;0;0;0;0;0;0;0;0;0;2;2;0;0;0
"30/03/2024";"06:58:19";"96";"Com vítima";"219,250";"BR-116/PR";"Decrescente";"Colisão transversal";0;0;0;0;0;0;0;0;0;0;1;1;0;0;0
"30/03/2024";"09:22:40";"10";"Com vítima";"192,808";"BR-116/PR";"Crescente";"Tombamento";0;0;0;0;0;0;0;0;0;0;0;1;0;0;0
"31/03/2024";"09:09:12";"38";"Com vítima";"120,650";"BR-116/PR";"Crescente";"Colisão traseira";0;0;0;0;0;0;0;0;0;0;1;1;0;0;0
"31/03/2024";"01:50:44";"57";"Sem vítima";"11,200";"BR-116/PR";"Crescente";"Colisão transversal";0;0;0;0;0;0;0;0;0;0;2;0;0;0;0
"01/04/2024";"05:39:55";"36";"Sem vítima";"245,100";"BR-116/PR";"Decrescente";"Colisão traseira";1;0;0;0;0;0;0;0;0;0;2;0;0;0;0
"01/04/2024";"02:05:28";"108";"Sem vítima";"155,150";"BR-116/PR";"Crescente";"Saída de pista";1;0;0;0;0;0;0;0;0;0;2;0;0;0;0
"01/04/2024";"03:17:47";"115";"Sem vítima";"2,100";"BR-116/PR";"Crescente";"Colisão traseira";1;0;0;0;0;0;0;0;0;1;2;0;0;0;0
"02/04/2024";"07:51:04";"57";"Sem vítima";"144,476";"BR-116/PR";"Decrescente";"Tombamento";0;0;2;0;0;0;0;0;0;1;3;0;0;0;0
"02/04/2024";"11:35:25";"76";"Com vítima";"146,900";"BR-116/PR";"Decrescente";"Engavetamento";2;0;1;0;0;0;0;0;0;0;1;2;0;0;0
"03/04/2024";"01:17:49";"106";"Com vítima";"116,017";"BR-116/PR";"Crescente";"Colisão traseira";1;0;0;1;0;0;0;0;0;0;1;1;0;0;0
"03/04/2024";"11:14:56";"12";"Sem vítima";"244,950";"BR-116/PR";"Decrescente";"Choque";1;0;0;0;0;0;0;0;0;0;0;0;0;0;0
"04/04/2024";"03:59:21";"20";"Com vítima";"209,200";"BR-116/PR";"Decrescente";"Colisão lateral no mesmo sentido";1;0;0;0;0;0;0;0;0;0;1;1;0;0;0
"05/04/2024";"04:54:01";"27";"Com vítima";"119,100";"BR-116/PR";"Crescente";"Colisão lateral no mesmo sentido";1;0;0;1;0;0;0;0;0;0;1;1;0;0;0
"05/04/2024";"10:44:55";"86";"Com vítima";"139,900";"BR-116/PR";"Decrescente";"Colisão frontal";1;0;0;1;0;0;0;0;0;0;1;1;0;0;0
"05/04/2024";"01:06:40";"98";"Com vítima";"116,700";"BR-116/PR";"Crescente";"Colisão traseira";0;0;1;1;0;0;0;0;0;0;1;0;1;0;0
"05/04/2024";"01:35:50";"102";"Com vítima";"123,144";"BR-116/PR";"Decrescente";"Colisão lateral no mesmo sentido";1;0;0;1;0;0;0;0;0;0;1;1;0;0;0
"05/04/2024";"11:24:00";"24";"Com vítima";"121,934";"BR-116/PR";"Decrescente";"Colisão lateral no mesmo sentido";1;0;0;1;0;0;0;0;0;0;1;1;0;0;0
"06/04/2024";"09:14:25";"79";"Com vítima";"136,100";"BR-116/PR";"Crescente";"Colisão lateral no mesmo sentido";2;0;0;0;0;0;0;0;0;0;0;1;0;0;0
"07/04/2024";"07:07:42";"43";"Sem vítima";"77,900";"BR-116/PR";"Decrescente";"Saída de pista";1;0;0;0;0;0;0;0;0;0;1;0;0;0;0
"07/04/2024";"12:20:31";"68";"Com vítima";"119,100";"BR-116/PR";"Decrescente";"Colisão traseira";0;0;0;1;0;0;0;0;0;1;1;0;1;0;0
"08/04/2024";"04:45:18";"31";"Sem vítima";"15,150";"BR-116/PR";"Decrescente";"Saída de pista";1;0;0;0;0;0;0;0;0;0;1;0;0;0;0
"08/04/2024";"07:38:40";"56";"Com vítima";"115,350";"BR-116/PR";"Crescente";"Colisão lateral no mesmo sentido";2;0;0;0;0;0;0;0;0;0;3;1;0;0;0
"08/04/2024";"02:55:30";"102";"Sem vítima";"141,717";"BR-116/PR";"Crescente";"Colisão traseira";2;0;0;0;0;0;0;0;0;0;2;0;0;0;0
"08/04/2024";"03:53:04";"109";"Sem vítima";"59,800";"BR-116/PR";"Decrescente";"Colisão transversal";1;0;1;0;0;1;0;0;0;0;3;0;0;0;0
"08/04/2024";"05:22:10";"119";"Com vítima";"119,100";"BR-116/PR";"Decrescente";"Queda de moto";0;0;0;1;0;0;0;0;0;0;0;1;0;0;0
"09/04/2024";"05:36:06";"42";"Sem vítima";"81,600";"BR-116/PR";"Decrescente";"Colisão traseira";0;0;2;0;0;0;0;0;0;0;2;0;0;0;0
"09/04/2024";"09:14:41";"85";"Com vítima";"121,098";"BR-116/PR";"Decrescente";"Colisão lateral no mesmo sentido";1;0;0;1;0;0;0;0;0;0;2;1;0;0;0
"09/04/2024";"10:35:49";"91";"Com vítima";"235,001";"BR-116/PR";"Crescente";"Capotamento";1;0;0;0;0;0;0;0;0;0;2;0;1;0;0
"10/04/2024";"03:21:52";"119";"Com vítima";"124,122";"BR-116/PR";"Decrescente";"Colisão lateral no mesmo sentido";2;0;0;1;0;0;0;0;0;0;5;0;1;0;0
"11/04/2024";"03:38:30";"26";"Com vítima";"121,100";"BR-116/PR";"Crescente";"Colisão lateral no mesmo sentido";0;0;0;2;0;0;0;0;0;0;1;1;0;0;0
"11/04/2024";"05:42:20";"60";"Sem vítima";"123,200";"BR-116/PR";"Crescente";"Engavetamento";3;0;0;0;0;0;0;0;0;0;3;0;0;0;0
"11/04/2024";"10:27:09";"96";"Com vítima";"125,603";"BR-116/PR";"Crescente";"Colisão lateral no mesmo sentido";0;0;1;1;0;0;0;0;0;0;1;0;1;0;0
"12/04/2024";"08:26:17";"85";"Com vítima";"48,127";"BR-116/PR";"Crescente";"Colisão frontal";1;0;1;0;0;0;0;0;0;0;1;0;0;0;2
"12/04/2024";"12:55:10";"113";"Sem vítima";"226,400";"BR-116/PR";"Crescente";"Saída de pista";0;0;1;0;0;0;0;0;0;0;1;0;0;0;0
"12/04/2024";"04:28:56";"134";"Sem vítima";"199,200";"BR-116/PR";"Crescente";"Colisão lateral no mesmo sentido";1;0;1;0;0;0;0;0;0;0;2;0;0;0;0
"12/04/2024";"09:47:21";"10";"Sem vítima";"122,100";"BR-116/PR";"Crescente";"Colisão traseira";1;0;1;0;0;0;0;0;0;0;2;0;0;0;0
"12/04/2024";"11:55:14";"15";"Sem vítima";"122,500";"BR-116/PR";"Decrescente";"Choque";1;0;0;0;0;0;0;0;0;0;1;0;0;0;0
"13/04/2024";"12:44:03";"16";"Sem vítima";"9,100";"BR-116/PR";"Decrescente";"Saída de pista";1;0;0;0;0;0;0;0;0;0;1;0;0;0;0
"13/04/2024";"03:02:45";"20";"Sem vítima";"107,300";"BR-116/PR";"Crescente";"Choque";0;0;1;0;0;0;0;0;0;0;1;0;0;0;0
"14/04/2024";"01:19:21";"15";"Com vítima";"132,400";"BR-116/PR";"Decrescente";"Saída de pista";1;0;0;0;0;0;0;0;0;0;0;0;2;0;0
"14/04/2024";"03:38:34";"17";"Com vítima";"145,600";"BR-116/PR";"Crescente";"Choque";1;0;0;0;0;0;0;0;0;0;0;0;1;0;0
"14/04/2024";"12:02:58";"43";"Com vítima";"140,600";"BR-116/PR";"Decrescente";"Choque";1;0;0;0;0;0;0;0;0;0;0;0;1;0;0
"14/04/2024";"04:51:30";"60";"Com vítima";"83,940";"BR-116/PR";"Decrescente";"Atropelamento de pedestre";0;0;0;0;0;0;0;0;0;0;0;0;0;0;1
"15/04/2024";"12:00:45";"16";"Sem vítima";"125,534";"BR-116/PR";"Decrescente";"Saída de pista";1;0;0;0;0;0;0;0;0;0;1;0;0;0;0
"15/04/2024";"04:36:38";"32";"Sem vítima";"198,100";"BR-116/PR";"Decrescente";"Saída de pista";1;0;0;0;0;0;0;0;0;0;1;0;0;0;0
"16/04/2024";"03:52:12";"24";"Com vítima";"115,300";"BR-116/PR";"Crescente";"Colisão traseira";0;0;0;1;0;0;0;0;0;0;0;1;0;0;0
"17/04/2024";"04:09:55";"17";"Sem vítima";"132,018";"BR-116/PR";"Decrescente";"Atropelamento de animal";1;0;0;0;0;0;0;0;0;0;1;0;0;0;0
"17/04/2024";"11:27:35";"88";"Sem vítima";"125,112";"BR-116/PR";"Crescente";"Colisão traseira";0;0;2;0;0;0;0;0;0;0;2;0;0;0;0
"17/04/2024";"04:08:04";"113";"Sem vítima";"116,700";"BR-116/PR";"Crescente";"Colisão traseira";1;0;1;0;0;0;0;0;0;0;2;0;0;0;0
"17/04/2024";"07:39:05";"124";"Sem vítima";"117,035";"BR-116/PR";"Decrescente";"Colisão transversal";2;0;0;0;0;0;0;0;0;0;2;0;0;0;0
"18/04/2024";"12:21:41";"101";"Sem vítima";"106,300";"BR-116/PR";"Crescente";"Tombamento";0;0;2;0;0;0;0;0;0;0;2;0;0;0;0
"18/04/2024";"05:31:15";"118";"Com vítima";"254,146";"BR-116/PR";"Decrescente";"Tombamento";0;0;1;0;0;0;0;0;0;0;0;0;0;1;0
"18/04/2024";"07:40:13";"123";"Sem vítima";"264,500";"BR-116/PR";"Decrescente";"Capotamento";1;0;0;0;0;0;0;0;0;0;1;0;0;0;0
"19/04/2024";"02:40:14";"17";"Sem vítima";"54,900";"BR-116/PR";"Crescente";"Tombamento";0;0;1;0;0;0;0;0;0;0;1;0;0;0;0
"19/04/2024";"12:57:45";"98";"Sem vítima";"166,133";"BR-116/PR";"Decrescente";"Colisão transversal";2;0;0;0;0;0;0;0;0;0;2;0;0;0;0
"19/04/2024";"04:04:47";"116";"Com vítima";"123,534";"BR-116/PR";"Decrescente";"Colisão lateral no mesmo sentido";3;0;0;0;0;0;0;0;0;0;3;0;1;0;0
"20/04/2024";"08:43:43";"65";"Com vítima";"120,650";"BR-116/PR";"Decrescente";"Queda de moto";1;0;0;1;0;0;0;0;0;0;1;0;1;0;0
"20/04/2024";"06:32:08";"111";"Sem vítima";"12,300";"BR-116/PR";"Decrescente";"Colisão transversal";2;0;0;0;0;0;0;0;0;0;2;0;0;0;0
"20/04/2024";"09:41:06";"10";"Sem vítima";"10,500";"BR-116/PR";"Decrescente";"Choque";1;0;0;0;0;0;0;0;0;0;1;0;0;0;0
"20/04/2024";"11:58:15";"15";"Sem vítima";"115,500";"BR-116/PR";"Decrescente";"Choque";1;0;0;0;0;0;0;0;0;0;1;0;0;0;0
"21/04/2024";"06:17:45";"36";"Sem vítima";"129,100";"BR-116/PR";"Decrescente";"Engavetamento";2;0;1;0;0;0;0;0;0;0;2;0;0;0;0
"21/04/2024";"01:50:08";"63";"Sem vítima";"127,100";"BR-116/PR";"Crescente";"Colisão traseira";2;0;0;0;0;0;0;0;0;0;2;0;0;0;0
"21/04/2024";"03:15:52";"69";"Com vítima";"73,500";"BR-116/PR";"Decrescente";"Colisão lateral no mesmo sentido";2;0;0;1;0;0;0;0;0;0;2;1;0;0;0
"21/04/2024";"11:11:22";"15";"Com vítima";"214,800";"BR-116/PR";"Crescente";"Saída de pista";1;0;0;0;0;0;0;0;0;0;0;1;0;0;0
"22/04/2024";"03:25:04";"30";"Sem vítima";"118,924";"BR-116/PR";"Crescente";"Engavetamento";3;0;0;0;0;0;0;0;0;0;3;0;0;0;0
"22/04/2024";"02:24:27";"112";"Sem vítima";"119,100";"BR-116/PR";"Decrescente";"Colisão traseira";2;0;0;0;0;0;0;0;0;0;2;0;0;0;0
"23/04/2024";"04:22:46";"36";"Com vítima";"115,200";"BR-116/PR";"Crescente";"Colisão lateral no mesmo sentido";1;0;0;1;0;0;0;0;0;0;1;0;2;0;0
"23/04/2024";"08:14:33";"84";"Sem vítima";"71,500";"BR-116/PR";"Crescente";"Colisão traseira";0;0;2;0;0;0;0;0;0;0;2;0;0;0;0
"24/04/2024";"04:45:42";"32";"Com vítima";"168,555";"BR-116/PR";"Crescente";"Colisão lateral no mesmo sentido";1;0;0;0;0;0;0;0;0;0;0;2;0;1;0
"24/04/2024";"05:00:53";"34";"Com vítima";"254,100";"BR-116/PR";"Crescente";"Colisão lateral no mesmo sentido";1;0;1;0;0;0;0;0;0;0;2;1;0;0;0
"24/04/2024";"12:37:02";"97";"Sem vítima";"233,160";"BR-116/PR";"Decrescente";"Engavetamento";2;0;1;0;0;0;0;0;0;0;3;0;0;0;0
"24/04/2024";"04:17:26";"113";"Sem vítima";"128,044";"BR-116/PR";"Crescente";"Capotamento";2;0;0;0;0;0;0;0;0;0;2;0;0;0;0
"25/04/2024";"02:21:58";"15";"Sem vítima";"10,578";"BR-116/PR";"Decrescente";"Choque";1;0;0;0;0;0;0;0;0;0;1;0;0;0;0
"25/04/2024";"04:18:38";"18";"Com vítima";"131,788";"BR-116/PR";"Crescente";"Queda de moto";0;0;0;1;0;0;0;0;0;0;0;0;1;0;0
"25/04/2024";"02:51:38";"98";"Com vítima";"52,215";"BR-116/PR";"Decrescente";"Colisão lateral no mesmo sentido";2;0;0;0;0;0;0;0;0;0;4;2;0;0;0
"25/04/2024";"03:16:46";"101";"Com vítima";"145,314";"BR-116/PR";"Crescente";"Tombamento";0;0;1;0;0;0;0;0;0;0;0;1;0;0;0
"25/04/2024";"06:52:13";"110";"Sem vítima";"163,301";"BR-116/PR";"Crescente";"Choque";0;0;1;0;0;0;0;0;0;0;1;0;0;0;0
"26/04/2024";"04:16:59";"24";"Com vítima";"250,271";"BR-116/PR";"Decrescente";"Colisão traseira";1;0;0;0;0;0;0;0;0;1;0;2;0;0;0
"26/04/2024";"04:35:09";"28";"Com vítima";"122,300";"BR-116/PR";"Crescente";"Queda de moto";0;0;0;1;0;0;0;0;0;0;1;1;0;0;0
"26/04/2024";"03:19:12";"125";"Com vítima";"164,078";"BR-116/PR";"Decrescente";"Colisão lateral no mesmo sentido";1;0;0;0;0;0;0;0;0;0;1;1;0;0;0
"27/04/2024";"02:00:54";"11";"Com vítima";"297,600";"BR-116/PR";"Crescente";"Tombamento";0;0;1;0;0;0;0;0;0;0;0;1;0;0;0
"27/04/2024";"06:10:25";"43";"Sem vítima";"245,100";"BR-116/PR";"Decrescente";"Colisão lateral no mesmo sentido";1;0;1;0;0;0;0;0;0;0;3;0;0;0;0
"27/04/2024";"08:42:42";"56";"Com vítima";"217,200";"BR-116/PR";"Decrescente";"Atropelamento de ciclista";0;1;0;0;0;0;0;0;0;0;0;0;0;0;0
"28/04/2024";"12:36:32";"57";"Sem vítima";"245,555";"BR-116/PR";"Crescente";"Colisão lateral no mesmo sentido";1;0;0;0;0;0;0;0;0;1;2;0;0;0;0
"28/04/2024";"02:16:22";"68";"Com vítima";"10,700";"BR-116/PR";"Crescente";"Engavetamento";3;0;0;0;0;0;0;0;0;0;3;1;0;0;0
"28/04/2024";"04:32:40";"74";"Sem vítima";"116,615";"BR-116/PR";"Decrescente";"Choque";1;0;0;0;0;0;0;0;0;0;1;0;0;0;0
"28/04/2024";"04:34:07";"75";"Com vítima";"62,852";"BR-116/PR";"Crescente";"Colisão frontal";3;0;0;0;0;0;0;0;0;0;2;0;0;4;2
"28/04/2024";"05:25:15";"76";"Sem vítima";"186,776";"BR-116/PR";"Crescente";"Colisão lateral no mesmo sentido";1;0;0;0;1;0;0;0;0;0;2;0;0;0;0
"28/04/2024";"10:03:59";"9";"Sem vítima";"120,555";"BR-116/PR";"Decrescente";"Saída de pista";1;0;0;0;0;0;0;0;0;0;1;0;0;0;0
"28/04/2024";"11:46:27";"12";"Sem vítima";"107,750";"BR-116/PR";"Decrescente";"Choque";1;0;0;0;0;0;0;0;0;0;1;0;0;0;0
"29/04/2024";"06:50:11";"53";"Sem vítima";"119,100";"BR-116/PR";"Decrescente";"Colisão traseira";2;0;0;0;0;0;0;0;0;0;2;0;0;0;0
"29/04/2024";"08:41:32";"71";"Com vítima";"152,500";"BR-116/PR";"Decrescente";"Colisão lateral no mesmo sentido";0;0;0;1;0;0;0;0;0;0;0;1;0;0;0
"29/04/2024";"08:51:36";"72";"Com vítima";"118,100";"BR-116/PR";"Decrescente";"Queda de moto";0;0;0;1;0;0;0;0;0;0;1;1;0;0;0
"29/04/2024";"12:18:26";"90";"Sem vítima";"130,077";"BR-116/PR";"Decrescente";"Colisão lateral no mesmo sentido";1;0;0;0;0;0;0;0;0;0;1;0;0;0;0
"30/04/2024";"02:50:36";"17";"Com vítima";"126,200";"BR-116/PR";"Crescente";"Colisão lateral no mesmo sentido";1;0;0;1;0;0;0;0;0;0;1;1;0;0;0
"30/04/2024";"08:08:42";"53";"Com vítima";"155,950";"BR-116/PR";"Crescente";"Choque";0;0;1;0;0;0;0;0;0;0;0;1;0;0;0
"30/04/2024";"11:16:58";"90";"Com vítima";"118,300";"BR-116/PR";"Crescente";"Colisão lateral no mesmo sentido";1;0;0;1;0;0;0;0;0;0;1;1;0;0;0
"30/04/2024";"03:43:55";"120";"Com vítima";"5,300";"BR-116/PR";"Crescente";"Atropelamento de ciclista";1;0;0;0;0;0;0;0;0;0;1;1;0;0;0
"30/04/2024";"07:48:37";"133";"Com vítima";"128,474";"BR-116/PR";"Decrescente";"Choque";1;0;0;0;0;0;0;0;0;0;0;1;0;0;0
"30/04/2024";"09:24:02";"7";"Sem vítima";"126,158";"BR-116/PR";"Decrescente";"Colisão traseira";0;0;2;0;0;0;0;0;0;0;2;0;0;0;0
"30/04/2024";"11:55:50";"13";"Sem vítima";"121,076";"BR-116/PR";"Crescente";"Choque";1;0;0;0;0;0;0;0;0;0;1;0;0;0;0
"02/05/2024";"09:33:41";"85";"Sem vítima";"175,100";"BR-116/PR";"Decrescente";"Saída de pista";0;0;0;0;0;1;0;0;0;0;1;0;0;0;0
"02/05/2024";"06:06:03";"124";"Sem vítima";"116,200";"BR-116/PR";"Decrescente";"Colisão lateral no mesmo sentido";1;0;0;0;0;0;0;0;0;0;1;0;0;0;0
"03/05/2024";"07:58:09";"67";"Sem vítima";"12,005";"BR-116/PR";"Crescente";"Tombamento";0;0;1;0;0;0;0;0;0;0;0;0;0;0;0
"03/05/2024";"12:49:46";"92";"Sem vítima";"151,500";"BR-116/PR";"Decrescente";"Engavetamento";2;0;0;0;0;0;0;0;0;0;2;0;0;0;0
"03/05/2024";"02:21:04";"103";"Com vítima";"116,707";"BR-116/PR";"Decrescente";"Colisão traseira";1;0;0;1;0;0;0;0;0;0;1;1;0;0;0
"04/05/2024";"09:41:44";"56";"Com vítima";"146,100";"BR-116/PR";"Decrescente";"Colisão lateral no mesmo sentido";0;0;0;2;0;0;0;0;0;0;0;2;0;0;0
"04/05/2024";"02:27:54";"80";"Sem vítima";"233,160";"BR-116/PR";"Crescente";"Colisão lateral no mesmo sentido";2;0;0;0;0;0;0;0;0;0;2;0;0;0;0
"05/05/2024";"09:22:01";"36";"Com vítima";"169,171";"BR-116/PR";"Decrescente";"Colisão lateral no mesmo sentido";2;0;1;0;0;0;0;0;0;0;0;2;1;1;0
"05/05/2024";"12:53:27";"55";"Com vítima";"235,200";"BR-116/PR";"Decrescente";"Colisão transversal";0;0;0;2;0;0;0;0;0;0;0;1;1;0;0
"05/05/2024";"04:32:36";"83";"Sem vítima";"152,530";"BR-116/PR";"Decrescente";"Colisão transversal";2;0;0;0;0;0;0;0;0;0;2;0;0;0;0
"05/05/2024";"07:15:29";"97";"Com vítima";"143,860";"BR-116/PR";"Crescente";"Colisão frontal";1;0;1;0;0;0;0;0;0;0;0;0;0;1;1
"06/05/2024";"05:05:57";"116";"Com vítima";"210,037";"BR-116/PR";"Crescente";"Colisão transversal";1;0;0;1;0;0;0;0;0;0;1;0;1;0;0
"07/05/2024";"02:02:15";"119";"Sem vítima";"167,200";"BR-116/PR";"Decrescente";"Colisão transversal";1;0;1;0;0;0;0;0;0;0;3;0;0;0;0
"07/05/2024";"04:02:07";"128";"Sem vítima";"116,200";"BR-116/PR";"Decrescente";"Colisão traseira";2;0;0;0;0;0;0;0;0;0;2;0;0;0;0
"07/05/2024";"04:58:18";"130";"Sem vítima";"302,336";"BR-116/PR";"Decrescente";"Saída de pista";0;0;1;0;0;0;0;0;0;0;1;0;0;0;0
"07/05/2024";"05:01:41";"131";"Sem vítima";"120,559";"BR-116/PR";"Crescente";"Colisão lateral no mesmo sentido";1;0;1;0;0;0;0;0;0;0;2;0;0;0;0
"08/05/2024";"06:14:34";"47";"Sem vítima";"120,800";"BR-116/PR";"Crescente";"Colisão traseira";1;0;1;0;0;0;0;0;0;0;2;0;0;0;0
"08/05/2024";"12:12:03";"102";"Com vítima";"131,800";"BR-116/PR";"Decrescente";"Queda de moto";0;0;0;1;0;0;0;0;0;0;0;2;0;0;0
"08/05/2024";"09:14:55";"3";"Com vítima";"123,108";"BR-116/PR";"Crescente";"Choque";1;0;0;0;0;0;0;0;0;0;0;1;0;0;0
"09/05/2024";"04:37:36";"28";"Com vítima";"117,400";"BR-116/PR";"Crescente";"Colisão traseira";0;0;0;1;0;0;0;0;0;0;0;0;1;0;0
"09/05/2024";"03:21:19";"114";"Com vítima";"153,600";"BR-116/PR";"Decrescente";"Colisão lateral no mesmo sentido";1;0;0;1;0;0;0;0;0;0;1;1;0;0;0
"09/05/2024";"06:11:04";"120";"Sem vítima";"134,300";"BR-116/PR";"Crescente";"Saída de pista";1;0;0;0;0;0;0;0;0;0;1;0;0;0;0
"10/05/2024";"09:18:04";"64";"Sem vítima";"129,100";"BR-116/PR";"Decrescente";"Colisão traseira";1;0;1;0;0;0;0;0;0;0;2;0;0;0;0
"10/05/2024";"09:34:36";"66";"Sem vítima";"218,100";"BR-116/PR";"Decrescente";"Saída de pista";0;0;1;0;0;0;0;0;0;0;1;0;0;0;0
"10/05/2024";"10:21:12";"8";"Sem vítima";"139,800";"BR-116/PR";"Crescente";"Choque";1;0;0;0;0;0;0;0;0;0;1;0;0;0;0
"11/05/2024";"09:14:19";"53";"Sem vítima";"23,833";"BR-116/PR";"Decrescente";"Colisão transversal";2;0;0;0;0;0;0;0;0;0;2;0;0;0;0
"11/05/2024";"01:21:37";"77";"Com vítima";"134,900";"BR-116/PR";"Crescente";"Colisão traseira";0;0;0;2;0;0;0;0;0;0;1;1;0;0;0
"11/05/2024";"03:02:08";"84";"Sem vítima";"121,154";"BR-116/PR";"Crescente";"Colisão traseira";2;0;0;0;0;0;0;0;0;0;2;0;0;0;0
"12/05/2024";"01:37:29";"9";"Com vítima";"121,213";"BR-116/PR";"Decrescente";"Colisão traseira";1;0;0;1;0;0;0;0;0;0;1;1;0;0;0
"12/05/2024";"08:33:53";"31";"Sem vítima";"126,456";"BR-116/PR";"Crescente";"Colisão traseira";2;0;0;0;0;0;0;0;0;0;2;0;0;0;0
"12/05/2024";"08:49:17";"33";"Sem vítima";"121,843";"BR-116/PR";"Crescente";"Engavetamento";4;0;0;0;0;0;0;0;0;0;5;0;0;0;0
"12/05/2024";"09:22:59";"35";"Sem vítima";"127,310";"BR-116/PR";"Crescente";"Engavetamento";3;0;0;0;0;0;0;0;0;0;3;0;0;0;0
"12/05/2024";"09:24:02";"36";"Com vítima";"115,400";"BR-116/PR";"Crescente";"Queda de moto";0;0;0;1;0;0;0;0;0;0;0;1;1;0;0
"12/05/2024";"10:11:47";"38";"Com vítima";"121,185";"BR-116/PR";"Decrescente";"Colisão traseira";0;0;0;1;0;0;0;0;0;0;0;2;0;0;0
"12/05/2024";"02:16:31";"66";"Sem vítima";"119,200";"BR-116/PR";"Decrescente";"Colisão lateral no mesmo sentido";1;0;1;0;0;0;0;0;0;0;2;0;0;0;0
"12/05/2024";"04:52:49";"84";"Sem vítima";"125,200";"BR-116/PR";"Decrescente";"Choque";1;0;0;0;0;0;0;0;0;0;1;0;0;0;0
"13/05/2024";"03:41:25";"11";"Sem vítima";"140,100";"BR-116/PR";"Crescente";"Colisão traseira";2;0;0;0;0;0;0;0;0;0;2;0;0;0;0
"13/05/2024";"10:27:20";"66";"Com vítima";"128,500";"BR-116/PR";"Crescente";"Choque";1;0;0;1;0;0;0;0;0;0;1;1;0;0;0
"13/05/2024";"10:42:21";"67";"Com vítima";"116,702";"BR-116/PR";"Crescente";"Engavetamento";2;0;0;0;0;0;0;0;0;0;4;2;0;0;0
"13/05/2024";"02:13:00";"83";"Sem vítima";"128,500";"BR-116/PR";"Decrescente";"Colisão traseira";1;0;0;1;0;0;0;0;0;0;2;0;0;0;0
"13/05/2024";"02:45:05";"85";"Com vítima";"119,162";"BR-116/PR";"Decrescente";"Colisão traseira";1;0;0;1;0;0;0;0;0;0;1;1;0;0;0
"14/05/2024";"04:48:01";"32";"Sem vítima";"120,100";"BR-116/PR";"Crescente";"Colisão traseira";1;0;0;0;0;0;0;0;0;0;1;0;0;0;0
"14/05/2024";"05:03:42";"35";"Sem vítima";"135,100";"BR-116/PR";"Decrescente";"Saída de pista";1;0;0;0;0;0;0;0;0;0;1;0;0;0;0
"14/05/2024";"10:48:29";"83";"Com vítima";"10,300";"BR-116/PR";"Crescente";"Choque";1;0;0;0;0;0;0;0;0;0;2;1;0;0;0
"14/05/2024";"07:09:54";"129";"Sem vítima";"178,100";"BR-116/PR";"Decrescente";"Saída de pista";1;0;0;0;0;0;0;0;0;0;0;0;0;0;0
"15/05/2024";"01:25:25";"9";"Com vítima";"123,500";"BR-116/PR";"Crescente";"Colisão traseira";3;0;0;0;0;0;0;0;0;0;1;3;0;0;0
"15/05/2024";"03:26:06";"12";"Com vítima";"204,400";"BR-116/PR";"Crescente";"Colisão lateral no mesmo sentido";0;0;0;1;0;0;0;0;0;0;2;0;1;0;0
"15/05/2024";"04:20:34";"17";"Com vítima";"124,100";"BR-116/PR";"Crescente";"Colisão lateral no mesmo sentido";1;0;0;1;0;0;0;0;0;0;2;1;0;0;0