data;horario;n_da_ocorrencia;tipo_de_ocorrencia;km;trecho;sentido;tipo_de_acidente;automovel;bicicleta;caminhao;moto;onibus;outros;tracao_animal;transporte_de_cargas_especiais;trator_maquinas;utilitarios;ilesos;levemente_feridos;moderadamente_feridos;gravemente_feridos;mortos
"03/07/2024";"11:07:02";"67";"Sem vítima";"138,800";"BR-116/PR";"Crescente";"Colisão transversal";0;0;1;0;0;0;0;0;0;1;0;0;0;0;0
"03/07/2024";"04:36:56";"115";"Com vítima";"118,200";"BR-116/PR";"Decrescente";"Queda de moto";0;0;0;1;0;0;0;0;0;0;0;1;0;0;0
"03/07/2024";"10:21:56";"8";"Sem vítima";"208,950";"BR-116/PR";"Crescente";"Saída de pista";1;0;0;0;0;0;0;0;0;0;1;0;0;0;0
"04/07/2024";"02:50:00";"11";"Sem vítima";"157,100";"BR-116/PR";"Crescente";"Colisão transversal";0;0;1;0;0;0;0;0;0;0;1;0;0;0;0
"04/07/2024";"06:58:48";"56";"Sem vítima";"115,100";"BR-116/PR";"Crescente";"Colisão transversal";1;0;0;1;0;0;0;0;0;1;4;0;0;0;0
"04/07/2024";"02:05:56";"93";"Com vítima";"115,100";"BR-116/PR";"Decrescente";"Engavetamento";2;0;0;0;0;0;0;0;0;0;2;0;1;0;0
"05/07/2024";"12:12:49";"7";"Com vítima";"139,860";"BR-116/PR";"Decrescente";"Colisão traseira";2;0;0;0;0;0;0;0;0;0;0;2;0;0;0
"05/07/2024";"04:17:46";"25";"Sem vítima";"152,100";"BR-116/PR";"Crescente";"Colisão traseira";0;0;2;0;0;0;0;0;0;0;3;0;0;0;0
"05/07/2024";"05:20:42";"43";"Com vítima";"166,100";"BR-116/PR";"Crescente";"Atropelamento de ciclista";0;1;1;0;0;0;0;0;0;0;1;0;0;0;0
"05/07/2024";"11:24:10";"85";"Com vítima";"246,306";"BR-116/PR";"Decrescente";"Colisão traseira";0;0;1;1;0;0;0;0;0;0;1;1;0;0;0
"05/07/2024";"03:30:29";"101";"Sem vítima";"134,800";"BR-116/PR";"Crescente";"Colisão traseira";1;0;1;0;0;0;0;0;0;0;2;0;0;0;0
"05/07/2024";"05:21:30";"107";"Sem vítima";"236,200";"BR-116/PR";"Decrescente";"Colisão lateral no mesmo sentido";2;0;0;0;0;0;0;0;0;0;2;0;0;0;0
"05/07/2024";"11:27:19";"6";"Sem vítima";"116,570";"BR-116/PR";"Decrescente";"Choque";1;0;0;0;0;0;0;0;0;0;1;0;0;0;0
"06/07/2024";"12:58:43";"43";"Sem vítima";"211,100";"BR-116/PR";"Crescente";"Saída de pista";1;0;0;0;0;0;0;0;0;0;1;0;0;0;0
"06/07/2024";"08:36:04";"67";"Sem vítima";"188,414";"BR-116/PR";"Crescente";"Saída de pista";1;0;0;0;0;0;0;0;0;0;1;0;0;0;0
"07/07/2024";"10:34:41";"38";"Sem vítima";"210,100";"BR-116/PR";"Decrescente";"Tombamento";0;0;1;0;0;0;0;0;0;0;1;0;0;0;0
"07/07/2024";"12:23:48";"48";"Com vítima";"211,026";"BR-116/PR";"Decrescente";"Capotamento";1;0;0;0;0;0;0;0;0;0;0;1;1;0;0
"07/07/2024";"03:49:07";"68";"Sem vítima";"13,500";"BR-116/PR";"Crescente";"Saída de pista";1;0;0;0;0;0;0;0;0;0;1;0;0;0;0
"07/07/2024";"05:03:36";"74";"Com vítima";"205,625";"BR-116/PR";"Decrescente";"Saída de pista";1;0;0;0;0;0;0;0;0;0;1;1;0;0;0
"07/07/2024";"06:23:31";"77";"Sem vítima";"194,238";"BR-116/PR";"Decrescente";"Choque";0;0;1;0;0;0;0;0;0;0;1;0;0;0;0
"07/07/2024";"09:10:37";"6";"Sem vítima";"146,100";"BR-116/PR";"Decrescente";"Choque";1;0;0;0;0;0;0;0;0;0;1;0;0;0;0
"08/07/2024";"02:44:01";"14";"Sem vítima";"197,486";"BR-116/PR";"Decrescente";"Choque";1;0;0;0;0;0;0;0;0;0;4;0;0;0;0
"08/07/2024";"06:13:34";"48";"Sem vítima";"11,800";"BR-116/PR";"Crescente";"Colisão transversal";1;0;1;0;0;0;0;0;0;0;2;0;0;0;0
"08/07/2024";"06:14:35";"50";"Com vítima";"221,100";"BR-116/PR";"Decrescente";"Colisão lateral no mesmo sentido";1;0;0;0;0;0;0;0;0;1;1;1;0;0;0
"08/07/2024";"09:43:52";"60";"Com vítima";"170,988";"BR-116/PR";"Decrescente";"Engavetamento";0;0;2;0;0;0;0;0;0;0;1;1;1;0;0
"08/07/2024";"02:32:55";"83";"Com vítima";"238,141";"BR-116/PR";"Crescente";"Saída de pista";1;0;0;0;0;0;0;0;0;0;0;1;0;1;0
"09/07/2024";"04:44:54";"19";"Com vítima";"115,100";"BR-116/PR";"Crescente";"Capotamento";1;0;0;0;0;0;0;0;0;0;0;1;0;0;0
"09/07/2024";"07:17:11";"94";"Sem vítima";"133,750";"BR-116/PR";"Crescente";"Colisão frontal";1;0;1;0;0;0;0;0;0;0;2;0;0;0;0
"10/07/2024";"11:26:57";"80";"Sem vítima";"92,100";"BR-116/PR";"Crescente";"Saída de pista";1;0;0;0;0;0;0;0;0;0;6;0;0;0;0
"10/07/2024";"04:13:09";"121";"Com vítima";"152,532";"BR-116/PR";"Decrescente";"Colisão transversal";1;0;0;1;0;0;0;0;0;0;1;1;0;0;0
"10/07/2024";"04:32:55";"123";"Sem vítima";"126,139";"BR-116/PR";"Crescente";"Colisão transversal";1;0;0;0;0;0;0;0;0;0;4;0;0;0;0
"10/07/2024";"08:53:22";"135";"Sem vítima";"168,163";"BR-116/PR";"Crescente";"Tombamento";0;0;1;0;0;0;0;0;0;0;3;0;0;0;0
"10/07/2024";"11:39:26";"6";"Sem vítima";"119,112";"BR-116/PR";"Decrescente";"Choque";1;0;0;0;0;0;0;0;0;0;1;0;0;0;0
"11/07/2024";"05:25:13";"35";"Sem vítima";"161,950";"BR-116/PR";"Decrescente";"Choque";1;0;0;0;0;0;0;0;0;0;3;0;0;0;0
"11/07/2024";"02:17:45";"91";"Sem vítima";"126,200";"BR-116/PR";"Decrescente";"Colisão traseira";1;0;0;0;0;0;0;0;0;0;6;0;0;0;0
"11/07/2024";"02:23:51";"92";"Sem vítima";"4,200";"BR-116/PR";"Crescente";"Colisão lateral no mesmo sentido";1;0;1;0;0;0;0;0;0;0;6;0;0;0;0
"12/07/2024";"02:27:09";"11";"Sem vítima";"130,900";"BR-116/PR";"Decrescente";"Queda de moto";0;0;0;1;0;0;0;0;0;0;1;0;0;0;0
"12/07/2024";"10:51:20";"63";"Sem vítima";"140,400";"BR-116/PR";"Decrescente";"Colisão traseira";1;0;0;0;0;0;0;0;0;0;2;0;0;0;0
"12/07/2024";"06:18:31";"108";"Sem vítima";"166,500";"BR-116/PR";"Crescente";"Saída de pista";1;0;0;0;0;0;0;0;0;0;2;0;0;0;0
"12/07/2024";"08:09:02";"115";"Sem vítima";"141,157";"BR-116/PR";"Crescente";"Colisão traseira";0;0;2;0;0;0;0;0;0;0;2;0;0;0;0
"13/07/2024";"12:16:45";"7";"Sem vítima";"117,098";"BR-116/PR";"Decrescente";"Saída de pista";1;0;0;0;0;0;0;0;0;0;1;0;0;0;0
"13/07/2024";"02:35:46";"64";"Com vítima";"5,800";"BR-116/PR";"Decrescente";"Colisão transversal";2;0;0;0;0;0;0;0;0;0;1;1;0;0;0
"14/07/2024";"12:34:18";"10";"Sem vítima";"155,239";"BR-116/PR";"Decrescente";"Choque";1;0;0;0;0;0;0;0;0;0;1;0;0;0;0
"14/07/2024";"05:21:10";"21";"Sem vítima";"139,900";"BR-116/PR";"Decrescente";"Colisão traseira";2;0;0;0;0;0;0;0;0;0;2;0;0;0;0
"14/07/2024";"06:12:04";"26";"Com vítima";"116,400";"BR-116/PR";"Decrescente";"Capotamento";1;0;0;0;0;0;0;0;0;0;2;1;0;0;0
"14/07/2024";"07:59:12";"36";"Sem vítima";"11,200";"BR-116/PR";"Crescente";"Choque";1;0;0;0;0;0;0;0;0;0;1;0;0;0;0
"14/07/2024";"02:01:08";"67";"Sem vítima";"126,200";"BR-116/PR";"Decrescente";"Engavetamento";6;0;0;0;0;0;0;0;0;0;6;0;0;0;0
"14/07/2024";"07:55:55";"105";"Sem vítima";"126,251";"BR-116/PR";"Decrescente";"Colisão traseira";0;0;0;0;0;0;0;0;0;1;4;0;0;0;0
"14/07/2024";"10:46:31";"7";"Com vítima";"151,360";"BR-116/PR";"Decrescente";"Queda de moto";0;0;0;1;0;0;0;0;0;0;0;1;0;0;0
"15/07/2024";"09:50:13";"57";"Com vítima";"122,075";"BR-116/PR";"Decrescente";"Choque";1;0;0;0;0;0;0;0;0;0;0;2;0;0;0
"15/07/2024";"10:18:09";"61";"Sem vítima";"12,200";"BR-116/PR";"Decrescente";"Colisão lateral no mesmo sentido";2;0;0;0;0;0;0;0;0;0;2;0;0;0;0
"15/07/2024";"06:33:03";"90";"Sem vítima";"299,293";"BR-116/PR";"Crescente";"Atropelamento de animal";0;0;1;0;0;0;0;0;0;0;1;0;0;0;0
"16/07/2024";"02:26:25";"12";"Com vítima";"91,200";"BR-116/PR";"Crescente";"Saída de pista";0;0;1;0;0;0;0;0;0;0;0;1;0;0;0
"16/07/2024";"10:01:23";"64";"Sem vítima";"126,120";"BR-116/PR";"Crescente";"Colisão traseira";1;0;0;0;0;0;0;0;0;0;5;0;0;0;0
"16/07/2024";"02:36:34";"93";"Sem vítima";"138,824";"BR-116/PR";"Crescente";"Colisão frontal";2;0;0;0;0;0;0;0;0;0;2;0;0;0;0
"16/07/2024";"04:02:16";"101";"Sem vítima";"132,984";"BR-116/PR";"Decrescente";"Colisão lateral no mesmo sentido";2;0;0;0;0;0;0;0;0;0;2;0;0;0;0
"17/07/2024";"05:58:43";"45";"Sem vítima";"2,200";"BR-116/PR";"Decrescente";"Colisão transversal";2;0;0;0;0;0;0;0;0;0;2;0;0;0;0
"17/07/2024";"08:40:05";"53";"Com vítima";"124,200";"BR-116/PR";"Crescente";"Colisão lateral no mesmo sentido";0;0;2;0;0;0;0;0;0;0;1;1;0;0;0
"17/07/2024";"01:05:02";"72";"Com vítima";"152,500";"BR-116/PR";"Crescente";"Colisão transversal";1;0;0;0;0;0;0;0;0;0;1;1;0;0;0
"17/07/2024";"02:53:01";"85";"Com vítima";"152,500";"BR-116/PR";"Crescente";"Colisão transversal";1;0;0;0;0;0;0;0;0;0;2;1;0;0;0
"18/07/2024";"03:13:59";"20";"Com vítima";"187,700";"BR-116/PR";"Decrescente";"Colisão frontal";1;0;0;0;0;0;0;0;0;0;1;1;1;1;1
"18/07/2024";"03:58:17";"23";"Com vítima";"126,100";"BR-116/PR";"Crescente";"Colisão traseira";2;0;0;0;0;0;0;0;0;0;1;0;1;0;0
"18/07/2024";"04:25:36";"108";"Sem vítima";"140,875";"BR-116/PR";"Decrescente";"Colisão transversal";1;0;0;0;0;0;0;0;0;1;2;0;0;0;0
"18/07/2024";"04:43:16";"109";"Com vítima";"163,587";"BR-116/PR";"Decrescente";"Atropelamento de pedestre";1;0;0;1;0;0;0;0;0;0;1;0;0;0;1
"18/07/2024";"08:08:33";"117";"Sem vítima";"134,400";"BR-116/PR";"Decrescente";"Colisão traseira";1;0;1;0;0;0;0;0;0;0;6;0;0;0;0
"18/07/2024";"09:59:43";"8";"Com vítima";"118,507";"BR-116/PR";"Decrescente";"Colisão traseira";1;0;0;0;0;0;0;0;0;0;1;1;1;0;0
"19/07/2024";"03:13:32";"14";"Sem vítima";"4,500";"BR-116/PR";"Crescente";"Choque";1;0;0;0;0;0;0;0;0;0;1;0;0;0;0
"19/07/2024";"07:45:25";"60";"Com vítima";"119,200";"BR-116/PR";"Crescente";"Queda de moto";0;0;0;1;0;0;0;0;0;0;0;1;0;0;0
"19/07/2024";"08:00:05";"64";"Sem vítima";"123,200";"BR-116/PR";"Crescente";"Colisão traseira";1;0;0;1;0;0;0;0;0;0;2;0;0;0;0
"19/07/2024";"09:03:14";"68";"Com vítima";"120,779";"BR-116/PR";"Crescente";"Colisão traseira";1;0;0;0;0;0;0;0;0;0;1;0;1;0;0
"19/07/2024";"02:16:39";"104";"Sem vítima";"210,200";"BR-116/PR";"Decrescente";"Colisão transversal";2;0;0;0;0;0;0;0;0;0;2;0;0;0;0
"19/07/2024";"10:54:50";"10";"Sem vítima";"207,200";"BR-116/PR";"Decrescente";"Saída de pista";1;0;0;0;0;0;0;0;0;0;0;0;0;0;0
"20/07/2024";"04:11:47";"18";"Com vítima";"184,600";"BR-116/PR";"Crescente";"Tombamento";0;0;1;0;0;0;0;0;0;0;0;1;0;0;0
"20/07/2024";"07:55:21";"45";"Sem vítima";"0,100";"BR-116/PR";"Decrescente";"Colisão traseira";3;0;0;0;0;0;0;0;0;0;3;0;0;0;0
"20/07/2024";"10:29:46";"60";"Com vítima";"266,100";"BR-116/PR";"Decrescente";"Saída de pista";0;0;0;1;0;0;0;0;0;0;0;0;1;0;0
"20/07/2024";"03:38:11";"91";"Com vítima";"116,700";"BR-116/PR";"Decrescente";"Queda de moto";0;0;0;1;0;0;0;0;0;0;0;1;0;1;0
"21/07/2024";"04:58:10";"68";"Sem vítima";"177,950";"BR-116/PR";"Crescente";"Colisão transversal";2;0;0;0;0;0;0;0;0;0;2;0;0;0;0
"21/07/2024";"05:26:18";"72";"Sem vítima";"153,100";"BR-116/PR";"Decrescente";"Colisão frontal";2;0;0;0;0;0;0;0;0;0;1;0;0;0;0
"22/07/2024";"05:31:59";"47";"Sem vítima";"125,200";"BR-116/PR";"Decrescente";"Colisão traseira";1;0;0;0;0;0;0;0;0;0;1;0;0;0;0
"22/07/2024";"07:26:07";"58";"Com vítima";"107,010";"BR-116/PR";"Crescente";"Queda de moto";0;0;0;1;0;0;0;0;0;0;0;0;1;0;0
"22/07/2024";"10:46:01";"68";"Com vítima";"245,800";"BR-116/PR";"Decrescente";"Colisão transversal";2;0;0;0;0;0;0;0;0;0;4;1;0;0;0
"22/07/2024";"02:17:23";"89";"Sem vítima";"118,175";"BR-116/PR";"Decrescente";"Colisão traseira";2;0;0;0;0;0;0;0;0;0;2;0;0;0;0
"24/07/2024";"03:47:23";"26";"Com vítima";"124,950";"BR-116/PR";"Crescente";"Colisão traseira";0;0;0;1;0;0;0;0;0;1;1;0;1;0;0
"24/07/2024";"04:43:31";"32";"Com vítima";"127,600";"BR-116/PR";"Crescente";"Colisão lateral no mesmo sentido";0;0;1;2;0;0;0;0;0;0;2;0;1;0;0
"24/07/2024";"04:29:00";"110";"Com vítima";"125,780";"BR-116/PR";"Decrescente";"Colisão transversal";0;0;1;0;0;0;0;0;0;1;1;2;0;0;0
"24/07/2024";"06:25:47";"117";"Sem vítima";"125,785";"BR-116/PR";"Crescente";"Colisão transversal";1;0;1;0;0;0;0;0;0;0;2;0;0;0;0
"25/07/2024";"08:12:08";"59";"Com vítima";"122,250";"BR-116/PR";"Crescente";"Colisão lateral no mesmo sentido";0;0;1;1;0;0;0;0;0;0;1;1;0;0;0
"25/07/2024";"11:22:32";"74";"Sem vítima";"126,631";"BR-116/PR";"Crescente";"Colisão traseira";1;0;0;0;0;0;0;0;0;0;1;0;0;0;0
"25/07/2024";"04:44:12";"105";"Com vítima";"139,620";"BR-116/PR";"Crescente";"Colisão frontal";2;0;0;0;0;0;0;0;0;0;0;0;0;2;1
"26/07/2024";"04:10:32";"25";"Sem vítima";"117,100";"BR-116/PR";"Crescente";"Colisão frontal";1;0;0;1;0;0;0;0;0;0;2;0;0;0;0
"26/07/2024";"10:53:08";"81";"Com vítima";"133,100";"BR-116/PR";"Decrescente";"Queda de moto";0;0;0;1;0;0;0;0;0;0;0;1;0;0;0
"26/07/2024";"02:12:37";"108";"Com vítima";"118,228";"BR-116/PR";"Decrescente";"Colisão traseira";1;0;0;1;0;0;0;0;0;0;1;0;2;0;0
"26/07/2024";"02:23:26";"110";"Sem vítima";"3,900";"BR-116/PR";"Crescente";"Colisão transversal";2;0;0;0;0;0;0;0;0;0;2;0;0;0;0
"26/07/2024";"02:51:16";"113";"Com vítima";"149,850";"BR-116/PR";"Decrescente";"Atropelamento de pedestre";0;0;0;0;0;0;0;0;0;0;0;1;0;0;0
"26/07/2024";"06:48:25";"140";"Com vítima";"206,800";"BR-116/PR";"Crescente";"Atropelamento de animal";0;0;0;1;0;0;0;0;0;0;0;1;0;0;0
"26/07/2024";"11:46:31";"4";"Sem vítima";"134,250";"BR-116/PR";"Decrescente";"Colisão traseira";0;0;0;2;0;0;0;0;0;0;3;0;0;0;0
"27/07/2024";"09:59:45";"48";"Sem vítima";"115,200";"BR-116/PR";"Decrescente";"Queda de moto";0;0;0;1;0;0;0;0;0;0;1;0;0;0;0
"27/07/2024";"12:16:40";"61";"Com vítima";"122,100";"BR-116/PR";"Decrescente";"Colisão traseira";1;0;0;1;0;0;0;0;0;0;1;0;1;0;0
"27/07/2024";"03:30:53";"83";"Sem vítima";"190,619";"BR-116/PR";"Crescente";"Atropelamento de animal";1;0;0;0;0;0;0;0;0;0;2;0;0;0;0
"27/07/2024";"04:59:14";"88";"Com vítima";"164,375";"BR-116/PR";"Decrescente";"Choque";1;0;0;0;0;0;0;0;0;0;0;0;0;1;0
"27/07/2024";"10:18:21";"5";"Sem vítima";"131,283";"BR-116/PR";"Decrescente";"Queda de moto";0;0;0;1;0;0;0;0;0;0;0;0;0;0;0
"28/07/2024";"04:38:01";"16";"Sem vítima";"244,111";"BR-116/PR";"Crescente";"Saída de pista";1;0;0;0;0;0;0;0;0;0;3;0;0;0;0
"28/07/2024";"05:44:03";"21";"Com vítima";"130,100";"BR-116/PR";"Crescente";"Colisão lateral no mesmo sentido";2;0;0;0;0;0;0;0;0;0;1;1;0;0;0
"28/07/2024";"11:26:21";"43";"Sem vítima";"68,015";"BR-116/PR";"Decrescente";"Colisão lateral no mesmo sentido";2;0;0;0;0;0;0;0;0;0;2;0;0;0;0
"28/07/2024";"12:32:58";"50";"Sem vítima";"116,900";"BR-116/PR";"Decrescente";"Choque";1;0;0;0;0;0;0;0;0;0;1;0;0;0;0
"28/07/2024";"01:11:41";"57";"Sem vítima";"63,100";"BR-116/PR";"Crescente";"Colisão traseira";1;0;0;0;0;0;0;0;0;0;1;0;0;0;0
"28/07/2024";"07:13:02";"87";"Com vítima";"113,200";"BR-116/PR";"Decrescente";"Capotamento";1;0;0;0;0;0;0;0;0;0;0;2;0;0;0
"28/07/2024";"08:54:58";"93";"Sem vítima";"215,994";"BR-116/PR";"Crescente";"Choque";1;0;0;0;0;0;0;0;0;0;1;0;0;0;0
"29/07/2024";"04:02:26";"15";"Com vítima";"116,600";"BR-116/PR";"Crescente";"Colisão traseira";1;0;0;1;0;0;0;0;0;0;1;1;0;0;0
"29/07/2024";"04:52:57";"25";"Com vítima";"116,600";"BR-116/PR";"Crescente";"Queda de moto";0;0;0;1;0;0;0;0;0;0;0;1;0;0;0
"29/07/2024";"11:57:20";"59";"Com vítima";"211,500";"BR-116/PR";"Decrescente";"Tombamento";0;0;1;0;0;0;0;0;0;0;0;1;1;0;1
"30/07/2024";"04:54:29";"24";"Sem vítima";"57,100";"BR-116/PR";"Decrescente";"Capotamento";1;0;0;0;0;0;0;0;0;0;3;0;0;0;0
"30/07/2024";"02:39:58";"86";"Sem vítima";"121,300";"BR-116/PR";"Crescente";"Engavetamento";3;0;0;1;0;0;0;0;0;0;4;0;0;0;0
"31/07/2024";"03:59:44";"17";"Sem vítima";"209,100";"BR-116/PR";"Decrescente";"Choque";1;0;0;0;0;0;0;0;0;0;1;0;0;0;0
"31/07/2024";"01:50:09";"86";"Com vítima";"152,100";"BR-116/PR";"Decrescente";"Colisão transversal";1;0;0;0;0;0;0;0;0;0;1;1;0;0;0
"01/08/2024";"01:33:08";"82";"Sem vítima";"152,900";"BR-116/PR";"Decrescente";"Colisão lateral no mesmo sentido";1;0;1;0;0;0;0;0;0;1;3;0;0;0;0
"01/08/2024";"08:04:57";"119";"Com vítima";"251,023";"BR-116/PR";"Crescente";"Colisão frontal";1;0;1;0;0;0;0;0;0;0;1;1;0;0;0
"02/08/2024";"05:37:20";"45";"Com vítima";"139,900";"BR-116/PR";"Decrescente";"Colisão frontal";1;0;0;0;0;0;0;0;0;0;0;1;0;1;0
"02/08/2024";"09:10:00";"67";"Com vítima";"121,714";"BR-116/PR";"Crescente";"Colisão lateral no mesmo sentido";0;0;0;1;0;0;0;0;0;0;0;1;0;0;0
"02/08/2024";"11:42:04";"78";"Sem vítima";"267,700";"BR-116/PR";"Crescente";"Colisão transversal";0;0;1;0;0;0;0;0;0;1;2;0;0;0;0
"02/08/2024";"02:15:07";"99";"Com vítima";"115,300";"BR-116/PR";"Decrescente";"Colisão transversal";1;0;0;1;0;0;0;0;0;0;1;1;0;0;0
"02/08/2024";"03:51:06";"105";"Sem vítima";"136,950";"BR-116/PR";"Crescente";"Saída de pista";1;0;0;0;0;0;0;0;0;0;1;0;0;0;0
"03/08/2024";"12:25:25";"5";"Sem vítima";"201,046";"BR-116/PR";"Crescente";"Saída de pista";0;0;1;0;0;0;0;0;0;0;1;0;0;0;0
"03/08/2024";"05:01:31";"30";"Sem vítima";"91,500";"BR-116/PR";"Decrescente";"Colisão lateral no mesmo sentido";2;0;0;0;0;0;0;0;0;0;2;0;0;0;0
"03/08/2024";"04:53:54";"101";"Com vítima";"65,486";"BR-116/PR";"Crescente";"Saída de pista";1;0;0;0;0;0;0;0;0;0;0;2;0;0;0
"04/08/2024";"03:38:33";"52";"Com vítima";"73,726";"BR-116/PR";"Crescente";"Colisão transversal";2;0;0;0;0;0;0;0;0;0;0;3;0;0;0
"05/08/2024";"11:03:18";"54";"Com vítima";"139,100";"BR-116/PR";"Decrescente";"Colisão lateral no mesmo sentido";2;0;0;0;0;0;0;0;0;0;0;2;0;0;0
"05/08/2024";"03:47:42";"84";"Com vítima";"115,100";"BR-116/PR";"Crescente";"Colisão traseira";1;0;1;1;0;0;0;0;0;0;2;1;0;0;0
"06/08/2024";"12:50:41";"9";"Sem vítima";"122,800";"BR-116/PR";"Decrescente";"Choque";1;0;0;0;0;0;0;0;0;0;1;0;0;0;0
"06/08/2024";"08:52:59";"58";"Sem vítima";"12,300";"BR-116/PR";"Crescente";"Colisão transversal";2;0;0;0;0;0;0;0;0;0;2;0;0;0;0
"06/08/2024";"03:42:35";"84";"Sem vítima";"118,644";"BR-116/PR";"Decrescente";"Engavetamento";3;0;0;0;0;0;0;0;0;0;3;0;0;0;0
"07/08/2024";"08:42:14";"61";"Sem vítima";"123,300";"BR-116/PR";"Decrescente";"Engavetamento";3;0;0;0;0;0;0;0;0;0;3;0;0;0;0
"07/08/2024";"12:15:45";"86";"Com vítima";"121,180";"BR-116/PR";"Decrescente";"Queda de moto";0;0;0;1;0;0;0;0;0;0;0;1;0;0;0
"08/08/2024";"04:23:07";"26";"Com vítima";"116,300";"BR-116/PR";"Crescente";"Colisão lateral no mesmo sentido";1;0;0;1;0;0;0;0;0;0;1;1;0;0;0
"08/08/2024";"10:26:55";"64";"Sem vítima";"130,011";"BR-116/PR";"Crescente";"Colisão lateral no mesmo sentido";1;0;0;1;0;0;0;0;0;0;2;0;0;0;0
"08/08/2024";"10:14:54";"4";"Com vítima";"245,393";"BR-116/PR";"Decrescente";"Queda de moto";0;0;0;1;0;0;0;0;0;0;0;0;0;1;0
"09/08/2024";"04:09:08";"17";"Sem vítima";"6,100";"BR-116/PR";"Crescente";"Colisão lateral no mesmo sentido";2;0;0;0;0;0;0;0;0;0;2;0;0;0;0
"09/08/2024";"08:18:29";"58";"Com vítima";"308,850";"BR-116/PR";"Crescente";"Tombamento";0;0;1;0;0;0;0;0;0;0;0;0;1;0;0
"09/08/2024";"02:56:00";"98";"Com vítima";"117,588";"BR-116/PR";"Decrescente";"Engavetamento";0;0;0;2;0;0;0;0;0;0;1;0;0;0;1
"10/08/2024";"06:57:30";"24";"Sem vítima";"3,500";"BR-116/PR";"Decrescente";"Colisão transversal";2;0;0;0;0;0;0;0;0;0;2;0;0;0;0
"10/08/2024";"11:16:55";"40";"Com vítima";"56,200";"BR-116/PR";"Decrescente";"Queda de moto";0;0;0;1;0;0;0;0;0;0;0;1;0;0;0
"10/08/2024";"08:07:00";"74";"Sem vítima";"134,356";"BR-116/PR";"Decrescente";"Choque";2;0;0;0;0;0;0;0;0;0;6;0;0;0;0
"11/08/2024";"03:25:26";"9";"Com vítima";"225,450";"BR-116/PR";"Decrescente";"Tombamento";0;0;1;0;0;0;0;0;0;0;0;0;0;1;0
"11/08/2024";"01:05:57";"46";"Com vítima";"116,500";"BR-116/PR";"Decrescente";"Queda de moto";0;0;0;1;0;0;0;0;0;0;1;1;0;0;0
"11/08/2024";"02:16:00";"53";"Com vítima";"7,500";"BR-116/PR";"Decrescente";"Colisão transversal";1;0;0;0;0;0;0;0;0;0;2;1;0;0;0
"11/08/2024";"02:29:23";"54";"Sem vítima";"166,137";"BR-116/PR";"Decrescente";"Colisão transversal";2;0;0;0;0;0;0;0;0;0;2;0;0;0;0
"11/08/2024";"03:11:59";"60";"Sem vítima";"115,125";"BR-116/PR";"Decrescente";"Colisão lateral no mesmo sentido";1;0;0;1;0;0;0;0;0;0;2;0;0;0;0
"11/08/2024";"03:37:13";"63";"Sem vítima";"164,697";"BR-116/PR";"Decrescente";"Colisão lateral no mesmo sentido";2;0;0;0;0;0;0;0;0;0;2;0;0;0;0
"11/08/2024";"03:38:00";"64";"Sem vítima";"152,400";"BR-116/PR";"Decrescente";"Colisão transversal";2;0;0;0;0;0;0;0;0;0;2;0;0;0;0
"12/08/2024";"12:01:00";"6";"Com vítima";"254,817";"BR-116/PR";"Decrescente";"Colisão transversal";1;0;1;0;0;0;0;0;0;0;1;1;0;0;1
"12/08/2024";"12:01:06";"6";"Com vítima";"254,817";"BR-116/PR";"Decrescente";"Colisão transversal";1;0;1;0;0;0;0;0;0;0;1;1;0;0;1
"12/08/2024";"06:55:00";"122";"Sem vítima";"165,389";"BR-116/PR";"Decrescente";"Choque";1;0;0;0;0;0;0;0;0;0;1;0;0;0;0
"13/08/2024";"03:29:00";"10";"Sem vítima";"245,600";"BR-116/PR";"Crescente";"Colisão transversal";1;0;1;0;0;0;0;0;0;0;2;0;0;0;0
"13/08/2024";"03:47:20";"11";"Com vítima";"115,900";"BR-116/PR";"Decrescente";"Colisão lateral no mesmo sentido";2;0;0;1;0;0;0;0;0;0;2;0;1;0;0
"13/08/2024";"02:47:50";"100";"Com vítima";"17,099";"BR-116/PR";"Decrescente";"Acidentes de outra natureza";3;0;0;0;0;0;0;0;0;0;2;1;0;0;0
"13/08/2024";"06:57:42";"117";"Com vítima";"115,800";"BR-116/PR";"Decrescente";"Colisão traseira";0;0;0;1;0;0;0;0;0;0;0;1;0;0;0