data;horario;n_da_ocorrencia;tipo_de_ocorrencia;km;trecho;sentido;tipo_de_acidente;automovel;bicicleta;caminhao;moto;onibus;outros;tracao_animal;transporte_de_cargas_especiais;trator_maquinas;utilitarios;ilesos;levemente_feridos;moderadamente_feridos;gravemente_feridos;mortos
"13/08/2024";"07:52:00";"120";"Sem vítima";"116,700";"BR-116/PR";"Decrescente";"Colisão traseira";1;0;0;1;0;0;0;0;0;0;2;0;0;0;0
"14/08/2024";"12:57:08";"7";"Com vítima";"199,800";"BR-116/PR";"Crescente";"Colisão frontal";1;0;0;0;0;0;0;0;0;1;1;1;0;0;0
"14/08/2024";"01:32:05";"9";"Sem vítima";"95,200";"BR-116/PR";"Decrescente";"Saída de pista";0;0;1;0;0;0;0;0;0;0;1;0;0;0;0
"14/08/2024";"03:16:37";"11";"Sem vítima";"91,500";"BR-116/PR";"Crescente";"Tombamento";0;0;1;0;0;0;0;0;0;0;1;0;0;0;0
"14/08/2024";"04:40:00";"19";"Com vítima";"127,551";"BR-116/PR";"Crescente";"Colisão traseira";1;0;0;1;0;0;0;0;0;0;1;1;0;0;0
"14/08/2024";"05:22:45";"25";"Sem vítima";"126,349";"BR-116/PR";"Crescente";"Colisão traseira";1;0;0;1;0;0;0;0;0;0;2;0;0;0;0
"14/08/2024";"06:19:25";"35";"Sem vítima";"120,650";"BR-116/PR";"Crescente";"Colisão traseira";2;0;0;0;0;0;0;0;0;0;2;0;0;0;0
"14/08/2024";"06:26:00";"36";"Sem vítima";"126,350";"BR-116/PR";"Crescente";"Colisão traseira";2;0;0;0;0;0;0;0;0;0;2;0;0;0;0
"14/08/2024";"09:17:30";"80";"Com vítima";"247,900";"BR-116/PR";"Decrescente";"Colisão lateral no mesmo sentido";2;0;0;0;0;0;0;0;0;0;1;1;0;0;0
"14/08/2024";"02:44:01";"112";"Sem vítima";"145,200";"BR-116/PR";"Decrescente";"Colisão traseira";2;0;0;0;0;0;0;0;0;0;2;0;0;0;0
"14/08/2024";"03:57:00";"115";"Sem vítima";"211,880";"BR-116/PR";"Crescente";"Choque";0;0;1;0;0;0;0;0;0;0;1;0;0;0;0
"14/08/2024";"09:20:32";"4";"Sem vítima";"165,625";"BR-116/PR";"Crescente";"Colisão traseira";2;0;0;0;0;0;0;0;0;0;2;0;0;0;0
"15/08/2024";"10:20:00";"78";"Com vítima";"118,900";"BR-116/PR";"Decrescente";"Choque";0;0;1;1;0;0;0;0;0;0;1;1;0;0;0
"15/08/2024";"02:17:14";"103";"Com vítima";"165,104";"BR-116/PR";"Decrescente";"Tombamento";0;0;1;0;0;0;0;0;0;0;0;1;0;0;0
"15/08/2024";"07:00:03";"127";"Com vítima";"126,150";"BR-116/PR";"Decrescente";"Engavetamento";1;0;1;0;0;0;0;0;0;1;3;1;0;0;0
"16/08/2024";"11:04:03";"75";"Sem vítima";"267,500";"BR-116/PR";"Decrescente";"Colisão lateral no mesmo sentido";1;0;0;0;0;0;0;0;0;0;1;0;0;0;0
"16/08/2024";"11:51:08";"80";"Sem vítima";"161,200";"BR-116/PR";"Crescente";"Colisão lateral no mesmo sentido";0;0;1;0;0;0;0;0;0;0;1;0;0;0;0
"16/08/2024";"06:40:58";"120";"Sem vítima";"200,675";"BR-116/PR";"Decrescente";"Atropelamento de animal";0;0;1;0;0;0;0;0;0;0;1;0;0;0;0
"16/08/2024";"08:18:37";"124";"Sem vítima";"84,769";"BR-116/PR";"Crescente";"Saída de pista";0;0;1;0;0;0;0;0;0;0;1;0;0;0;0
"16/08/2024";"08:52:45";"127";"Sem vítima";"142,300";"BR-116/PR";"Crescente";"Colisão traseira";1;0;0;0;0;0;0;0;0;0;2;0;0;0;0
"17/08/2024";"02:19:00";"81";"Sem vítima";"143,300";"BR-116/PR";"Decrescente";"Colisão traseira";1;0;0;0;0;0;0;0;0;0;2;0;0;0;0
"18/08/2024";"05:48:54";"23";"Com vítima";"139,255";"BR-116/PR";"Decrescente";"Colisão traseira";1;0;0;1;0;0;0;0;0;0;1;1;0;0;0
"18/08/2024";"07:35:32";"31";"Com vítima";"116,700";"BR-116/PR";"Decrescente";"Colisão lateral no mesmo sentido";0;0;0;1;0;0;0;0;0;0;0;2;0;0;0
"18/08/2024";"02:18:26";"81";"Sem vítima";"152,431";"BR-116/PR";"Crescente";"Colisão lateral no mesmo sentido";2;0;0;0;0;0;0;0;0;0;2;0;0;0;0
"18/08/2024";"03:35:53";"88";"Sem vítima";"152,431";"BR-116/PR";"Decrescente";"Colisão traseira";2;0;0;0;0;0;0;0;0;0;2;0;0;0;0
"19/08/2024";"04:49:00";"29";"Com vítima";"116,276";"BR-116/PR";"Crescente";"Colisão lateral no mesmo sentido";0;0;0;1;0;0;0;0;0;0;0;1;0;0;0
"19/08/2024";"02:27:54";"115";"Com vítima";"241,526";"BR-116/PR";"Decrescente";"Capotamento";1;0;0;0;0;0;0;0;0;0;0;0;1;0;0
"20/08/2024";"04:32:45";"15";"Com vítima";"125,200";"BR-116/PR";"Crescente";"Colisão traseira";1;0;0;1;0;0;0;0;0;0;1;1;0;0;0
"20/08/2024";"05:32:57";"29";"Sem vítima";"193,800";"BR-116/PR";"Decrescente";"Saída de pista";1;0;0;0;0;0;0;0;0;0;1;0;0;0;0
"20/08/2024";"09:18:47";"64";"Com vítima";"155,200";"BR-116/PR";"Decrescente";"Colisão frontal";2;0;1;0;0;0;0;0;0;0;2;4;0;0;0
"20/08/2024";"03:57:26";"98";"Com vítima";"141,477";"BR-116/PR";"Decrescente";"Atropelamento de pedestre";0;0;0;0;0;0;0;0;0;1;1;0;0;0;1
"20/08/2024";"04:31:38";"101";"Com vítima";"141,100";"BR-116/PR";"Decrescente";"Colisão lateral no mesmo sentido";1;0;0;1;0;0;0;0;0;0;1;1;0;0;0
"21/08/2024";"03:52:27";"9";"Sem vítima";"169,400";"BR-116/PR";"Decrescente";"Saída de pista";0;0;1;0;0;0;0;0;0;0;1;0;0;0;0
"21/08/2024";"04:26:00";"13";"Com vítima";"142,002";"BR-116/PR";"Decrescente";"Colisão lateral no mesmo sentido";0;0;0;1;0;0;0;0;0;0;0;1;0;0;0
"21/08/2024";"12:42:36";"71";"Com vítima";"144,860";"BR-116/PR";"Decrescente";"Colisão transversal";1;0;1;0;0;0;0;0;0;0;1;1;0;0;0
"22/08/2024";"04:35:00";"106";"Sem vítima";"245,100";"BR-116/PR";"Crescente";"Colisão lateral no mesmo sentido";1;0;1;0;0;0;0;0;0;0;2;0;0;0;0
"23/08/2024";"04:17:34";"20";"Com vítima";"241,300";"BR-116/PR";"Crescente";"Colisão lateral no mesmo sentido";1;0;1;0;0;0;0;0;0;0;1;1;0;0;0
"23/08/2024";"04:55:00";"24";"Com vítima";"78,558";"BR-116/PR";"Decrescente";"Tombamento";0;0;1;0;0;0;0;0;0;0;0;0;1;0;0
"23/08/2024";"05:16:36";"27";"Sem vítima";"134,900";"BR-116/PR";"Decrescente";"Saída de pista";1;0;0;0;0;0;0;0;0;0;1;0;0;0;0
"23/08/2024";"02:37:00";"87";"Sem vítima";"143,830";"BR-116/PR";"Crescente";"Saída de pista";1;0;0;0;0;0;0;0;0;0;1;0;0;0;0
"23/08/2024";"03:47:00";"93";"Com vítima";"247,700";"BR-116/PR";"Decrescente";"Colisão transversal";2;0;0;0;0;0;0;0;0;0;1;0;1;0;0
"24/08/2024";"12:31:00";"6";"Com vítima";"279,005";"BR-116/PR";"Decrescente";"Queda de moto";0;0;0;1;0;0;0;0;0;0;0;1;0;0;0
"24/08/2024";"07:47:00";"26";"Sem vítima";"145,200";"BR-116/PR";"Decrescente";"Tombamento";0;0;1;0;0;0;0;0;0;0;2;0;0;0;0
"24/08/2024";"12:08:00";"37";"Sem vítima";"139,814";"BR-116/PR";"Decrescente";"Colisão traseira";2;0;0;0;0;0;0;0;0;0;2;0;0;0;0
"24/08/2024";"08:25:00";"73";"Sem vítima";"152,100";"BR-116/PR";"Crescente";"Choque";1;0;0;0;0;0;0;0;0;0;1;0;0;0;0
"25/08/2024";"09:09:00";"29";"Sem vítima";"242,010";"BR-116/PR";"Crescente";"Saída de pista";2;0;0;0;0;0;0;0;0;0;4;0;0;0;0
"25/08/2024";"10:30:00";"33";"Com vítima";"116,200";"BR-116/PR";"Crescente";"Colisão lateral no mesmo sentido";0;0;0;1;0;0;0;0;0;0;1;1;0;0;0
"25/08/2024";"11:19:00";"37";"Com vítima";"116,656";"BR-116/PR";"Decrescente";"Choque";0;0;0;1;0;0;0;0;0;0;0;1;0;0;0
"26/08/2024";"03:56:00";"21";"Sem vítima";"115,502";"BR-116/PR";"Crescente";"Choque";1;0;0;0;0;0;0;0;0;0;1;0;0;0;0
"26/08/2024";"04:05:00";"22";"Com vítima";"200,100";"BR-116/PR";"Crescente";"Colisão transversal";1;0;1;0;0;0;0;0;0;0;1;1;0;0;0
"26/08/2024";"05:59:00";"37";"Com vítima";"209,100";"BR-116/PR";"Crescente";"Colisão transversal";2;0;0;0;0;0;0;0;0;0;2;1;0;0;0
"27/08/2024";"06:36:00";"67";"Sem vítima";"116,639";"BR-116/PR";"Crescente";"Colisão traseira";2;0;0;0;0;0;0;0;0;0;2;0;0;0;0
"27/08/2024";"12:36:00";"102";"Sem vítima";"227,990";"BR-116/PR";"Decrescente";"Colisão traseira";0;0;2;0;0;0;0;0;0;0;2;0;0;0;0
"27/08/2024";"02:02:00";"113";"Com vítima";"258,900";"BR-116/PR";"Decrescente";"Colisão lateral no mesmo sentido";0;0;2;0;0;0;0;0;0;0;1;0;1;0;0
"27/08/2024";"03:33:00";"124";"Com vítima";"246,050";"BR-116/PR";"Crescente";"Colisão transversal";1;0;0;1;0;0;0;0;0;0;2;1;0;0;0
"28/08/2024";"03:51:00";"21";"Com vítima";"122,075";"BR-116/PR";"Crescente";"Colisão lateral no mesmo sentido";0;0;0;1;0;0;0;0;0;0;1;1;0;0;0
"28/08/2024";"04:02:00";"24";"Com vítima";"124,200";"BR-116/PR";"Crescente";"Colisão lateral no mesmo sentido";1;0;0;1;0;0;0;0;0;0;1;1;0;0;0
"28/08/2024";"04:32:00";"28";"Sem vítima";"122,010";"BR-116/PR";"Crescente";"Colisão lateral no mesmo sentido";1;0;0;1;0;0;0;0;0;0;2;0;0;0;0
"28/08/2024";"05:06:00";"35";"Com vítima";"125,100";"BR-116/PR";"Crescente";"Colisão traseira";1;0;0;1;0;0;0;0;0;0;1;0;1;0;0
"28/08/2024";"06:56:00";"49";"Sem vítima";"28,411";"BR-116/PR";"Decrescente";"Colisão lateral no mesmo sentido";1;0;1;0;0;0;0;0;0;0;2;0;0;0;0
"28/08/2024";"11:16:00";"83";"Sem vítima";"17,069";"BR-116/PR";"Decrescente";"Colisão transversal";0;0;1;0;0;0;0;0;0;1;2;0;0;0;0
"29/08/2024";"01:30:00";"8";"Com vítima";"203,782";"BR-116/PR";"Decrescente";"Colisão traseira";1;0;1;0;0;0;0;0;0;1;2;0;1;0;0
"29/08/2024";"08:13:00";"65";"Com vítima";"8,950";"BR-116/PR";"Crescente";"Colisão frontal";1;0;1;0;0;0;0;0;0;0;1;0;1;1;1
"29/08/2024";"09:40:12";"74";"Sem vítima";"9,300";"BR-116/PR";"Decrescente";"Colisão traseira";0;0;0;0;0;0;0;0;0;2;2;0;0;0;0
"29/08/2024";"02:23:00";"98";"Com vítima";"181,950";"BR-116/PR";"Crescente";"Queda de moto";0;0;0;1;0;0;0;0;0;0;0;1;0;0;0
"29/08/2024";"05:34:00";"118";"Sem vítima";"191,528";"BR-116/PR";"Crescente";"Colisão traseira";2;0;0;0;0;0;0;0;0;0;2;0;0;0;0
"30/08/2024";"04:11:50";"20";"Com vítima";"120,100";"BR-116/PR";"Crescente";"Colisão traseira";1;0;0;0;0;0;0;0;0;0;2;4;0;0;0
"30/08/2024";"11:24:47";"6";"Sem vítima";"116,400";"BR-116/PR";"Decrescente";"Saída de pista";1;0;0;0;0;0;0;0;0;0;4;0;0;0;0
"01/09/2024";"12:56:18";"7";"Sem vítima";"22,728";"BR-116/PR";"Decrescente";"Choque";1;0;0;0;0;0;0;0;0;0;4;0;0;0;0
"01/09/2024";"04:12:32";"12";"Sem vítima";"122,075";"BR-116/PR";"Decrescente";"Choque";1;0;0;0;0;0;0;0;0;0;0;0;0;0;0
"01/09/2024";"07:42:35";"25";"Com vítima";"184,300";"BR-116/PR";"Decrescente";"Queda de moto";0;0;0;1;0;0;0;0;0;0;0;4;0;0;0
"01/09/2024";"02:21:45";"58";"Com vítima";"55,621";"BR-116/PR";"Decrescente";"Colisão lateral no mesmo sentido";0;0;1;0;0;0;0;0;0;1;2;4;0;0;0
"01/09/2024";"11:15:40";"4";"Sem vítima";"123,309";"BR-116/PR";"Decrescente";"Saída de pista";1;0;0;0;0;0;0;0;0;0;4;0;0;0;0
"02/09/2024";"05:12:21";"39";"Com vítima";"115,200";"BR-116/PR";"Crescente";"Colisão traseira";2;0;0;1;0;0;0;0;0;0;6;8;0;0;0
"02/09/2024";"05:15:39";"40";"Com vítima";"118,900";"BR-116/PR";"Crescente";"Atropelamento de pedestre";0;0;0;1;0;0;0;0;0;0;0;4;1;0;0
"04/09/2024";"03:22:37";"9";"Sem vítima";"209,500";"BR-116/PR";"Crescente";"Colisão traseira";2;0;0;0;0;0;0;0;0;0;6;0;0;0;0
"06/09/2024";"06:43:20";"54";"Com vítima";"134,750";"BR-116/PR";"Crescente";"Colisão transversal";1;0;1;0;0;0;0;0;0;0;3;0;0;0;2
"06/09/2024";"10:48:18";"5";"Sem vítima";"152,417";"BR-116/PR";"Decrescente";"Saída de pista";0;0;1;0;0;0;0;0;0;0;1;0;0;0;0
"07/09/2024";"12:17:30";"7";"Sem vítima";"210,287";"BR-116/PR";"Crescente";"Choque";1;0;0;0;0;0;0;0;0;0;1;0;0;0;0
"07/09/2024";"10:06:26";"3";"Sem vítima";"225,010";"BR-116/PR";"Decrescente";"Saída de pista";1;0;0;0;0;0;0;0;0;0;1;0;0;0;0
"08/09/2024";"06:29:02";"24";"Sem vítima";"280,010";"BR-116/PR";"Crescente";"Colisão traseira";0;0;2;0;0;0;0;0;0;0;2;0;0;0;0
"08/09/2024";"03:00:59";"65";"Com vítima";"124,500";"BR-116/PR";"Crescente";"Atropelamento de ciclista";1;1;0;0;0;0;0;0;0;0;1;0;1;0;0
"08/09/2024";"03:12:03";"68";"Com vítima";"31,500";"BR-116/PR";"Crescente";"Colisão lateral no mesmo sentido";0;0;0;1;0;0;0;0;0;1;1;1;1;0;0
"08/09/2024";"03:44:12";"72";"Sem vítima";"140,100";"BR-116/PR";"Decrescente";"Colisão lateral no mesmo sentido";1;0;0;1;0;0;0;0;0;0;2;0;0;0;0
"10/09/2024";"07:06:37";"59";"Com vítima";"50,010";"BR-116/PR";"Crescente";"Colisão traseira";0;0;2;0;0;0;0;0;0;0;1;0;0;1;0
"10/09/2024";"08:57:36";"67";"Com vítima";"90,500";"BR-116/PR";"Crescente";"Colisão traseira";0;0;2;0;0;0;0;0;0;0;1;0;0;0;1
"10/09/2024";"09:02:50";"68";"Com vítima";"101,010";"BR-116/PR";"Crescente";"Saída de pista";0;0;1;0;0;0;0;0;0;0;0;1;0;0;0
"11/09/2024";"12:26:34";"6";"Sem vítima";"140,100";"BR-116/PR";"Crescente";"Saída de pista";1;0;0;0;0;0;0;0;0;0;1;0;0;0;0
"11/09/2024";"04:41:38";"35";"Sem vítima";"245,600";"BR-116/PR";"Crescente";"Colisão lateral no mesmo sentido";2;0;0;0;0;0;0;0;0;0;2;0;0;0;0
"11/09/2024";"06:14:15";"50";"Sem vítima";"130,100";"BR-116/PR";"Decrescente";"Colisão lateral no mesmo sentido";0;0;2;0;0;0;0;0;0;0;2;0;0;0;0
"12/09/2024";"04:28:54";"28";"Com vítima";"245,010";"BR-116/PR";"Crescente";"Colisão lateral no mesmo sentido";2;0;0;0;0;0;0;0;0;0;1;1;0;0;0
"12/09/2024";"09:02:39";"1";"Com vítima";"116,700";"BR-116/PR";"Crescente";"Atropelamento de pedestre";1;0;0;0;0;0;0;0;0;0;4;0;0;0;1
"13/09/2024";"03:20:46";"11";"Com vítima";"126,010";"BR-116/PR";"Crescente";"Colisão lateral no mesmo sentido";0;0;0;2;0;0;0;0;0;0;1;1;0;0;0
"13/09/2024";"04:53:52";"32";"Sem vítima";"68,100";"BR-116/PR";"Crescente";"Saída de pista";2;0;0;0;0;0;0;0;0;0;3;0;0;0;0
"13/09/2024";"08:48:28";"63";"Com vítima";"126,400";"BR-116/PR";"Crescente";"Atropelamento de pedestre";0;0;0;1;0;0;0;0;0;0;1;0;1;0;0
"14/09/2024";"03:26:15";"8";"Sem vítima";"36,300";"BR-116/PR";"Decrescente";"Choque";0;0;1;0;0;0;0;0;0;0;1;0;0;0;0
"14/09/2024";"03:34:16";"9";"Com vítima";"191,800";"BR-116/PR";"Decrescente";"Colisão frontal";2;0;0;0;0;0;0;0;0;0;0;1;1;0;0
"14/09/2024";"05:17:32";"18";"Sem vítima";"234,100";"BR-116/PR";"Decrescente";"Saída de pista";1;0;0;0;0;0;0;0;0;0;1;0;0;0;0
"14/09/2024";"07:32:23";"27";"Sem vítima";"118,800";"BR-116/PR";"Decrescente";"Engavetamento";3;0;0;0;0;0;0;0;0;0;3;0;0;0;0
"14/09/2024";"08:07:41";"29";"Sem vítima";"173,600";"BR-116/PR";"Decrescente";"Saída de pista";1;0;0;0;0;0;0;0;0;0;1;0;0;0;0
"14/09/2024";"09:26:07";"34";"Com vítima";"251,399";"BR-116/PR";"Decrescente";"Choque";1;0;0;0;0;0;0;0;0;0;0;1;0;0;0
"14/09/2024";"12:07:16";"42";"Com vítima";"173,100";"BR-116/PR";"Decrescente";"Capotamento";2;0;0;0;0;0;0;0;0;0;1;0;3;0;0
"14/09/2024";"03:51:34";"56";"Sem vítima";"209,100";"BR-116/PR";"Decrescente";"Choque";1;0;0;0;0;0;0;0;0;0;1;0;0;0;0
"14/09/2024";"06:12:55";"61";"Sem vítima";"119,100";"BR-116/PR";"Decrescente";"Saída de pista";1;0;0;0;0;0;0;0;0;0;1;0;0;0;0
"14/09/2024";"09:23:45";"1";"Sem vítima";"125,500";"BR-116/PR";"Decrescente";"Saída de pista";0;0;1;0;0;0;0;0;0;0;1;0;0;0;0
"14/09/2024";"09:58:33";"4";"Sem vítima";"237,100";"BR-116/PR";"Decrescente";"Saída de pista";1;0;0;0;0;0;0;0;0;0;1;0;0;0;0
"15/09/2024";"09:17:14";"33";"Sem vítima";"150,813";"BR-116/PR";"Decrescente";"Colisão transversal";2;0;0;0;0;0;0;0;0;0;5;0;0;0;0
"15/09/2024";"11:54:27";"39";"Sem vítima";"117,100";"BR-116/PR";"Crescente";"Colisão traseira";2;0;0;0;0;0;0;0;0;0;2;0;0;0;0
"15/09/2024";"01:16:53";"44";"Sem vítima";"173,567";"BR-116/PR";"Decrescente";"Colisão transversal";2;0;0;0;0;0;0;0;0;0;2;0;0;0;0
"15/09/2024";"04:08:20";"52";"Sem vítima";"117,031";"BR-116/PR";"Decrescente";"Saída de pista";1;0;0;0;0;0;0;0;0;0;1;0;0;0;0
"15/09/2024";"06:51:03";"61";"Com vítima";"157,100";"BR-116/PR";"Decrescente";"Queda de moto";0;0;0;1;0;0;0;0;0;0;0;0;1;0;0
"16/09/2024";"03:57:26";"73";"Com vítima";"114,200";"BR-116/PR";"Decrescente";"Colisão traseira";1;0;0;1;0;0;0;0;0;0;1;1;0;0;0
"17/09/2024";"04:29:31";"29";"Sem vítima";"115,300";"BR-116/PR";"Crescente";"Colisão lateral no mesmo sentido";1;0;0;1;0;0;0;0;0;0;2;0;0;0;0
"18/09/2024";"05:05:05";"35";"Sem vítima";"211,010";"BR-116/PR";"Decrescente";"Colisão traseira";1;0;1;0;0;0;0;0;0;0;2;0;0;0;0
"18/09/2024";"07:18:20";"53";"Sem vítima";"125,888";"BR-116/PR";"Crescente";"Colisão lateral no mesmo sentido";0;0;2;0;0;0;0;0;0;0;1;0;0;0;0
"18/09/2024";"07:47:44";"57";"Com vítima";"152,500";"BR-116/PR";"Crescente";"Colisão lateral no mesmo sentido";1;0;0;1;0;0;0;0;0;0;1;1;0;0;0
"18/09/2024";"11:14:02";"66";"Sem vítima";"151,010";"BR-116/PR";"Crescente";"Colisão lateral no mesmo sentido";1;0;1;0;0;0;0;0;0;0;2;0;0;0;0
"19/09/2024";"04:59:11";"34";"Com vítima";"120,650";"BR-116/PR";"Decrescente";"Queda de moto";0;0;0;1;0;0;0;0;0;0;0;1;0;0;0
"19/09/2024";"08:59:46";"58";"Sem vítima";"130,437";"BR-116/PR";"Decrescente";"Choque";0;0;1;0;0;0;0;0;0;0;1;0;0;0;0
"19/09/2024";"10:58:30";"5";"Sem vítima";"181,100";"BR-116/PR";"Crescente";"Atropelamento de animal";1;0;0;0;0;0;0;0;0;0;2;0;0;0;0
"20/09/2024";"07:22:10";"57";"Sem vítima";"209,500";"BR-116/PR";"Decrescente";"Saída de pista";1;0;0;0;0;0;0;0;0;0;1;0;0;0;0
"20/09/2024";"07:41:56";"60";"Com vítima";"303,625";"BR-116/PR";"Decrescente";"Choque";1;0;0;0;0;0;0;0;0;0;0;1;0;0;0
"20/09/2024";"10:17:26";"77";"Sem vítima";"138,500";"BR-116/PR";"Crescente";"Colisão traseira";2;0;0;0;0;0;0;0;0;0;2;0;0;0;0
"21/09/2024";"04:42:33";"76";"Sem vítima";"130,188";"BR-116/PR";"Crescente";"Choque";1;0;0;0;0;0;0;0;0;0;1;0;0;0;0
"21/09/2024";"10:40:00";"4";"Sem vítima";"126,253";"BR-116/PR";"Crescente";"Colisão traseira";1;0;0;1;0;0;0;0;0;0;1;0;0;0;0
"22/09/2024";"01:44:16";"12";"Com vítima";"167,961";"BR-116/PR";"Decrescente";"Capotamento";1;0;0;0;0;0;0;0;0;0;0;0;0;1;0
"22/09/2024";"04:56:07";"21";"Com vítima";"96,600";"BR-116/PR";"Decrescente";"Tombamento";0;0;1;0;0;0;0;0;0;0;0;1;0;0;0
"22/09/2024";"01:23:59";"56";"Com vítima";"121,300";"BR-116/PR";"Crescente";"Colisão lateral no mesmo sentido";2;0;2;0;0;0;0;0;0;0;3;0;0;0;1
"22/09/2024";"02:53:14";"66";"Com vítima";"189,100";"BR-116/PR";"Crescente";"Colisão transversal";1;0;0;1;0;0;0;0;0;0;1;1;0;0;0
"22/09/2024";"05:34:06";"72";"Sem vítima";"162,100";"BR-116/PR";"Crescente";"Saída de pista";1;0;0;0;0;0;0;0;0;0;1;0;0;0;0
"22/09/2024";"07:19:21";"75";"Com vítima";"213,900";"BR-116/PR";"Decrescente";"Saída de pista";1;0;0;0;0;0;0;0;0;0;0;1;0;0;0
"22/09/2024";"10:28:26";"5";"Sem vítima";"136,400";"BR-116/PR";"Crescente";"Saída de pista";1;0;0;0;0;0;0;0;0;0;1;0;0;0;0
"23/09/2024";"07:46:57";"52";"Com vítima";"126,200";"BR-116/PR";"Crescente";"Colisão traseira";0;0;1;1;0;0;0;0;0;0;1;2;0;0;0
"25/09/2024";"04:53:56";"38";"Sem vítima";"35,100";"BR-116/PR";"Crescente";"Colisão traseira";2;0;0;0;0;0;0;0;0;0;3;0;0;0;0
"26/09/2024";"10:10:17";"69";"Com vítima";"115,253";"BR-116/PR";"Crescente";"Colisão lateral no mesmo sentido";1;0;0;2;1;0;0;0;0;0;2;1;1;0;0
"26/09/2024";"11:13:55";"73";"Sem vítima";"130,900";"BR-116/PR";"Crescente";"Colisão traseira";0;0;2;0;0;0;0;0;0;0;2;0;0;0;0
"26/09/2024";"10:54:09";"4";"Sem vítima";"115,100";"BR-116/PR";"Crescente";"Saída de pista";0;0;1;0;0;0;0;0;0;0;1;0;0;0;0
"27/09/2024";"04:32:05";"25";"Com vítima";"126,197";"BR-116/PR";"Crescente";"Colisão lateral no mesmo sentido";1;0;0;1;0;0;0;0;0;0;1;0;0;1;0
"27/09/2024";"05:18:28";"33";"Sem vítima";"126,350";"BR-116/PR";"Decrescente";"Colisão transversal";1;0;0;0;0;0;0;0;0;0;1;0;0;0;0
"27/09/2024";"05:50:37";"36";"Com vítima";"124,101";"BR-116/PR";"Crescente";"Queda de moto";0;0;0;1;0;0;0;0;0;0;0;1;0;0;0
"27/09/2024";"10:24:09";"4";"Sem vítima";"151,300";"BR-116/PR";"Crescente";"Colisão lateral no mesmo sentido";2;0;0;0;0;0;0;0;0;0;2;0;0;0;0
"28/09/2024";"10:03:10";"52";"Com vítima";"162,379";"BR-116/PR";"Crescente";"Tombamento";0;0;1;0;0;0;0;0;0;0;0;0;1;0;0
"28/09/2024";"10:22:42";"3";"Com vítima";"237,400";"BR-116/PR";"Decrescente";"Choque";1;0;0;0;0;0;0;0;0;0;0;1;0;0;0
"29/09/2024";"02:08:20";"36";"Sem vítima";"117,100";"BR-116/PR";"Decrescente";"Choque";1;0;0;0;0;0;0;0;0;0;1;0;0;0;0
"29/09/2024";"09:04:26";"3";"Com vítima";"58,646";"BR-116/PR";"Decrescente";"Colisão lateral no mesmo sentido";2;0;0;0;0;0;0;0;0;0;0;1;0;1;1
"30/09/2024";"03:59:44";"16";"Com vítima";"12,250";"BR-116/PR";"Decrescente";"Colisão lateral no mesmo sentido";1;0;0;1;0;0;0;0;0;0;1;1;0;1;0
"30/09/2024";"05:13:18";"30";"Com vítima";"116,400";"BR-116/PR";"Crescente";"Colisão traseira";1;0;0;1;0;0;0;0;0;0;1;1;1;0;0
"30/09/2024";"07:31:12";"61";"Sem vítima";"134,100";"BR-116/PR";"Decrescente";"Colisão traseira";1;0;0;1;0;0;0;0;0;0;2;0;0;0;0
"01/10/2024";"12:11:10";"9";"Com vítima";"150,300";"BR-116/PR";"Decrescente";"Colisão traseira";1;0;1;0;0;0;0;0;0;0;1;1;3;0;0
"01/10/2024";"06:15:43";"57";"Sem vítima";"144,700";"BR-116/PR";"Crescente";"Tombamento";0;0;1;0;0;0;0;0;0;0;1;0;0;0;0
"01/10/2024";"07:54:02";"67";"Sem vítima";"251,800";"BR-116/PR";"Decrescente";"Colisão lateral no mesmo sentido";1;0;1;0;0;0;0;0;0;0;2;0;0;0;0
"01/10/2024";"09:03:07";"73";"Com vítima";"136,467";"BR-116/PR";"Decrescente";"Colisão lateral no mesmo sentido";1;0;1;0;0;0;0;0;0;0;1;0;0;1;0
"02/10/2024";"03:34:23";"14";"Com vítima";"5,500";"BR-116/PR";"Crescente";"Colisão transversal";1;0;0;0;0;0;0;0;0;0;1;1;0;0;0
"02/10/2024";"04:33:20";"18";"Com vítima";"11,800";"BR-116/PR";"Crescente";"Queda de moto";0;0;0;1;0;0;0;0;0;0;0;1;0;0;0